timestamp_utc,gpu_index,used_mib,utilization_percent
2026-09-22T01:19:43.933691+00:00,0,1881,93
2026-09-22T01:19:43.933691+00:00,1,1881,27
2026-09-22T01:19:43.933691+00:00,2,1881,18
2026-09-22T01:19:43.933691+00:00,3,1881,3
2026-09-22T01:19:48.991821+00:00,0,9690,6
2026-09-22T01:19:48.991821+00:00,1,9690,5
2026-09-22T01:19:48.991821+00:00,2,9690,7
2026-09-22T01:19:48.991821+00:00,3,9690,6
2026-09-22T01:19:54.042107+00:00,0,10262,6
2026-09-22T01:19:54.042107+00:00,1,10302,8
2026-09-22T01:19:54.042107+00:00,2,10856,8
2026-09-22T01:19:54.042107+00:00,3,10854,8
2026-09-22T01:19:59.100835+00:00,0,11020,14
2026-09-22T01:19:59.100835+00:00,1,11020,38
2026-09-22T01:19:59.100835+00:00,2,11020,34
2026-09-22T01:19:59.100835+00:00,3,11018,30
2026-09-22T01:20:04.158515+00:00,0,9690,6
2026-09-22T01:20:04.158515+00:00,1,9690,7
2026-09-22T01:20:04.158515+00:00,2,9690,7
2026-09-22T01:20:04.158515+00:00,3,9690,6
2026-09-22T01:20:09.216742+00:00,0,10262,8
2026-09-22T01:20:09.216742+00:00,1,10714,8
2026-09-22T01:20:09.216742+00:00,2,10528,8
2026-09-22T01:20:09.216742+00:00,3,10710,8
2026-09-22T01:20:14.276183+00:00,0,11020,17
2026-09-22T01:20:14.276183+00:00,1,11020,41
2026-09-22T01:20:14.276183+00:00,2,11020,40
2026-09-22T01:20:14.276183+00:00,3,11018,44
2026-09-22T01:20:19.336804+00:00,0,4798,10
2026-09-22T01:20:19.336804+00:00,1,4798,17
2026-09-22T01:20:19.336804+00:00,2,4798,19
2026-09-22T01:20:19.336804+00:00,3,4798,8
2026-09-22T01:20:24.396170+00:00,0,32536,80
2026-09-22T01:20:24.396170+00:00,1,32500,73
2026-09-22T01:20:24.396170+00:00,2,32522,77
2026-09-22T01:20:24.396170+00:00,3,32528,72
2026-09-22T01:20:29.460060+00:00,0,32536,72
2026-09-22T01:20:29.460060+00:00,1,32500,70
2026-09-22T01:20:29.460060+00:00,2,32522,78
2026-09-22T01:20:29.460060+00:00,3,32528,72
2026-09-22T01:20:34.524303+00:00,0,32536,73
2026-09-22T01:20:34.524303+00:00,1,32500,77
2026-09-22T01:20:34.524303+00:00,2,32522,70
2026-09-22T01:20:34.524303+00:00,3,32528,73
2026-09-22T01:20:39.587664+00:00,0,32536,71
2026-09-22T01:20:39.587664+00:00,1,32500,77
2026-09-22T01:20:39.587664+00:00,2,32522,74
2026-09-22T01:20:39.587664+00:00,3,32528,72
2026-09-22T01:20:44.657099+00:00,0,32536,77
2026-09-22T01:20:44.657099+00:00,1,32500,68
2026-09-22T01:20:44.657099+00:00,2,32522,72
2026-09-22T01:20:44.657099+00:00,3,32528,79
2026-09-22T01:20:49.723675+00:00,0,32536,76
2026-09-22T01:20:49.723675+00:00,1,32500,73
2026-09-22T01:20:49.723675+00:00,2,32522,72
2026-09-22T01:20:49.723675+00:00,3,32528,73
2026-09-22T01:20:54.791979+00:00,0,32536,71
2026-09-22T01:20:54.791979+00:00,1,32500,76
2026-09-22T01:20:54.791979+00:00,2,32522,78
2026-09-22T01:20:54.791979+00:00,3,32528,73
2026-09-22T01:20:59.861029+00:00,0,32536,69
2026-09-22T01:20:59.861029+00:00,1,32500,68
2026-09-22T01:20:59.861029+00:00,2,32522,68
2026-09-22T01:20:59.861029+00:00,3,32528,70
2026-09-22T01:21:04.938629+00:00,0,32536,70
2026-09-22T01:21:04.938629+00:00,1,32500,73
2026-09-22T01:21:04.938629+00:00,2,32522,72
2026-09-22T01:21:04.938629+00:00,3,32528,71
2026-09-22T01:21:10.020500+00:00,0,32536,72
2026-09-22T01:21:10.020500+00:00,1,32500,67
2026-09-22T01:21:10.020500+00:00,2,32522,71
2026-09-22T01:21:10.020500+00:00,3,32528,70
2026-09-22T01:21:15.103301+00:00,0,32536,78
2026-09-22T01:21:15.103301+00:00,1,32500,77
2026-09-22T01:21:15.103301+00:00,2,32522,84
2026-09-22T01:21:15.103301+00:00,3,32528,79
2026-09-22T01:21:20.173715+00:00,0,32536,73
2026-09-22T01:21:20.173715+00:00,1,32500,72
2026-09-22T01:21:20.173715+00:00,2,32522,74
2026-09-22T01:21:20.173715+00:00,3,32528,75
2026-09-22T01:21:25.256980+00:00,0,32536,71
2026-09-22T01:21:25.256980+00:00,1,32500,77
2026-09-22T01:21:25.256980+00:00,2,32522,71
2026-09-22T01:21:25.256980+00:00,3,32528,73
2026-09-22T01:21:30.334719+00:00,0,32536,81
2026-09-22T01:21:30.334719+00:00,1,32500,78
2026-09-22T01:21:30.334719+00:00,2,32522,88
2026-09-22T01:21:30.334719+00:00,3,32528,81
2026-09-22T01:21:35.404962+00:00,0,32536,75
2026-09-22T01:21:35.404962+00:00,1,32500,74
2026-09-22T01:21:35.404962+00:00,2,32522,77
2026-09-22T01:21:35.404962+00:00,3,32528,75
2026-09-22T01:21:40.486348+00:00,0,32536,72
2026-09-22T01:21:40.486348+00:00,1,32500,71
2026-09-22T01:21:40.486348+00:00,2,32522,76
2026-09-22T01:21:40.486348+00:00,3,32528,71
2026-09-22T01:21:45.573463+00:00,0,32536,76
2026-09-22T01:21:45.573463+00:00,1,32500,73
2026-09-22T01:21:45.573463+00:00,2,32522,75
2026-09-22T01:21:45.573463+00:00,3,32528,72
2026-09-22T01:21:50.658871+00:00,0,32536,76
2026-09-22T01:21:50.658871+00:00,1,32500,74
2026-09-22T01:21:50.658871+00:00,2,32522,75
2026-09-22T01:21:50.658871+00:00,3,32528,74
2026-09-22T01:21:55.739679+00:00,0,32536,77
2026-09-22T01:21:55.739679+00:00,1,32500,74
2026-09-22T01:21:55.739679+00:00,2,32522,77
2026-09-22T01:21:55.739679+00:00,3,32528,75
2026-09-22T01:22:00.816332+00:00,0,32536,75
2026-09-22T01:22:00.816332+00:00,1,32500,76
2026-09-22T01:22:00.816332+00:00,2,32522,72
2026-09-22T01:22:00.816332+00:00,3,32528,77
2026-09-22T01:22:05.896401+00:00,0,32536,75
2026-09-22T01:22:05.896401+00:00,1,32500,74
2026-09-22T01:22:05.896401+00:00,2,32522,72
2026-09-22T01:22:05.896401+00:00,3,32528,75
2026-09-22T01:22:10.980175+00:00,0,32536,74
2026-09-22T01:22:10.980175+00:00,1,32500,72
2026-09-22T01:22:10.980175+00:00,2,32522,75
2026-09-22T01:22:10.980175+00:00,3,32528,76
2026-09-22T01:22:16.063114+00:00,0,32536,82
2026-09-22T01:22:16.063114+00:00,1,32500,0
2026-09-22T01:22:16.063114+00:00,2,32522,77
2026-09-22T01:22:16.063114+00:00,3,32528,82
2026-09-22T01:22:21.126482+00:00,0,6624,99
2026-09-22T01:22:21.126482+00:00,1,6624,99
2026-09-22T01:22:21.126482+00:00,2,6604,99
2026-09-22T01:22:21.126482+00:00,3,6604,99
2026-09-22T01:22:26.193390+00:00,0,12630,100
2026-09-22T01:22:26.193390+00:00,1,12690,99
2026-09-22T01:22:26.193390+00:00,2,12550,100
2026-09-22T01:22:26.193390+00:00,3,12630,99
2026-09-22T01:22:31.265295+00:00,0,1174,0
2026-09-22T01:22:31.265295+00:00,1,1174,0
2026-09-22T01:22:31.265295+00:00,2,1634,4
2026-09-22T01:22:31.265295+00:00,3,1634,0
2026-09-22T01:22:36.340370+00:00,0,26728,93
2026-09-22T01:22:36.340370+00:00,1,26548,100
2026-09-22T01:22:36.340370+00:00,2,26468,98
2026-09-22T01:22:36.340370+00:00,3,26128,100
2026-09-22T01:22:41.416703+00:00,0,26730,98
2026-09-22T01:22:41.416703+00:00,1,26550,99
2026-09-22T01:22:41.416703+00:00,2,26470,98
2026-09-22T01:22:41.416703+00:00,3,26130,100
2026-09-22T01:22:46.484916+00:00,0,26732,100
2026-09-22T01:22:46.484916+00:00,1,27092,99
2026-09-22T01:22:46.484916+00:00,2,26792,99
2026-09-22T01:22:46.484916+00:00,3,27232,99
2026-09-22T01:22:51.555643+00:00,0,27634,99
2026-09-22T01:22:51.555643+00:00,1,27094,99
2026-09-22T01:22:51.555643+00:00,2,27674,97
2026-09-22T01:22:51.555643+00:00,3,27354,98
2026-09-22T01:22:56.626393+00:00,0,27636,99
2026-09-22T01:22:56.626393+00:00,1,27376,99
2026-09-22T01:22:56.626393+00:00,2,27736,99
2026-09-22T01:22:56.626393+00:00,3,27356,99
2026-09-22T01:23:01.702892+00:00,0,27636,98
2026-09-22T01:23:01.702892+00:00,1,27378,98
2026-09-22T01:23:01.702892+00:00,2,27736,99
2026-09-22T01:23:01.702892+00:00,3,27358,98
2026-09-22T01:23:06.767854+00:00,0,27640,99
2026-09-22T01:23:06.767854+00:00,1,27380,99
2026-09-22T01:23:06.767854+00:00,2,27740,99
2026-09-22T01:23:06.767854+00:00,3,27360,99
2026-09-22T01:23:11.836583+00:00,0,9722,26
2026-09-22T01:23:11.836583+00:00,1,9722,72
2026-09-22T01:23:11.836583+00:00,2,9722,49
2026-09-22T01:23:11.836583+00:00,3,9722,66
2026-09-22T01:23:16.898586+00:00,0,9946,6
2026-09-22T01:23:16.898586+00:00,1,10376,8
2026-09-22T01:23:16.898586+00:00,2,10314,8
2026-09-22T01:23:16.898586+00:00,3,10068,8
2026-09-22T01:23:21.959531+00:00,0,11052,18
2026-09-22T01:23:21.959531+00:00,1,11052,42
2026-09-22T01:23:21.959531+00:00,2,11052,45
2026-09-22T01:23:21.959531+00:00,3,11050,42
2026-09-22T01:23:27.018545+00:00,0,4832,3
2026-09-22T01:23:27.018545+00:00,1,4832,0
2026-09-22T01:23:27.018545+00:00,2,4834,0
2026-09-22T01:23:27.018545+00:00,3,4834,0
2026-09-22T01:23:32.077181+00:00,0,32538,72
2026-09-22T01:23:32.077181+00:00,1,32556,74
2026-09-22T01:23:32.077181+00:00,2,32558,77
2026-09-22T01:23:32.077181+00:00,3,32582,72
2026-09-22T01:23:37.140739+00:00,0,32538,73
2026-09-22T01:23:37.140739+00:00,1,32556,74
2026-09-22T01:23:37.140739+00:00,2,32558,77
2026-09-22T01:23:37.140739+00:00,3,32582,76
2026-09-22T01:23:42.196928+00:00,0,32538,77
2026-09-22T01:23:42.196928+00:00,1,32556,74
2026-09-22T01:23:42.196928+00:00,2,32558,74
2026-09-22T01:23:42.196928+00:00,3,32582,78
2026-09-22T01:23:47.259833+00:00,0,32538,73
2026-09-22T01:23:47.259833+00:00,1,32556,80
2026-09-22T01:23:47.259833+00:00,2,32558,77
2026-09-22T01:23:47.259833+00:00,3,32582,75
2026-09-22T01:23:52.325224+00:00,0,32538,81
2026-09-22T01:23:52.325224+00:00,1,32556,75
2026-09-22T01:23:52.325224+00:00,2,32558,76
2026-09-22T01:23:52.325224+00:00,3,32582,79
2026-09-22T01:23:57.391215+00:00,0,32538,74
2026-09-22T01:23:57.391215+00:00,1,32556,74
2026-09-22T01:23:57.391215+00:00,2,32558,76
2026-09-22T01:23:57.391215+00:00,3,32582,73
2026-09-22T01:24:02.471833+00:00,0,32538,73
2026-09-22T01:24:02.471833+00:00,1,32556,69
2026-09-22T01:24:02.471833+00:00,2,32558,68
2026-09-22T01:24:02.471833+00:00,3,32582,75
2026-09-22T01:24:07.547571+00:00,0,32538,73
2026-09-22T01:24:07.547571+00:00,1,32556,72
2026-09-22T01:24:07.547571+00:00,2,32558,70
2026-09-22T01:24:07.547571+00:00,3,32582,71
2026-09-22T01:24:12.626973+00:00,0,32538,83
2026-09-22T01:24:12.626973+00:00,1,32556,79
2026-09-22T01:24:12.626973+00:00,2,32558,77
2026-09-22T01:24:12.626973+00:00,3,32582,78
2026-09-22T01:24:17.688546+00:00,0,32538,83
2026-09-22T01:24:17.688546+00:00,1,32556,78
2026-09-22T01:24:17.688546+00:00,2,32558,77
2026-09-22T01:24:17.688546+00:00,3,32582,79
2026-09-22T01:24:22.756473+00:00,0,32538,81
2026-09-22T01:24:22.756473+00:00,1,32556,79
2026-09-22T01:24:22.756473+00:00,2,32558,81
2026-09-22T01:24:22.756473+00:00,3,32582,76
2026-09-22T01:24:27.822909+00:00,0,32538,79
2026-09-22T01:24:27.822909+00:00,1,32556,79
2026-09-22T01:24:27.822909+00:00,2,32558,77
2026-09-22T01:24:27.822909+00:00,3,32582,75
2026-09-22T01:24:32.894987+00:00,0,32538,75
2026-09-22T01:24:32.894987+00:00,1,32556,76
2026-09-22T01:24:32.894987+00:00,2,32558,75
2026-09-22T01:24:32.894987+00:00,3,32582,77
2026-09-22T01:24:37.976693+00:00,0,32538,81
2026-09-22T01:24:37.976693+00:00,1,32556,81
2026-09-22T01:24:37.976693+00:00,2,32558,78
2026-09-22T01:24:37.976693+00:00,3,32582,82
2026-09-22T01:24:43.036286+00:00,0,32538,82
2026-09-22T01:24:43.036286+00:00,1,32556,79
2026-09-22T01:24:43.036286+00:00,2,32558,82
2026-09-22T01:24:43.036286+00:00,3,32582,80
2026-09-22T01:24:48.103706+00:00,0,32538,83
2026-09-22T01:24:48.103706+00:00,1,32556,85
2026-09-22T01:24:48.103706+00:00,2,32558,78
2026-09-22T01:24:48.103706+00:00,3,32582,84
2026-09-22T01:24:53.162367+00:00,0,32538,79
2026-09-22T01:24:53.162367+00:00,1,32556,78
2026-09-22T01:24:53.162367+00:00,2,32558,72
2026-09-22T01:24:53.162367+00:00,3,32582,74
2026-09-22T01:24:58.249417+00:00,0,32538,78
2026-09-22T01:24:58.249417+00:00,1,32556,84
2026-09-22T01:24:58.249417+00:00,2,32558,80
2026-09-22T01:24:58.249417+00:00,3,32582,80
2026-09-22T01:25:03.319094+00:00,0,32538,77
2026-09-22T01:25:03.319094+00:00,1,32556,75
2026-09-22T01:25:03.319094+00:00,2,32558,77
2026-09-22T01:25:03.319094+00:00,3,32582,77
2026-09-22T01:25:08.396625+00:00,0,32538,76
2026-09-22T01:25:08.396625+00:00,1,32556,78
2026-09-22T01:25:08.396625+00:00,2,32558,75
2026-09-22T01:25:08.396625+00:00,3,32582,77
2026-09-22T01:25:13.480169+00:00,0,32538,76
2026-09-22T01:25:13.480169+00:00,1,32556,79
2026-09-22T01:25:13.480169+00:00,2,32558,79
2026-09-22T01:25:13.480169+00:00,3,32582,78
2026-09-22T01:25:18.558099+00:00,0,32538,79
2026-09-22T01:25:18.558099+00:00,1,32556,81
2026-09-22T01:25:18.558099+00:00,2,32558,80
2026-09-22T01:25:18.558099+00:00,3,32582,80
2026-09-22T01:25:23.620407+00:00,0,32538,83
2026-09-22T01:25:23.620407+00:00,1,32556,81
2026-09-22T01:25:23.620407+00:00,2,32558,80
2026-09-22T01:25:23.620407+00:00,3,32582,79
2026-09-22T01:25:28.688682+00:00,0,32538,83
2026-09-22T01:25:28.688682+00:00,1,32556,80
2026-09-22T01:25:28.688682+00:00,2,32558,82
2026-09-22T01:25:28.688682+00:00,3,32582,83
2026-09-22T01:25:33.756597+00:00,0,32538,81
2026-09-22T01:25:33.756597+00:00,1,32556,81
2026-09-22T01:25:33.756597+00:00,2,32558,82
2026-09-22T01:25:33.756597+00:00,3,32582,81
2026-09-22T01:25:38.824536+00:00,0,32538,84
2026-09-22T01:25:38.824536+00:00,1,32556,84
2026-09-22T01:25:38.824536+00:00,2,32558,86
2026-09-22T01:25:38.824536+00:00,3,32582,78
2026-09-22T01:25:43.888712+00:00,0,32538,0
2026-09-22T01:25:43.888712+00:00,1,32556,79
2026-09-22T01:25:43.888712+00:00,2,32558,0
2026-09-22T01:25:43.888712+00:00,3,32582,0
2026-09-22T01:25:48.989242+00:00,0,32538,0
2026-09-22T01:25:48.989242+00:00,1,32556,71
2026-09-22T01:25:48.989242+00:00,2,32558,0
2026-09-22T01:25:48.989242+00:00,3,32582,0
2026-09-22T01:25:54.064998+00:00,0,6514,99
2026-09-22T01:25:54.064998+00:00,1,6474,99
2026-09-22T01:25:54.064998+00:00,2,6574,99
2026-09-22T01:25:54.064998+00:00,3,6514,99
2026-09-22T01:25:59.133150+00:00,0,12078,99
2026-09-22T01:25:59.133150+00:00,1,12078,99
2026-09-22T01:25:59.133150+00:00,2,11958,99
2026-09-22T01:25:59.133150+00:00,3,12118,99
2026-09-22T01:26:04.204430+00:00,0,12222,99
2026-09-22T01:26:04.204430+00:00,1,12262,99
2026-09-22T01:26:04.204430+00:00,2,12222,99
2026-09-22T01:26:04.204430+00:00,3,12222,99
2026-09-22T01:26:09.270560+00:00,0,25342,99
2026-09-22T01:26:09.270560+00:00,1,25342,99
2026-09-22T01:26:09.270560+00:00,2,25344,99
2026-09-22T01:26:09.270560+00:00,3,25344,99
2026-09-22T01:26:14.334404+00:00,0,25546,93
2026-09-22T01:26:14.334404+00:00,1,25546,99
2026-09-22T01:26:14.334404+00:00,2,25546,99
2026-09-22T01:26:14.334404+00:00,3,25566,98
2026-09-22T01:26:19.402487+00:00,0,25548,99
2026-09-22T01:26:19.402487+00:00,1,25548,97
2026-09-22T01:26:19.402487+00:00,2,25548,99
2026-09-22T01:26:19.402487+00:00,3,25588,99
2026-09-22T01:26:24.470097+00:00,0,28348,100
2026-09-22T01:26:24.470097+00:00,1,28488,99
2026-09-22T01:26:24.470097+00:00,2,28148,99
2026-09-22T01:26:24.470097+00:00,3,28308,99
2026-09-22T01:26:29.545427+00:00,0,28672,100
2026-09-22T01:26:29.545427+00:00,1,28690,99
2026-09-22T01:26:29.545427+00:00,2,28972,100
2026-09-22T01:26:29.545427+00:00,3,28550,99
2026-09-22T01:26:34.618651+00:00,0,28692,92
2026-09-22T01:26:34.618651+00:00,1,28692,100
2026-09-22T01:26:34.618651+00:00,2,28972,87
2026-09-22T01:26:34.618651+00:00,3,28552,100
2026-09-22T01:26:39.688971+00:00,0,28694,99
2026-09-22T01:26:39.688971+00:00,1,28694,99
2026-09-22T01:26:39.688971+00:00,2,28974,99
2026-09-22T01:26:39.688971+00:00,3,28554,100
2026-09-22T01:26:44.752195+00:00,0,28696,99
2026-09-22T01:26:44.752195+00:00,1,28696,99
2026-09-22T01:26:44.752195+00:00,2,28976,99
2026-09-22T01:26:44.752195+00:00,3,28556,99
2026-09-22T01:26:49.826396+00:00,0,18280,82
2026-09-22T01:26:49.826396+00:00,1,18440,84
2026-09-22T01:26:49.826396+00:00,2,18580,88
2026-09-22T01:26:49.826396+00:00,3,17780,83
2026-09-22T01:26:54.887172+00:00,0,9722,58
2026-09-22T01:26:54.887172+00:00,1,9722,8
2026-09-22T01:26:54.887172+00:00,2,9722,6
2026-09-22T01:26:54.887172+00:00,3,9722,8
2026-09-22T01:26:59.946858+00:00,0,10150,6
2026-09-22T01:26:59.946858+00:00,1,10704,8
2026-09-22T01:26:59.946858+00:00,2,10458,8
2026-09-22T01:26:59.946858+00:00,3,10682,8
2026-09-22T01:27:05.009751+00:00,0,11052,13
2026-09-22T01:27:05.009751+00:00,1,11052,26
2026-09-22T01:27:05.009751+00:00,2,11052,36
2026-09-22T01:27:05.009751+00:00,3,11050,19
2026-09-22T01:27:10.069199+00:00,0,4832,14
2026-09-22T01:27:10.069199+00:00,1,12720,0
2026-09-22T01:27:10.069199+00:00,2,32440,0
2026-09-22T01:27:10.069199+00:00,3,4832,15
2026-09-22T01:27:15.122265+00:00,0,32556,76
2026-09-22T01:27:15.122265+00:00,1,32552,73
2026-09-22T01:27:15.122265+00:00,2,32554,79
2026-09-22T01:27:15.122265+00:00,3,32552,73
2026-09-22T01:27:20.190159+00:00,0,32556,71
2026-09-22T01:27:20.190159+00:00,1,32552,75
2026-09-22T01:27:20.190159+00:00,2,32554,75
2026-09-22T01:27:20.190159+00:00,3,32552,75
2026-09-22T01:27:25.253171+00:00,0,32556,80
2026-09-22T01:27:25.253171+00:00,1,32552,79
2026-09-22T01:27:25.253171+00:00,2,32554,74
2026-09-22T01:27:25.253171+00:00,3,32552,76
2026-09-22T01:27:30.319833+00:00,0,32556,73
2026-09-22T01:27:30.319833+00:00,1,32552,74
2026-09-22T01:27:30.319833+00:00,2,32554,75
2026-09-22T01:27:30.319833+00:00,3,32552,72
2026-09-22T01:27:35.384669+00:00,0,32556,75
2026-09-22T01:27:35.384669+00:00,1,32552,77
2026-09-22T01:27:35.384669+00:00,2,32554,72
2026-09-22T01:27:35.384669+00:00,3,32552,75
2026-09-22T01:27:40.447616+00:00,0,32556,79
2026-09-22T01:27:40.447616+00:00,1,32552,79
2026-09-22T01:27:40.447616+00:00,2,32554,71
2026-09-22T01:27:40.447616+00:00,3,32552,72
2026-09-22T01:27:45.516462+00:00,0,32556,72
2026-09-22T01:27:45.516462+00:00,1,32552,73
2026-09-22T01:27:45.516462+00:00,2,32554,73
2026-09-22T01:27:45.516462+00:00,3,32552,73
2026-09-22T01:27:50.597803+00:00,0,32556,71
2026-09-22T01:27:50.597803+00:00,1,32552,73
2026-09-22T01:27:50.597803+00:00,2,32554,72
2026-09-22T01:27:50.597803+00:00,3,32552,68
2026-09-22T01:27:55.677532+00:00,0,32556,70
2026-09-22T01:27:55.677532+00:00,1,32552,73
2026-09-22T01:27:55.677532+00:00,2,32554,69
2026-09-22T01:27:55.677532+00:00,3,32552,74
2026-09-22T01:28:00.759933+00:00,0,32556,72
2026-09-22T01:28:00.759933+00:00,1,32552,72
2026-09-22T01:28:00.759933+00:00,2,32554,75
2026-09-22T01:28:00.759933+00:00,3,32552,74
2026-09-22T01:28:05.834026+00:00,0,32556,85
2026-09-22T01:28:05.834026+00:00,1,32552,77
2026-09-22T01:28:05.834026+00:00,2,32554,76
2026-09-22T01:28:05.834026+00:00,3,32552,74
2026-09-22T01:28:10.899428+00:00,0,32556,77
2026-09-22T01:28:10.899428+00:00,1,32552,82
2026-09-22T01:28:10.899428+00:00,2,32554,85
2026-09-22T01:28:10.899428+00:00,3,32552,79
2026-09-22T01:28:15.966371+00:00,0,32556,75
2026-09-22T01:28:15.966371+00:00,1,32552,80
2026-09-22T01:28:15.966371+00:00,2,32554,80
2026-09-22T01:28:15.966371+00:00,3,32552,80
2026-09-22T01:28:21.036437+00:00,0,32556,78
2026-09-22T01:28:21.036437+00:00,1,32552,80
2026-09-22T01:28:21.036437+00:00,2,32554,79
2026-09-22T01:28:21.036437+00:00,3,32552,82
2026-09-22T01:28:26.101907+00:00,0,32556,79
2026-09-22T01:28:26.101907+00:00,1,32552,72
2026-09-22T01:28:26.101907+00:00,2,32554,77
2026-09-22T01:28:26.101907+00:00,3,32552,74
2026-09-22T01:28:31.181509+00:00,0,32556,79
2026-09-22T01:28:31.181509+00:00,1,32552,73
2026-09-22T01:28:31.181509+00:00,2,32554,76
2026-09-22T01:28:31.181509+00:00,3,32552,74
2026-09-22T01:28:36.265780+00:00,0,32556,75
2026-09-22T01:28:36.265780+00:00,1,32552,77
2026-09-22T01:28:36.265780+00:00,2,32554,77
2026-09-22T01:28:36.265780+00:00,3,32552,74
2026-09-22T01:28:41.348953+00:00,0,32556,86
2026-09-22T01:28:41.348953+00:00,1,32552,84
2026-09-22T01:28:41.348953+00:00,2,32554,82
2026-09-22T01:28:41.348953+00:00,3,32552,81
2026-09-22T01:28:46.414940+00:00,0,32556,79
2026-09-22T01:28:46.414940+00:00,1,32552,79
2026-09-22T01:28:46.414940+00:00,2,32554,77
2026-09-22T01:28:46.414940+00:00,3,32552,78
2026-09-22T01:28:51.492981+00:00,0,32556,88
2026-09-22T01:28:51.492981+00:00,1,32552,83
2026-09-22T01:28:51.492981+00:00,2,32554,81
2026-09-22T01:28:51.492981+00:00,3,32552,81
2026-09-22T01:28:56.562568+00:00,0,32556,83
2026-09-22T01:28:56.562568+00:00,1,32552,85
2026-09-22T01:28:56.562568+00:00,2,32554,80
2026-09-22T01:28:56.562568+00:00,3,32552,81
2026-09-22T01:29:01.647634+00:00,0,32556,80
2026-09-22T01:29:01.647634+00:00,1,32552,81
2026-09-22T01:29:01.647634+00:00,2,32554,83
2026-09-22T01:29:01.647634+00:00,3,32552,79
2026-09-22T01:29:06.716495+00:00,0,32556,80
2026-09-22T01:29:06.716495+00:00,1,32552,82
2026-09-22T01:29:06.716495+00:00,2,32554,83
2026-09-22T01:29:06.716495+00:00,3,32552,83
2026-09-22T01:29:11.783531+00:00,0,32556,82
2026-09-22T01:29:11.783531+00:00,1,32552,84
2026-09-22T01:29:11.783531+00:00,2,32554,83
2026-09-22T01:29:11.783531+00:00,3,32552,85
2026-09-22T01:29:16.849695+00:00,0,32556,74
2026-09-22T01:29:16.849695+00:00,1,32552,76
2026-09-22T01:29:16.849695+00:00,2,32554,81
2026-09-22T01:29:16.849695+00:00,3,32552,75
2026-09-22T01:29:21.930812+00:00,0,32556,0
2026-09-22T01:29:21.930812+00:00,1,32552,0
2026-09-22T01:29:21.930812+00:00,2,32554,78
2026-09-22T01:29:21.930812+00:00,3,32552,0
2026-09-22T01:29:26.990982+00:00,0,1200,0
2026-09-22T01:29:26.990982+00:00,1,1200,0
2026-09-22T01:29:26.990982+00:00,2,1200,0
2026-09-22T01:29:26.990982+00:00,3,1200,2
2026-09-22T01:29:32.061297+00:00,0,12196,99
2026-09-22T01:29:32.061297+00:00,1,12256,99
2026-09-22T01:29:32.061297+00:00,2,12236,99
2026-09-22T01:29:32.061297+00:00,3,12236,99
2026-09-22T01:29:37.129731+00:00,0,12380,99
2026-09-22T01:29:37.129731+00:00,1,12340,99
2026-09-22T01:29:37.129731+00:00,2,12300,100
2026-09-22T01:29:37.129731+00:00,3,12260,99
2026-09-22T01:29:42.204332+00:00,0,21472,72
2026-09-22T01:29:42.204332+00:00,1,21472,99
2026-09-22T01:29:42.204332+00:00,2,20550,60
2026-09-22T01:29:42.204332+00:00,3,25350,50
2026-09-22T01:29:47.317784+00:00,0,26606,99
2026-09-22T01:29:47.317784+00:00,1,26606,98
2026-09-22T01:29:47.317784+00:00,2,25546,99
2026-09-22T01:29:47.317784+00:00,3,25566,99
2026-09-22T01:29:52.391236+00:00,0,27448,100
2026-09-22T01:29:52.391236+00:00,1,27068,99
2026-09-22T01:29:52.391236+00:00,2,27186,99
2026-09-22T01:29:52.391236+00:00,3,27268,100
2026-09-22T01:29:57.468566+00:00,0,27490,99
2026-09-22T01:29:57.468566+00:00,1,27530,99
2026-09-22T01:29:57.468566+00:00,2,27510,99
2026-09-22T01:29:57.468566+00:00,3,27510,99
2026-09-22T01:30:02.539305+00:00,0,27972,99
2026-09-22T01:30:02.539305+00:00,1,27930,99
2026-09-22T01:30:02.539305+00:00,2,27510,100
2026-09-22T01:30:02.539305+00:00,3,27550,99
2026-09-22T01:30:07.612270+00:00,0,27974,99
2026-09-22T01:30:07.612270+00:00,1,27934,99
2026-09-22T01:30:07.612270+00:00,2,27674,99
2026-09-22T01:30:07.612270+00:00,3,27552,100
2026-09-22T01:30:12.686382+00:00,0,27974,99
2026-09-22T01:30:12.686382+00:00,1,27934,99
2026-09-22T01:30:12.686382+00:00,2,27674,99
2026-09-22T01:30:12.686382+00:00,3,27554,100
2026-09-22T01:30:17.759276+00:00,0,27976,99
2026-09-22T01:30:17.759276+00:00,1,27936,99
2026-09-22T01:30:17.759276+00:00,2,27676,98
2026-09-22T01:30:17.759276+00:00,3,27556,98
2026-09-22T01:30:22.824254+00:00,0,8108,69
2026-09-22T01:30:22.824254+00:00,1,8108,72
2026-09-22T01:30:22.824254+00:00,2,8108,84
2026-09-22T01:30:22.824254+00:00,3,8108,68
2026-09-22T01:30:27.880926+00:00,0,9722,6
2026-09-22T01:30:27.880926+00:00,1,9722,7
2026-09-22T01:30:27.880926+00:00,2,9722,6
2026-09-22T01:30:27.880926+00:00,3,9722,7
2026-09-22T01:30:32.931041+00:00,0,11052,16
2026-09-22T01:30:32.931041+00:00,1,11052,42
2026-09-22T01:30:32.931041+00:00,2,11052,100
2026-09-22T01:30:32.931041+00:00,3,11050,13
2026-09-22T01:30:37.989301+00:00,0,13492,27
2026-09-22T01:30:37.989301+00:00,1,14152,31
2026-09-22T01:30:37.989301+00:00,2,13492,28
2026-09-22T01:30:37.989301+00:00,3,13430,26
2026-09-22T01:30:43.050116+00:00,0,32558,81
2026-09-22T01:30:43.050116+00:00,1,32564,73
2026-09-22T01:30:43.050116+00:00,2,32548,72
2026-09-22T01:30:43.050116+00:00,3,32566,74
2026-09-22T01:30:48.115700+00:00,0,32558,71
2026-09-22T01:30:48.115700+00:00,1,32564,82
2026-09-22T01:30:48.115700+00:00,2,32548,73
2026-09-22T01:30:48.115700+00:00,3,32566,75
2026-09-22T01:30:53.180373+00:00,0,32558,77
2026-09-22T01:30:53.180373+00:00,1,32564,72
2026-09-22T01:30:53.180373+00:00,2,32548,72
2026-09-22T01:30:53.180373+00:00,3,32566,75
2026-09-22T01:30:58.247328+00:00,0,32558,77
2026-09-22T01:30:58.247328+00:00,1,32564,79
2026-09-22T01:30:58.247328+00:00,2,32548,76
2026-09-22T01:30:58.247328+00:00,3,32566,77
2026-09-22T01:31:03.314852+00:00,0,32558,78
2026-09-22T01:31:03.314852+00:00,1,32564,82
2026-09-22T01:31:03.314852+00:00,2,32548,80
2026-09-22T01:31:03.314852+00:00,3,32566,77
2026-09-22T01:31:08.378546+00:00,0,32558,72
2026-09-22T01:31:08.378546+00:00,1,32564,75
2026-09-22T01:31:08.378546+00:00,2,32548,79
2026-09-22T01:31:08.378546+00:00,3,32566,74
2026-09-22T01:31:13.446075+00:00,0,32558,81
2026-09-22T01:31:13.446075+00:00,1,32564,71
2026-09-22T01:31:13.446075+00:00,2,32548,81
2026-09-22T01:31:13.446075+00:00,3,32566,77
2026-09-22T01:31:18.512508+00:00,0,32558,82
2026-09-22T01:31:18.512508+00:00,1,32564,81
2026-09-22T01:31:18.512508+00:00,2,32548,79
2026-09-22T01:31:18.512508+00:00,3,32566,79
2026-09-22T01:31:23.577700+00:00,0,32558,80
2026-09-22T01:31:23.577700+00:00,1,32564,78
2026-09-22T01:31:23.577700+00:00,2,32548,78
2026-09-22T01:31:23.577700+00:00,3,32566,78
2026-09-22T01:31:28.643675+00:00,0,32558,76
2026-09-22T01:31:28.643675+00:00,1,32564,77
2026-09-22T01:31:28.643675+00:00,2,32548,75
2026-09-22T01:31:28.643675+00:00,3,32566,76
2026-09-22T01:31:33.707456+00:00,0,32558,87
2026-09-22T01:31:33.707456+00:00,1,32564,77
2026-09-22T01:31:33.707456+00:00,2,32548,78
2026-09-22T01:31:33.707456+00:00,3,32566,81
2026-09-22T01:31:38.774242+00:00,0,32558,78
2026-09-22T01:31:38.774242+00:00,1,32564,78
2026-09-22T01:31:38.774242+00:00,2,32548,79
2026-09-22T01:31:38.774242+00:00,3,32566,79
2026-09-22T01:31:43.841033+00:00,0,32558,78
2026-09-22T01:31:43.841033+00:00,1,32564,82
2026-09-22T01:31:43.841033+00:00,2,32548,80
2026-09-22T01:31:43.841033+00:00,3,32566,81
2026-09-22T01:31:48.908174+00:00,0,32558,77
2026-09-22T01:31:48.908174+00:00,1,32564,81
2026-09-22T01:31:48.908174+00:00,2,32548,80
2026-09-22T01:31:48.908174+00:00,3,32566,78
2026-09-22T01:31:53.976169+00:00,0,32558,79
2026-09-22T01:31:53.976169+00:00,1,32564,79
2026-09-22T01:31:53.976169+00:00,2,32548,82
2026-09-22T01:31:53.976169+00:00,3,32566,80
2026-09-22T01:31:59.042086+00:00,0,32558,80
2026-09-22T01:31:59.042086+00:00,1,32564,82
2026-09-22T01:31:59.042086+00:00,2,32548,77
2026-09-22T01:31:59.042086+00:00,3,32566,83
2026-09-22T01:32:04.106977+00:00,0,32558,77
2026-09-22T01:32:04.106977+00:00,1,32564,82
2026-09-22T01:32:04.106977+00:00,2,32548,83
2026-09-22T01:32:04.106977+00:00,3,32566,80
2026-09-22T01:32:09.172054+00:00,0,32558,84
2026-09-22T01:32:09.172054+00:00,1,32564,84
2026-09-22T01:32:09.172054+00:00,2,32548,82
2026-09-22T01:32:09.172054+00:00,3,32566,80
2026-09-22T01:32:14.241411+00:00,0,32558,81
2026-09-22T01:32:14.241411+00:00,1,32564,82
2026-09-22T01:32:14.241411+00:00,2,32548,82
2026-09-22T01:32:14.241411+00:00,3,32566,86
2026-09-22T01:32:19.307507+00:00,0,32558,84
2026-09-22T01:32:19.307507+00:00,1,32564,85
2026-09-22T01:32:19.307507+00:00,2,32548,87
2026-09-22T01:32:19.307507+00:00,3,32566,90
2026-09-22T01:32:24.374981+00:00,0,32558,84
2026-09-22T01:32:24.374981+00:00,1,32564,84
2026-09-22T01:32:24.374981+00:00,2,32548,81
2026-09-22T01:32:24.374981+00:00,3,32566,83
2026-09-22T01:32:29.442650+00:00,0,32558,83
2026-09-22T01:32:29.442650+00:00,1,32564,81
2026-09-22T01:32:29.442650+00:00,2,32548,83
2026-09-22T01:32:29.442650+00:00,3,32566,82
2026-09-22T01:32:34.507969+00:00,0,32558,81
2026-09-22T01:32:34.507969+00:00,1,32564,83
2026-09-22T01:32:34.507969+00:00,2,32548,82
2026-09-22T01:32:34.507969+00:00,3,32566,83
2026-09-22T01:32:39.576749+00:00,0,32558,82
2026-09-22T01:32:39.576749+00:00,1,32564,80
2026-09-22T01:32:39.576749+00:00,2,32548,81
2026-09-22T01:32:39.576749+00:00,3,32566,81
2026-09-22T01:32:44.644635+00:00,0,32558,79
2026-09-22T01:32:44.644635+00:00,1,32564,80
2026-09-22T01:32:44.644635+00:00,2,32548,77
2026-09-22T01:32:44.644635+00:00,3,32566,81
2026-09-22T01:32:49.723685+00:00,0,1200,0
2026-09-22T01:32:49.723685+00:00,1,1200,0
2026-09-22T01:32:49.723685+00:00,2,1202,0
2026-09-22T01:32:49.723685+00:00,3,1202,0
2026-09-22T01:32:54.783217+00:00,0,11876,99
2026-09-22T01:32:54.783217+00:00,1,11796,99
2026-09-22T01:32:54.783217+00:00,2,11936,99
2026-09-22T01:32:54.783217+00:00,3,11796,99
2026-09-22T01:32:59.852943+00:00,0,12102,99
2026-09-22T01:32:59.852943+00:00,1,11962,99
2026-09-22T01:32:59.852943+00:00,2,11942,99
2026-09-22T01:32:59.852943+00:00,3,12122,99
2026-09-22T01:33:04.923659+00:00,0,25418,99
2026-09-22T01:33:04.923659+00:00,1,25418,99
2026-09-22T01:33:04.923659+00:00,2,25418,99
2026-09-22T01:33:04.923659+00:00,3,25418,99
2026-09-22T01:33:09.989193+00:00,0,27526,99
2026-09-22T01:33:09.989193+00:00,1,27586,99
2026-09-22T01:33:09.989193+00:00,2,26706,99
2026-09-22T01:33:09.989193+00:00,3,27546,98
2026-09-22T01:33:15.055260+00:00,0,27748,99
2026-09-22T01:33:15.055260+00:00,1,28008,100
2026-09-22T01:33:15.055260+00:00,2,27888,99
2026-09-22T01:33:15.055260+00:00,3,28128,99
2026-09-22T01:33:20.125881+00:00,0,28070,99
2026-09-22T01:33:20.125881+00:00,1,28310,99
2026-09-22T01:33:20.125881+00:00,2,27890,98
2026-09-22T01:33:20.125881+00:00,3,28130,99
2026-09-22T01:33:25.192281+00:00,0,28612,99
2026-09-22T01:33:25.192281+00:00,1,28310,99
2026-09-22T01:33:25.192281+00:00,2,28530,99
2026-09-22T01:33:25.192281+00:00,3,28210,99
2026-09-22T01:33:30.262793+00:00,0,28614,99
2026-09-22T01:33:30.262793+00:00,1,28454,99
2026-09-22T01:33:30.262793+00:00,2,28534,97
2026-09-22T01:33:30.262793+00:00,3,28254,100
2026-09-22T01:33:35.335064+00:00,0,28614,99
2026-09-22T01:33:35.335064+00:00,1,28454,99
2026-09-22T01:33:35.335064+00:00,2,28534,99
2026-09-22T01:33:35.335064+00:00,3,28254,99
2026-09-22T01:33:40.408211+00:00,0,27200,63
2026-09-22T01:33:40.408211+00:00,1,26420,83
2026-09-22T01:33:40.408211+00:00,2,27120,94
2026-09-22T01:33:40.408211+00:00,3,26660,67
2026-09-22T01:33:45.476529+00:00,0,9722,50
2026-09-22T01:33:45.476529+00:00,1,9722,7
2026-09-22T01:33:45.476529+00:00,2,9722,9
2026-09-22T01:33:45.476529+00:00,3,9722,7
2026-09-22T01:33:50.544732+00:00,0,10602,8
2026-09-22T01:33:50.544732+00:00,1,10048,4
2026-09-22T01:33:50.544732+00:00,2,11052,8
2026-09-22T01:33:50.544732+00:00,3,10744,8
2026-09-22T01:33:55.603930+00:00,0,11052,17
2026-09-22T01:33:55.603930+00:00,1,11052,17
2026-09-22T01:33:55.603930+00:00,2,11052,37
2026-09-22T01:33:55.603930+00:00,3,11050,40
2026-09-22T01:34:00.661818+00:00,0,4832,17
2026-09-22T01:34:00.661818+00:00,1,4832,1
2026-09-22T01:34:00.661818+00:00,2,8776,0
2026-09-22T01:34:00.661818+00:00,3,32440,0
2026-09-22T01:34:05.720563+00:00,0,32556,69
2026-09-22T01:34:05.720563+00:00,1,32604,73
2026-09-22T01:34:05.720563+00:00,2,32558,71
2026-09-22T01:34:05.720563+00:00,3,32554,72
2026-09-22T01:34:10.786304+00:00,0,32556,75
2026-09-22T01:34:10.786304+00:00,1,32604,77
2026-09-22T01:34:10.786304+00:00,2,32558,76
2026-09-22T01:34:10.786304+00:00,3,32554,82
2026-09-22T01:34:15.847339+00:00,0,32556,73
2026-09-22T01:34:15.847339+00:00,1,32604,77
2026-09-22T01:34:15.847339+00:00,2,32558,80
2026-09-22T01:34:15.847339+00:00,3,32554,76
2026-09-22T01:34:20.914558+00:00,0,32556,75
2026-09-22T01:34:20.914558+00:00,1,32604,76
2026-09-22T01:34:20.914558+00:00,2,32558,71
2026-09-22T01:34:20.914558+00:00,3,32554,77
2026-09-22T01:34:25.980250+00:00,0,32556,74
2026-09-22T01:34:25.980250+00:00,1,32604,74
2026-09-22T01:34:25.980250+00:00,2,32558,74
2026-09-22T01:34:25.980250+00:00,3,32554,74
2026-09-22T01:34:31.045409+00:00,0,32556,75
2026-09-22T01:34:31.045409+00:00,1,32604,78
2026-09-22T01:34:31.045409+00:00,2,32558,75
2026-09-22T01:34:31.045409+00:00,3,32554,79
2026-09-22T01:34:36.103168+00:00,0,32556,79
2026-09-22T01:34:36.103168+00:00,1,32604,80
2026-09-22T01:34:36.103168+00:00,2,32558,85
2026-09-22T01:34:36.103168+00:00,3,32554,77
2026-09-22T01:34:41.161744+00:00,0,32556,75
2026-09-22T01:34:41.161744+00:00,1,32604,75
2026-09-22T01:34:41.161744+00:00,2,32558,76
2026-09-22T01:34:41.161744+00:00,3,32554,78
2026-09-22T01:34:46.229291+00:00,0,32556,69
2026-09-22T01:34:46.229291+00:00,1,32604,74
2026-09-22T01:34:46.229291+00:00,2,32558,74
2026-09-22T01:34:46.229291+00:00,3,32554,74
2026-09-22T01:34:51.304385+00:00,0,32556,75
2026-09-22T01:34:51.304385+00:00,1,32604,75
2026-09-22T01:34:51.304385+00:00,2,32558,76
2026-09-22T01:34:51.304385+00:00,3,32554,78
2026-09-22T01:34:56.374553+00:00,0,32556,72
2026-09-22T01:34:56.374553+00:00,1,32604,77
2026-09-22T01:34:56.374553+00:00,2,32558,78
2026-09-22T01:34:56.374553+00:00,3,32554,73
2026-09-22T01:35:01.455461+00:00,0,32556,76
2026-09-22T01:35:01.455461+00:00,1,32604,80
2026-09-22T01:35:01.455461+00:00,2,32558,75
2026-09-22T01:35:01.455461+00:00,3,32554,75
2026-09-22T01:35:06.534557+00:00,0,32556,83
2026-09-22T01:35:06.534557+00:00,1,32604,87
2026-09-22T01:35:06.534557+00:00,2,32558,81
2026-09-22T01:35:06.534557+00:00,3,32554,81
2026-09-22T01:35:11.601723+00:00,0,32556,77
2026-09-22T01:35:11.601723+00:00,1,32604,83
2026-09-22T01:35:11.601723+00:00,2,32558,80
2026-09-22T01:35:11.601723+00:00,3,32554,82
2026-09-22T01:35:16.658889+00:00,0,32556,83
2026-09-22T01:35:16.658889+00:00,1,32604,83
2026-09-22T01:35:16.658889+00:00,2,32558,79
2026-09-22T01:35:16.658889+00:00,3,32554,78
2026-09-22T01:35:21.726009+00:00,0,32556,85
2026-09-22T01:35:21.726009+00:00,1,32604,81
2026-09-22T01:35:21.726009+00:00,2,32558,85
2026-09-22T01:35:21.726009+00:00,3,32554,79
2026-09-22T01:35:26.791610+00:00,0,32556,88
2026-09-22T01:35:26.791610+00:00,1,32604,85
2026-09-22T01:35:26.791610+00:00,2,32558,84
2026-09-22T01:35:26.791610+00:00,3,32554,80
2026-09-22T01:35:31.856845+00:00,0,32556,79
2026-09-22T01:35:31.856845+00:00,1,32604,87
2026-09-22T01:35:31.856845+00:00,2,32558,81
2026-09-22T01:35:31.856845+00:00,3,32554,82
2026-09-22T01:35:36.924514+00:00,0,32556,81
2026-09-22T01:35:36.924514+00:00,1,32604,78
2026-09-22T01:35:36.924514+00:00,2,32558,79
2026-09-22T01:35:36.924514+00:00,3,32554,81
2026-09-22T01:35:41.992037+00:00,0,32556,81
2026-09-22T01:35:41.992037+00:00,1,32604,79
2026-09-22T01:35:41.992037+00:00,2,32558,81
2026-09-22T01:35:41.992037+00:00,3,32554,81
2026-09-22T01:35:47.058491+00:00,0,32556,84
2026-09-22T01:35:47.058491+00:00,1,32604,82
2026-09-22T01:35:47.058491+00:00,2,32558,85
2026-09-22T01:35:47.058491+00:00,3,32554,83
2026-09-22T01:35:52.124454+00:00,0,32556,74
2026-09-22T01:35:52.124454+00:00,1,32604,75
2026-09-22T01:35:52.124454+00:00,2,32558,77
2026-09-22T01:35:52.124454+00:00,3,32554,76
2026-09-22T01:35:57.202091+00:00,0,32556,76
2026-09-22T01:35:57.202091+00:00,1,32604,78
2026-09-22T01:35:57.202091+00:00,2,32558,79
2026-09-22T01:35:57.202091+00:00,3,32554,79
2026-09-22T01:36:02.276257+00:00,0,32556,84
2026-09-22T01:36:02.276257+00:00,1,32604,84
2026-09-22T01:36:02.276257+00:00,2,32558,84
2026-09-22T01:36:02.276257+00:00,3,32554,82
2026-09-22T01:36:07.342036+00:00,0,32556,0
2026-09-22T01:36:07.342036+00:00,1,32604,0
2026-09-22T01:36:07.342036+00:00,2,32558,83
2026-09-22T01:36:07.342036+00:00,3,32554,80
2026-09-22T01:36:12.407767+00:00,0,1200,0
2026-09-22T01:36:12.407767+00:00,1,1200,0
2026-09-22T01:36:12.407767+00:00,2,1200,0
2026-09-22T01:36:12.407767+00:00,3,1200,2
2026-09-22T01:36:17.495415+00:00,0,12076,99
2026-09-22T01:36:17.495415+00:00,1,12056,99
2026-09-22T01:36:17.495415+00:00,2,12056,99
2026-09-22T01:36:17.495415+00:00,3,12096,99
2026-09-22T01:36:22.562256+00:00,0,12182,99
2026-09-22T01:36:22.562256+00:00,1,12202,99
2026-09-22T01:36:22.562256+00:00,2,12202,100
2026-09-22T01:36:22.562256+00:00,3,12222,99
2026-09-22T01:36:27.631847+00:00,0,26452,43
2026-09-22T01:36:27.631847+00:00,1,26232,70
2026-09-22T01:36:27.631847+00:00,2,26432,45
2026-09-22T01:36:27.631847+00:00,3,25272,54
2026-09-22T01:36:32.706101+00:00,0,26466,99
2026-09-22T01:36:32.706101+00:00,1,26246,99
2026-09-22T01:36:32.706101+00:00,2,26446,100
2026-09-22T01:36:32.706101+00:00,3,25486,99
2026-09-22T01:36:37.777404+00:00,0,26766,99
2026-09-22T01:36:37.777404+00:00,1,26246,99
2026-09-22T01:36:37.777404+00:00,2,26608,99
2026-09-22T01:36:37.777404+00:00,3,26866,99
2026-09-22T01:36:42.852650+00:00,0,26770,98
2026-09-22T01:36:42.852650+00:00,1,27350,98
2026-09-22T01:36:42.852650+00:00,2,27130,98
2026-09-22T01:36:42.852650+00:00,3,26950,99
2026-09-22T01:36:47.914210+00:00,0,27212,99
2026-09-22T01:36:47.914210+00:00,1,27350,99
2026-09-22T01:36:47.914210+00:00,2,27272,100
2026-09-22T01:36:47.914210+00:00,3,27292,99
2026-09-22T01:36:52.986854+00:00,0,27214,98
2026-09-22T01:36:52.986854+00:00,1,27352,99
2026-09-22T01:36:52.986854+00:00,2,27274,99
2026-09-22T01:36:52.986854+00:00,3,27294,98
2026-09-22T01:36:58.059973+00:00,0,27216,100
2026-09-22T01:36:58.059973+00:00,1,27354,99
2026-09-22T01:36:58.059973+00:00,2,27276,99
2026-09-22T01:36:58.059973+00:00,3,27296,99
2026-09-22T01:37:03.134413+00:00,0,27216,99
2026-09-22T01:37:03.134413+00:00,1,27356,98
2026-09-22T01:37:03.134413+00:00,2,27276,98
2026-09-22T01:37:03.134413+00:00,3,27296,98
2026-09-22T01:37:08.193113+00:00,0,11052,35
2026-09-22T01:37:08.193113+00:00,1,11052,68
2026-09-22T01:37:08.193113+00:00,2,11052,7
2026-09-22T01:37:08.193113+00:00,3,11050,53
2026-09-22T01:37:13.253981+00:00,0,9802,7
2026-09-22T01:37:13.253981+00:00,1,9946,8
2026-09-22T01:37:13.253981+00:00,2,9722,5
2026-09-22T01:37:13.253981+00:00,3,9802,4
2026-09-22T01:37:18.313935+00:00,0,11052,29
2026-09-22T01:37:18.313935+00:00,1,11052,35
2026-09-22T01:37:18.313935+00:00,2,11052,16
2026-09-22T01:37:18.313935+00:00,3,11050,26
2026-09-22T01:37:23.372666+00:00,0,4832,11
2026-09-22T01:37:23.372666+00:00,1,4832,13
2026-09-22T01:37:23.372666+00:00,2,4834,9
2026-09-22T01:37:23.372666+00:00,3,4834,11
2026-09-22T01:37:28.430371+00:00,0,32542,74
2026-09-22T01:37:28.430371+00:00,1,32560,81
2026-09-22T01:37:28.430371+00:00,2,32536,83
2026-09-22T01:37:28.430371+00:00,3,32560,81
2026-09-22T01:37:33.485441+00:00,0,32542,83
2026-09-22T01:37:33.485441+00:00,1,32560,76
2026-09-22T01:37:33.485441+00:00,2,32536,77
2026-09-22T01:37:33.485441+00:00,3,32560,76
2026-09-22T01:37:38.548279+00:00,0,32542,79
2026-09-22T01:37:38.548279+00:00,1,32560,79
2026-09-22T01:37:38.548279+00:00,2,32536,74
2026-09-22T01:37:38.548279+00:00,3,32560,80
2026-09-22T01:37:43.614034+00:00,0,32542,74
2026-09-22T01:37:43.614034+00:00,1,32560,79
2026-09-22T01:37:43.614034+00:00,2,32536,76
2026-09-22T01:37:43.614034+00:00,3,32560,77
2026-09-22T01:37:48.679662+00:00,0,32542,77
2026-09-22T01:37:48.679662+00:00,1,32560,79
2026-09-22T01:37:48.679662+00:00,2,32536,80
2026-09-22T01:37:48.679662+00:00,3,32560,81
2026-09-22T01:37:53.741791+00:00,0,32542,80
2026-09-22T01:37:53.741791+00:00,1,32560,77
2026-09-22T01:37:53.741791+00:00,2,32536,80
2026-09-22T01:37:53.741791+00:00,3,32560,86
2026-09-22T01:37:58.806501+00:00,0,32542,79
2026-09-22T01:37:58.806501+00:00,1,32560,79
2026-09-22T01:37:58.806501+00:00,2,32536,79
2026-09-22T01:37:58.806501+00:00,3,32560,81
2026-09-22T01:38:03.872896+00:00,0,32542,75
2026-09-22T01:38:03.872896+00:00,1,32560,76
2026-09-22T01:38:03.872896+00:00,2,32536,78
2026-09-22T01:38:03.872896+00:00,3,32560,73
2026-09-22T01:38:08.953749+00:00,0,32542,73
2026-09-22T01:38:08.953749+00:00,1,32560,72
2026-09-22T01:38:08.953749+00:00,2,32536,71
2026-09-22T01:38:08.953749+00:00,3,32560,72
2026-09-22T01:38:14.034867+00:00,0,32542,78
2026-09-22T01:38:14.034867+00:00,1,32560,78
2026-09-22T01:38:14.034867+00:00,2,32536,81
2026-09-22T01:38:14.034867+00:00,3,32560,75
2026-09-22T01:38:19.101365+00:00,0,32542,75
2026-09-22T01:38:19.101365+00:00,1,32560,76
2026-09-22T01:38:19.101365+00:00,2,32536,74
2026-09-22T01:38:19.101365+00:00,3,32560,74
2026-09-22T01:38:24.182314+00:00,0,32542,75
2026-09-22T01:38:24.182314+00:00,1,32560,76
2026-09-22T01:38:24.182314+00:00,2,32536,76
2026-09-22T01:38:24.182314+00:00,3,32560,77
2026-09-22T01:38:29.257754+00:00,0,32542,74
2026-09-22T01:38:29.257754+00:00,1,32560,73
2026-09-22T01:38:29.257754+00:00,2,32536,72
2026-09-22T01:38:29.257754+00:00,3,32560,73
2026-09-22T01:38:34.339480+00:00,0,32542,83
2026-09-22T01:38:34.339480+00:00,1,32560,80
2026-09-22T01:38:34.339480+00:00,2,32536,83
2026-09-22T01:38:34.339480+00:00,3,32560,80
2026-09-22T01:38:39.403986+00:00,0,32542,81
2026-09-22T01:38:39.403986+00:00,1,32560,81
2026-09-22T01:38:39.403986+00:00,2,32536,78
2026-09-22T01:38:39.403986+00:00,3,32560,78
2026-09-22T01:38:44.465669+00:00,0,32542,82
2026-09-22T01:38:44.465669+00:00,1,32560,81
2026-09-22T01:38:44.465669+00:00,2,32536,80
2026-09-22T01:38:44.465669+00:00,3,32560,82
2026-09-22T01:38:49.533473+00:00,0,32542,79
2026-09-22T01:38:49.533473+00:00,1,32560,73
2026-09-22T01:38:49.533473+00:00,2,32536,77
2026-09-22T01:38:49.533473+00:00,3,32560,75
2026-09-22T01:38:54.614347+00:00,0,32542,76
2026-09-22T01:38:54.614347+00:00,1,32560,74
2026-09-22T01:38:54.614347+00:00,2,32536,74
2026-09-22T01:38:54.614347+00:00,3,32560,74
2026-09-22T01:38:59.701331+00:00,0,32542,80
2026-09-22T01:38:59.701331+00:00,1,32560,78
2026-09-22T01:38:59.701331+00:00,2,32536,82
2026-09-22T01:38:59.701331+00:00,3,32560,81
2026-09-22T01:39:04.767573+00:00,0,32542,82
2026-09-22T01:39:04.767573+00:00,1,32560,84
2026-09-22T01:39:04.767573+00:00,2,32536,84
2026-09-22T01:39:04.767573+00:00,3,32560,80
2026-09-22T01:39:09.832512+00:00,0,32542,82
2026-09-22T01:39:09.832512+00:00,1,32560,77
2026-09-22T01:39:09.832512+00:00,2,32536,75
2026-09-22T01:39:09.832512+00:00,3,32560,76
2026-09-22T01:39:14.913802+00:00,0,32542,79
2026-09-22T01:39:14.913802+00:00,1,32560,75
2026-09-22T01:39:14.913802+00:00,2,32536,78
2026-09-22T01:39:14.913802+00:00,3,32560,74
2026-09-22T01:39:19.991952+00:00,0,32542,83
2026-09-22T01:39:19.991952+00:00,1,32560,83
2026-09-22T01:39:19.991952+00:00,2,32536,82
2026-09-22T01:39:19.991952+00:00,3,32560,83
2026-09-22T01:39:25.057164+00:00,0,32542,85
2026-09-22T01:39:25.057164+00:00,1,32560,82
2026-09-22T01:39:25.057164+00:00,2,32536,82
2026-09-22T01:39:25.057164+00:00,3,32560,81
2026-09-22T01:39:30.127001+00:00,0,32542,82
2026-09-22T01:39:30.127001+00:00,1,32560,82
2026-09-22T01:39:30.127001+00:00,2,32536,84
2026-09-22T01:39:30.127001+00:00,3,32560,74
2026-09-22T01:39:35.199806+00:00,0,32542,74
2026-09-22T01:39:35.199806+00:00,1,32560,0
2026-09-22T01:39:35.199806+00:00,2,32536,0
2026-09-22T01:39:35.199806+00:00,3,32560,0
2026-09-22T01:39:40.272655+00:00,0,6614,99
2026-09-22T01:39:40.272655+00:00,1,6594,99
2026-09-22T01:39:40.272655+00:00,2,6614,99
2026-09-22T01:39:40.272655+00:00,3,6532,99
2026-09-22T01:39:45.340741+00:00,0,12180,96
2026-09-22T01:39:45.340741+00:00,1,12220,97
2026-09-22T01:39:45.340741+00:00,2,12140,99
2026-09-22T01:39:45.340741+00:00,3,12180,97
2026-09-22T01:39:50.416382+00:00,0,12184,99
2026-09-22T01:39:50.416382+00:00,1,12224,99
2026-09-22T01:39:50.416382+00:00,2,12264,99
2026-09-22T01:39:50.416382+00:00,3,12264,99
2026-09-22T01:39:55.521044+00:00,0,25806,98
2026-09-22T01:39:55.521044+00:00,1,26486,99
2026-09-22T01:39:55.521044+00:00,2,26386,98
2026-09-22T01:39:55.521044+00:00,3,25346,99
2026-09-22T01:40:00.593584+00:00,0,26728,99
2026-09-22T01:40:00.593584+00:00,1,26488,99
2026-09-22T01:40:00.593584+00:00,2,26826,99
2026-09-22T01:40:00.593584+00:00,3,25526,99
2026-09-22T01:40:05.662444+00:00,0,26728,99
2026-09-22T01:40:05.662444+00:00,1,26488,99
2026-09-22T01:40:05.662444+00:00,2,26828,99
2026-09-22T01:40:05.662444+00:00,3,25528,98
2026-09-22T01:40:10.731574+00:00,0,27272,99
2026-09-22T01:40:10.731574+00:00,1,27330,100
2026-09-22T01:40:10.731574+00:00,2,27030,99
2026-09-22T01:40:10.731574+00:00,3,26990,99
2026-09-22T01:40:15.805827+00:00,0,27272,99
2026-09-22T01:40:15.805827+00:00,1,27332,98
2026-09-22T01:40:15.805827+00:00,2,27412,99
2026-09-22T01:40:15.805827+00:00,3,27512,98
2026-09-22T01:40:20.877715+00:00,0,27274,100
2026-09-22T01:40:20.877715+00:00,1,27334,99
2026-09-22T01:40:20.877715+00:00,2,27414,100
2026-09-22T01:40:20.877715+00:00,3,27514,99
2026-09-22T01:40:25.949177+00:00,0,27276,99
2026-09-22T01:40:25.949177+00:00,1,27334,91
2026-09-22T01:40:25.949177+00:00,2,27416,100
2026-09-22T01:40:25.949177+00:00,3,27516,99
2026-09-22T01:40:31.010314+00:00,0,27280,100
2026-09-22T01:40:31.010314+00:00,1,27340,99
2026-09-22T01:40:31.010314+00:00,2,27420,65
2026-09-22T01:40:31.010314+00:00,3,27520,99
2026-09-22T01:40:36.082183+00:00,0,9722,5
2026-09-22T01:40:36.082183+00:00,1,9722,5
2026-09-22T01:40:36.082183+00:00,2,9722,7
2026-09-22T01:40:36.082183+00:00,3,9722,5
2026-09-22T01:40:41.136342+00:00,0,10828,9
2026-09-22T01:40:41.136342+00:00,1,10540,9
2026-09-22T01:40:41.136342+00:00,2,10600,5
2026-09-22T01:40:41.136342+00:00,3,10764,7
2026-09-22T01:40:46.196855+00:00,0,11052,30
2026-09-22T01:40:46.196855+00:00,1,11052,41
2026-09-22T01:40:46.196855+00:00,2,11052,13
2026-09-22T01:40:46.196855+00:00,3,11050,18
2026-09-22T01:40:51.256175+00:00,0,32554,40
2026-09-22T01:40:51.256175+00:00,1,32558,24
2026-09-22T01:40:51.256175+00:00,2,32570,72
2026-09-22T01:40:51.256175+00:00,3,32558,33
2026-09-22T01:40:56.310347+00:00,0,32554,75
2026-09-22T01:40:56.310347+00:00,1,32558,68
2026-09-22T01:40:56.310347+00:00,2,32570,70
2026-09-22T01:40:56.310347+00:00,3,32558,65
2026-09-22T01:41:01.374093+00:00,0,32554,74
2026-09-22T01:41:01.374093+00:00,1,32558,75
2026-09-22T01:41:01.374093+00:00,2,32570,70
2026-09-22T01:41:01.374093+00:00,3,32558,70
2026-09-22T01:41:06.438249+00:00,0,32554,73
2026-09-22T01:41:06.438249+00:00,1,32558,72
2026-09-22T01:41:06.438249+00:00,2,32570,74
2026-09-22T01:41:06.438249+00:00,3,32558,71
2026-09-22T01:41:11.500703+00:00,0,32554,74
2026-09-22T01:41:11.500703+00:00,1,32558,71
2026-09-22T01:41:11.500703+00:00,2,32570,73
2026-09-22T01:41:11.500703+00:00,3,32558,76
2026-09-22T01:41:16.579660+00:00,0,32554,65
2026-09-22T01:41:16.579660+00:00,1,32558,69
2026-09-22T01:41:16.579660+00:00,2,32570,72
2026-09-22T01:41:16.579660+00:00,3,32558,71
2026-09-22T01:41:21.655180+00:00,0,32554,77
2026-09-22T01:41:21.655180+00:00,1,32558,73
2026-09-22T01:41:21.655180+00:00,2,32570,75
2026-09-22T01:41:21.655180+00:00,3,32558,74
2026-09-22T01:41:26.715473+00:00,0,32554,74
2026-09-22T01:41:26.715473+00:00,1,32558,70
2026-09-22T01:41:26.715473+00:00,2,32570,69
2026-09-22T01:41:26.715473+00:00,3,32558,73
2026-09-22T01:41:31.792907+00:00,0,32554,71
2026-09-22T01:41:31.792907+00:00,1,32558,74
2026-09-22T01:41:31.792907+00:00,2,32570,73
2026-09-22T01:41:31.792907+00:00,3,32558,73
2026-09-22T01:41:36.874588+00:00,0,32554,77
2026-09-22T01:41:36.874588+00:00,1,32558,79
2026-09-22T01:41:36.874588+00:00,2,32570,75
2026-09-22T01:41:36.874588+00:00,3,32558,76
2026-09-22T01:41:41.939204+00:00,0,32554,80
2026-09-22T01:41:41.939204+00:00,1,32558,82
2026-09-22T01:41:41.939204+00:00,2,32570,80
2026-09-22T01:41:41.939204+00:00,3,32558,75
2026-09-22T01:41:47.002339+00:00,0,32554,78
2026-09-22T01:41:47.002339+00:00,1,32558,79
2026-09-22T01:41:47.002339+00:00,2,32570,82
2026-09-22T01:41:47.002339+00:00,3,32558,82
2026-09-22T01:41:52.071056+00:00,0,32554,79
2026-09-22T01:41:52.071056+00:00,1,32558,78
2026-09-22T01:41:52.071056+00:00,2,32570,78
2026-09-22T01:41:52.071056+00:00,3,32558,86
2026-09-22T01:41:57.136802+00:00,0,32554,79
2026-09-22T01:41:57.136802+00:00,1,32558,81
2026-09-22T01:41:57.136802+00:00,2,32570,79
2026-09-22T01:41:57.136802+00:00,3,32558,78
2026-09-22T01:42:02.202245+00:00,0,32554,80
2026-09-22T01:42:02.202245+00:00,1,32558,78
2026-09-22T01:42:02.202245+00:00,2,32570,81
2026-09-22T01:42:02.202245+00:00,3,32558,82
2026-09-22T01:42:07.270111+00:00,0,32554,78
2026-09-22T01:42:07.270111+00:00,1,32558,82
2026-09-22T01:42:07.270111+00:00,2,32570,79
2026-09-22T01:42:07.270111+00:00,3,32558,79
2026-09-22T01:42:12.338870+00:00,0,32554,83
2026-09-22T01:42:12.338870+00:00,1,32558,81
2026-09-22T01:42:12.338870+00:00,2,32570,83
2026-09-22T01:42:12.338870+00:00,3,32558,77
2026-09-22T01:42:17.404443+00:00,0,32554,79
2026-09-22T01:42:17.404443+00:00,1,32558,84
2026-09-22T01:42:17.404443+00:00,2,32570,79
2026-09-22T01:42:17.404443+00:00,3,32558,82
2026-09-22T01:42:22.471954+00:00,0,32554,80
2026-09-22T01:42:22.471954+00:00,1,32558,78
2026-09-22T01:42:22.471954+00:00,2,32570,83
2026-09-22T01:42:22.471954+00:00,3,32558,77
2026-09-22T01:42:27.536485+00:00,0,32554,76
2026-09-22T01:42:27.536485+00:00,1,32558,74
2026-09-22T01:42:27.536485+00:00,2,32570,78
2026-09-22T01:42:27.536485+00:00,3,32558,77
2026-09-22T01:42:32.616007+00:00,0,32554,73
2026-09-22T01:42:32.616007+00:00,1,32558,74
2026-09-22T01:42:32.616007+00:00,2,32570,76
2026-09-22T01:42:32.616007+00:00,3,32558,75
2026-09-22T01:42:37.697655+00:00,0,32554,83
2026-09-22T01:42:37.697655+00:00,1,32558,79
2026-09-22T01:42:37.697655+00:00,2,32570,82
2026-09-22T01:42:37.697655+00:00,3,32558,84
2026-09-22T01:42:42.767228+00:00,0,32554,81
2026-09-22T01:42:42.767228+00:00,1,32558,83
2026-09-22T01:42:42.767228+00:00,2,32570,81
2026-09-22T01:42:42.767228+00:00,3,32558,79
2026-09-22T01:42:47.837118+00:00,0,32554,81
2026-09-22T01:42:47.837118+00:00,1,32558,80
2026-09-22T01:42:47.837118+00:00,2,32570,82
2026-09-22T01:42:47.837118+00:00,3,32558,81
2026-09-22T01:42:52.901684+00:00,0,32554,78
2026-09-22T01:42:52.901684+00:00,1,32558,76
2026-09-22T01:42:52.901684+00:00,2,32570,83
2026-09-22T01:42:52.901684+00:00,3,32558,80
2026-09-22T01:42:57.966800+00:00,0,32554,76
2026-09-22T01:42:57.966800+00:00,1,32558,75
2026-09-22T01:42:57.966800+00:00,2,32570,0
2026-09-22T01:42:57.966800+00:00,3,32558,74
2026-09-22T01:43:03.041201+00:00,0,2906,0
2026-09-22T01:43:03.041201+00:00,1,2906,11
2026-09-22T01:43:03.041201+00:00,2,2906,0
2026-09-22T01:43:03.041201+00:00,3,2906,0
2026-09-22T01:43:08.101922+00:00,0,11858,96
2026-09-22T01:43:08.101922+00:00,1,11938,99
2026-09-22T01:43:08.101922+00:00,2,12178,99
2026-09-22T01:43:08.101922+00:00,3,11878,99
2026-09-22T01:43:13.169161+00:00,0,12222,99
2026-09-22T01:43:13.169161+00:00,1,12182,99
2026-09-22T01:43:13.169161+00:00,2,12182,99
2026-09-22T01:43:13.169161+00:00,3,12062,99
2026-09-22T01:43:18.240856+00:00,0,25442,99
2026-09-22T01:43:18.240856+00:00,1,25442,100
2026-09-22T01:43:18.240856+00:00,2,25442,99
2026-09-22T01:43:18.240856+00:00,3,25442,99
2026-09-22T01:43:23.314337+00:00,0,27546,98
2026-09-22T01:43:23.314337+00:00,1,27586,99
2026-09-22T01:43:23.314337+00:00,2,26266,98
2026-09-22T01:43:23.314337+00:00,3,27886,99
2026-09-22T01:43:28.386694+00:00,0,28108,99
2026-09-22T01:43:28.386694+00:00,1,28148,99
2026-09-22T01:43:28.386694+00:00,2,28328,100
2026-09-22T01:43:28.386694+00:00,3,28228,99
2026-09-22T01:43:33.452034+00:00,0,28230,98
2026-09-22T01:43:33.452034+00:00,1,28170,99
2026-09-22T01:43:33.452034+00:00,2,28330,99
2026-09-22T01:43:33.452034+00:00,3,28230,99
2026-09-22T01:43:38.516960+00:00,0,28572,99
2026-09-22T01:43:38.516960+00:00,1,28632,99
2026-09-22T01:43:38.516960+00:00,2,28932,99
2026-09-22T01:43:38.516960+00:00,3,28352,99
2026-09-22T01:43:43.585029+00:00,0,28574,98
2026-09-22T01:43:43.585029+00:00,1,28634,82
2026-09-22T01:43:43.585029+00:00,2,28934,97
2026-09-22T01:43:43.585029+00:00,3,28354,93
2026-09-22T01:43:48.650533+00:00,0,28576,99
2026-09-22T01:43:48.650533+00:00,1,28636,99
2026-09-22T01:43:48.650533+00:00,2,28936,99
2026-09-22T01:43:48.650533+00:00,3,28356,99
2026-09-22T01:43:53.721730+00:00,0,15800,80
2026-09-22T01:43:53.721730+00:00,1,15100,80
2026-09-22T01:43:53.721730+00:00,2,15820,81
2026-09-22T01:43:53.721730+00:00,3,15460,80
2026-09-22T01:43:58.804838+00:00,0,9722,6
2026-09-22T01:43:58.804838+00:00,1,9722,6
2026-09-22T01:43:58.804838+00:00,2,9722,6
2026-09-22T01:43:58.804838+00:00,3,9722,7
2026-09-22T01:44:03.863823+00:00,0,10928,8
2026-09-22T01:44:03.863823+00:00,1,10746,6
2026-09-22T01:44:03.863823+00:00,2,10848,7
2026-09-22T01:44:03.863823+00:00,3,11050,100
2026-09-22T01:44:08.923452+00:00,0,11052,47
2026-09-22T01:44:08.923452+00:00,1,11052,17
2026-09-22T01:44:08.923452+00:00,2,11052,15
2026-09-22T01:44:08.923452+00:00,3,11050,38
2026-09-22T01:44:13.981425+00:00,0,32568,72
2026-09-22T01:44:13.981425+00:00,1,32554,74
2026-09-22T01:44:13.981425+00:00,2,32542,74
2026-09-22T01:44:13.981425+00:00,3,32558,74
2026-09-22T01:44:19.035840+00:00,0,32568,75
2026-09-22T01:44:19.035840+00:00,1,32554,72
2026-09-22T01:44:19.035840+00:00,2,32542,77
2026-09-22T01:44:19.035840+00:00,3,32558,73
2026-09-22T01:44:24.094758+00:00,0,32568,72
2026-09-22T01:44:24.094758+00:00,1,32554,71
2026-09-22T01:44:24.094758+00:00,2,32542,81
2026-09-22T01:44:24.094758+00:00,3,32558,78
2026-09-22T01:44:29.160184+00:00,0,32568,81
2026-09-22T01:44:29.160184+00:00,1,32554,74
2026-09-22T01:44:29.160184+00:00,2,32542,76
2026-09-22T01:44:29.160184+00:00,3,32558,82
2026-09-22T01:44:34.226784+00:00,0,32568,79
2026-09-22T01:44:34.226784+00:00,1,32554,79
2026-09-22T01:44:34.226784+00:00,2,32542,76
2026-09-22T01:44:34.226784+00:00,3,32558,85
2026-09-22T01:44:39.290596+00:00,0,32568,76
2026-09-22T01:44:39.290596+00:00,1,32554,19
2026-09-22T01:44:39.290596+00:00,2,32542,80
2026-09-22T01:44:39.290596+00:00,3,32558,78
2026-09-22T01:44:44.357666+00:00,0,32568,79
2026-09-22T01:44:44.357666+00:00,1,32554,77
2026-09-22T01:44:44.357666+00:00,2,32542,84
2026-09-22T01:44:44.357666+00:00,3,32558,77
2026-09-22T01:44:49.422184+00:00,0,32568,80
2026-09-22T01:44:49.422184+00:00,1,32554,82
2026-09-22T01:44:49.422184+00:00,2,32542,83
2026-09-22T01:44:49.422184+00:00,3,32558,86
2026-09-22T01:44:54.488371+00:00,0,32568,79
2026-09-22T01:44:54.488371+00:00,1,32554,79
2026-09-22T01:44:54.488371+00:00,2,32542,78
2026-09-22T01:44:54.488371+00:00,3,32558,82
2026-09-22T01:44:59.554172+00:00,0,32568,81
2026-09-22T01:44:59.554172+00:00,1,32554,78
2026-09-22T01:44:59.554172+00:00,2,32542,76
2026-09-22T01:44:59.554172+00:00,3,32558,80
2026-09-22T01:45:04.618660+00:00,0,32568,73
2026-09-22T01:45:04.618660+00:00,1,32554,72
2026-09-22T01:45:04.618660+00:00,2,32542,75
2026-09-22T01:45:04.618660+00:00,3,32558,75
2026-09-22T01:45:09.696444+00:00,0,32568,73
2026-09-22T01:45:09.696444+00:00,1,32554,76
2026-09-22T01:45:09.696444+00:00,2,32542,74
2026-09-22T01:45:09.696444+00:00,3,32558,74
2026-09-22T01:45:14.782926+00:00,0,32568,84
2026-09-22T01:45:14.782926+00:00,1,32554,82
2026-09-22T01:45:14.782926+00:00,2,32542,83
2026-09-22T01:45:14.782926+00:00,3,32558,81
2026-09-22T01:45:19.850384+00:00,0,32568,78
2026-09-22T01:45:19.850384+00:00,1,32554,80
2026-09-22T01:45:19.850384+00:00,2,32542,83
2026-09-22T01:45:19.850384+00:00,3,32558,79
2026-09-22T01:45:24.930325+00:00,0,32568,76
2026-09-22T01:45:24.930325+00:00,1,32554,79
2026-09-22T01:45:24.930325+00:00,2,32542,75
2026-09-22T01:45:24.930325+00:00,3,32558,76
2026-09-22T01:45:30.012716+00:00,0,33001,26
2026-09-22T01:45:30.012716+00:00,1,32554,83
2026-09-22T01:45:30.012716+00:00,2,32542,80
2026-09-22T01:45:30.012716+00:00,3,32558,81
2026-09-22T01:45:35.076357+00:00,0,32568,81
2026-09-22T01:45:35.076357+00:00,1,32554,81
2026-09-22T01:45:35.076357+00:00,2,32542,82
2026-09-22T01:45:35.076357+00:00,3,32558,83
2026-09-22T01:45:40.143198+00:00,0,32568,82
2026-09-22T01:45:40.143198+00:00,1,32554,80
2026-09-22T01:45:40.143198+00:00,2,32542,85
2026-09-22T01:45:40.143198+00:00,3,32558,84
2026-09-22T01:45:45.214164+00:00,0,32568,83
2026-09-22T01:45:45.214164+00:00,1,32554,82
2026-09-22T01:45:45.214164+00:00,2,32542,83
2026-09-22T01:45:45.214164+00:00,3,32558,83
2026-09-22T01:45:50.282034+00:00,0,32568,81
2026-09-22T01:45:50.282034+00:00,1,32554,78
2026-09-22T01:45:50.282034+00:00,2,32542,79
2026-09-22T01:45:50.282034+00:00,3,32558,80
2026-09-22T01:45:55.350894+00:00,0,32568,82
2026-09-22T01:45:55.350894+00:00,1,32554,84
2026-09-22T01:45:55.350894+00:00,2,32542,85
2026-09-22T01:45:55.350894+00:00,3,32558,81
2026-09-22T01:46:00.407672+00:00,0,32568,84
2026-09-22T01:46:00.407672+00:00,1,32554,80
2026-09-22T01:46:00.407672+00:00,2,32542,81
2026-09-22T01:46:00.407672+00:00,3,32558,79
2026-09-22T01:46:05.466420+00:00,0,32568,83
2026-09-22T01:46:05.466420+00:00,1,32554,86
2026-09-22T01:46:05.466420+00:00,2,32542,83
2026-09-22T01:46:05.466420+00:00,3,32558,86
2026-09-22T01:46:10.529690+00:00,0,32568,81
2026-09-22T01:46:10.529690+00:00,1,32554,80
2026-09-22T01:46:10.529690+00:00,2,32542,81
2026-09-22T01:46:10.529690+00:00,3,32558,81
2026-09-22T01:46:15.594557+00:00,0,32568,82
2026-09-22T01:46:15.594557+00:00,1,32554,76
2026-09-22T01:46:15.594557+00:00,2,32542,80
2026-09-22T01:46:15.594557+00:00,3,32560,0
2026-09-22T01:46:20.661965+00:00,0,1960,0
2026-09-22T01:46:20.661965+00:00,1,2020,0
2026-09-22T01:46:20.661965+00:00,2,1962,0
2026-09-22T01:46:20.661965+00:00,3,2022,0
2026-09-22T01:46:25.734371+00:00,0,11818,99
2026-09-22T01:46:25.734371+00:00,1,11638,99
2026-09-22T01:46:25.734371+00:00,2,11738,97
2026-09-22T01:46:25.734371+00:00,3,11678,99
2026-09-22T01:46:30.807549+00:00,0,11822,99
2026-09-22T01:46:30.807549+00:00,1,11862,99
2026-09-22T01:46:30.807549+00:00,2,11922,99
2026-09-22T01:46:30.807549+00:00,3,11842,99
2026-09-22T01:46:35.870624+00:00,0,25364,99
2026-09-22T01:46:35.870624+00:00,1,25362,99
2026-09-22T01:46:35.870624+00:00,2,25342,99
2026-09-22T01:46:35.870624+00:00,3,25342,99
2026-09-22T01:46:40.943874+00:00,0,26886,99
2026-09-22T01:46:40.943874+00:00,1,27066,89
2026-09-22T01:46:40.943874+00:00,2,27466,99
2026-09-22T01:46:40.943874+00:00,3,26966,95
2026-09-22T01:46:46.018043+00:00,0,26948,100
2026-09-22T01:46:46.018043+00:00,1,27068,99
2026-09-22T01:46:46.018043+00:00,2,27468,99
2026-09-22T01:46:46.018043+00:00,3,27308,99
2026-09-22T01:46:51.100982+00:00,0,27570,100
2026-09-22T01:46:51.100982+00:00,1,27330,99
2026-09-22T01:46:51.100982+00:00,2,28650,88
2026-09-22T01:46:51.100982+00:00,3,28630,100
2026-09-22T01:46:56.189985+00:00,0,28712,99
2026-09-22T01:46:56.189985+00:00,1,27332,99
2026-09-22T01:46:56.189985+00:00,2,28652,99
2026-09-22T01:46:56.189985+00:00,3,28632,100
2026-09-22T01:47:01.252887+00:00,0,28714,99
2026-09-22T01:47:01.252887+00:00,1,27914,98
2026-09-22T01:47:01.252887+00:00,2,28654,88
2026-09-22T01:47:01.252887+00:00,3,28634,99
2026-09-22T01:47:06.322069+00:00,0,28716,100
2026-09-22T01:47:06.322069+00:00,1,27916,99
2026-09-22T01:47:06.322069+00:00,2,28656,99
2026-09-22T01:47:06.322069+00:00,3,28636,99
2026-09-22T01:47:11.394240+00:00,0,4686,29
2026-09-22T01:47:11.394240+00:00,1,4686,99
2026-09-22T01:47:11.394240+00:00,2,4686,100
2026-09-22T01:47:11.394240+00:00,3,4686,73
2026-09-22T01:47:16.460186+00:00,0,9722,6
2026-09-22T01:47:16.460186+00:00,1,9722,7
2026-09-22T01:47:16.460186+00:00,2,9722,7
2026-09-22T01:47:16.460186+00:00,3,9722,6
2026-09-22T01:47:21.520459+00:00,0,10930,5
2026-09-22T01:47:21.520459+00:00,1,11052,100
2026-09-22T01:47:21.520459+00:00,2,11052,100
2026-09-22T01:47:21.520459+00:00,3,11050,100
2026-09-22T01:47:26.578625+00:00,0,12672,34
2026-09-22T01:47:26.578625+00:00,1,13192,37
2026-09-22T01:47:26.578625+00:00,2,13312,32
2026-09-22T01:47:26.578625+00:00,3,12850,34
2026-09-22T01:47:31.639186+00:00,0,32616,75
2026-09-22T01:47:31.639186+00:00,1,32642,83
2026-09-22T01:47:31.639186+00:00,2,32614,74
2026-09-22T01:47:31.639186+00:00,3,32604,75
2026-09-22T01:47:36.704470+00:00,0,32616,79
2026-09-22T01:47:36.704470+00:00,1,32642,76
2026-09-22T01:47:36.704470+00:00,2,32614,81
2026-09-22T01:47:36.704470+00:00,3,32604,74
2026-09-22T01:47:41.768670+00:00,0,32616,72
2026-09-22T01:47:41.768670+00:00,1,32642,72
2026-09-22T01:47:41.768670+00:00,2,32614,74
2026-09-22T01:47:41.768670+00:00,3,32604,77
2026-09-22T01:47:46.832050+00:00,0,32616,78
2026-09-22T01:47:46.832050+00:00,1,32642,82
2026-09-22T01:47:46.832050+00:00,2,32614,77
2026-09-22T01:47:46.832050+00:00,3,32604,75
2026-09-22T01:47:51.898723+00:00,0,32616,79
2026-09-22T01:47:51.898723+00:00,1,32642,77
2026-09-22T01:47:51.898723+00:00,2,32614,78
2026-09-22T01:47:51.898723+00:00,3,32604,78
2026-09-22T01:47:56.965291+00:00,0,32616,81
2026-09-22T01:47:56.965291+00:00,1,32642,77
2026-09-22T01:47:56.965291+00:00,2,32614,81
2026-09-22T01:47:56.965291+00:00,3,32604,77
2026-09-22T01:48:02.033310+00:00,0,32616,78
2026-09-22T01:48:02.033310+00:00,1,32642,77
2026-09-22T01:48:02.033310+00:00,2,32614,77
2026-09-22T01:48:02.033310+00:00,3,32604,76
2026-09-22T01:48:07.101432+00:00,0,32616,79
2026-09-22T01:48:07.101432+00:00,1,32642,74
2026-09-22T01:48:07.101432+00:00,2,32614,79
2026-09-22T01:48:07.101432+00:00,3,32604,76
2026-09-22T01:48:12.167648+00:00,0,32616,79
2026-09-22T01:48:12.167648+00:00,1,32642,78
2026-09-22T01:48:12.167648+00:00,2,32614,77
2026-09-22T01:48:12.167648+00:00,3,32604,79
2026-09-22T01:48:17.233740+00:00,0,32616,83
2026-09-22T01:48:17.233740+00:00,1,32642,81
2026-09-22T01:48:17.233740+00:00,2,32614,76
2026-09-22T01:48:17.233740+00:00,3,32604,78
2026-09-22T01:48:22.295417+00:00,0,32616,78
2026-09-22T01:48:22.295417+00:00,1,32642,81
2026-09-22T01:48:22.295417+00:00,2,32614,84
2026-09-22T01:48:22.295417+00:00,3,32604,78
2026-09-22T01:48:27.364096+00:00,0,32616,83
2026-09-22T01:48:27.364096+00:00,1,32642,86
2026-09-22T01:48:27.364096+00:00,2,32614,80
2026-09-22T01:48:27.364096+00:00,3,32604,82
2026-09-22T01:48:32.432508+00:00,0,32616,78
2026-09-22T01:48:32.432508+00:00,1,32642,77
2026-09-22T01:48:32.432508+00:00,2,32614,77
2026-09-22T01:48:32.432508+00:00,3,32604,75
2026-09-22T01:48:37.502865+00:00,0,32616,82
2026-09-22T01:48:37.502865+00:00,1,32642,83
2026-09-22T01:48:37.502865+00:00,2,32614,86
2026-09-22T01:48:37.502865+00:00,3,32604,84
2026-09-22T01:48:42.570148+00:00,0,32616,76
2026-09-22T01:48:42.570148+00:00,1,32642,76
2026-09-22T01:48:42.570148+00:00,2,32614,73
2026-09-22T01:48:42.570148+00:00,3,32604,76
2026-09-22T01:48:47.664243+00:00,0,32616,79
2026-09-22T01:48:47.664243+00:00,1,32642,80
2026-09-22T01:48:47.664243+00:00,2,32614,81
2026-09-22T01:48:47.664243+00:00,3,32604,82
2026-09-22T01:48:52.733497+00:00,0,32616,83
2026-09-22T01:48:52.733497+00:00,1,32642,82
2026-09-22T01:48:52.733497+00:00,2,32614,87
2026-09-22T01:48:52.733497+00:00,3,32604,80
2026-09-22T01:48:57.821298+00:00,0,32616,90
2026-09-22T01:48:57.821298+00:00,1,32642,83
2026-09-22T01:48:57.821298+00:00,2,32614,83
2026-09-22T01:48:57.821298+00:00,3,32604,82
2026-09-22T01:49:02.889480+00:00,0,32616,82
2026-09-22T01:49:02.889480+00:00,1,32642,82
2026-09-22T01:49:02.889480+00:00,2,32614,81
2026-09-22T01:49:02.889480+00:00,3,32604,82
2026-09-22T01:49:07.956295+00:00,0,32616,80
2026-09-22T01:49:07.956295+00:00,1,32642,82
2026-09-22T01:49:07.956295+00:00,2,32614,77
2026-09-22T01:49:07.956295+00:00,3,32604,79
2026-09-22T01:49:13.027606+00:00,0,32616,87
2026-09-22T01:49:13.027606+00:00,1,32642,81
2026-09-22T01:49:13.027606+00:00,2,32614,80
2026-09-22T01:49:13.027606+00:00,3,32604,81
2026-09-22T01:49:18.096433+00:00,0,32616,83
2026-09-22T01:49:18.096433+00:00,1,32642,80
2026-09-22T01:49:18.096433+00:00,2,32614,82
2026-09-22T01:49:18.096433+00:00,3,32604,82
2026-09-22T01:49:23.166475+00:00,0,32616,79
2026-09-22T01:49:23.166475+00:00,1,32642,76
2026-09-22T01:49:23.166475+00:00,2,32614,77
2026-09-22T01:49:23.166475+00:00,3,32604,77
2026-09-22T01:49:28.252660+00:00,0,32616,83
2026-09-22T01:49:28.252660+00:00,1,32642,77
2026-09-22T01:49:28.252660+00:00,2,32614,76
2026-09-22T01:49:28.252660+00:00,3,32604,83
2026-09-22T01:49:33.324533+00:00,0,32616,74
2026-09-22T01:49:33.324533+00:00,1,32642,74
2026-09-22T01:49:33.324533+00:00,2,32614,72
2026-09-22T01:49:33.324533+00:00,3,32604,74
2026-09-22T01:49:38.407549+00:00,0,32616,78
2026-09-22T01:49:38.407549+00:00,1,32642,76
2026-09-22T01:49:38.407549+00:00,2,32614,0
2026-09-22T01:49:38.407549+00:00,3,32604,0
2026-09-22T01:49:43.481174+00:00,0,32616,71
2026-09-22T01:49:43.481174+00:00,1,32642,0
2026-09-22T01:49:43.481174+00:00,2,32614,0
2026-09-22T01:49:43.481174+00:00,3,32604,0
2026-09-22T01:49:48.552889+00:00,0,12194,99
2026-09-22T01:49:48.552889+00:00,1,12234,99
2026-09-22T01:49:48.552889+00:00,2,12214,99
2026-09-22T01:49:48.552889+00:00,3,12194,99
2026-09-22T01:49:53.616601+00:00,0,12400,99
2026-09-22T01:49:53.616601+00:00,1,12680,99
2026-09-22T01:49:53.616601+00:00,2,12440,99
2026-09-22T01:49:53.616601+00:00,3,12720,99
2026-09-22T01:49:58.691453+00:00,0,1206,86
2026-09-22T01:49:58.691453+00:00,1,1206,45
2026-09-22T01:49:58.691453+00:00,2,1206,48
2026-09-22T01:49:58.691453+00:00,3,1206,87
2026-09-22T01:50:03.748929+00:00,0,25524,99
2026-09-22T01:50:03.748929+00:00,1,25604,85
2026-09-22T01:50:03.748929+00:00,2,25644,89
2026-09-22T01:50:03.748929+00:00,3,25626,99
2026-09-22T01:50:08.813790+00:00,0,27226,99
2026-09-22T01:50:08.813790+00:00,1,27268,100
2026-09-22T01:50:08.813790+00:00,2,27188,99
2026-09-22T01:50:08.813790+00:00,3,27068,99
2026-09-22T01:50:13.890744+00:00,0,28088,100
2026-09-22T01:50:13.890744+00:00,1,27828,99
2026-09-22T01:50:13.890744+00:00,2,27388,100
2026-09-22T01:50:13.890744+00:00,3,28148,100
2026-09-22T01:50:18.965199+00:00,0,28090,99
2026-09-22T01:50:18.965199+00:00,1,27990,99
2026-09-22T01:50:18.965199+00:00,2,28090,99
2026-09-22T01:50:18.965199+00:00,3,29372,99
2026-09-22T01:50:24.043226+00:00,0,28892,92
2026-09-22T01:50:24.043226+00:00,1,29372,100
2026-09-22T01:50:24.043226+00:00,2,28252,99
2026-09-22T01:50:24.043226+00:00,3,29372,100
2026-09-22T01:50:29.116374+00:00,0,28894,99
2026-09-22T01:50:29.116374+00:00,1,29374,99
2026-09-22T01:50:29.116374+00:00,2,28254,99
2026-09-22T01:50:29.116374+00:00,3,29374,99
2026-09-22T01:50:34.192449+00:00,0,28896,99
2026-09-22T01:50:34.192449+00:00,1,29376,100
2026-09-22T01:50:34.192449+00:00,2,28256,100
2026-09-22T01:50:34.192449+00:00,3,29376,100
2026-09-22T01:50:39.265451+00:00,0,26940,63
2026-09-22T01:50:39.265451+00:00,1,27400,100
2026-09-22T01:50:39.265451+00:00,2,26440,100
2026-09-22T01:50:39.265451+00:00,3,27220,95
2026-09-22T01:50:44.344607+00:00,0,9722,7
2026-09-22T01:50:44.344607+00:00,1,9722,5
2026-09-22T01:50:44.344607+00:00,2,9722,5
2026-09-22T01:50:44.344607+00:00,3,9722,6
2026-09-22T01:50:49.404187+00:00,0,10746,8
2026-09-22T01:50:49.404187+00:00,1,10376,8
2026-09-22T01:50:49.404187+00:00,2,10498,7
2026-09-22T01:50:49.404187+00:00,3,10028,8
2026-09-22T01:50:54.464167+00:00,0,11052,47
2026-09-22T01:50:54.464167+00:00,1,11052,33
2026-09-22T01:50:54.464167+00:00,2,11052,16
2026-09-22T01:50:54.464167+00:00,3,11050,15
2026-09-22T01:50:59.524358+00:00,0,4832,2
2026-09-22T01:50:59.524358+00:00,1,4832,3
2026-09-22T01:50:59.524358+00:00,2,4834,0
2026-09-22T01:50:59.524358+00:00,3,4834,11
2026-09-22T01:51:04.584292+00:00,0,32566,74
2026-09-22T01:51:04.584292+00:00,1,32542,74
2026-09-22T01:51:04.584292+00:00,2,32562,71
2026-09-22T01:51:04.584292+00:00,3,32574,69
2026-09-22T01:51:09.650621+00:00,0,32566,73
2026-09-22T01:51:09.650621+00:00,1,32542,68
2026-09-22T01:51:09.650621+00:00,2,32562,71
2026-09-22T01:51:09.650621+00:00,3,32574,69
2026-09-22T01:51:14.721315+00:00,0,32566,70
2026-09-22T01:51:14.721315+00:00,1,32542,72
2026-09-22T01:51:14.721315+00:00,2,32562,75
2026-09-22T01:51:14.721315+00:00,3,32574,74
2026-09-22T01:51:19.784362+00:00,0,32566,75
2026-09-22T01:51:19.784362+00:00,1,32542,77
2026-09-22T01:51:19.784362+00:00,2,32562,76
2026-09-22T01:51:19.784362+00:00,3,32574,77
2026-09-22T01:51:24.850400+00:00,0,32566,73
2026-09-22T01:51:24.850400+00:00,1,32542,72
2026-09-22T01:51:24.850400+00:00,2,32562,71
2026-09-22T01:51:24.850400+00:00,3,32574,72
2026-09-22T01:51:29.929031+00:00,0,32566,72
2026-09-22T01:51:29.929031+00:00,1,32542,80
2026-09-22T01:51:29.929031+00:00,2,32562,80
2026-09-22T01:51:29.929031+00:00,3,32574,76
2026-09-22T01:51:34.992366+00:00,0,32566,74
2026-09-22T01:51:34.992366+00:00,1,32542,77
2026-09-22T01:51:34.992366+00:00,2,32562,79
2026-09-22T01:51:34.992366+00:00,3,32574,77
2026-09-22T01:51:40.059612+00:00,0,32566,78
2026-09-22T01:51:40.059612+00:00,1,32542,77
2026-09-22T01:51:40.059612+00:00,2,32562,77
2026-09-22T01:51:40.059612+00:00,3,32574,77
2026-09-22T01:51:45.130467+00:00,0,32566,77
2026-09-22T01:51:45.130467+00:00,1,32542,79
2026-09-22T01:51:45.130467+00:00,2,32562,80
2026-09-22T01:51:45.130467+00:00,3,32574,78
2026-09-22T01:51:50.191746+00:00,0,32566,77
2026-09-22T01:51:50.191746+00:00,1,32542,76
2026-09-22T01:51:50.191746+00:00,2,32562,80
2026-09-22T01:51:50.191746+00:00,3,32574,78
2026-09-22T01:51:55.254836+00:00,0,32566,73
2026-09-22T01:51:55.254836+00:00,1,32542,70
2026-09-22T01:51:55.254836+00:00,2,32562,72
2026-09-22T01:51:55.254836+00:00,3,32574,73
2026-09-22T01:52:00.338564+00:00,0,32566,75
2026-09-22T01:52:00.338564+00:00,1,32542,75
2026-09-22T01:52:00.338564+00:00,2,32562,73
2026-09-22T01:52:00.338564+00:00,3,32574,75
2026-09-22T01:52:05.421155+00:00,0,32566,75
2026-09-22T01:52:05.421155+00:00,1,32542,76
2026-09-22T01:52:05.421155+00:00,2,32562,74
2026-09-22T01:52:05.421155+00:00,3,32574,75
2026-09-22T01:52:10.501575+00:00,0,32566,73
2026-09-22T01:52:10.501575+00:00,1,32542,76
2026-09-22T01:52:10.501575+00:00,2,32562,76
2026-09-22T01:52:10.501575+00:00,3,32574,76
2026-09-22T01:52:15.584396+00:00,0,32566,77
2026-09-22T01:52:15.584396+00:00,1,32542,77
2026-09-22T01:52:15.584396+00:00,2,32562,77
2026-09-22T01:52:15.584396+00:00,3,32574,82
2026-09-22T01:52:20.645334+00:00,0,32566,79
2026-09-22T01:52:20.645334+00:00,1,32542,77
2026-09-22T01:52:20.645334+00:00,2,32562,79
2026-09-22T01:52:20.645334+00:00,3,32574,83
2026-09-22T01:52:25.716900+00:00,0,32566,79
2026-09-22T01:52:25.716900+00:00,1,32542,82
2026-09-22T01:52:25.716900+00:00,2,32562,83
2026-09-22T01:52:25.716900+00:00,3,32574,85
2026-09-22T01:52:30.786706+00:00,0,32566,79
2026-09-22T01:52:30.786706+00:00,1,32542,80
2026-09-22T01:52:30.786706+00:00,2,32562,85
2026-09-22T01:52:30.786706+00:00,3,32574,82
2026-09-22T01:52:35.854911+00:00,0,32566,83
2026-09-22T01:52:35.854911+00:00,1,32542,80
2026-09-22T01:52:35.854911+00:00,2,32562,86
2026-09-22T01:52:35.854911+00:00,3,32574,79
2026-09-22T01:52:40.921660+00:00,0,32566,83
2026-09-22T01:52:40.921660+00:00,1,32542,79
2026-09-22T01:52:40.921660+00:00,2,32562,84
2026-09-22T01:52:40.921660+00:00,3,32574,81
2026-09-22T01:52:45.988873+00:00,0,32566,84
2026-09-22T01:52:45.988873+00:00,1,32542,77
2026-09-22T01:52:45.988873+00:00,2,32562,82
2026-09-22T01:52:45.988873+00:00,3,32574,80
2026-09-22T01:52:51.054066+00:00,0,32566,79
2026-09-22T01:52:51.054066+00:00,1,32542,81
2026-09-22T01:52:51.054066+00:00,2,32562,82
2026-09-22T01:52:51.054066+00:00,3,32574,83
2026-09-22T01:52:56.123847+00:00,0,32566,80
2026-09-22T01:52:56.123847+00:00,1,32542,80
2026-09-22T01:52:56.123847+00:00,2,32562,81
2026-09-22T01:52:56.123847+00:00,3,32574,86
2026-09-22T01:53:01.187914+00:00,0,32566,83
2026-09-22T01:53:01.187914+00:00,1,32542,81
2026-09-22T01:53:01.187914+00:00,2,32562,83
2026-09-22T01:53:01.187914+00:00,3,32574,80
2026-09-22T01:53:06.259745+00:00,0,32566,82
2026-09-22T01:53:06.259745+00:00,1,32542,79
2026-09-22T01:53:06.259745+00:00,2,32562,84
2026-09-22T01:53:06.259745+00:00,3,32574,80
2026-09-22T01:53:11.331560+00:00,0,32566,79
2026-09-22T01:53:11.331560+00:00,1,32542,78
2026-09-22T01:53:11.331560+00:00,2,32562,80
2026-09-22T01:53:11.331560+00:00,3,32574,0
2026-09-22T01:53:16.394110+00:00,0,12254,49
2026-09-22T01:53:16.394110+00:00,1,12414,40
2026-09-22T01:53:16.394110+00:00,2,12314,38
2026-09-22T01:53:16.394110+00:00,3,12414,26
2026-09-22T01:53:21.464935+00:00,0,12500,99
2026-09-22T01:53:21.464935+00:00,1,12478,99
2026-09-22T01:53:21.464935+00:00,2,12438,99
2026-09-22T01:53:21.464935+00:00,3,12498,99
2026-09-22T01:53:26.528032+00:00,0,12504,99
2026-09-22T01:53:26.528032+00:00,1,12484,99
2026-09-22T01:53:26.528032+00:00,2,12462,99
2026-09-22T01:53:26.528032+00:00,3,12504,99
2026-09-22T01:53:31.597875+00:00,0,25364,98
2026-09-22T01:53:31.597875+00:00,1,25364,99
2026-09-22T01:53:31.597875+00:00,2,25364,99
2026-09-22T01:53:31.597875+00:00,3,25364,99
2026-09-22T01:53:36.668531+00:00,0,27508,100
2026-09-22T01:53:36.668531+00:00,1,28146,99
2026-09-22T01:53:36.668531+00:00,2,27908,98
2026-09-22T01:53:36.668531+00:00,3,27908,99
2026-09-22T01:53:41.741093+00:00,0,28248,99
2026-09-22T01:53:41.741093+00:00,1,28168,99
2026-09-22T01:53:41.741093+00:00,2,28308,99
2026-09-22T01:53:41.741093+00:00,3,27908,99
2026-09-22T01:53:46.814727+00:00,0,28670,100
2026-09-22T01:53:46.814727+00:00,1,28330,99
2026-09-22T01:53:46.814727+00:00,2,28350,99
2026-09-22T01:53:46.814727+00:00,3,28190,99
2026-09-22T01:53:51.892445+00:00,0,28672,99
2026-09-22T01:53:51.892445+00:00,1,28572,99
2026-09-22T01:53:51.892445+00:00,2,28452,98
2026-09-22T01:53:51.892445+00:00,3,28552,98
2026-09-22T01:53:56.981388+00:00,0,28674,99
2026-09-22T01:53:56.981388+00:00,1,28574,99
2026-09-22T01:53:56.981388+00:00,2,28454,100
2026-09-22T01:53:56.981388+00:00,3,28554,100
2026-09-22T01:54:02.056289+00:00,0,28676,97
2026-09-22T01:54:02.056289+00:00,1,28576,99
2026-09-22T01:54:02.056289+00:00,2,28456,99
2026-09-22T01:54:02.056289+00:00,3,28556,99
2026-09-22T01:54:07.117538+00:00,0,28678,99
2026-09-22T01:54:07.117538+00:00,1,28576,99
2026-09-22T01:54:07.117538+00:00,2,28458,99
2026-09-22T01:54:07.117538+00:00,3,28556,99
2026-09-22T01:54:12.193720+00:00,0,9722,85
2026-09-22T01:54:12.193720+00:00,1,9722,71
2026-09-22T01:54:12.193720+00:00,2,9722,68
2026-09-22T01:54:12.193720+00:00,3,9722,66
2026-09-22T01:54:17.251981+00:00,0,10376,7
2026-09-22T01:54:17.251981+00:00,1,10234,8
2026-09-22T01:54:17.251981+00:00,2,9824,5
2026-09-22T01:54:17.251981+00:00,3,9802,5
2026-09-22T01:54:22.311693+00:00,0,11052,13
2026-09-22T01:54:22.311693+00:00,1,11052,40
2026-09-22T01:54:22.311693+00:00,2,11052,38
2026-09-22T01:54:22.311693+00:00,3,11050,18
2026-09-22T01:54:27.371355+00:00,0,4832,13
2026-09-22T01:54:27.371355+00:00,1,4832,12
2026-09-22T01:54:27.371355+00:00,2,4832,8
2026-09-22T01:54:27.371355+00:00,3,4832,18
2026-09-22T01:54:32.428053+00:00,0,32562,72
2026-09-22T01:54:32.428053+00:00,1,32574,80
2026-09-22T01:54:32.428053+00:00,2,32574,71
2026-09-22T01:54:32.428053+00:00,3,32570,71
2026-09-22T01:54:37.494727+00:00,0,32562,70
2026-09-22T01:54:37.494727+00:00,1,32574,71
2026-09-22T01:54:37.494727+00:00,2,32574,77
2026-09-22T01:54:37.494727+00:00,3,32570,76
2026-09-22T01:54:42.559314+00:00,0,32562,71
2026-09-22T01:54:42.559314+00:00,1,32574,66
2026-09-22T01:54:42.559314+00:00,2,32574,68
2026-09-22T01:54:42.559314+00:00,3,32570,69
2026-09-22T01:54:47.633876+00:00,0,32562,73
2026-09-22T01:54:47.633876+00:00,1,32574,78
2026-09-22T01:54:47.633876+00:00,2,32574,78
2026-09-22T01:54:47.633876+00:00,3,32570,82
2026-09-22T01:54:52.689287+00:00,0,32562,79
2026-09-22T01:54:52.689287+00:00,1,32574,77
2026-09-22T01:54:52.689287+00:00,2,32574,78
2026-09-22T01:54:52.689287+00:00,3,32570,83
2026-09-22T01:54:57.752470+00:00,0,32562,79
2026-09-22T01:54:57.752470+00:00,1,32574,75
2026-09-22T01:54:57.752470+00:00,2,32574,74
2026-09-22T01:54:57.752470+00:00,3,32570,78
2026-09-22T01:55:02.832724+00:00,0,32562,77
2026-09-22T01:55:02.832724+00:00,1,32574,76
2026-09-22T01:55:02.832724+00:00,2,32574,78
2026-09-22T01:55:02.832724+00:00,3,32570,79
2026-09-22T01:55:07.905283+00:00,0,32562,74
2026-09-22T01:55:07.905283+00:00,1,32574,71
2026-09-22T01:55:07.905283+00:00,2,32574,74
2026-09-22T01:55:07.905283+00:00,3,32570,71
2026-09-22T01:55:12.987032+00:00,0,32562,71
2026-09-22T01:55:12.987032+00:00,1,32574,75
2026-09-22T01:55:12.987032+00:00,2,32574,75
2026-09-22T01:55:12.987032+00:00,3,32570,77
2026-09-22T01:55:18.070661+00:00,0,32562,74
2026-09-22T01:55:18.070661+00:00,1,32574,71
2026-09-22T01:55:18.070661+00:00,2,32574,72
2026-09-22T01:55:18.070661+00:00,3,32570,67
2026-09-22T01:55:23.152801+00:00,0,32562,76
2026-09-22T01:55:23.152801+00:00,1,32574,80
2026-09-22T01:55:23.152801+00:00,2,32574,81
2026-09-22T01:55:23.152801+00:00,3,32570,77
2026-09-22T01:55:28.227708+00:00,0,32562,78
2026-09-22T01:55:28.227708+00:00,1,32574,76
2026-09-22T01:55:28.227708+00:00,2,32574,81
2026-09-22T01:55:28.227708+00:00,3,32570,78
2026-09-22T01:55:33.289102+00:00,0,32562,77
2026-09-22T01:55:33.289102+00:00,1,32574,77
2026-09-22T01:55:33.289102+00:00,2,32574,74
2026-09-22T01:55:33.289102+00:00,3,32570,76
2026-09-22T01:55:38.367533+00:00,0,32562,76
2026-09-22T01:55:38.367533+00:00,1,32574,81
2026-09-22T01:55:38.367533+00:00,2,32574,78
2026-09-22T01:55:38.367533+00:00,3,32570,77
2026-09-22T01:55:43.434249+00:00,0,32562,76
2026-09-22T01:55:43.434249+00:00,1,32574,79
2026-09-22T01:55:43.434249+00:00,2,32574,75
2026-09-22T01:55:43.434249+00:00,3,32570,80
2026-09-22T01:55:48.498656+00:00,0,32562,79
2026-09-22T01:55:48.498656+00:00,1,32574,77
2026-09-22T01:55:48.498656+00:00,2,32574,81
2026-09-22T01:55:48.498656+00:00,3,32570,74
2026-09-22T01:55:53.569628+00:00,0,32562,83
2026-09-22T01:55:53.569628+00:00,1,32574,77
2026-09-22T01:55:53.569628+00:00,2,32574,79
2026-09-22T01:55:53.569628+00:00,3,32570,84
2026-09-22T01:55:58.634712+00:00,0,32562,80
2026-09-22T01:55:58.634712+00:00,1,32574,84
2026-09-22T01:55:58.634712+00:00,2,32574,82
2026-09-22T01:55:58.634712+00:00,3,32570,80
2026-09-22T01:56:03.701520+00:00,0,32562,82
2026-09-22T01:56:03.701520+00:00,1,32574,81
2026-09-22T01:56:03.701520+00:00,2,32574,88
2026-09-22T01:56:03.701520+00:00,3,32570,79
2026-09-22T01:56:08.767012+00:00,0,32562,83
2026-09-22T01:56:08.767012+00:00,1,32574,82
2026-09-22T01:56:08.767012+00:00,2,32574,84
2026-09-22T01:56:08.767012+00:00,3,32570,82
2026-09-22T01:56:13.833968+00:00,0,32562,83
2026-09-22T01:56:13.833968+00:00,1,32574,81
2026-09-22T01:56:13.833968+00:00,2,32574,84
2026-09-22T01:56:13.833968+00:00,3,32570,81
2026-09-22T01:56:18.898685+00:00,0,32562,86
2026-09-22T01:56:18.898685+00:00,1,32574,83
2026-09-22T01:56:18.898685+00:00,2,32574,81
2026-09-22T01:56:18.898685+00:00,3,32570,81
2026-09-22T01:56:23.966450+00:00,0,32562,80
2026-09-22T01:56:23.966450+00:00,1,32574,82
2026-09-22T01:56:23.966450+00:00,2,32574,86
2026-09-22T01:56:23.966450+00:00,3,32570,83
2026-09-22T01:56:29.030178+00:00,0,32562,81
2026-09-22T01:56:29.030178+00:00,1,32574,84
2026-09-22T01:56:29.030178+00:00,2,32574,86
2026-09-22T01:56:29.030178+00:00,3,32570,82
2026-09-22T01:56:34.098917+00:00,0,32562,82
2026-09-22T01:56:34.098917+00:00,1,32574,0
2026-09-22T01:56:34.098917+00:00,2,32574,82
2026-09-22T01:56:34.098917+00:00,3,32570,85
2026-09-22T01:56:39.160781+00:00,0,1200,0
2026-09-22T01:56:39.160781+00:00,1,1200,0
2026-09-22T01:56:39.160781+00:00,2,1200,0
2026-09-22T01:56:39.160781+00:00,3,1200,0
2026-09-22T01:56:44.218343+00:00,0,11878,99
2026-09-22T01:56:44.218343+00:00,1,11918,99
2026-09-22T01:56:44.218343+00:00,2,11858,97
2026-09-22T01:56:44.218343+00:00,3,11918,99
2026-09-22T01:56:49.285737+00:00,0,11962,99
2026-09-22T01:56:49.285737+00:00,1,11982,99
2026-09-22T01:56:49.285737+00:00,2,12042,99
2026-09-22T01:56:49.285737+00:00,3,11982,99
2026-09-22T01:56:54.354396+00:00,0,25322,100
2026-09-22T01:56:54.354396+00:00,1,25320,99
2026-09-22T01:56:54.354396+00:00,2,25322,100
2026-09-22T01:56:54.354396+00:00,3,25320,99
2026-09-22T01:56:59.417588+00:00,0,26646,99
2026-09-22T01:56:59.417588+00:00,1,27006,98
2026-09-22T01:56:59.417588+00:00,2,26746,98
2026-09-22T01:56:59.417588+00:00,3,26606,99
2026-09-22T01:57:04.491881+00:00,0,27828,99
2026-09-22T01:57:04.491881+00:00,1,28128,99
2026-09-22T01:57:04.491881+00:00,2,28188,99
2026-09-22T01:57:04.491881+00:00,3,28088,99
2026-09-22T01:57:09.553814+00:00,0,28430,99
2026-09-22T01:57:09.553814+00:00,1,28390,99
2026-09-22T01:57:09.553814+00:00,2,28270,99
2026-09-22T01:57:09.553814+00:00,3,28090,99
2026-09-22T01:57:14.617258+00:00,0,28632,99
2026-09-22T01:57:14.617258+00:00,1,28512,99
2026-09-22T01:57:14.617258+00:00,2,28732,99
2026-09-22T01:57:14.617258+00:00,3,28492,99
2026-09-22T01:57:19.690834+00:00,0,28634,98
2026-09-22T01:57:19.690834+00:00,1,28514,99
2026-09-22T01:57:19.690834+00:00,2,28734,98
2026-09-22T01:57:19.690834+00:00,3,28494,98
2026-09-22T01:57:24.752413+00:00,0,28636,99
2026-09-22T01:57:24.752413+00:00,1,28516,99
2026-09-22T01:57:24.752413+00:00,2,28736,99
2026-09-22T01:57:24.752413+00:00,3,28496,99
2026-09-22T01:57:29.814528+00:00,0,7900,84
2026-09-22T01:57:29.814528+00:00,1,7900,84
2026-09-22T01:57:29.814528+00:00,2,7880,84
2026-09-22T01:57:29.814528+00:00,3,7680,84
2026-09-22T01:57:34.881824+00:00,0,9722,6
2026-09-22T01:57:34.881824+00:00,1,9722,7
2026-09-22T01:57:34.881824+00:00,2,9722,7
2026-09-22T01:57:34.881824+00:00,3,9722,7
2026-09-22T01:57:39.938144+00:00,0,10704,5
2026-09-22T01:57:39.938144+00:00,1,11052,100
2026-09-22T01:57:39.938144+00:00,2,11052,100
2026-09-22T01:57:39.938144+00:00,3,11050,8
2026-09-22T01:57:44.991497+00:00,0,13832,30
2026-09-22T01:57:44.991497+00:00,1,14152,33
2026-09-22T01:57:44.991497+00:00,2,14092,34
2026-09-22T01:57:44.991497+00:00,3,14030,32
2026-09-22T01:57:50.052907+00:00,0,32584,76
2026-09-22T01:57:50.052907+00:00,1,32564,71
2026-09-22T01:57:50.052907+00:00,2,32558,77
2026-09-22T01:57:50.052907+00:00,3,32566,82
2026-09-22T01:57:55.110347+00:00,0,32584,77
2026-09-22T01:57:55.110347+00:00,1,32564,75
2026-09-22T01:57:55.110347+00:00,2,32558,77
2026-09-22T01:57:55.110347+00:00,3,32566,80
2026-09-22T01:58:00.167306+00:00,0,32584,82
2026-09-22T01:58:00.167306+00:00,1,32564,80
2026-09-22T01:58:00.167306+00:00,2,32558,81
2026-09-22T01:58:00.167306+00:00,3,32566,79
2026-09-22T01:58:05.222884+00:00,0,32584,78
2026-09-22T01:58:05.222884+00:00,1,32564,76
2026-09-22T01:58:05.222884+00:00,2,32558,80
2026-09-22T01:58:05.222884+00:00,3,32566,75
2026-09-22T01:58:10.284699+00:00,0,32584,78
2026-09-22T01:58:10.284699+00:00,1,32564,78
2026-09-22T01:58:10.284699+00:00,2,32558,85
2026-09-22T01:58:10.284699+00:00,3,32566,78
2026-09-22T01:58:15.343187+00:00,0,32584,79
2026-09-22T01:58:15.343187+00:00,1,32564,77
2026-09-22T01:58:15.343187+00:00,2,32558,84
2026-09-22T01:58:15.343187+00:00,3,32566,80
2026-09-22T01:58:20.410626+00:00,0,32584,79
2026-09-22T01:58:20.410626+00:00,1,32564,83
2026-09-22T01:58:20.410626+00:00,2,32558,81
2026-09-22T01:58:20.410626+00:00,3,32566,84
2026-09-22T01:58:25.476380+00:00,0,32584,85
2026-09-22T01:58:25.476380+00:00,1,32564,80
2026-09-22T01:58:25.476380+00:00,2,32558,81
2026-09-22T01:58:25.476380+00:00,3,32566,81
2026-09-22T01:58:30.541251+00:00,0,32584,80
2026-09-22T01:58:30.541251+00:00,1,32564,79
2026-09-22T01:58:30.541251+00:00,2,32558,83
2026-09-22T01:58:30.541251+00:00,3,32566,85
2026-09-22T01:58:35.608178+00:00,0,32584,78
2026-09-22T01:58:35.608178+00:00,1,32564,80
2026-09-22T01:58:35.608178+00:00,2,32558,83
2026-09-22T01:58:35.608178+00:00,3,32566,81
2026-09-22T01:58:40.672884+00:00,0,32584,81
2026-09-22T01:58:40.672884+00:00,1,32564,82
2026-09-22T01:58:40.672884+00:00,2,32558,80
2026-09-22T01:58:40.672884+00:00,3,32566,80
2026-09-22T01:58:45.736863+00:00,0,32584,78
2026-09-22T01:58:45.736863+00:00,1,32564,84
2026-09-22T01:58:45.736863+00:00,2,32558,80
2026-09-22T01:58:45.736863+00:00,3,32566,82
2026-09-22T01:58:50.801960+00:00,0,32584,85
2026-09-22T01:58:50.801960+00:00,1,32564,84
2026-09-22T01:58:50.801960+00:00,2,32558,81
2026-09-22T01:58:50.801960+00:00,3,32566,83
2026-09-22T01:58:55.857325+00:00,0,32584,82
2026-09-22T01:58:55.857325+00:00,1,32564,83
2026-09-22T01:58:55.857325+00:00,2,32558,81
2026-09-22T01:58:55.857325+00:00,3,32566,85
2026-09-22T01:59:00.923012+00:00,0,32584,82
2026-09-22T01:59:00.923012+00:00,1,32564,82
2026-09-22T01:59:00.923012+00:00,2,32558,80
2026-09-22T01:59:00.923012+00:00,3,32566,80
2026-09-22T01:59:05.982690+00:00,0,32584,84
2026-09-22T01:59:05.982690+00:00,1,32564,81
2026-09-22T01:59:05.982690+00:00,2,32558,81
2026-09-22T01:59:05.982690+00:00,3,32566,82
2026-09-22T01:59:11.047411+00:00,0,32584,84
2026-09-22T01:59:11.047411+00:00,1,32564,79
2026-09-22T01:59:11.047411+00:00,2,32558,83
2026-09-22T01:59:11.047411+00:00,3,32566,79
2026-09-22T01:59:16.113933+00:00,0,32584,84
2026-09-22T01:59:16.113933+00:00,1,32564,80
2026-09-22T01:59:16.113933+00:00,2,32558,81
2026-09-22T01:59:16.113933+00:00,3,32566,80
2026-09-22T01:59:21.183928+00:00,0,32584,83
2026-09-22T01:59:21.183928+00:00,1,32564,79
2026-09-22T01:59:21.183928+00:00,2,32558,79
2026-09-22T01:59:21.183928+00:00,3,32566,81
2026-09-22T01:59:26.249893+00:00,0,32584,83
2026-09-22T01:59:26.249893+00:00,1,32564,82
2026-09-22T01:59:26.249893+00:00,2,32558,78
2026-09-22T01:59:26.249893+00:00,3,32566,79
2026-09-22T01:59:31.316336+00:00,0,32584,81
2026-09-22T01:59:31.316336+00:00,1,32564,79
2026-09-22T01:59:31.316336+00:00,2,32558,82
2026-09-22T01:59:31.316336+00:00,3,32566,79
2026-09-22T01:59:36.386689+00:00,0,32584,83
2026-09-22T01:59:36.386689+00:00,1,32564,79
2026-09-22T01:59:36.386689+00:00,2,32558,81
2026-09-22T01:59:36.386689+00:00,3,32566,79
2026-09-22T01:59:41.457735+00:00,0,32584,80
2026-09-22T01:59:41.457735+00:00,1,32564,79
2026-09-22T01:59:41.457735+00:00,2,32558,80
2026-09-22T01:59:41.457735+00:00,3,32566,84
2026-09-22T01:59:46.538448+00:00,0,32584,78
2026-09-22T01:59:46.538448+00:00,1,32564,82
2026-09-22T01:59:46.538448+00:00,2,32558,79
2026-09-22T01:59:46.538448+00:00,3,32566,80
2026-09-22T01:59:51.608920+00:00,0,32584,83
2026-09-22T01:59:51.608920+00:00,1,32564,0
2026-09-22T01:59:51.608920+00:00,2,32558,0
2026-09-22T01:59:51.608920+00:00,3,32566,0
2026-09-22T01:59:56.672087+00:00,0,1344,62
2026-09-22T01:59:56.672087+00:00,1,1324,0
2026-09-22T01:59:56.672087+00:00,2,1318,72
2026-09-22T01:59:56.672087+00:00,3,1326,88
2026-09-22T02:00:01.730076+00:00,0,12216,99
2026-09-22T02:00:01.730076+00:00,1,12256,99
2026-09-22T02:00:01.730076+00:00,2,12196,99
2026-09-22T02:00:01.730076+00:00,3,12276,99
2026-09-22T02:00:06.793108+00:00,0,12380,99
2026-09-22T02:00:06.793108+00:00,1,12420,99
2026-09-22T02:00:06.793108+00:00,2,12300,99
2026-09-22T02:00:06.793108+00:00,3,12320,99
2026-09-22T02:00:11.856686+00:00,0,6810,99
2026-09-22T02:00:11.856686+00:00,1,6810,97
2026-09-22T02:00:11.856686+00:00,2,6850,98
2026-09-22T02:00:11.856686+00:00,3,6870,99
2026-09-22T02:00:16.944185+00:00,0,25046,99
2026-09-22T02:00:16.944185+00:00,1,24986,98
2026-09-22T02:00:16.944185+00:00,2,24826,99
2026-09-22T02:00:16.944185+00:00,3,24866,98
2026-09-22T02:00:22.018448+00:00,0,27508,98
2026-09-22T02:00:22.018448+00:00,1,28188,99
2026-09-22T02:00:22.018448+00:00,2,27626,98
2026-09-22T02:00:22.018448+00:00,3,27548,99
2026-09-22T02:00:27.083409+00:00,0,28130,99
2026-09-22T02:00:27.083409+00:00,1,28250,99
2026-09-22T02:00:27.083409+00:00,2,27810,98
2026-09-22T02:00:27.083409+00:00,3,28090,98
2026-09-22T02:00:32.162916+00:00,0,28472,88
2026-09-22T02:00:32.162916+00:00,1,28550,99
2026-09-22T02:00:32.162916+00:00,2,28410,99
2026-09-22T02:00:32.162916+00:00,3,28510,97
2026-09-22T02:00:37.238529+00:00,0,28474,99
2026-09-22T02:00:37.238529+00:00,1,28554,99
2026-09-22T02:00:37.238529+00:00,2,28414,99
2026-09-22T02:00:37.238529+00:00,3,28514,99
2026-09-22T02:00:42.315178+00:00,0,28474,99
2026-09-22T02:00:42.315178+00:00,1,28554,98
2026-09-22T02:00:42.315178+00:00,2,28414,100
2026-09-22T02:00:42.315178+00:00,3,28514,98
2026-09-22T02:00:47.390882+00:00,0,28476,98
2026-09-22T02:00:47.390882+00:00,1,28556,98
2026-09-22T02:00:47.390882+00:00,2,28416,97
2026-09-22T02:00:47.390882+00:00,3,28516,99
2026-09-22T02:00:52.463177+00:00,0,8290,80
2026-09-22T02:00:52.463177+00:00,1,8370,79
2026-09-22T02:00:52.463177+00:00,2,8470,69
2026-09-22T02:00:52.463177+00:00,3,8470,67
2026-09-22T02:00:57.544221+00:00,0,9722,6
2026-09-22T02:00:57.544221+00:00,1,9722,6
2026-09-22T02:00:57.544221+00:00,2,9722,6
2026-09-22T02:00:57.544221+00:00,3,9722,6
2026-09-22T02:01:02.601226+00:00,0,11052,46
2026-09-22T02:01:02.601226+00:00,1,11052,28
2026-09-22T02:01:02.601226+00:00,2,11052,40
2026-09-22T02:01:02.601226+00:00,3,11050,33
2026-09-22T02:01:07.661312+00:00,0,4598,87
2026-09-22T02:01:07.661312+00:00,1,6098,65
2026-09-22T02:01:07.661312+00:00,2,2908,82
2026-09-22T02:01:07.661312+00:00,3,4878,32
2026-09-22T02:01:12.729311+00:00,0,32572,72
2026-09-22T02:01:12.729311+00:00,1,32592,72
2026-09-22T02:01:12.729311+00:00,2,32566,73
2026-09-22T02:01:12.729311+00:00,3,32666,73
2026-09-22T02:01:17.785460+00:00,0,32572,76
2026-09-22T02:01:17.785460+00:00,1,32592,78
2026-09-22T02:01:17.785460+00:00,2,32566,74
2026-09-22T02:01:17.785460+00:00,3,32666,75
2026-09-22T02:01:22.846409+00:00,0,32572,75
2026-09-22T02:01:22.846409+00:00,1,32592,75
2026-09-22T02:01:22.846409+00:00,2,32566,75
2026-09-22T02:01:22.846409+00:00,3,32666,78
2026-09-22T02:01:27.908666+00:00,0,32572,78
2026-09-22T02:01:27.908666+00:00,1,32592,75
2026-09-22T02:01:27.908666+00:00,2,32566,75
2026-09-22T02:01:27.908666+00:00,3,32666,76
2026-09-22T02:01:32.977158+00:00,0,32572,78
2026-09-22T02:01:32.977158+00:00,1,32592,80
2026-09-22T02:01:32.977158+00:00,2,32566,80
2026-09-22T02:01:32.977158+00:00,3,32666,78
2026-09-22T02:01:38.045176+00:00,0,32572,78
2026-09-22T02:01:38.045176+00:00,1,32592,78
2026-09-22T02:01:38.045176+00:00,2,32566,74
2026-09-22T02:01:38.045176+00:00,3,32666,81
2026-09-22T02:01:43.119665+00:00,0,32572,76
2026-09-22T02:01:43.119665+00:00,1,32592,81
2026-09-22T02:01:43.119665+00:00,2,32566,81
2026-09-22T02:01:43.119665+00:00,3,32666,79
2026-09-22T02:01:48.188473+00:00,0,32572,79
2026-09-22T02:01:48.188473+00:00,1,32592,81
2026-09-22T02:01:48.188473+00:00,2,32566,83
2026-09-22T02:01:48.188473+00:00,3,32666,77
2026-09-22T02:01:53.254948+00:00,0,32572,81
2026-09-22T02:01:53.254948+00:00,1,32592,79
2026-09-22T02:01:53.254948+00:00,2,32566,78
2026-09-22T02:01:53.254948+00:00,3,32666,79
2026-09-22T02:01:58.325202+00:00,0,32572,77
2026-09-22T02:01:58.325202+00:00,1,32592,82
2026-09-22T02:01:58.325202+00:00,2,32566,78
2026-09-22T02:01:58.325202+00:00,3,32666,78
2026-09-22T02:02:03.386409+00:00,0,32572,83
2026-09-22T02:02:03.386409+00:00,1,32592,80
2026-09-22T02:02:03.386409+00:00,2,32566,82
2026-09-22T02:02:03.386409+00:00,3,32666,77
2026-09-22T02:02:08.447797+00:00,0,32572,78
2026-09-22T02:02:08.447797+00:00,1,32592,81
2026-09-22T02:02:08.447797+00:00,2,32566,84
2026-09-22T02:02:08.447797+00:00,3,32666,77
2026-09-22T02:02:13.514513+00:00,0,32572,83
2026-09-22T02:02:13.514513+00:00,1,32592,81
2026-09-22T02:02:13.514513+00:00,2,32566,79
2026-09-22T02:02:13.514513+00:00,3,32666,84
2026-09-22T02:02:18.584052+00:00,0,32572,85
2026-09-22T02:02:18.584052+00:00,1,32592,80
2026-09-22T02:02:18.584052+00:00,2,32566,80
2026-09-22T02:02:18.584052+00:00,3,32666,83
2026-09-22T02:02:23.651389+00:00,0,32572,81
2026-09-22T02:02:23.651389+00:00,1,32592,80
2026-09-22T02:02:23.651389+00:00,2,32566,80
2026-09-22T02:02:23.651389+00:00,3,32666,83
2026-09-22T02:02:28.718536+00:00,0,32572,81
2026-09-22T02:02:28.718536+00:00,1,32592,85
2026-09-22T02:02:28.718536+00:00,2,32566,81
2026-09-22T02:02:28.718536+00:00,3,32666,84
2026-09-22T02:02:33.786257+00:00,0,32572,82
2026-09-22T02:02:33.786257+00:00,1,32592,84
2026-09-22T02:02:33.786257+00:00,2,32566,83
2026-09-22T02:02:33.786257+00:00,3,32666,82
2026-09-22T02:02:38.854982+00:00,0,32572,80
2026-09-22T02:02:38.854982+00:00,1,32592,80
2026-09-22T02:02:38.854982+00:00,2,32566,80
2026-09-22T02:02:38.854982+00:00,3,32666,82
2026-09-22T02:02:43.922144+00:00,0,32572,88
2026-09-22T02:02:43.922144+00:00,1,32592,84
2026-09-22T02:02:43.922144+00:00,2,32566,84
2026-09-22T02:02:43.922144+00:00,3,32666,84
2026-09-22T02:02:48.988939+00:00,0,32572,83
2026-09-22T02:02:48.988939+00:00,1,32592,81
2026-09-22T02:02:48.988939+00:00,2,32566,80
2026-09-22T02:02:48.988939+00:00,3,32666,82
2026-09-22T02:02:54.056655+00:00,0,32572,85
2026-09-22T02:02:54.056655+00:00,1,32592,82
2026-09-22T02:02:54.056655+00:00,2,32566,84
2026-09-22T02:02:54.056655+00:00,3,32666,82
2026-09-22T02:02:59.124058+00:00,0,32572,84
2026-09-22T02:02:59.124058+00:00,1,32592,86
2026-09-22T02:02:59.124058+00:00,2,32566,83
2026-09-22T02:02:59.124058+00:00,3,32666,89
2026-09-22T02:03:04.191159+00:00,0,32572,84
2026-09-22T02:03:04.191159+00:00,1,32592,84
2026-09-22T02:03:04.191159+00:00,2,32566,85
2026-09-22T02:03:04.191159+00:00,3,32666,87
2026-09-22T02:03:09.252173+00:00,0,32572,84
2026-09-22T02:03:09.252173+00:00,1,32592,85
2026-09-22T02:03:09.252173+00:00,2,32566,83
2026-09-22T02:03:09.252173+00:00,3,32666,85
2026-09-22T02:03:14.320178+00:00,0,32572,86
2026-09-22T02:03:14.320178+00:00,1,32592,84
2026-09-22T02:03:14.320178+00:00,2,32566,84
2026-09-22T02:03:14.320178+00:00,3,32666,81
2026-09-22T02:03:19.386532+00:00,0,32572,0
2026-09-22T02:03:19.386532+00:00,1,32592,85
2026-09-22T02:03:19.386532+00:00,2,32566,83
2026-09-22T02:03:19.386532+00:00,3,32666,0
2026-09-22T02:03:24.446789+00:00,0,12374,61
2026-09-22T02:03:24.446789+00:00,1,12334,87
2026-09-22T02:03:24.446789+00:00,2,12334,92
2026-09-22T02:03:24.446789+00:00,3,12314,77
2026-09-22T02:03:29.518800+00:00,0,12798,99
2026-09-22T02:03:29.518800+00:00,1,12880,99
2026-09-22T02:03:29.518800+00:00,2,12800,99
2026-09-22T02:03:29.518800+00:00,3,12840,99
2026-09-22T02:03:34.589953+00:00,0,12804,99
2026-09-22T02:03:34.589953+00:00,1,12884,99
2026-09-22T02:03:34.589953+00:00,2,12804,99
2026-09-22T02:03:34.589953+00:00,3,12844,99
2026-09-22T02:03:39.662538+00:00,0,26906,99
2026-09-22T02:03:39.662538+00:00,1,25544,98
2026-09-22T02:03:39.662538+00:00,2,25566,98
2026-09-22T02:03:39.662538+00:00,3,25544,99
2026-09-22T02:03:44.734580+00:00,0,27368,99
2026-09-22T02:03:44.734580+00:00,1,27306,99
2026-09-22T02:03:44.734580+00:00,2,27606,98
2026-09-22T02:03:44.734580+00:00,3,27166,99
2026-09-22T02:03:49.809936+00:00,0,27368,98
2026-09-22T02:03:49.809936+00:00,1,27308,98
2026-09-22T02:03:49.809936+00:00,2,27608,100
2026-09-22T02:03:49.809936+00:00,3,28228,98
2026-09-22T02:03:54.875885+00:00,0,29790,99
2026-09-22T02:03:54.875885+00:00,1,30050,99
2026-09-22T02:03:54.875885+00:00,2,29790,99
2026-09-22T02:03:54.875885+00:00,3,29930,99
2026-09-22T02:03:59.952117+00:00,0,29792,99
2026-09-22T02:03:59.952117+00:00,1,30052,99
2026-09-22T02:03:59.952117+00:00,2,29812,99
2026-09-22T02:03:59.952117+00:00,3,29932,99
2026-09-22T02:04:05.029641+00:00,0,29794,99
2026-09-22T02:04:05.029641+00:00,1,30054,88
2026-09-22T02:04:05.029641+00:00,2,29814,87
2026-09-22T02:04:05.029641+00:00,3,29934,92
2026-09-22T02:04:10.105672+00:00,0,29796,99
2026-09-22T02:04:10.105672+00:00,1,30056,99
2026-09-22T02:04:10.105672+00:00,2,29816,99
2026-09-22T02:04:10.105672+00:00,3,29936,99
2026-09-22T02:04:15.178168+00:00,0,29796,89
2026-09-22T02:04:15.178168+00:00,1,30056,98
2026-09-22T02:04:15.178168+00:00,2,29816,98
2026-09-22T02:04:15.178168+00:00,3,29936,100
2026-09-22T02:04:20.246059+00:00,0,10512,22
2026-09-22T02:04:20.246059+00:00,1,10512,16
2026-09-22T02:04:20.246059+00:00,2,9572,44
2026-09-22T02:04:20.246059+00:00,3,9550,62
2026-09-22T02:04:25.312169+00:00,0,9722,6
2026-09-22T02:04:25.312169+00:00,1,9904,7
2026-09-22T02:04:25.312169+00:00,2,9864,6
2026-09-22T02:04:25.312169+00:00,3,9946,7
2026-09-22T02:04:30.370776+00:00,0,11052,33
2026-09-22T02:04:30.370776+00:00,1,11052,31
2026-09-22T02:04:30.370776+00:00,2,11052,26
2026-09-22T02:04:30.370776+00:00,3,11050,36
2026-09-22T02:04:35.429691+00:00,0,4832,11
2026-09-22T02:04:35.429691+00:00,1,4832,11
2026-09-22T02:04:35.429691+00:00,2,4834,11
2026-09-22T02:04:35.429691+00:00,3,4834,11
2026-09-22T02:04:40.479398+00:00,0,32560,80
2026-09-22T02:04:40.479398+00:00,1,32586,76
2026-09-22T02:04:40.479398+00:00,2,32564,74
2026-09-22T02:04:40.479398+00:00,3,32588,77
2026-09-22T02:04:45.544539+00:00,0,32560,83
2026-09-22T02:04:45.544539+00:00,1,32586,75
2026-09-22T02:04:45.544539+00:00,2,32564,79
2026-09-22T02:04:45.544539+00:00,3,32588,73
2026-09-22T02:04:50.600436+00:00,0,32560,76
2026-09-22T02:04:50.600436+00:00,1,32586,74
2026-09-22T02:04:50.600436+00:00,2,32564,79
2026-09-22T02:04:50.600436+00:00,3,32588,76
2026-09-22T02:04:55.667358+00:00,0,32560,77
2026-09-22T02:04:55.667358+00:00,1,32586,75
2026-09-22T02:04:55.667358+00:00,2,32564,77
2026-09-22T02:04:55.667358+00:00,3,32588,76
2026-09-22T02:05:00.731693+00:00,0,32560,80
2026-09-22T02:05:00.731693+00:00,1,32586,81
2026-09-22T02:05:00.731693+00:00,2,32564,80
2026-09-22T02:05:00.731693+00:00,3,32588,78
2026-09-22T02:05:05.806940+00:00,0,32560,78
2026-09-22T02:05:05.806940+00:00,1,32586,78
2026-09-22T02:05:05.806940+00:00,2,32564,78
2026-09-22T02:05:05.806940+00:00,3,32588,73
2026-09-22T02:05:10.872706+00:00,0,32560,77
2026-09-22T02:05:10.872706+00:00,1,32586,76
2026-09-22T02:05:10.872706+00:00,2,32564,78
2026-09-22T02:05:10.872706+00:00,3,32588,81
2026-09-22T02:05:15.935660+00:00,0,32560,79
2026-09-22T02:05:15.935660+00:00,1,32586,80
2026-09-22T02:05:15.935660+00:00,2,32564,81
2026-09-22T02:05:15.935660+00:00,3,32588,80
2026-09-22T02:05:21.001857+00:00,0,32560,78
2026-09-22T02:05:21.001857+00:00,1,32586,80
2026-09-22T02:05:21.001857+00:00,2,32564,82
2026-09-22T02:05:21.001857+00:00,3,32588,79
2026-09-22T02:05:26.068595+00:00,0,32560,82
2026-09-22T02:05:26.068595+00:00,1,32586,78
2026-09-22T02:05:26.068595+00:00,2,32564,81
2026-09-22T02:05:26.068595+00:00,3,32588,80
2026-09-22T02:05:31.128632+00:00,0,32560,79
2026-09-22T02:05:31.128632+00:00,1,32586,81
2026-09-22T02:05:31.128632+00:00,2,32564,83
2026-09-22T02:05:31.128632+00:00,3,32588,78
2026-09-22T02:05:36.194698+00:00,0,32560,81
2026-09-22T02:05:36.194698+00:00,1,32586,85
2026-09-22T02:05:36.194698+00:00,2,32564,81
2026-09-22T02:05:36.194698+00:00,3,32588,85
2026-09-22T02:05:41.262996+00:00,0,32560,79
2026-09-22T02:05:41.262996+00:00,1,32586,83
2026-09-22T02:05:41.262996+00:00,2,32564,83
2026-09-22T02:05:41.262996+00:00,3,32588,77
2026-09-22T02:05:46.333070+00:00,0,32560,86
2026-09-22T02:05:46.333070+00:00,1,32586,81
2026-09-22T02:05:46.333070+00:00,2,32564,80
2026-09-22T02:05:46.333070+00:00,3,32588,80
2026-09-22T02:05:51.400657+00:00,0,32560,83
2026-09-22T02:05:51.400657+00:00,1,32586,83
2026-09-22T02:05:51.400657+00:00,2,32564,86
2026-09-22T02:05:51.400657+00:00,3,32588,85
2026-09-22T02:05:56.469452+00:00,0,32560,84
2026-09-22T02:05:56.469452+00:00,1,32586,82
2026-09-22T02:05:56.469452+00:00,2,32564,83
2026-09-22T02:05:56.469452+00:00,3,32588,78
2026-09-22T02:06:01.540162+00:00,0,32560,84
2026-09-22T02:06:01.540162+00:00,1,32586,85
2026-09-22T02:06:01.540162+00:00,2,32564,83
2026-09-22T02:06:01.540162+00:00,3,32588,80
2026-09-22T02:06:06.607487+00:00,0,32560,80
2026-09-22T02:06:06.607487+00:00,1,32586,84
2026-09-22T02:06:06.607487+00:00,2,32564,82
2026-09-22T02:06:06.607487+00:00,3,32588,83
2026-09-22T02:06:11.672825+00:00,0,32560,79
2026-09-22T02:06:11.672825+00:00,1,32586,84
2026-09-22T02:06:11.672825+00:00,2,32564,81
2026-09-22T02:06:11.672825+00:00,3,32588,80
2026-09-22T02:06:16.739404+00:00,0,32560,84
2026-09-22T02:06:16.739404+00:00,1,32586,84
2026-09-22T02:06:16.739404+00:00,2,32564,84
2026-09-22T02:06:16.739404+00:00,3,32588,82
2026-09-22T02:06:21.809529+00:00,0,32560,85
2026-09-22T02:06:21.809529+00:00,1,32586,84
2026-09-22T02:06:21.809529+00:00,2,32564,80
2026-09-22T02:06:21.809529+00:00,3,32588,83
2026-09-22T02:06:26.881142+00:00,0,32560,84
2026-09-22T02:06:26.881142+00:00,1,32586,85
2026-09-22T02:06:26.881142+00:00,2,32564,84
2026-09-22T02:06:26.881142+00:00,3,32588,82
2026-09-22T02:06:31.953248+00:00,0,32560,87
2026-09-22T02:06:31.953248+00:00,1,32586,84
2026-09-22T02:06:31.953248+00:00,2,32564,84
2026-09-22T02:06:31.953248+00:00,3,32588,83
2026-09-22T02:06:37.020495+00:00,0,32560,82
2026-09-22T02:06:37.020495+00:00,1,32586,86
2026-09-22T02:06:37.020495+00:00,2,32564,83
2026-09-22T02:06:37.020495+00:00,3,32588,83
2026-09-22T02:06:42.090417+00:00,0,32560,85
2026-09-22T02:06:42.090417+00:00,1,32586,84
2026-09-22T02:06:42.090417+00:00,2,32564,86
2026-09-22T02:06:42.090417+00:00,3,32588,84
2026-09-22T02:06:47.163202+00:00,0,32560,83
2026-09-22T02:06:47.163202+00:00,1,32586,81
2026-09-22T02:06:47.163202+00:00,2,32564,83
2026-09-22T02:06:47.163202+00:00,3,32588,83
2026-09-22T02:06:52.230394+00:00,0,32560,0
2026-09-22T02:06:52.230394+00:00,1,32586,87
2026-09-22T02:06:52.230394+00:00,2,32564,80
2026-09-22T02:06:52.230394+00:00,3,32588,0
2026-09-22T02:06:57.290593+00:00,0,11714,98
2026-09-22T02:06:57.290593+00:00,1,11834,95
2026-09-22T02:06:57.290593+00:00,2,11674,94
2026-09-22T02:06:57.290593+00:00,3,11754,99
2026-09-22T02:07:02.351631+00:00,0,12638,99
2026-09-22T02:07:02.351631+00:00,1,12538,99
2026-09-22T02:07:02.351631+00:00,2,12498,99
2026-09-22T02:07:02.351631+00:00,3,12498,99
2026-09-22T02:07:07.425166+00:00,0,12704,97
2026-09-22T02:07:07.425166+00:00,1,12704,100
2026-09-22T02:07:07.425166+00:00,2,12684,100
2026-09-22T02:07:07.425166+00:00,3,12644,99
2026-09-22T02:07:12.498303+00:00,0,25302,99
2026-09-22T02:07:12.498303+00:00,1,25302,99
2026-09-22T02:07:12.498303+00:00,2,25282,99
2026-09-22T02:07:12.498303+00:00,3,25302,98
2026-09-22T02:07:17.562819+00:00,0,25426,99
2026-09-22T02:07:17.562819+00:00,1,25486,99
2026-09-22T02:07:17.562819+00:00,2,25466,99
2026-09-22T02:07:17.562819+00:00,3,25426,99
2026-09-22T02:07:22.635449+00:00,0,25448,98
2026-09-22T02:07:22.635449+00:00,1,25528,99
2026-09-22T02:07:22.635449+00:00,2,25508,99
2026-09-22T02:07:22.635449+00:00,3,25448,99
2026-09-22T02:07:27.708399+00:00,0,30328,99
2026-09-22T02:07:27.708399+00:00,1,30368,98
2026-09-22T02:07:27.708399+00:00,2,29748,98
2026-09-22T02:07:27.708399+00:00,3,29988,99
2026-09-22T02:07:32.773019+00:00,0,30932,99
2026-09-22T02:07:32.773019+00:00,1,30430,99
2026-09-22T02:07:32.773019+00:00,2,30510,99
2026-09-22T02:07:32.773019+00:00,3,30510,99
2026-09-22T02:07:37.839532+00:00,0,30932,99
2026-09-22T02:07:37.839532+00:00,1,30572,98
2026-09-22T02:07:37.839532+00:00,2,30512,98
2026-09-22T02:07:37.839532+00:00,3,30512,98
2026-09-22T02:07:42.911507+00:00,0,30934,99
2026-09-22T02:07:42.911507+00:00,1,30574,99
2026-09-22T02:07:42.911507+00:00,2,30514,98
2026-09-22T02:07:42.911507+00:00,3,30514,99
2026-09-22T02:07:48.006174+00:00,0,30936,98
2026-09-22T02:07:48.006174+00:00,1,30576,98
2026-09-22T02:07:48.006174+00:00,2,30516,98
2026-09-22T02:07:48.006174+00:00,3,30516,97
2026-09-22T02:07:53.089170+00:00,0,30936,99
2026-09-22T02:07:53.089170+00:00,1,30576,99
2026-09-22T02:07:53.089170+00:00,2,30518,99
2026-09-22T02:07:53.089170+00:00,3,30518,99
2026-09-22T02:07:58.156490+00:00,0,9722,27
2026-09-22T02:07:58.156490+00:00,1,9722,7
2026-09-22T02:07:58.156490+00:00,2,9722,6
2026-09-22T02:07:58.156490+00:00,3,9722,5
2026-09-22T02:08:03.217202+00:00,0,10520,8
2026-09-22T02:08:03.217202+00:00,1,10540,6
2026-09-22T02:08:03.217202+00:00,2,10540,8
2026-09-22T02:08:03.217202+00:00,3,10498,6
2026-09-22T02:08:08.278108+00:00,0,11052,25
2026-09-22T02:08:08.278108+00:00,1,11052,22
2026-09-22T02:08:08.278108+00:00,2,11052,20
2026-09-22T02:08:08.278108+00:00,3,11050,28
2026-09-22T02:08:13.338458+00:00,0,32552,75
2026-09-22T02:08:13.338458+00:00,1,32564,74
2026-09-22T02:08:13.338458+00:00,2,32556,76
2026-09-22T02:08:13.338458+00:00,3,32540,74
2026-09-22T02:08:18.399196+00:00,0,32552,73
2026-09-22T02:08:18.399196+00:00,1,32564,73
2026-09-22T02:08:18.399196+00:00,2,32556,77
2026-09-22T02:08:18.399196+00:00,3,32540,79
2026-09-22T02:08:23.469679+00:00,0,32552,75
2026-09-22T02:08:23.469679+00:00,1,32564,80
2026-09-22T02:08:23.469679+00:00,2,32556,78
2026-09-22T02:08:23.469679+00:00,3,32540,80
2026-09-22T02:08:28.525490+00:00,0,32552,76
2026-09-22T02:08:28.525490+00:00,1,32564,81
2026-09-22T02:08:28.525490+00:00,2,32556,80
2026-09-22T02:08:28.525490+00:00,3,32540,80
2026-09-22T02:08:33.587113+00:00,0,32552,79
2026-09-22T02:08:33.587113+00:00,1,32564,76
2026-09-22T02:08:33.587113+00:00,2,32556,77
2026-09-22T02:08:33.587113+00:00,3,32540,80
2026-09-22T02:08:38.654032+00:00,0,32552,74
2026-09-22T02:08:38.654032+00:00,1,32564,81
2026-09-22T02:08:38.654032+00:00,2,32556,79
2026-09-22T02:08:38.654032+00:00,3,32540,77
2026-09-22T02:08:43.720245+00:00,0,32552,78
2026-09-22T02:08:43.720245+00:00,1,32564,78
2026-09-22T02:08:43.720245+00:00,2,32556,78
2026-09-22T02:08:43.720245+00:00,3,32540,75
2026-09-22T02:08:48.804770+00:00,0,32552,86
2026-09-22T02:08:48.804770+00:00,1,32564,80
2026-09-22T02:08:48.804770+00:00,2,32556,78
2026-09-22T02:08:48.804770+00:00,3,32540,81
2026-09-22T02:08:53.874535+00:00,0,32552,81
2026-09-22T02:08:53.874535+00:00,1,32564,83
2026-09-22T02:08:53.874535+00:00,2,32556,83
2026-09-22T02:08:53.874535+00:00,3,32540,80
2026-09-22T02:08:58.934446+00:00,0,32552,79
2026-09-22T02:08:58.934446+00:00,1,32564,81
2026-09-22T02:08:58.934446+00:00,2,32556,81
2026-09-22T02:08:58.934446+00:00,3,32540,78
2026-09-22T02:09:04.003037+00:00,0,32552,79
2026-09-22T02:09:04.003037+00:00,1,32564,83
2026-09-22T02:09:04.003037+00:00,2,32556,81
2026-09-22T02:09:04.003037+00:00,3,32540,81
2026-09-22T02:09:09.062654+00:00,0,32552,84
2026-09-22T02:09:09.062654+00:00,1,32564,79
2026-09-22T02:09:09.062654+00:00,2,32556,79
2026-09-22T02:09:09.062654+00:00,3,32540,80
2026-09-22T02:09:14.119557+00:00,0,32552,84
2026-09-22T02:09:14.119557+00:00,1,32564,83
2026-09-22T02:09:14.119557+00:00,2,32556,86
2026-09-22T02:09:14.119557+00:00,3,32540,81
2026-09-22T02:09:19.188557+00:00,0,32552,83
2026-09-22T02:09:19.188557+00:00,1,32564,78
2026-09-22T02:09:19.188557+00:00,2,32556,81
2026-09-22T02:09:19.188557+00:00,3,32540,80
2026-09-22T02:09:24.257030+00:00,0,32552,82
2026-09-22T02:09:24.257030+00:00,1,32564,88
2026-09-22T02:09:24.257030+00:00,2,32556,81
2026-09-22T02:09:24.257030+00:00,3,32540,80
2026-09-22T02:09:29.324094+00:00,0,32552,85
2026-09-22T02:09:29.324094+00:00,1,32564,78
2026-09-22T02:09:29.324094+00:00,2,32556,85
2026-09-22T02:09:29.324094+00:00,3,32540,81
2026-09-22T02:09:34.384759+00:00,0,32552,82
2026-09-22T02:09:34.384759+00:00,1,32564,82
2026-09-22T02:09:34.384759+00:00,2,32556,80
2026-09-22T02:09:34.384759+00:00,3,32540,81
2026-09-22T02:09:39.448646+00:00,0,32552,83
2026-09-22T02:09:39.448646+00:00,1,32564,80
2026-09-22T02:09:39.448646+00:00,2,32556,82
2026-09-22T02:09:39.448646+00:00,3,32540,86
2026-09-22T02:09:44.509382+00:00,0,32552,85
2026-09-22T02:09:44.509382+00:00,1,32564,84
2026-09-22T02:09:44.509382+00:00,2,32556,82
2026-09-22T02:09:44.509382+00:00,3,32540,86
2026-09-22T02:09:49.576570+00:00,0,32552,86
2026-09-22T02:09:49.576570+00:00,1,32564,87
2026-09-22T02:09:49.576570+00:00,2,32556,85
2026-09-22T02:09:49.576570+00:00,3,32540,83
2026-09-22T02:09:54.649511+00:00,0,32552,81
2026-09-22T02:09:54.649511+00:00,1,32564,83
2026-09-22T02:09:54.649511+00:00,2,32556,86
2026-09-22T02:09:54.649511+00:00,3,32540,89
2026-09-22T02:09:59.717661+00:00,0,32552,83
2026-09-22T02:09:59.717661+00:00,1,32564,83
2026-09-22T02:09:59.717661+00:00,2,32556,84
2026-09-22T02:09:59.717661+00:00,3,32540,81
2026-09-22T02:10:04.779861+00:00,0,32552,87
2026-09-22T02:10:04.779861+00:00,1,32564,85
2026-09-22T02:10:04.779861+00:00,2,32556,88
2026-09-22T02:10:04.779861+00:00,3,32540,86
2026-09-22T02:10:09.850330+00:00,0,32552,81
2026-09-22T02:10:09.850330+00:00,1,32564,89
2026-09-22T02:10:09.850330+00:00,2,32556,83
2026-09-22T02:10:09.850330+00:00,3,32540,84
2026-09-22T02:10:14.914961+00:00,0,32552,84
2026-09-22T02:10:14.914961+00:00,1,32564,84
2026-09-22T02:10:14.914961+00:00,2,32556,85
2026-09-22T02:10:14.914961+00:00,3,32540,82
2026-09-22T02:10:19.984299+00:00,0,32552,81
2026-09-22T02:10:19.984299+00:00,1,32564,77
2026-09-22T02:10:19.984299+00:00,2,32556,76
2026-09-22T02:10:19.984299+00:00,3,32540,82
2026-09-22T02:10:25.055866+00:00,0,32552,82
2026-09-22T02:10:25.055866+00:00,1,32564,83
2026-09-22T02:10:25.055866+00:00,2,32556,83
2026-09-22T02:10:25.055866+00:00,3,32540,77
2026-09-22T02:10:30.121699+00:00,0,6452,89
2026-09-22T02:10:30.121699+00:00,1,6452,100
2026-09-22T02:10:30.121699+00:00,2,6452,100
2026-09-22T02:10:30.121699+00:00,3,6452,100
2026-09-22T02:10:35.200438+00:00,0,12578,99
2026-09-22T02:10:35.200438+00:00,1,12618,99
2026-09-22T02:10:35.200438+00:00,2,12718,99
2026-09-22T02:10:35.200438+00:00,3,12578,99
2026-09-22T02:10:40.272851+00:00,0,13002,99
2026-09-22T02:10:40.272851+00:00,1,12822,99
2026-09-22T02:10:40.272851+00:00,2,12802,99
2026-09-22T02:10:40.272851+00:00,3,13002,99
2026-09-22T02:10:45.345280+00:00,0,6310,98
2026-09-22T02:10:45.345280+00:00,1,6350,95
2026-09-22T02:10:45.345280+00:00,2,6370,98
2026-09-22T02:10:45.345280+00:00,3,6330,95
2026-09-22T02:10:50.411161+00:00,0,24946,63
2026-09-22T02:10:50.411161+00:00,1,25404,58
2026-09-22T02:10:50.411161+00:00,2,25404,72
2026-09-22T02:10:50.411161+00:00,3,25406,88
2026-09-22T02:10:55.490990+00:00,0,25406,5
2026-09-22T02:10:55.490990+00:00,1,25406,100
2026-09-22T02:10:55.490990+00:00,2,25406,99
2026-09-22T02:10:55.490990+00:00,3,25406,100
2026-09-22T02:11:00.558435+00:00,0,25466,98
2026-09-22T02:11:00.558435+00:00,1,25506,99
2026-09-22T02:11:00.558435+00:00,2,25506,99
2026-09-22T02:11:00.558435+00:00,3,25506,99
2026-09-22T02:11:05.639173+00:00,0,25508,99
2026-09-22T02:11:05.639173+00:00,1,25528,99
2026-09-22T02:11:05.639173+00:00,2,25528,99
2026-09-22T02:11:05.639173+00:00,3,25528,99
2026-09-22T02:11:10.703056+00:00,0,28330,98
2026-09-22T02:11:10.703056+00:00,1,28030,99
2026-09-22T02:11:10.703056+00:00,2,28090,99
2026-09-22T02:11:10.703056+00:00,3,28310,98
2026-09-22T02:11:15.785344+00:00,0,28512,99
2026-09-22T02:11:15.785344+00:00,1,28492,99
2026-09-22T02:11:15.785344+00:00,2,28492,99
2026-09-22T02:11:15.785344+00:00,3,28652,99
2026-09-22T02:11:20.853761+00:00,0,28514,98
2026-09-22T02:11:20.853761+00:00,1,28494,99
2026-09-22T02:11:20.853761+00:00,2,28494,98
2026-09-22T02:11:20.853761+00:00,3,28654,98
2026-09-22T02:11:25.931912+00:00,0,28514,99
2026-09-22T02:11:25.931912+00:00,1,28494,99
2026-09-22T02:11:25.931912+00:00,2,28494,99
2026-09-22T02:11:25.931912+00:00,3,28654,99
2026-09-22T02:11:31.005906+00:00,0,28516,99
2026-09-22T02:11:31.005906+00:00,1,28496,99
2026-09-22T02:11:31.005906+00:00,2,28496,99
2026-09-22T02:11:31.005906+00:00,3,28656,99
2026-09-22T02:11:36.079815+00:00,0,16820,83
2026-09-22T02:11:36.079815+00:00,1,16740,83
2026-09-22T02:11:36.079815+00:00,2,16140,84
2026-09-22T02:11:36.079815+00:00,3,16840,84
2026-09-22T02:11:41.143230+00:00,0,9722,7
2026-09-22T02:11:41.143230+00:00,1,9722,27
2026-09-22T02:11:41.143230+00:00,2,9722,7
2026-09-22T02:11:41.143230+00:00,3,9722,40
2026-09-22T02:11:46.205738+00:00,0,10930,8
2026-09-22T02:11:46.205738+00:00,1,10826,7
2026-09-22T02:11:46.205738+00:00,2,10930,8
2026-09-22T02:11:46.205738+00:00,3,10970,8
2026-09-22T02:11:51.266448+00:00,0,14512,32
2026-09-22T02:11:51.266448+00:00,1,14512,32
2026-09-22T02:11:51.266448+00:00,2,14552,33
2026-09-22T02:11:51.266448+00:00,3,14550,32
2026-09-22T02:11:56.329058+00:00,0,32574,71
2026-09-22T02:11:56.329058+00:00,1,32552,73
2026-09-22T02:11:56.329058+00:00,2,32548,76
2026-09-22T02:11:56.329058+00:00,3,32564,75
2026-09-22T02:12:01.397466+00:00,0,32574,79
2026-09-22T02:12:01.397466+00:00,1,32552,75
2026-09-22T02:12:01.397466+00:00,2,32548,76
2026-09-22T02:12:01.397466+00:00,3,32564,74
2026-09-22T02:12:06.454699+00:00,0,32574,76
2026-09-22T02:12:06.454699+00:00,1,32552,76
2026-09-22T02:12:06.454699+00:00,2,32548,76
2026-09-22T02:12:06.454699+00:00,3,32564,75
2026-09-22T02:12:11.521867+00:00,0,32574,75
2026-09-22T02:12:11.521867+00:00,1,32552,76
2026-09-22T02:12:11.521867+00:00,2,32548,79
2026-09-22T02:12:11.521867+00:00,3,32564,78
2026-09-22T02:12:16.580962+00:00,0,32574,76
2026-09-22T02:12:16.580962+00:00,1,32552,76
2026-09-22T02:12:16.580962+00:00,2,32548,76
2026-09-22T02:12:16.580962+00:00,3,32564,79
2026-09-22T02:12:21.641646+00:00,0,32574,78
2026-09-22T02:12:21.641646+00:00,1,32552,79
2026-09-22T02:12:21.641646+00:00,2,32548,74
2026-09-22T02:12:21.641646+00:00,3,32564,83
2026-09-22T02:12:26.708512+00:00,0,32574,80
2026-09-22T02:12:26.708512+00:00,1,32552,83
2026-09-22T02:12:26.708512+00:00,2,32548,78
2026-09-22T02:12:26.708512+00:00,3,32564,75
2026-09-22T02:12:31.774454+00:00,0,32574,76
2026-09-22T02:12:31.774454+00:00,1,32552,82
2026-09-22T02:12:31.774454+00:00,2,32548,80
2026-09-22T02:12:31.774454+00:00,3,32564,80
2026-09-22T02:12:36.839486+00:00,0,32574,83
2026-09-22T02:12:36.839486+00:00,1,32552,81
2026-09-22T02:12:36.839486+00:00,2,32548,78
2026-09-22T02:12:36.839486+00:00,3,32564,82
2026-09-22T02:12:41.905437+00:00,0,32574,80
2026-09-22T02:12:41.905437+00:00,1,32552,78
2026-09-22T02:12:41.905437+00:00,2,32548,82
2026-09-22T02:12:41.905437+00:00,3,32564,83
2026-09-22T02:12:46.972598+00:00,0,32574,76
2026-09-22T02:12:46.972598+00:00,1,32552,78
2026-09-22T02:12:46.972598+00:00,2,32548,85
2026-09-22T02:12:46.972598+00:00,3,32564,79
2026-09-22T02:12:52.038972+00:00,0,32574,81
2026-09-22T02:12:52.038972+00:00,1,32552,83
2026-09-22T02:12:52.038972+00:00,2,32548,80
2026-09-22T02:12:52.038972+00:00,3,32564,80
2026-09-22T02:12:57.098084+00:00,0,32574,78
2026-09-22T02:12:57.098084+00:00,1,32552,82
2026-09-22T02:12:57.098084+00:00,2,32548,78
2026-09-22T02:12:57.098084+00:00,3,32564,78
2026-09-22T02:13:02.165482+00:00,0,32574,81
2026-09-22T02:13:02.165482+00:00,1,32552,81
2026-09-22T02:13:02.165482+00:00,2,32548,81
2026-09-22T02:13:02.165482+00:00,3,32564,80
2026-09-22T02:13:07.232687+00:00,0,32574,81
2026-09-22T02:13:07.232687+00:00,1,32552,85
2026-09-22T02:13:07.232687+00:00,2,32548,80
2026-09-22T02:13:07.232687+00:00,3,32564,78
2026-09-22T02:13:12.300080+00:00,0,32574,80
2026-09-22T02:13:12.300080+00:00,1,32552,88
2026-09-22T02:13:12.300080+00:00,2,32548,79
2026-09-22T02:13:12.300080+00:00,3,32564,76
2026-09-22T02:13:17.368355+00:00,0,32574,78
2026-09-22T02:13:17.368355+00:00,1,32552,82
2026-09-22T02:13:17.368355+00:00,2,32548,83
2026-09-22T02:13:17.368355+00:00,3,32564,80
2026-09-22T02:13:22.437949+00:00,0,32574,80
2026-09-22T02:13:22.437949+00:00,1,32552,78
2026-09-22T02:13:22.437949+00:00,2,32548,82
2026-09-22T02:13:22.437949+00:00,3,32564,82
2026-09-22T02:13:27.507907+00:00,0,32574,84
2026-09-22T02:13:27.507907+00:00,1,32552,86
2026-09-22T02:13:27.507907+00:00,2,32548,84
2026-09-22T02:13:27.507907+00:00,3,32564,84
2026-09-22T02:13:32.568608+00:00,0,32574,84
2026-09-22T02:13:32.568608+00:00,1,32552,82
2026-09-22T02:13:32.568608+00:00,2,32548,80
2026-09-22T02:13:32.568608+00:00,3,32564,80
2026-09-22T02:13:37.632989+00:00,0,32574,80
2026-09-22T02:13:37.632989+00:00,1,32552,70
2026-09-22T02:13:37.632989+00:00,2,32548,69
2026-09-22T02:13:37.632989+00:00,3,32564,84
2026-09-22T02:13:42.692568+00:00,0,32574,79
2026-09-22T02:13:42.692568+00:00,1,32552,82
2026-09-22T02:13:42.692568+00:00,2,32548,81
2026-09-22T02:13:42.692568+00:00,3,32564,85
2026-09-22T02:13:47.760764+00:00,0,32574,80
2026-09-22T02:13:47.760764+00:00,1,32552,81
2026-09-22T02:13:47.760764+00:00,2,32548,80
2026-09-22T02:13:47.760764+00:00,3,32564,82
2026-09-22T02:13:52.826645+00:00,0,32574,82
2026-09-22T02:13:52.826645+00:00,1,32552,78
2026-09-22T02:13:52.826645+00:00,2,32548,0
2026-09-22T02:13:52.826645+00:00,3,32564,82
2026-09-22T02:13:57.890175+00:00,0,32574,0
2026-09-22T02:13:57.890175+00:00,1,32552,0
2026-09-22T02:13:57.890175+00:00,2,32548,0
2026-09-22T02:13:57.890175+00:00,3,32564,82
2026-09-22T02:14:02.952757+00:00,0,6514,99
2026-09-22T02:14:02.952757+00:00,1,6454,98
2026-09-22T02:14:02.952757+00:00,2,6494,99
2026-09-22T02:14:02.952757+00:00,3,6454,99
2026-09-22T02:14:08.022529+00:00,0,11880,98
2026-09-22T02:14:08.022529+00:00,1,11940,99
2026-09-22T02:14:08.022529+00:00,2,11920,98
2026-09-22T02:14:08.022529+00:00,3,11918,99
2026-09-22T02:14:13.086019+00:00,0,11884,99
2026-09-22T02:14:13.086019+00:00,1,11944,99
2026-09-22T02:14:13.086019+00:00,2,11924,99
2026-09-22T02:14:13.086019+00:00,3,11924,99
2026-09-22T02:14:18.157417+00:00,0,25386,99
2026-09-22T02:14:18.157417+00:00,1,25386,99
2026-09-22T02:14:18.157417+00:00,2,25386,99
2026-09-22T02:14:18.157417+00:00,3,25384,99
2026-09-22T02:14:23.230073+00:00,0,27408,99
2026-09-22T02:14:23.230073+00:00,1,27408,99
2026-09-22T02:14:23.230073+00:00,2,27588,99
2026-09-22T02:14:23.230073+00:00,3,27508,99
2026-09-22T02:14:28.297197+00:00,0,27528,97
2026-09-22T02:14:28.297197+00:00,1,27488,98
2026-09-22T02:14:28.297197+00:00,2,27588,98
2026-09-22T02:14:28.297197+00:00,3,27588,98
2026-09-22T02:14:33.369153+00:00,0,28210,99
2026-09-22T02:14:33.369153+00:00,1,28430,99
2026-09-22T02:14:33.369153+00:00,2,28012,99
2026-09-22T02:14:33.369153+00:00,3,28610,99
2026-09-22T02:14:38.435597+00:00,0,28212,97
2026-09-22T02:14:38.435597+00:00,1,28432,98
2026-09-22T02:14:38.435597+00:00,2,28012,98
2026-09-22T02:14:38.435597+00:00,3,28612,98
2026-09-22T02:14:43.501433+00:00,0,28214,98
2026-09-22T02:14:43.501433+00:00,1,28434,98
2026-09-22T02:14:43.501433+00:00,2,28014,99
2026-09-22T02:14:43.501433+00:00,3,28614,99
2026-09-22T02:14:48.601199+00:00,0,28216,98
2026-09-22T02:14:48.601199+00:00,1,28436,97
2026-09-22T02:14:48.601199+00:00,2,28016,97
2026-09-22T02:14:48.601199+00:00,3,28616,97
2026-09-22T02:14:53.694057+00:00,0,6314,65
2026-09-22T02:14:53.694057+00:00,1,6314,100
2026-09-22T02:14:53.694057+00:00,2,6314,100
2026-09-22T02:14:53.694057+00:00,3,6314,82
2026-09-22T02:14:58.751912+00:00,0,9722,6
2026-09-22T02:14:58.751912+00:00,1,9722,6
2026-09-22T02:14:58.751912+00:00,2,9722,7
2026-09-22T02:14:58.751912+00:00,3,9722,7
2026-09-22T02:15:03.811039+00:00,0,11012,6
2026-09-22T02:15:03.811039+00:00,1,11052,100
2026-09-22T02:15:03.811039+00:00,2,11052,100
2026-09-22T02:15:03.811039+00:00,3,11050,100
2026-09-22T02:15:08.871152+00:00,0,11732,34
2026-09-22T02:15:08.871152+00:00,1,12312,47
2026-09-22T02:15:08.871152+00:00,2,12252,45
2026-09-22T02:15:08.871152+00:00,3,12250,42
2026-09-22T02:15:13.933783+00:00,0,32564,73
2026-09-22T02:15:13.933783+00:00,1,32546,76
2026-09-22T02:15:13.933783+00:00,2,32564,75
2026-09-22T02:15:13.933783+00:00,3,32574,75
2026-09-22T02:15:18.998546+00:00,0,32564,74
2026-09-22T02:15:18.998546+00:00,1,32546,72
2026-09-22T02:15:18.998546+00:00,2,32564,74
2026-09-22T02:15:18.998546+00:00,3,32574,74
2026-09-22T02:15:24.063447+00:00,0,32564,77
2026-09-22T02:15:24.063447+00:00,1,32546,79
2026-09-22T02:15:24.063447+00:00,2,32564,78
2026-09-22T02:15:24.063447+00:00,3,32574,76
2026-09-22T02:15:29.127039+00:00,0,32564,74
2026-09-22T02:15:29.127039+00:00,1,32546,74
2026-09-22T02:15:29.127039+00:00,2,32564,80
2026-09-22T02:15:29.127039+00:00,3,32574,78
2026-09-22T02:15:34.180907+00:00,0,32564,81
2026-09-22T02:15:34.180907+00:00,1,32546,76
2026-09-22T02:15:34.180907+00:00,2,32564,76
2026-09-22T02:15:34.180907+00:00,3,32574,80
2026-09-22T02:15:39.247528+00:00,0,32564,79
2026-09-22T02:15:39.247528+00:00,1,32546,75
2026-09-22T02:15:39.247528+00:00,2,32564,75
2026-09-22T02:15:39.247528+00:00,3,32574,81
2026-09-22T02:15:44.306556+00:00,0,32564,78
2026-09-22T02:15:44.306556+00:00,1,32546,80
2026-09-22T02:15:44.306556+00:00,2,32564,77
2026-09-22T02:15:44.306556+00:00,3,32574,87
2026-09-22T02:15:49.373076+00:00,0,32564,79
2026-09-22T02:15:49.373076+00:00,1,32546,82
2026-09-22T02:15:49.373076+00:00,2,32564,78
2026-09-22T02:15:49.373076+00:00,3,32574,78
2026-09-22T02:15:54.436157+00:00,0,32564,80
2026-09-22T02:15:54.436157+00:00,1,32546,78
2026-09-22T02:15:54.436157+00:00,2,32564,80
2026-09-22T02:15:54.436157+00:00,3,32574,77
2026-09-22T02:15:59.505639+00:00,0,32564,78
2026-09-22T02:15:59.505639+00:00,1,32546,82
2026-09-22T02:15:59.505639+00:00,2,32564,79
2026-09-22T02:15:59.505639+00:00,3,32574,79
2026-09-22T02:16:04.568782+00:00,0,32564,80
2026-09-22T02:16:04.568782+00:00,1,32546,81
2026-09-22T02:16:04.568782+00:00,2,32564,80
2026-09-22T02:16:04.568782+00:00,3,32574,82
2026-09-22T02:16:09.634383+00:00,0,32564,81
2026-09-22T02:16:09.634383+00:00,1,32546,77
2026-09-22T02:16:09.634383+00:00,2,32564,79
2026-09-22T02:16:09.634383+00:00,3,32574,83
2026-09-22T02:16:14.701658+00:00,0,32564,82
2026-09-22T02:16:14.701658+00:00,1,32546,79
2026-09-22T02:16:14.701658+00:00,2,32564,77
2026-09-22T02:16:14.701658+00:00,3,32574,80
2026-09-22T02:16:19.769413+00:00,0,32564,81
2026-09-22T02:16:19.769413+00:00,1,32546,82
2026-09-22T02:16:19.769413+00:00,2,32564,82
2026-09-22T02:16:19.769413+00:00,3,32574,83
2026-09-22T02:16:24.835225+00:00,0,32564,85
2026-09-22T02:16:24.835225+00:00,1,32546,81
2026-09-22T02:16:24.835225+00:00,2,32564,82
2026-09-22T02:16:24.835225+00:00,3,32574,80
2026-09-22T02:16:29.901458+00:00,0,32564,82
2026-09-22T02:16:29.901458+00:00,1,32546,83
2026-09-22T02:16:29.901458+00:00,2,32564,79
2026-09-22T02:16:29.901458+00:00,3,32574,81
2026-09-22T02:16:34.968497+00:00,0,32564,82
2026-09-22T02:16:34.968497+00:00,1,32546,81
2026-09-22T02:16:34.968497+00:00,2,32564,82
2026-09-22T02:16:34.968497+00:00,3,32574,80
2026-09-22T02:16:40.036937+00:00,0,32564,84
2026-09-22T02:16:40.036937+00:00,1,32546,80
2026-09-22T02:16:40.036937+00:00,2,32564,82
2026-09-22T02:16:40.036937+00:00,3,32574,82
2026-09-22T02:16:45.109655+00:00,0,32564,82
2026-09-22T02:16:45.109655+00:00,1,32546,81
2026-09-22T02:16:45.109655+00:00,2,32564,85
2026-09-22T02:16:45.109655+00:00,3,32574,80
2026-09-22T02:16:50.179442+00:00,0,32564,82
2026-09-22T02:16:50.179442+00:00,1,32546,82
2026-09-22T02:16:50.179442+00:00,2,32564,85
2026-09-22T02:16:50.179442+00:00,3,32574,82
2026-09-22T02:16:55.258161+00:00,0,32564,80
2026-09-22T02:16:55.258161+00:00,1,32546,82
2026-09-22T02:16:55.258161+00:00,2,32564,79
2026-09-22T02:16:55.258161+00:00,3,32574,80
2026-09-22T02:17:00.323339+00:00,0,32564,85
2026-09-22T02:17:00.323339+00:00,1,32546,82
2026-09-22T02:17:00.323339+00:00,2,32564,81
2026-09-22T02:17:00.323339+00:00,3,32574,81
2026-09-22T02:17:05.391918+00:00,0,32564,84
2026-09-22T02:17:05.391918+00:00,1,32546,84
2026-09-22T02:17:05.391918+00:00,2,32564,79
2026-09-22T02:17:05.391918+00:00,3,32574,82
2026-09-22T02:17:10.457498+00:00,0,32564,0
2026-09-22T02:17:10.457498+00:00,1,32546,0
2026-09-22T02:17:10.457498+00:00,2,32564,77
2026-09-22T02:17:10.457498+00:00,3,32574,83
2026-09-22T02:17:15.518521+00:00,0,32564,0
2026-09-22T02:17:15.518521+00:00,1,32546,0
2026-09-22T02:17:15.518521+00:00,2,32564,0
2026-09-22T02:17:15.518521+00:00,3,32574,84
2026-09-22T02:17:20.578788+00:00,0,12154,95
2026-09-22T02:17:20.578788+00:00,1,12276,99
2026-09-22T02:17:20.578788+00:00,2,12196,98
2026-09-22T02:17:20.578788+00:00,3,12376,99
2026-09-22T02:17:25.650760+00:00,0,12640,99
2026-09-22T02:17:25.650760+00:00,1,12600,98
2026-09-22T02:17:25.650760+00:00,2,12560,98
2026-09-22T02:17:25.650760+00:00,3,12560,98
2026-09-22T02:17:30.723153+00:00,0,6050,95
2026-09-22T02:17:30.723153+00:00,1,6070,94
2026-09-22T02:17:30.723153+00:00,2,6030,96
2026-09-22T02:17:30.723153+00:00,3,6050,96
2026-09-22T02:17:35.790630+00:00,0,26166,99
2026-09-22T02:17:35.790630+00:00,1,26188,99
2026-09-22T02:17:35.790630+00:00,2,26188,99
2026-09-22T02:17:35.790630+00:00,3,25946,98
2026-09-22T02:17:40.866500+00:00,0,26168,98
2026-09-22T02:17:40.866500+00:00,1,26188,98
2026-09-22T02:17:40.866500+00:00,2,26188,99
2026-09-22T02:17:40.866500+00:00,3,26188,97
2026-09-22T02:17:45.938843+00:00,0,26650,99
2026-09-22T02:17:45.938843+00:00,1,26190,99
2026-09-22T02:17:45.938843+00:00,2,26550,98
2026-09-22T02:17:45.938843+00:00,3,26650,99
2026-09-22T02:17:51.017308+00:00,0,26692,98
2026-09-22T02:17:51.017308+00:00,1,28172,97
2026-09-22T02:17:51.017308+00:00,2,27892,97
2026-09-22T02:17:51.017308+00:00,3,27432,98
2026-09-22T02:17:56.082795+00:00,0,27454,99
2026-09-22T02:17:56.082795+00:00,1,28174,99
2026-09-22T02:17:56.082795+00:00,2,27894,99
2026-09-22T02:17:56.082795+00:00,3,27434,99
2026-09-22T02:18:01.159014+00:00,0,27456,89
2026-09-22T02:18:01.159014+00:00,1,28176,88
2026-09-22T02:18:01.159014+00:00,2,27894,87
2026-09-22T02:18:01.159014+00:00,3,27436,100
2026-09-22T02:18:06.232072+00:00,0,27458,99
2026-09-22T02:18:06.232072+00:00,1,28178,99
2026-09-22T02:18:06.232072+00:00,2,27898,99
2026-09-22T02:18:06.232072+00:00,3,27438,98
2026-09-22T02:18:11.308601+00:00,0,9722,5
2026-09-22T02:18:11.308601+00:00,1,9722,5
2026-09-22T02:18:11.308601+00:00,2,9722,5
2026-09-22T02:18:11.308601+00:00,3,9722,5
2026-09-22T02:18:16.364563+00:00,0,10172,8
2026-09-22T02:18:16.364563+00:00,1,10684,7
2026-09-22T02:18:16.364563+00:00,2,10252,6
2026-09-22T02:18:16.364563+00:00,3,10416,8
2026-09-22T02:18:21.426885+00:00,0,11052,23
2026-09-22T02:18:21.426885+00:00,1,11052,24
2026-09-22T02:18:21.426885+00:00,2,11052,26
2026-09-22T02:18:21.426885+00:00,3,11050,27
2026-09-22T02:18:26.486858+00:00,0,32482,0
2026-09-22T02:18:26.486858+00:00,1,32480,0
2026-09-22T02:18:26.486858+00:00,2,32484,0
2026-09-22T02:18:26.486858+00:00,3,32482,0
2026-09-22T02:18:31.546098+00:00,0,32566,79
2026-09-22T02:18:31.546098+00:00,1,32542,75
2026-09-22T02:18:31.546098+00:00,2,32560,72
2026-09-22T02:18:31.546098+00:00,3,32586,73
2026-09-22T02:18:36.604696+00:00,0,32566,76
2026-09-22T02:18:36.604696+00:00,1,32542,74
2026-09-22T02:18:36.604696+00:00,2,32560,74
2026-09-22T02:18:36.604696+00:00,3,32586,78
2026-09-22T02:18:41.667406+00:00,0,32566,80
2026-09-22T02:18:41.667406+00:00,1,32542,77
2026-09-22T02:18:41.667406+00:00,2,32560,77
2026-09-22T02:18:41.667406+00:00,3,32586,78
2026-09-22T02:18:46.725411+00:00,0,32566,80
2026-09-22T02:18:46.725411+00:00,1,32542,81
2026-09-22T02:18:46.725411+00:00,2,32560,79
2026-09-22T02:18:46.725411+00:00,3,32586,76
2026-09-22T02:18:51.794059+00:00,0,32566,75
2026-09-22T02:18:51.794059+00:00,1,32542,77
2026-09-22T02:18:51.794059+00:00,2,32560,82
2026-09-22T02:18:51.794059+00:00,3,32586,74
2026-09-22T02:18:56.858063+00:00,0,32566,81
2026-09-22T02:18:56.858063+00:00,1,32542,78
2026-09-22T02:18:56.858063+00:00,2,32560,79
2026-09-22T02:18:56.858063+00:00,3,32586,77
2026-09-22T02:19:01.925058+00:00,0,32566,78
2026-09-22T02:19:01.925058+00:00,1,32542,83
2026-09-22T02:19:01.925058+00:00,2,32560,79
2026-09-22T02:19:01.925058+00:00,3,32586,80
2026-09-22T02:19:06.985653+00:00,0,32566,78
2026-09-22T02:19:06.985653+00:00,1,32542,78
2026-09-22T02:19:06.985653+00:00,2,32560,81
2026-09-22T02:19:06.985653+00:00,3,32586,81
2026-09-22T02:19:12.060631+00:00,0,32566,80
2026-09-22T02:19:12.060631+00:00,1,32542,81
2026-09-22T02:19:12.060631+00:00,2,32560,81
2026-09-22T02:19:12.060631+00:00,3,32586,81
2026-09-22T02:19:17.127995+00:00,0,32566,83
2026-09-22T02:19:17.127995+00:00,1,32542,78
2026-09-22T02:19:17.127995+00:00,2,32560,87
2026-09-22T02:19:17.127995+00:00,3,32586,78
2026-09-22T02:19:22.197831+00:00,0,32566,82
2026-09-22T02:19:22.197831+00:00,1,32542,81
2026-09-22T02:19:22.197831+00:00,2,32560,82
2026-09-22T02:19:22.197831+00:00,3,32586,79
2026-09-22T02:19:27.257725+00:00,0,32566,84
2026-09-22T02:19:27.257725+00:00,1,32542,82
2026-09-22T02:19:27.257725+00:00,2,32560,80
2026-09-22T02:19:27.257725+00:00,3,32586,81
2026-09-22T02:19:32.325456+00:00,0,32566,84
2026-09-22T02:19:32.325456+00:00,1,32542,78
2026-09-22T02:19:32.325456+00:00,2,32560,81
2026-09-22T02:19:32.325456+00:00,3,32586,78
2026-09-22T02:19:37.391625+00:00,0,32566,82
2026-09-22T02:19:37.391625+00:00,1,32542,83
2026-09-22T02:19:37.391625+00:00,2,32560,82
2026-09-22T02:19:37.391625+00:00,3,32586,82
2026-09-22T02:19:42.461388+00:00,0,32566,79
2026-09-22T02:19:42.461388+00:00,1,32542,84
2026-09-22T02:19:42.461388+00:00,2,32560,84
2026-09-22T02:19:42.461388+00:00,3,32586,82
2026-09-22T02:19:47.531468+00:00,0,32566,84
2026-09-22T02:19:47.531468+00:00,1,32542,83
2026-09-22T02:19:47.531468+00:00,2,32560,83
2026-09-22T02:19:47.531468+00:00,3,32586,82
2026-09-22T02:19:52.598083+00:00,0,32566,83
2026-09-22T02:19:52.598083+00:00,1,32542,84
2026-09-22T02:19:52.598083+00:00,2,32560,81
2026-09-22T02:19:52.598083+00:00,3,32586,84
2026-09-22T02:19:57.666381+00:00,0,32566,84
2026-09-22T02:19:57.666381+00:00,1,32542,81
2026-09-22T02:19:57.666381+00:00,2,32560,80
2026-09-22T02:19:57.666381+00:00,3,32586,83
2026-09-22T02:20:02.734257+00:00,0,32566,86
2026-09-22T02:20:02.734257+00:00,1,32542,84
2026-09-22T02:20:02.734257+00:00,2,32560,80
2026-09-22T02:20:02.734257+00:00,3,32586,80
2026-09-22T02:20:07.804043+00:00,0,32566,85
2026-09-22T02:20:07.804043+00:00,1,32542,85
2026-09-22T02:20:07.804043+00:00,2,32560,88
2026-09-22T02:20:07.804043+00:00,3,32586,90
2026-09-22T02:20:12.870744+00:00,0,32566,85
2026-09-22T02:20:12.870744+00:00,1,32542,86
2026-09-22T02:20:12.870744+00:00,2,32560,81
2026-09-22T02:20:12.870744+00:00,3,32586,83
2026-09-22T02:20:17.941820+00:00,0,32566,86
2026-09-22T02:20:17.941820+00:00,1,32542,84
2026-09-22T02:20:17.941820+00:00,2,32560,78
2026-09-22T02:20:17.941820+00:00,3,32586,88
2026-09-22T02:20:23.013894+00:00,0,32566,83
2026-09-22T02:20:23.013894+00:00,1,32542,85
2026-09-22T02:20:23.013894+00:00,2,32560,81
2026-09-22T02:20:23.013894+00:00,3,32586,88
2026-09-22T02:20:28.081576+00:00,0,32566,81
2026-09-22T02:20:28.081576+00:00,1,32542,80
2026-09-22T02:20:28.081576+00:00,2,32560,81
2026-09-22T02:20:28.081576+00:00,3,32586,83
2026-09-22T02:20:33.148170+00:00,0,32566,84
2026-09-22T02:20:33.148170+00:00,1,32542,83
2026-09-22T02:20:33.148170+00:00,2,32560,0
2026-09-22T02:20:33.148170+00:00,3,32586,83
2026-09-22T02:20:38.200915+00:00,0,32566,0
2026-09-22T02:20:38.200915+00:00,1,32542,83
2026-09-22T02:20:38.200915+00:00,2,32560,0
2026-09-22T02:20:38.200915+00:00,3,32586,0
2026-09-22T02:20:43.259756+00:00,0,6654,99
2026-09-22T02:20:43.259756+00:00,1,6674,99
2026-09-22T02:20:43.259756+00:00,2,6614,98
2026-09-22T02:20:43.259756+00:00,3,6654,99
2026-09-22T02:20:48.336050+00:00,0,12600,100
2026-09-22T02:20:48.336050+00:00,1,12518,97
2026-09-22T02:20:48.336050+00:00,2,12560,97
2026-09-22T02:20:48.336050+00:00,3,12640,96
2026-09-22T02:20:53.408670+00:00,0,12604,99
2026-09-22T02:20:53.408670+00:00,1,12524,99
2026-09-22T02:20:53.408670+00:00,2,12564,99
2026-09-22T02:20:53.408670+00:00,3,12644,99
2026-09-22T02:20:58.481924+00:00,0,25326,98
2026-09-22T02:20:58.481924+00:00,1,25346,98
2026-09-22T02:20:58.481924+00:00,2,25326,98
2026-09-22T02:20:58.481924+00:00,3,25324,99
2026-09-22T02:21:03.554116+00:00,0,27426,98
2026-09-22T02:21:03.554116+00:00,1,27626,98
2026-09-22T02:21:03.554116+00:00,2,26766,98
2026-09-22T02:21:03.554116+00:00,3,26886,98
2026-09-22T02:21:08.629010+00:00,0,28168,98
2026-09-22T02:21:08.629010+00:00,1,27628,98
2026-09-22T02:21:08.629010+00:00,2,27148,99
2026-09-22T02:21:08.629010+00:00,3,27408,99
2026-09-22T02:21:13.702869+00:00,0,28910,99
2026-09-22T02:21:13.702869+00:00,1,28690,99
2026-09-22T02:21:13.702869+00:00,2,28810,99
2026-09-22T02:21:13.702869+00:00,3,29110,99
2026-09-22T02:21:18.772007+00:00,0,28912,99
2026-09-22T02:21:18.772007+00:00,1,28692,99
2026-09-22T02:21:18.772007+00:00,2,28812,98
2026-09-22T02:21:18.772007+00:00,3,29112,99
2026-09-22T02:21:23.833188+00:00,0,28914,99
2026-09-22T02:21:23.833188+00:00,1,28694,99
2026-09-22T02:21:23.833188+00:00,2,28814,99
2026-09-22T02:21:23.833188+00:00,3,29114,99
2026-09-22T02:21:28.906019+00:00,0,28916,99
2026-09-22T02:21:28.906019+00:00,1,28696,99
2026-09-22T02:21:28.906019+00:00,2,28816,99
2026-09-22T02:21:28.906019+00:00,3,29116,99
2026-09-22T02:21:33.978964+00:00,0,28918,99
2026-09-22T02:21:33.978964+00:00,1,28698,99
2026-09-22T02:21:33.978964+00:00,2,28818,99
2026-09-22T02:21:33.978964+00:00,3,29118,99
2026-09-22T02:21:39.050458+00:00,0,7020,75
2026-09-22T02:21:39.050458+00:00,1,7200,81
2026-09-22T02:21:39.050458+00:00,2,7200,85
2026-09-22T02:21:39.050458+00:00,3,7200,65
2026-09-22T02:21:44.125392+00:00,0,9946,7
2026-09-22T02:21:44.125392+00:00,1,10316,7
2026-09-22T02:21:44.125392+00:00,2,10294,8
2026-09-22T02:21:44.125392+00:00,3,9864,6
2026-09-22T02:21:49.206911+00:00,0,11052,40
2026-09-22T02:21:49.206911+00:00,1,11052,40
2026-09-22T02:21:49.206911+00:00,2,11052,43
2026-09-22T02:21:49.206911+00:00,3,11050,18
2026-09-22T02:21:54.274785+00:00,0,4832,9
2026-09-22T02:21:54.274785+00:00,1,4832,20
2026-09-22T02:21:54.274785+00:00,2,4832,0
2026-09-22T02:21:54.274785+00:00,3,4832,10
2026-09-22T02:21:59.328145+00:00,0,32582,75
2026-09-22T02:21:59.328145+00:00,1,32558,74
2026-09-22T02:21:59.328145+00:00,2,32552,74
2026-09-22T02:21:59.328145+00:00,3,32558,74
2026-09-22T02:22:04.407156+00:00,0,32582,86
2026-09-22T02:22:04.407156+00:00,1,32558,70
2026-09-22T02:22:04.407156+00:00,2,32552,79
2026-09-22T02:22:04.407156+00:00,3,32558,75
2026-09-22T02:22:09.465107+00:00,0,32582,77
2026-09-22T02:22:09.465107+00:00,1,32558,77
2026-09-22T02:22:09.465107+00:00,2,32552,78
2026-09-22T02:22:09.465107+00:00,3,32558,80
2026-09-22T02:22:14.536355+00:00,0,32582,78
2026-09-22T02:22:14.536355+00:00,1,32558,77
2026-09-22T02:22:14.536355+00:00,2,32552,77
2026-09-22T02:22:14.536355+00:00,3,32558,82
2026-09-22T02:22:19.603160+00:00,0,32582,78
2026-09-22T02:22:19.603160+00:00,1,32558,78
2026-09-22T02:22:19.603160+00:00,2,32552,77
2026-09-22T02:22:19.603160+00:00,3,32558,76
2026-09-22T02:22:24.668966+00:00,0,32582,80
2026-09-22T02:22:24.668966+00:00,1,32558,80
2026-09-22T02:22:24.668966+00:00,2,32552,79
2026-09-22T02:22:24.668966+00:00,3,32558,77
2026-09-22T02:22:29.736660+00:00,0,32582,80
2026-09-22T02:22:29.736660+00:00,1,32558,77
2026-09-22T02:22:29.736660+00:00,2,32552,84
2026-09-22T02:22:29.736660+00:00,3,32558,77
2026-09-22T02:22:34.803553+00:00,0,32582,83
2026-09-22T02:22:34.803553+00:00,1,32558,78
2026-09-22T02:22:34.803553+00:00,2,32552,77
2026-09-22T02:22:34.803553+00:00,3,32558,82
2026-09-22T02:22:39.870981+00:00,0,32582,76
2026-09-22T02:22:39.870981+00:00,1,32558,78
2026-09-22T02:22:39.870981+00:00,2,32552,79
2026-09-22T02:22:39.870981+00:00,3,32558,79
2026-09-22T02:22:44.936420+00:00,0,32582,78
2026-09-22T02:22:44.936420+00:00,1,32558,79
2026-09-22T02:22:44.936420+00:00,2,32552,84
2026-09-22T02:22:44.936420+00:00,3,32558,84
2026-09-22T02:22:50.007255+00:00,0,32582,78
2026-09-22T02:22:50.007255+00:00,1,32558,85
2026-09-22T02:22:50.007255+00:00,2,32552,80
2026-09-22T02:22:50.007255+00:00,3,32558,83
2026-09-22T02:22:55.076371+00:00,0,32582,79
2026-09-22T02:22:55.076371+00:00,1,32558,81
2026-09-22T02:22:55.076371+00:00,2,32552,81
2026-09-22T02:22:55.076371+00:00,3,32558,81
2026-09-22T02:23:00.144886+00:00,0,32582,82
2026-09-22T02:23:00.144886+00:00,1,32558,85
2026-09-22T02:23:00.144886+00:00,2,32552,83
2026-09-22T02:23:00.144886+00:00,3,32558,84
2026-09-22T02:23:05.204301+00:00,0,32582,79
2026-09-22T02:23:05.204301+00:00,1,32558,83
2026-09-22T02:23:05.204301+00:00,2,32552,85
2026-09-22T02:23:05.204301+00:00,3,32558,85
2026-09-22T02:23:10.272015+00:00,0,32582,79
2026-09-22T02:23:10.272015+00:00,1,32558,82
2026-09-22T02:23:10.272015+00:00,2,32552,82
2026-09-22T02:23:10.272015+00:00,3,32558,81
2026-09-22T02:23:15.339818+00:00,0,32582,81
2026-09-22T02:23:15.339818+00:00,1,32558,81
2026-09-22T02:23:15.339818+00:00,2,32552,83
2026-09-22T02:23:15.339818+00:00,3,32558,84
2026-09-22T02:23:20.405767+00:00,0,32582,83
2026-09-22T02:23:20.405767+00:00,1,32558,85
2026-09-22T02:23:20.405767+00:00,2,32552,81
2026-09-22T02:23:20.405767+00:00,3,32558,81
2026-09-22T02:23:25.472997+00:00,0,32582,83
2026-09-22T02:23:25.472997+00:00,1,32558,81
2026-09-22T02:23:25.472997+00:00,2,32552,83
2026-09-22T02:23:25.472997+00:00,3,32558,81
2026-09-22T02:23:30.543443+00:00,0,32582,82
2026-09-22T02:23:30.543443+00:00,1,32558,87
2026-09-22T02:23:30.543443+00:00,2,32552,83
2026-09-22T02:23:30.543443+00:00,3,32558,89
2026-09-22T02:23:35.610733+00:00,0,32582,83
2026-09-22T02:23:35.610733+00:00,1,32558,85
2026-09-22T02:23:35.610733+00:00,2,32552,81
2026-09-22T02:23:35.610733+00:00,3,32558,83
2026-09-22T02:23:40.677796+00:00,0,32582,87
2026-09-22T02:23:40.677796+00:00,1,32558,83
2026-09-22T02:23:40.677796+00:00,2,32552,84
2026-09-22T02:23:40.677796+00:00,3,32558,87
2026-09-22T02:23:45.745009+00:00,0,32582,85
2026-09-22T02:23:45.745009+00:00,1,32558,82
2026-09-22T02:23:45.745009+00:00,2,32552,81
2026-09-22T02:23:45.745009+00:00,3,32558,80
2026-09-22T02:23:50.813909+00:00,0,32582,83
2026-09-22T02:23:50.813909+00:00,1,32558,85
2026-09-22T02:23:50.813909+00:00,2,32552,84
2026-09-22T02:23:50.813909+00:00,3,32558,83
2026-09-22T02:23:55.881109+00:00,0,32582,83
2026-09-22T02:23:55.881109+00:00,1,32558,83
2026-09-22T02:23:55.881109+00:00,2,32552,91
2026-09-22T02:23:55.881109+00:00,3,32558,88
2026-09-22T02:24:00.953234+00:00,0,32582,83
2026-09-22T02:24:00.953234+00:00,1,32558,86
2026-09-22T02:24:00.953234+00:00,2,32552,86
2026-09-22T02:24:00.953234+00:00,3,32558,83
2026-09-22T02:24:06.021324+00:00,0,32582,0
2026-09-22T02:24:06.021324+00:00,1,32558,81
2026-09-22T02:24:06.021324+00:00,2,32552,82
2026-09-22T02:24:06.021324+00:00,3,32558,0
2026-09-22T02:24:11.085437+00:00,0,1342,100
2026-09-22T02:24:11.085437+00:00,1,1318,100
2026-09-22T02:24:11.085437+00:00,2,1312,100
2026-09-22T02:24:11.085437+00:00,3,1318,100
2026-09-22T02:24:16.140145+00:00,0,11616,99
2026-09-22T02:24:16.140145+00:00,1,11756,99
2026-09-22T02:24:16.140145+00:00,2,11696,99
2026-09-22T02:24:16.140145+00:00,3,11596,99
2026-09-22T02:24:21.205405+00:00,0,12322,99
2026-09-22T02:24:21.205405+00:00,1,12182,100
2026-09-22T02:24:21.205405+00:00,2,12162,100
2026-09-22T02:24:21.205405+00:00,3,12280,99
2026-09-22T02:24:26.272404+00:00,0,4426,100
2026-09-22T02:24:26.272404+00:00,1,4530,100
2026-09-22T02:24:26.272404+00:00,2,4510,100
2026-09-22T02:24:26.272404+00:00,3,4510,0
2026-09-22T02:24:31.374653+00:00,0,25404,99
2026-09-22T02:24:31.374653+00:00,1,25424,98
2026-09-22T02:24:31.374653+00:00,2,25424,98
2026-09-22T02:24:31.374653+00:00,3,25446,99
2026-09-22T02:24:36.452669+00:00,0,25446,98
2026-09-22T02:24:36.452669+00:00,1,25426,98
2026-09-22T02:24:36.452669+00:00,2,25466,99
2026-09-22T02:24:36.452669+00:00,3,25446,98
2026-09-22T02:24:41.526363+00:00,0,27828,99
2026-09-22T02:24:41.526363+00:00,1,27748,99
2026-09-22T02:24:41.526363+00:00,2,27968,99
2026-09-22T02:24:41.526363+00:00,3,27828,99
2026-09-22T02:24:46.601565+00:00,0,28510,98
2026-09-22T02:24:46.601565+00:00,1,27850,98
2026-09-22T02:24:46.601565+00:00,2,28030,98
2026-09-22T02:24:46.601565+00:00,3,28350,99
2026-09-22T02:24:51.675178+00:00,0,28652,98
2026-09-22T02:24:51.675178+00:00,1,28252,98
2026-09-22T02:24:51.675178+00:00,2,28172,99
2026-09-22T02:24:51.675178+00:00,3,28472,99
2026-09-22T02:24:56.741847+00:00,0,28654,98
2026-09-22T02:24:56.741847+00:00,1,28254,98
2026-09-22T02:24:56.741847+00:00,2,28174,93
2026-09-22T02:24:56.741847+00:00,3,28474,97
2026-09-22T02:25:01.816338+00:00,0,28656,99
2026-09-22T02:25:01.816338+00:00,1,28256,99
2026-09-22T02:25:01.816338+00:00,2,28176,99
2026-09-22T02:25:01.816338+00:00,3,28476,99
2026-09-22T02:25:06.892021+00:00,0,28656,99
2026-09-22T02:25:06.892021+00:00,1,28256,98
2026-09-22T02:25:06.892021+00:00,2,28176,98
2026-09-22T02:25:06.892021+00:00,3,28476,98
2026-09-22T02:25:11.968177+00:00,0,10008,83
2026-09-22T02:25:11.968177+00:00,1,9904,69
2026-09-22T02:25:11.968177+00:00,2,10028,85
2026-09-22T02:25:11.968177+00:00,3,9926,76
2026-09-22T02:25:17.028564+00:00,0,9722,6
2026-09-22T02:25:17.028564+00:00,1,9722,5
2026-09-22T02:25:17.028564+00:00,2,9824,5
2026-09-22T02:25:17.028564+00:00,3,9802,7
2026-09-22T02:25:22.080995+00:00,0,11052,26
2026-09-22T02:25:22.080995+00:00,1,11052,29
2026-09-22T02:25:22.080995+00:00,2,11052,21
2026-09-22T02:25:22.080995+00:00,3,11050,22
2026-09-22T02:25:27.140719+00:00,0,4832,12
2026-09-22T02:25:27.140719+00:00,1,4832,11
2026-09-22T02:25:27.140719+00:00,2,4834,10
2026-09-22T02:25:27.140719+00:00,3,4834,11
2026-09-22T02:25:32.198339+00:00,0,32578,70
2026-09-22T02:25:32.198339+00:00,1,32576,71
2026-09-22T02:25:32.198339+00:00,2,32544,73
2026-09-22T02:25:32.198339+00:00,3,32544,75
2026-09-22T02:25:37.253397+00:00,0,32578,74
2026-09-22T02:25:37.253397+00:00,1,32576,81
2026-09-22T02:25:37.253397+00:00,2,32544,76
2026-09-22T02:25:37.253397+00:00,3,32544,74
2026-09-22T02:25:42.321775+00:00,0,32578,76
2026-09-22T02:25:42.321775+00:00,1,32576,78
2026-09-22T02:25:42.321775+00:00,2,32544,74
2026-09-22T02:25:42.321775+00:00,3,32544,74
2026-09-22T02:25:47.384332+00:00,0,32578,77
2026-09-22T02:25:47.384332+00:00,1,32576,80
2026-09-22T02:25:47.384332+00:00,2,32544,77
2026-09-22T02:25:47.384332+00:00,3,32544,77
2026-09-22T02:25:52.454046+00:00,0,32578,80
2026-09-22T02:25:52.454046+00:00,1,32576,83
2026-09-22T02:25:52.454046+00:00,2,32544,75
2026-09-22T02:25:52.454046+00:00,3,32544,80
2026-09-22T02:25:57.518664+00:00,0,32578,78
2026-09-22T02:25:57.518664+00:00,1,32576,80
2026-09-22T02:25:57.518664+00:00,2,32544,75
2026-09-22T02:25:57.518664+00:00,3,32544,79
2026-09-22T02:26:02.586550+00:00,0,32578,81
2026-09-22T02:26:02.586550+00:00,1,32576,87
2026-09-22T02:26:02.586550+00:00,2,32544,81
2026-09-22T02:26:02.586550+00:00,3,32544,82
2026-09-22T02:26:07.651837+00:00,0,32578,82
2026-09-22T02:26:07.651837+00:00,1,32576,77
2026-09-22T02:26:07.651837+00:00,2,32544,81
2026-09-22T02:26:07.651837+00:00,3,32544,79
2026-09-22T02:26:12.719357+00:00,0,32578,81
2026-09-22T02:26:12.719357+00:00,1,32576,78
2026-09-22T02:26:12.719357+00:00,2,32544,82
2026-09-22T02:26:12.719357+00:00,3,32544,78
2026-09-22T02:26:17.778038+00:00,0,32578,80
2026-09-22T02:26:17.778038+00:00,1,32576,82
2026-09-22T02:26:17.778038+00:00,2,32544,75
2026-09-22T02:26:17.778038+00:00,3,32544,79
2026-09-22T02:26:22.838414+00:00,0,32578,85
2026-09-22T02:26:22.838414+00:00,1,32576,83
2026-09-22T02:26:22.838414+00:00,2,32544,83
2026-09-22T02:26:22.838414+00:00,3,32544,81
2026-09-22T02:26:27.899640+00:00,0,32578,80
2026-09-22T02:26:27.899640+00:00,1,32576,82
2026-09-22T02:26:27.899640+00:00,2,32544,78
2026-09-22T02:26:27.899640+00:00,3,32544,81
2026-09-22T02:26:32.969177+00:00,0,32578,80
2026-09-22T02:26:32.969177+00:00,1,32576,84
2026-09-22T02:26:32.969177+00:00,2,32544,83
2026-09-22T02:26:32.969177+00:00,3,32544,81
2026-09-22T02:26:38.030662+00:00,0,32578,80
2026-09-22T02:26:38.030662+00:00,1,32576,80
2026-09-22T02:26:38.030662+00:00,2,32544,83
2026-09-22T02:26:38.030662+00:00,3,32544,80
2026-09-22T02:26:43.100274+00:00,0,32578,82
2026-09-22T02:26:43.100274+00:00,1,32576,82
2026-09-22T02:26:43.100274+00:00,2,32544,85
2026-09-22T02:26:43.100274+00:00,3,32544,82
2026-09-22T02:26:48.165739+00:00,0,32578,84
2026-09-22T02:26:48.165739+00:00,1,32576,85
2026-09-22T02:26:48.165739+00:00,2,32544,82
2026-09-22T02:26:48.165739+00:00,3,32544,81
2026-09-22T02:26:53.233584+00:00,0,32578,83
2026-09-22T02:26:53.233584+00:00,1,32576,84
2026-09-22T02:26:53.233584+00:00,2,32544,80
2026-09-22T02:26:53.233584+00:00,3,32544,84
2026-09-22T02:26:58.297856+00:00,0,32578,81
2026-09-22T02:26:58.297856+00:00,1,32576,83
2026-09-22T02:26:58.297856+00:00,2,32544,80
2026-09-22T02:26:58.297856+00:00,3,32544,82
2026-09-22T02:27:03.359738+00:00,0,32578,80
2026-09-22T02:27:03.359738+00:00,1,32576,84
2026-09-22T02:27:03.359738+00:00,2,32544,84
2026-09-22T02:27:03.359738+00:00,3,32544,83
2026-09-22T02:27:08.426488+00:00,0,32578,83
2026-09-22T02:27:08.426488+00:00,1,32576,80
2026-09-22T02:27:08.426488+00:00,2,32544,81
2026-09-22T02:27:08.426488+00:00,3,32544,82
2026-09-22T02:27:13.492506+00:00,0,32578,81
2026-09-22T02:27:13.492506+00:00,1,32576,83
2026-09-22T02:27:13.492506+00:00,2,32544,81
2026-09-22T02:27:13.492506+00:00,3,32544,82
2026-09-22T02:27:18.560722+00:00,0,32578,82
2026-09-22T02:27:18.560722+00:00,1,32576,81
2026-09-22T02:27:18.560722+00:00,2,32544,83
2026-09-22T02:27:18.560722+00:00,3,32544,84
2026-09-22T02:27:23.626728+00:00,0,32578,83
2026-09-22T02:27:23.626728+00:00,1,32576,81
2026-09-22T02:27:23.626728+00:00,2,32544,82
2026-09-22T02:27:23.626728+00:00,3,32544,80
2026-09-22T02:27:28.695292+00:00,0,32578,85
2026-09-22T02:27:28.695292+00:00,1,32576,87
2026-09-22T02:27:28.695292+00:00,2,32544,84
2026-09-22T02:27:28.695292+00:00,3,32544,82
2026-09-22T02:27:33.764749+00:00,0,32578,83
2026-09-22T02:27:33.764749+00:00,1,32576,79
2026-09-22T02:27:33.764749+00:00,2,32544,82
2026-09-22T02:27:33.764749+00:00,3,32544,86
2026-09-22T02:27:38.828377+00:00,0,32578,0
2026-09-22T02:27:38.828377+00:00,1,32576,0
2026-09-22T02:27:38.828377+00:00,2,32544,80
2026-09-22T02:27:38.828377+00:00,3,32544,0
2026-09-22T02:27:43.888632+00:00,0,6694,98
2026-09-22T02:27:43.888632+00:00,1,6614,98
2026-09-22T02:27:43.888632+00:00,2,6674,98
2026-09-22T02:27:43.888632+00:00,3,6694,98
2026-09-22T02:27:48.959459+00:00,0,12438,99
2026-09-22T02:27:48.959459+00:00,1,12598,99
2026-09-22T02:27:48.959459+00:00,2,12518,99
2026-09-22T02:27:48.959459+00:00,3,12578,99
2026-09-22T02:27:54.039367+00:00,0,12684,99
2026-09-22T02:27:54.039367+00:00,1,12664,99
2026-09-22T02:27:54.039367+00:00,2,12624,99
2026-09-22T02:27:54.039367+00:00,3,12624,100
2026-09-22T02:27:59.103862+00:00,0,25444,99
2026-09-22T02:27:59.103862+00:00,1,25442,99
2026-09-22T02:27:59.103862+00:00,2,25444,99
2026-09-22T02:27:59.103862+00:00,3,25424,99
2026-09-22T02:28:04.182056+00:00,0,27786,97
2026-09-22T02:28:04.182056+00:00,1,27786,98
2026-09-22T02:28:04.182056+00:00,2,27566,98
2026-09-22T02:28:04.182056+00:00,3,27626,99
2026-09-22T02:28:09.262331+00:00,0,27948,98
2026-09-22T02:28:09.262331+00:00,1,27928,99
2026-09-22T02:28:09.262331+00:00,2,28288,99
2026-09-22T02:28:09.262331+00:00,3,28308,99
2026-09-22T02:28:14.337631+00:00,0,28330,98
2026-09-22T02:28:14.337631+00:00,1,28850,98
2026-09-22T02:28:14.337631+00:00,2,28570,98
2026-09-22T02:28:14.337631+00:00,3,28830,99
2026-09-22T02:28:19.414525+00:00,0,29292,99
2026-09-22T02:28:19.414525+00:00,1,29172,99
2026-09-22T02:28:19.414525+00:00,2,29112,99
2026-09-22T02:28:19.414525+00:00,3,29092,99
2026-09-22T02:28:24.487256+00:00,0,29294,97
2026-09-22T02:28:24.487256+00:00,1,29174,98
2026-09-22T02:28:24.487256+00:00,2,29114,98
2026-09-22T02:28:24.487256+00:00,3,29092,98
2026-09-22T02:28:29.559581+00:00,0,29296,99
2026-09-22T02:28:29.559581+00:00,1,29174,99
2026-09-22T02:28:29.559581+00:00,2,29116,99
2026-09-22T02:28:29.559581+00:00,3,29094,99
2026-09-22T02:28:34.635821+00:00,0,29296,98
2026-09-22T02:28:34.635821+00:00,1,29176,98
2026-09-22T02:28:34.635821+00:00,2,29116,98
2026-09-22T02:28:34.635821+00:00,3,29096,98
2026-09-22T02:28:39.700624+00:00,0,9360,78
2026-09-22T02:28:39.700624+00:00,1,9540,84
2026-09-22T02:28:39.700624+00:00,2,9540,61
2026-09-22T02:28:39.700624+00:00,3,9540,66
2026-09-22T02:28:44.770162+00:00,0,9722,7
2026-09-22T02:28:44.770162+00:00,1,9722,6
2026-09-22T02:28:44.770162+00:00,2,9722,7
2026-09-22T02:28:44.770162+00:00,3,9722,6
2026-09-22T02:28:49.839714+00:00,0,11052,30
2026-09-22T02:28:49.839714+00:00,1,11052,31
2026-09-22T02:28:49.839714+00:00,2,11052,32
2026-09-22T02:28:49.839714+00:00,3,11050,17
2026-09-22T02:28:54.900313+00:00,0,7778,29
2026-09-22T02:28:54.900313+00:00,1,1286,89
2026-09-22T02:28:54.900313+00:00,2,4832,92
2026-09-22T02:28:54.900313+00:00,3,7618,67
2026-09-22T02:28:59.966436+00:00,0,32602,78
2026-09-22T02:28:59.966436+00:00,1,32632,81
2026-09-22T02:28:59.966436+00:00,2,32584,73
2026-09-22T02:28:59.966436+00:00,3,32570,77
2026-09-22T02:29:05.029731+00:00,0,32602,70
2026-09-22T02:29:05.029731+00:00,1,32632,83
2026-09-22T02:29:05.029731+00:00,2,32584,76
2026-09-22T02:29:05.029731+00:00,3,32570,79
2026-09-22T02:29:10.093429+00:00,0,32602,75
2026-09-22T02:29:10.093429+00:00,1,32632,78
2026-09-22T02:29:10.093429+00:00,2,32584,75
2026-09-22T02:29:10.093429+00:00,3,32570,79
2026-09-22T02:29:15.158246+00:00,0,32602,80
2026-09-22T02:29:15.158246+00:00,1,32632,77
2026-09-22T02:29:15.158246+00:00,2,32584,82
2026-09-22T02:29:15.158246+00:00,3,32570,78
2026-09-22T02:29:20.219833+00:00,0,32602,78
2026-09-22T02:29:20.219833+00:00,1,32632,79
2026-09-22T02:29:20.219833+00:00,2,32584,79
2026-09-22T02:29:20.219833+00:00,3,32570,78
2026-09-22T02:29:25.284492+00:00,0,32602,84
2026-09-22T02:29:25.284492+00:00,1,32632,80
2026-09-22T02:29:25.284492+00:00,2,32584,78
2026-09-22T02:29:25.284492+00:00,3,32570,81
2026-09-22T02:29:30.344490+00:00,0,32602,78
2026-09-22T02:29:30.344490+00:00,1,32632,76
2026-09-22T02:29:30.344490+00:00,2,32584,79
2026-09-22T02:29:30.344490+00:00,3,32570,74
2026-09-22T02:29:35.410691+00:00,0,32602,79
2026-09-22T02:29:35.410691+00:00,1,32632,80
2026-09-22T02:29:35.410691+00:00,2,32584,76
2026-09-22T02:29:35.410691+00:00,3,32570,78
2026-09-22T02:29:40.480014+00:00,0,32602,84
2026-09-22T02:29:40.480014+00:00,1,32632,80
2026-09-22T02:29:40.480014+00:00,2,32584,78
2026-09-22T02:29:40.480014+00:00,3,32570,84
2026-09-22T02:29:45.545488+00:00,0,32602,80
2026-09-22T02:29:45.545488+00:00,1,32632,80
2026-09-22T02:29:45.545488+00:00,2,32584,86
2026-09-22T02:29:45.545488+00:00,3,32570,80
2026-09-22T02:29:50.606111+00:00,0,32602,81
2026-09-22T02:29:50.606111+00:00,1,32632,84
2026-09-22T02:29:50.606111+00:00,2,32584,83
2026-09-22T02:29:50.606111+00:00,3,32570,81
2026-09-22T02:29:55.674090+00:00,0,32602,82
2026-09-22T02:29:55.674090+00:00,1,32632,85
2026-09-22T02:29:55.674090+00:00,2,32584,82
2026-09-22T02:29:55.674090+00:00,3,32570,83
2026-09-22T02:30:00.741890+00:00,0,32602,83
2026-09-22T02:30:00.741890+00:00,1,32632,84
2026-09-22T02:30:00.741890+00:00,2,32584,80
2026-09-22T02:30:00.741890+00:00,3,32570,80
2026-09-22T02:30:05.811342+00:00,0,32602,84
2026-09-22T02:30:05.811342+00:00,1,32632,84
2026-09-22T02:30:05.811342+00:00,2,32584,80
2026-09-22T02:30:05.811342+00:00,3,32570,84
2026-09-22T02:30:10.874457+00:00,0,32602,84
2026-09-22T02:30:10.874457+00:00,1,32632,80
2026-09-22T02:30:10.874457+00:00,2,32584,84
2026-09-22T02:30:10.874457+00:00,3,32570,78
2026-09-22T02:30:15.940215+00:00,0,32602,81
2026-09-22T02:30:15.940215+00:00,1,32632,81
2026-09-22T02:30:15.940215+00:00,2,32584,81
2026-09-22T02:30:15.940215+00:00,3,32570,82
2026-09-22T02:30:21.012538+00:00,0,32602,82
2026-09-22T02:30:21.012538+00:00,1,32632,80
2026-09-22T02:30:21.012538+00:00,2,32584,79
2026-09-22T02:30:21.012538+00:00,3,32570,82
2026-09-22T02:30:26.082848+00:00,0,32602,82
2026-09-22T02:30:26.082848+00:00,1,32632,82
2026-09-22T02:30:26.082848+00:00,2,32584,85
2026-09-22T02:30:26.082848+00:00,3,32570,81
2026-09-22T02:30:31.152271+00:00,0,32602,83
2026-09-22T02:30:31.152271+00:00,1,32632,84
2026-09-22T02:30:31.152271+00:00,2,32584,87
2026-09-22T02:30:31.152271+00:00,3,32570,87
2026-09-22T02:30:36.220702+00:00,0,32602,85
2026-09-22T02:30:36.220702+00:00,1,32632,84
2026-09-22T02:30:36.220702+00:00,2,32584,85
2026-09-22T02:30:36.220702+00:00,3,32570,81
2026-09-22T02:30:41.290787+00:00,0,32602,83
2026-09-22T02:30:41.290787+00:00,1,32632,82
2026-09-22T02:30:41.290787+00:00,2,32584,85
2026-09-22T02:30:41.290787+00:00,3,32570,85
2026-09-22T02:30:46.361691+00:00,0,32602,84
2026-09-22T02:30:46.361691+00:00,1,32632,81
2026-09-22T02:30:46.361691+00:00,2,32584,83
2026-09-22T02:30:46.361691+00:00,3,32570,87
2026-09-22T02:30:51.432163+00:00,0,32602,81
2026-09-22T02:30:51.432163+00:00,1,32632,80
2026-09-22T02:30:51.432163+00:00,2,32584,84
2026-09-22T02:30:51.432163+00:00,3,32570,83
2026-09-22T02:30:56.499687+00:00,0,32602,85
2026-09-22T02:30:56.499687+00:00,1,32632,83
2026-09-22T02:30:56.499687+00:00,2,32584,85
2026-09-22T02:30:56.499687+00:00,3,32570,85
2026-09-22T02:31:01.564864+00:00,0,32602,84
2026-09-22T02:31:01.564864+00:00,1,32632,83
2026-09-22T02:31:01.564864+00:00,2,32584,81
2026-09-22T02:31:01.564864+00:00,3,32570,81
2026-09-22T02:31:06.631597+00:00,0,32602,0
2026-09-22T02:31:06.631597+00:00,1,32632,0
2026-09-22T02:31:06.631597+00:00,2,32584,84
2026-09-22T02:31:06.631597+00:00,3,32570,0
2026-09-22T02:31:11.692855+00:00,0,11394,94
2026-09-22T02:31:11.692855+00:00,1,11434,65
2026-09-22T02:31:11.692855+00:00,2,11354,57
2026-09-22T02:31:11.692855+00:00,3,11394,62
2026-09-22T02:31:16.761447+00:00,0,11958,99
2026-09-22T02:31:16.761447+00:00,1,11858,99
2026-09-22T02:31:16.761447+00:00,2,11978,99
2026-09-22T02:31:16.761447+00:00,3,11858,99
2026-09-22T02:31:21.833993+00:00,0,12004,99
2026-09-22T02:31:21.833993+00:00,1,11964,98
2026-09-22T02:31:21.833993+00:00,2,12024,98
2026-09-22T02:31:21.833993+00:00,3,11924,99
2026-09-22T02:31:26.905286+00:00,0,24084,99
2026-09-22T02:31:26.905286+00:00,1,24166,98
2026-09-22T02:31:26.905286+00:00,2,24144,97
2026-09-22T02:31:26.905286+00:00,3,24146,97
2026-09-22T02:31:31.978333+00:00,0,25406,99
2026-09-22T02:31:31.978333+00:00,1,25406,99
2026-09-22T02:31:31.978333+00:00,2,25406,99
2026-09-22T02:31:31.978333+00:00,3,25406,99
2026-09-22T02:31:37.053601+00:00,0,25408,99
2026-09-22T02:31:37.053601+00:00,1,25408,98
2026-09-22T02:31:37.053601+00:00,2,25408,98
2026-09-22T02:31:37.053601+00:00,3,25428,98
2026-09-22T02:31:42.123493+00:00,0,27470,99
2026-09-22T02:31:42.123493+00:00,1,27170,99
2026-09-22T02:31:42.123493+00:00,2,27590,99
2026-09-22T02:31:42.123493+00:00,3,27370,99
2026-09-22T02:31:47.199861+00:00,0,27812,99
2026-09-22T02:31:47.199861+00:00,1,28052,99
2026-09-22T02:31:47.199861+00:00,2,28310,97
2026-09-22T02:31:47.199861+00:00,3,27932,98
2026-09-22T02:31:52.266296+00:00,0,27834,99
2026-09-22T02:31:52.266296+00:00,1,28054,99
2026-09-22T02:31:52.266296+00:00,2,28314,99
2026-09-22T02:31:52.266296+00:00,3,27954,98
2026-09-22T02:31:57.338948+00:00,0,27834,87
2026-09-22T02:31:57.338948+00:00,1,28054,98
2026-09-22T02:31:57.338948+00:00,2,28314,98
2026-09-22T02:31:57.338948+00:00,3,27954,88
2026-09-22T02:32:02.414518+00:00,0,27836,99
2026-09-22T02:32:02.414518+00:00,1,28056,99
2026-09-22T02:32:02.414518+00:00,2,28316,99
2026-09-22T02:32:02.414518+00:00,3,27956,99
2026-09-22T02:32:07.493096+00:00,0,5590,100
2026-09-22T02:32:07.493096+00:00,1,5770,100
2026-09-22T02:32:07.493096+00:00,2,5770,100
2026-09-22T02:32:07.493096+00:00,3,5770,100
2026-09-22T02:32:12.558423+00:00,0,9722,7
2026-09-22T02:32:12.558423+00:00,1,9722,5
2026-09-22T02:32:12.558423+00:00,2,9722,5
2026-09-22T02:32:12.558423+00:00,3,9722,7
2026-09-22T02:32:17.611452+00:00,0,11052,100
2026-09-22T02:32:17.611452+00:00,1,11052,6
2026-09-22T02:32:17.611452+00:00,2,11052,100
2026-09-22T02:32:17.611452+00:00,3,11050,100
2026-09-22T02:32:22.672507+00:00,0,3338,74
2026-09-22T02:32:22.672507+00:00,1,2906,84
2026-09-22T02:32:22.672507+00:00,2,2906,82
2026-09-22T02:32:22.672507+00:00,3,2906,81
2026-09-22T02:32:27.737581+00:00,0,32554,71
2026-09-22T02:32:27.737581+00:00,1,32580,76
2026-09-22T02:32:27.737581+00:00,2,32570,74
2026-09-22T02:32:27.737581+00:00,3,32596,72
2026-09-22T02:32:32.794390+00:00,0,32554,72
2026-09-22T02:32:32.794390+00:00,1,32580,74
2026-09-22T02:32:32.794390+00:00,2,32570,75
2026-09-22T02:32:32.794390+00:00,3,32596,80
2026-09-22T02:32:37.857824+00:00,0,32554,75
2026-09-22T02:32:37.857824+00:00,1,32580,80
2026-09-22T02:32:37.857824+00:00,2,32570,82
2026-09-22T02:32:37.857824+00:00,3,32596,73
2026-09-22T02:32:42.924530+00:00,0,32554,79
2026-09-22T02:32:42.924530+00:00,1,32580,75
2026-09-22T02:32:42.924530+00:00,2,32570,74
2026-09-22T02:32:42.924530+00:00,3,32596,74
2026-09-22T02:32:47.991197+00:00,0,32554,79
2026-09-22T02:32:47.991197+00:00,1,32580,81
2026-09-22T02:32:47.991197+00:00,2,32570,85
2026-09-22T02:32:47.991197+00:00,3,32596,77
2026-09-22T02:32:53.060267+00:00,0,32554,77
2026-09-22T02:32:53.060267+00:00,1,32580,78
2026-09-22T02:32:53.060267+00:00,2,32570,79
2026-09-22T02:32:53.060267+00:00,3,32596,75
2026-09-22T02:32:58.128965+00:00,0,32554,78
2026-09-22T02:32:58.128965+00:00,1,32580,75
2026-09-22T02:32:58.128965+00:00,2,32570,80
2026-09-22T02:32:58.128965+00:00,3,32596,78
2026-09-22T02:33:03.197410+00:00,0,32554,78
2026-09-22T02:33:03.197410+00:00,1,32580,74
2026-09-22T02:33:03.197410+00:00,2,32570,78
2026-09-22T02:33:03.197410+00:00,3,32596,75
2026-09-22T02:33:08.264165+00:00,0,32554,76
2026-09-22T02:33:08.264165+00:00,1,32580,79
2026-09-22T02:33:08.264165+00:00,2,32570,78
2026-09-22T02:33:08.264165+00:00,3,32596,82
2026-09-22T02:33:13.341275+00:00,0,32554,78
2026-09-22T02:33:13.341275+00:00,1,32580,82
2026-09-22T02:33:13.341275+00:00,2,32570,80
2026-09-22T02:33:13.341275+00:00,3,32596,81
2026-09-22T02:33:18.401222+00:00,0,32554,82
2026-09-22T02:33:18.401222+00:00,1,32580,80
2026-09-22T02:33:18.401222+00:00,2,32570,81
2026-09-22T02:33:18.401222+00:00,3,32596,80
2026-09-22T02:33:23.473985+00:00,0,32554,82
2026-09-22T02:33:23.473985+00:00,1,32580,82
2026-09-22T02:33:23.473985+00:00,2,32570,82
2026-09-22T02:33:23.473985+00:00,3,32596,81
2026-09-22T02:33:28.537302+00:00,0,32554,81
2026-09-22T02:33:28.537302+00:00,1,32580,80
2026-09-22T02:33:28.537302+00:00,2,32570,83
2026-09-22T02:33:28.537302+00:00,3,32596,87
2026-09-22T02:33:33.603813+00:00,0,32554,79
2026-09-22T02:33:33.603813+00:00,1,32580,83
2026-09-22T02:33:33.603813+00:00,2,32570,82
2026-09-22T02:33:33.603813+00:00,3,32596,79
2026-09-22T02:33:38.670182+00:00,0,32554,80
2026-09-22T02:33:38.670182+00:00,1,32580,78
2026-09-22T02:33:38.670182+00:00,2,32570,80
2026-09-22T02:33:38.670182+00:00,3,32596,81
2026-09-22T02:33:43.739494+00:00,0,32554,79
2026-09-22T02:33:43.739494+00:00,1,32580,82
2026-09-22T02:33:43.739494+00:00,2,32570,81
2026-09-22T02:33:43.739494+00:00,3,32596,84
2026-09-22T02:33:48.807840+00:00,0,32554,80
2026-09-22T02:33:48.807840+00:00,1,32580,78
2026-09-22T02:33:48.807840+00:00,2,32570,84
2026-09-22T02:33:48.807840+00:00,3,32596,81
2026-09-22T02:33:53.872962+00:00,0,32554,84
2026-09-22T02:33:53.872962+00:00,1,32580,79
2026-09-22T02:33:53.872962+00:00,2,32570,83
2026-09-22T02:33:53.872962+00:00,3,32596,85
2026-09-22T02:33:58.941635+00:00,0,32554,84
2026-09-22T02:33:58.941635+00:00,1,32580,83
2026-09-22T02:33:58.941635+00:00,2,32570,81
2026-09-22T02:33:58.941635+00:00,3,32596,83
2026-09-22T02:34:04.008081+00:00,0,32554,83
2026-09-22T02:34:04.008081+00:00,1,32580,88
2026-09-22T02:34:04.008081+00:00,2,32570,83
2026-09-22T02:34:04.008081+00:00,3,32596,84
2026-09-22T02:34:09.079421+00:00,0,32554,83
2026-09-22T02:34:09.079421+00:00,1,32580,81
2026-09-22T02:34:09.079421+00:00,2,32570,84
2026-09-22T02:34:09.079421+00:00,3,32596,85
2026-09-22T02:34:14.153968+00:00,0,32554,83
2026-09-22T02:34:14.153968+00:00,1,32580,87
2026-09-22T02:34:14.153968+00:00,2,32570,84
2026-09-22T02:34:14.153968+00:00,3,32596,83
2026-09-22T02:34:19.216458+00:00,0,32554,83
2026-09-22T02:34:19.216458+00:00,1,32580,82
2026-09-22T02:34:19.216458+00:00,2,32570,83
2026-09-22T02:34:19.216458+00:00,3,32596,86
2026-09-22T02:34:24.284921+00:00,0,32554,85
2026-09-22T02:34:24.284921+00:00,1,32580,86
2026-09-22T02:34:24.284921+00:00,2,32570,88
2026-09-22T02:34:24.284921+00:00,3,32596,87
2026-09-22T02:34:29.345065+00:00,0,32554,80
2026-09-22T02:34:29.345065+00:00,1,32580,85
2026-09-22T02:34:29.345065+00:00,2,32570,84
2026-09-22T02:34:29.345065+00:00,3,32596,84
2026-09-22T02:34:34.416399+00:00,0,32554,0
2026-09-22T02:34:34.416399+00:00,1,32580,87
2026-09-22T02:34:34.416399+00:00,2,32570,0
2026-09-22T02:34:34.416399+00:00,3,32596,79
2026-09-22T02:34:39.481300+00:00,0,12414,96
2026-09-22T02:34:39.481300+00:00,1,12454,94
2026-09-22T02:34:39.481300+00:00,2,12194,95
2026-09-22T02:34:39.481300+00:00,3,12234,96
2026-09-22T02:34:44.550057+00:00,0,12738,99
2026-09-22T02:34:44.550057+00:00,1,12578,99
2026-09-22T02:34:44.550057+00:00,2,12600,99
2026-09-22T02:34:44.550057+00:00,3,12800,99
2026-09-22T02:34:49.620855+00:00,0,12744,99
2026-09-22T02:34:49.620855+00:00,1,12584,99
2026-09-22T02:34:49.620855+00:00,2,12624,99
2026-09-22T02:34:49.620855+00:00,3,12804,99
2026-09-22T02:34:54.684791+00:00,0,25386,98
2026-09-22T02:34:54.684791+00:00,1,25384,98
2026-09-22T02:34:54.684791+00:00,2,25384,98
2026-09-22T02:34:54.684791+00:00,3,25406,98
2026-09-22T02:34:59.764932+00:00,0,28166,99
2026-09-22T02:34:59.764932+00:00,1,28226,99
2026-09-22T02:34:59.764932+00:00,2,27246,99
2026-09-22T02:34:59.764932+00:00,3,27386,99
2026-09-22T02:35:04.838994+00:00,0,28448,99
2026-09-22T02:35:04.838994+00:00,1,28328,98
2026-09-22T02:35:04.838994+00:00,2,28308,99
2026-09-22T02:35:04.838994+00:00,3,28208,98
2026-09-22T02:35:09.909082+00:00,0,29550,99
2026-09-22T02:35:09.909082+00:00,1,28810,99
2026-09-22T02:35:09.909082+00:00,2,28990,99
2026-09-22T02:35:09.909082+00:00,3,29770,99
2026-09-22T02:35:14.985958+00:00,0,29552,99
2026-09-22T02:35:14.985958+00:00,1,28812,99
2026-09-22T02:35:14.985958+00:00,2,29112,99
2026-09-22T02:35:14.985958+00:00,3,29772,99
2026-09-22T02:35:20.061291+00:00,0,29552,99
2026-09-22T02:35:20.061291+00:00,1,28812,98
2026-09-22T02:35:20.061291+00:00,2,29112,99
2026-09-22T02:35:20.061291+00:00,3,29774,99
2026-09-22T02:35:25.143893+00:00,0,29556,99
2026-09-22T02:35:25.143893+00:00,1,28816,99
2026-09-22T02:35:25.143893+00:00,2,29116,99
2026-09-22T02:35:25.143893+00:00,3,29776,99
2026-09-22T02:35:30.214315+00:00,0,29556,99
2026-09-22T02:35:30.214315+00:00,1,28816,99
2026-09-22T02:35:30.214315+00:00,2,29116,99
2026-09-22T02:35:30.214315+00:00,3,29776,98
2026-09-22T02:35:35.300299+00:00,0,6476,83
2026-09-22T02:35:35.300299+00:00,1,6476,68
2026-09-22T02:35:35.300299+00:00,2,6476,71
2026-09-22T02:35:35.300299+00:00,3,6476,85
2026-09-22T02:35:40.368818+00:00,0,9864,5
2026-09-22T02:35:40.368818+00:00,1,10232,7
2026-09-22T02:35:40.368818+00:00,2,10172,7
2026-09-22T02:35:40.368818+00:00,3,10090,8
2026-09-22T02:35:45.423204+00:00,0,11052,21
2026-09-22T02:35:45.423204+00:00,1,11052,23
2026-09-22T02:35:45.423204+00:00,2,11052,22
2026-09-22T02:35:45.423204+00:00,3,11050,21
2026-09-22T02:35:50.481687+00:00,0,4832,11
2026-09-22T02:35:50.481687+00:00,1,4832,10
2026-09-22T02:35:50.481687+00:00,2,4832,12
2026-09-22T02:35:50.481687+00:00,3,4832,10
2026-09-22T02:35:55.533552+00:00,0,32544,74
2026-09-22T02:35:55.533552+00:00,1,32546,72
2026-09-22T02:35:55.533552+00:00,2,32576,77
2026-09-22T02:35:55.533552+00:00,3,32552,79
2026-09-22T02:36:00.595082+00:00,0,32544,75
2026-09-22T02:36:00.595082+00:00,1,32546,76
2026-09-22T02:36:00.595082+00:00,2,32576,76
2026-09-22T02:36:00.595082+00:00,3,32552,74
2026-09-22T02:36:05.658638+00:00,0,32544,75
2026-09-22T02:36:05.658638+00:00,1,32546,77
2026-09-22T02:36:05.658638+00:00,2,32576,74
2026-09-22T02:36:05.658638+00:00,3,32552,74
2026-09-22T02:36:10.715063+00:00,0,32544,84
2026-09-22T02:36:10.715063+00:00,1,32546,79
2026-09-22T02:36:10.715063+00:00,2,32576,78
2026-09-22T02:36:10.715063+00:00,3,32552,78
2026-09-22T02:36:15.781899+00:00,0,32544,81
2026-09-22T02:36:15.781899+00:00,1,32546,77
2026-09-22T02:36:15.781899+00:00,2,32576,74
2026-09-22T02:36:15.781899+00:00,3,32552,78
2026-09-22T02:36:20.850408+00:00,0,32544,77
2026-09-22T02:36:20.850408+00:00,1,32546,79
2026-09-22T02:36:20.850408+00:00,2,32576,77
2026-09-22T02:36:20.850408+00:00,3,32552,77
2026-09-22T02:36:25.919269+00:00,0,32544,78
2026-09-22T02:36:25.919269+00:00,1,32546,86
2026-09-22T02:36:25.919269+00:00,2,32576,83
2026-09-22T02:36:25.919269+00:00,3,32552,79
2026-09-22T02:36:30.986907+00:00,0,32544,81
2026-09-22T02:36:30.986907+00:00,1,32546,80
2026-09-22T02:36:30.986907+00:00,2,32576,74
2026-09-22T02:36:30.986907+00:00,3,32552,78
2026-09-22T02:36:36.055684+00:00,0,32544,77
2026-09-22T02:36:36.055684+00:00,1,32546,80
2026-09-22T02:36:36.055684+00:00,2,32576,79
2026-09-22T02:36:36.055684+00:00,3,32552,79
2026-09-22T02:36:41.119747+00:00,0,32544,84
2026-09-22T02:36:41.119747+00:00,1,32546,79
2026-09-22T02:36:41.119747+00:00,2,32576,82
2026-09-22T02:36:41.119747+00:00,3,32552,82
2026-09-22T02:36:46.177643+00:00,0,32544,83
2026-09-22T02:36:46.177643+00:00,1,32546,83
2026-09-22T02:36:46.177643+00:00,2,32576,79
2026-09-22T02:36:46.177643+00:00,3,32552,79
2026-09-22T02:36:51.244068+00:00,0,32544,83
2026-09-22T02:36:51.244068+00:00,1,32546,79
2026-09-22T02:36:51.244068+00:00,2,32576,81
2026-09-22T02:36:51.244068+00:00,3,32552,82
2026-09-22T02:36:56.312970+00:00,0,32544,87
2026-09-22T02:36:56.312970+00:00,1,32546,84
2026-09-22T02:36:56.312970+00:00,2,32576,83
2026-09-22T02:36:56.312970+00:00,3,32552,81
2026-09-22T02:37:01.381211+00:00,0,32544,79
2026-09-22T02:37:01.381211+00:00,1,32546,82
2026-09-22T02:37:01.381211+00:00,2,32576,81
2026-09-22T02:37:01.381211+00:00,3,32552,80
2026-09-22T02:37:06.451470+00:00,0,32544,80
2026-09-22T02:37:06.451470+00:00,1,32546,81
2026-09-22T02:37:06.451470+00:00,2,32576,83
2026-09-22T02:37:06.451470+00:00,3,32552,82
2026-09-22T02:37:11.511517+00:00,0,32544,82
2026-09-22T02:37:11.511517+00:00,1,32546,81
2026-09-22T02:37:11.511517+00:00,2,32576,81
2026-09-22T02:37:11.511517+00:00,3,32552,85
2026-09-22T02:37:16.580815+00:00,0,32544,82
2026-09-22T02:37:16.580815+00:00,1,32546,89
2026-09-22T02:37:16.580815+00:00,2,32576,80
2026-09-22T02:37:16.580815+00:00,3,32552,82
2026-09-22T02:37:21.648161+00:00,0,32544,81
2026-09-22T02:37:21.648161+00:00,1,32546,82
2026-09-22T02:37:21.648161+00:00,2,32576,81
2026-09-22T02:37:21.648161+00:00,3,32552,79
2026-09-22T02:37:26.712832+00:00,0,32544,83
2026-09-22T02:37:26.712832+00:00,1,32546,81
2026-09-22T02:37:26.712832+00:00,2,32576,82
2026-09-22T02:37:26.712832+00:00,3,32552,80
2026-09-22T02:37:31.779778+00:00,0,32544,82
2026-09-22T02:37:31.779778+00:00,1,32546,83
2026-09-22T02:37:31.779778+00:00,2,32576,82
2026-09-22T02:37:31.779778+00:00,3,32552,84
2026-09-22T02:37:36.848463+00:00,0,32544,83
2026-09-22T02:37:36.848463+00:00,1,32546,86
2026-09-22T02:37:36.848463+00:00,2,32576,85
2026-09-22T02:37:36.848463+00:00,3,32552,83
2026-09-22T02:37:41.919534+00:00,0,32544,83
2026-09-22T02:37:41.919534+00:00,1,32546,86
2026-09-22T02:37:41.919534+00:00,2,32576,87
2026-09-22T02:37:41.919534+00:00,3,32552,82
2026-09-22T02:37:46.987239+00:00,0,32544,88
2026-09-22T02:37:46.987239+00:00,1,32546,84
2026-09-22T02:37:46.987239+00:00,2,32576,82
2026-09-22T02:37:46.987239+00:00,3,32552,82
2026-09-22T02:37:52.058187+00:00,0,32544,87
2026-09-22T02:37:52.058187+00:00,1,32546,84
2026-09-22T02:37:52.058187+00:00,2,32576,83
2026-09-22T02:37:52.058187+00:00,3,32552,81
2026-09-22T02:37:57.120598+00:00,0,32544,82
2026-09-22T02:37:57.120598+00:00,1,32546,82
2026-09-22T02:37:57.120598+00:00,2,32576,83
2026-09-22T02:37:57.120598+00:00,3,32552,0
2026-09-22T02:38:02.185977+00:00,0,1200,0
2026-09-22T02:38:02.185977+00:00,1,1200,0
2026-09-22T02:38:02.185977+00:00,2,1200,0
2026-09-22T02:38:02.185977+00:00,3,1200,0
2026-09-22T02:38:07.244840+00:00,0,12196,99
2026-09-22T02:38:07.244840+00:00,1,12136,99
2026-09-22T02:38:07.244840+00:00,2,12276,98
2026-09-22T02:38:07.244840+00:00,3,12196,99
2026-09-22T02:38:12.322310+00:00,0,12422,98
2026-09-22T02:38:12.322310+00:00,1,12402,99
2026-09-22T02:38:12.322310+00:00,2,12562,99
2026-09-22T02:38:12.322310+00:00,3,12362,99
2026-09-22T02:38:17.395403+00:00,0,26656,99
2026-09-22T02:38:17.395403+00:00,1,26256,99
2026-09-22T02:38:17.395403+00:00,2,25414,99
2026-09-22T02:38:17.395403+00:00,3,25414,99
2026-09-22T02:38:22.473882+00:00,0,26666,99
2026-09-22T02:38:22.473882+00:00,1,26266,97
2026-09-22T02:38:22.473882+00:00,2,25546,97
2026-09-22T02:38:22.473882+00:00,3,25526,98
2026-09-22T02:38:27.549692+00:00,0,27128,99
2026-09-22T02:38:27.549692+00:00,1,27028,99
2026-09-22T02:38:27.549692+00:00,2,26488,99
2026-09-22T02:38:27.549692+00:00,3,26388,98
2026-09-22T02:38:32.618737+00:00,0,27730,98
2026-09-22T02:38:32.618737+00:00,1,27030,95
2026-09-22T02:38:32.618737+00:00,2,27570,99
2026-09-22T02:38:32.618737+00:00,3,27230,96
2026-09-22T02:38:37.682956+00:00,0,28172,99
2026-09-22T02:38:37.682956+00:00,1,28132,98
2026-09-22T02:38:37.682956+00:00,2,28732,99
2026-09-22T02:38:37.682956+00:00,3,27930,99
2026-09-22T02:38:42.755266+00:00,0,28174,98
2026-09-22T02:38:42.755266+00:00,1,28134,97
2026-09-22T02:38:42.755266+00:00,2,28734,97
2026-09-22T02:38:42.755266+00:00,3,27934,99
2026-09-22T02:38:47.830111+00:00,0,28176,98
2026-09-22T02:38:47.830111+00:00,1,28136,99
2026-09-22T02:38:47.830111+00:00,2,28736,99
2026-09-22T02:38:47.830111+00:00,3,27934,99
2026-09-22T02:38:52.904596+00:00,0,28176,99
2026-09-22T02:38:52.904596+00:00,1,28136,98
2026-09-22T02:38:52.904596+00:00,2,28736,98
2026-09-22T02:38:52.904596+00:00,3,27936,99
2026-09-22T02:38:57.967320+00:00,0,10172,70
2026-09-22T02:38:57.967320+00:00,1,10008,75
2026-09-22T02:38:57.967320+00:00,2,10028,65
2026-09-22T02:38:57.967320+00:00,3,10232,83
2026-09-22T02:39:03.030023+00:00,0,9722,7
2026-09-22T02:39:03.030023+00:00,1,9802,6
2026-09-22T02:39:03.030023+00:00,2,9722,6
2026-09-22T02:39:03.030023+00:00,3,9824,6
2026-09-22T02:39:08.090254+00:00,0,11052,19
2026-09-22T02:39:08.090254+00:00,1,11052,33
2026-09-22T02:39:08.090254+00:00,2,11052,37
2026-09-22T02:39:08.090254+00:00,3,11050,35
2026-09-22T02:39:13.152665+00:00,0,4832,0
2026-09-22T02:39:13.152665+00:00,1,4832,0
2026-09-22T02:39:13.152665+00:00,2,4834,0
2026-09-22T02:39:13.152665+00:00,3,4834,21
2026-09-22T02:39:18.209323+00:00,0,32578,78
2026-09-22T02:39:18.209323+00:00,1,32560,73
2026-09-22T02:39:18.209323+00:00,2,32556,72
2026-09-22T02:39:18.209323+00:00,3,32584,79
2026-09-22T02:39:23.274244+00:00,0,32578,73
2026-09-22T02:39:23.274244+00:00,1,32560,79
2026-09-22T02:39:23.274244+00:00,2,32556,74
2026-09-22T02:39:23.274244+00:00,3,32584,74
2026-09-22T02:39:28.339797+00:00,0,32578,77
2026-09-22T02:39:28.339797+00:00,1,32560,77
2026-09-22T02:39:28.339797+00:00,2,32556,75
2026-09-22T02:39:28.339797+00:00,3,32584,80
2026-09-22T02:39:33.398138+00:00,0,32578,77
2026-09-22T02:39:33.398138+00:00,1,32560,82
2026-09-22T02:39:33.398138+00:00,2,32556,80
2026-09-22T02:39:33.398138+00:00,3,32584,79
2026-09-22T02:39:38.462984+00:00,0,32578,78
2026-09-22T02:39:38.462984+00:00,1,32560,77
2026-09-22T02:39:38.462984+00:00,2,32556,77
2026-09-22T02:39:38.462984+00:00,3,32584,82
2026-09-22T02:39:43.521515+00:00,0,32578,74
2026-09-22T02:39:43.521515+00:00,1,32560,83
2026-09-22T02:39:43.521515+00:00,2,32556,77
2026-09-22T02:39:43.521515+00:00,3,32584,75
2026-09-22T02:39:48.588509+00:00,0,32578,85
2026-09-22T02:39:48.588509+00:00,1,32560,78
2026-09-22T02:39:48.588509+00:00,2,32556,79
2026-09-22T02:39:48.588509+00:00,3,32584,76
2026-09-22T02:39:53.655969+00:00,0,32578,77
2026-09-22T02:39:53.655969+00:00,1,32560,80
2026-09-22T02:39:53.655969+00:00,2,32556,80
2026-09-22T02:39:53.655969+00:00,3,32584,80
2026-09-22T02:39:58.720781+00:00,0,32578,80
2026-09-22T02:39:58.720781+00:00,1,32560,78
2026-09-22T02:39:58.720781+00:00,2,32556,80
2026-09-22T02:39:58.720781+00:00,3,32584,85
2026-09-22T02:40:03.788177+00:00,0,32578,81
2026-09-22T02:40:03.788177+00:00,1,32560,77
2026-09-22T02:40:03.788177+00:00,2,32556,82
2026-09-22T02:40:03.788177+00:00,3,32584,78
2026-09-22T02:40:08.862220+00:00,0,32578,81
2026-09-22T02:40:08.862220+00:00,1,32560,78
2026-09-22T02:40:08.862220+00:00,2,32556,80
2026-09-22T02:40:08.862220+00:00,3,32584,78
2026-09-22T02:40:13.931917+00:00,0,32578,79
2026-09-22T02:40:13.931917+00:00,1,32560,79
2026-09-22T02:40:13.931917+00:00,2,32556,80
2026-09-22T02:40:13.931917+00:00,3,32584,79
2026-09-22T02:40:18.998576+00:00,0,32578,77
2026-09-22T02:40:18.998576+00:00,1,32560,80
2026-09-22T02:40:18.998576+00:00,2,32556,80
2026-09-22T02:40:18.998576+00:00,3,32584,79
2026-09-22T02:40:24.070231+00:00,0,32578,81
2026-09-22T02:40:24.070231+00:00,1,32560,80
2026-09-22T02:40:24.070231+00:00,2,32556,79
2026-09-22T02:40:24.070231+00:00,3,32584,82
2026-09-22T02:40:29.133913+00:00,0,32578,81
2026-09-22T02:40:29.133913+00:00,1,32560,79
2026-09-22T02:40:29.133913+00:00,2,32556,83
2026-09-22T02:40:29.133913+00:00,3,32584,80
2026-09-22T02:40:34.204022+00:00,0,32578,82
2026-09-22T02:40:34.204022+00:00,1,32560,79
2026-09-22T02:40:34.204022+00:00,2,32556,82
2026-09-22T02:40:34.204022+00:00,3,32584,83
2026-09-22T02:40:39.270967+00:00,0,32578,82
2026-09-22T02:40:39.270967+00:00,1,32560,84
2026-09-22T02:40:39.270967+00:00,2,32556,83
2026-09-22T02:40:39.270967+00:00,3,32584,82
2026-09-22T02:40:44.335015+00:00,0,32578,82
2026-09-22T02:40:44.335015+00:00,1,32560,79
2026-09-22T02:40:44.335015+00:00,2,32556,82
2026-09-22T02:40:44.335015+00:00,3,32584,84
2026-09-22T02:40:49.402847+00:00,0,32578,84
2026-09-22T02:40:49.402847+00:00,1,32560,85
2026-09-22T02:40:49.402847+00:00,2,32556,85
2026-09-22T02:40:49.402847+00:00,3,32584,84
2026-09-22T02:40:54.473711+00:00,0,32578,87
2026-09-22T02:40:54.473711+00:00,1,32560,82
2026-09-22T02:40:54.473711+00:00,2,32556,84
2026-09-22T02:40:54.473711+00:00,3,32584,83
2026-09-22T02:40:59.541534+00:00,0,32578,77
2026-09-22T02:40:59.541534+00:00,1,32560,82
2026-09-22T02:40:59.541534+00:00,2,32556,83
2026-09-22T02:40:59.541534+00:00,3,32584,82
2026-09-22T02:41:04.610479+00:00,0,32578,81
2026-09-22T02:41:04.610479+00:00,1,32560,82
2026-09-22T02:41:04.610479+00:00,2,32556,82
2026-09-22T02:41:04.610479+00:00,3,32584,82
2026-09-22T02:41:09.681188+00:00,0,32578,82
2026-09-22T02:41:09.681188+00:00,1,32560,86
2026-09-22T02:41:09.681188+00:00,2,32556,80
2026-09-22T02:41:09.681188+00:00,3,32584,82
2026-09-22T02:41:14.749088+00:00,0,32578,83
2026-09-22T02:41:14.749088+00:00,1,32560,83
2026-09-22T02:41:14.749088+00:00,2,32556,84
2026-09-22T02:41:14.749088+00:00,3,32584,80
2026-09-22T02:41:19.810900+00:00,0,32578,83
2026-09-22T02:41:19.810900+00:00,1,32560,0
2026-09-22T02:41:19.810900+00:00,2,32556,84
2026-09-22T02:41:19.810900+00:00,3,32584,83
2026-09-22T02:41:24.875888+00:00,0,32578,80
2026-09-22T02:41:24.875888+00:00,1,32560,0
2026-09-22T02:41:24.875888+00:00,2,32556,0
2026-09-22T02:41:24.875888+00:00,3,32584,0
2026-09-22T02:41:29.936824+00:00,0,6594,98
2026-09-22T02:41:29.936824+00:00,1,6614,99
2026-09-22T02:41:29.936824+00:00,2,6594,99
2026-09-22T02:41:29.936824+00:00,3,6594,98
2026-09-22T02:41:35.006838+00:00,0,12218,99
2026-09-22T02:41:35.006838+00:00,1,12218,99
2026-09-22T02:41:35.006838+00:00,2,12358,98
2026-09-22T02:41:35.006838+00:00,3,12118,98
2026-09-22T02:41:40.077926+00:00,0,12304,99
2026-09-22T02:41:40.077926+00:00,1,12244,99
2026-09-22T02:41:40.077926+00:00,2,12364,99
2026-09-22T02:41:40.077926+00:00,3,12304,99
2026-09-22T02:41:45.150590+00:00,0,26386,98
2026-09-22T02:41:45.150590+00:00,1,25264,99
2026-09-22T02:41:45.150590+00:00,2,25244,99
2026-09-22T02:41:45.150590+00:00,3,25244,99
2026-09-22T02:41:50.230041+00:00,0,26386,98
2026-09-22T02:41:50.230041+00:00,1,26906,99
2026-09-22T02:41:50.230041+00:00,2,26706,99
2026-09-22T02:41:50.230041+00:00,3,26706,99
2026-09-22T02:41:55.304692+00:00,0,26808,97
2026-09-22T02:41:55.304692+00:00,1,27368,98
2026-09-22T02:41:55.304692+00:00,2,27368,98
2026-09-22T02:41:55.304692+00:00,3,26768,99
2026-09-22T02:42:00.387008+00:00,0,27690,98
2026-09-22T02:42:00.387008+00:00,1,27370,99
2026-09-22T02:42:00.387008+00:00,2,28050,99
2026-09-22T02:42:00.387008+00:00,3,27730,99
2026-09-22T02:42:05.456909+00:00,0,27692,100
2026-09-22T02:42:05.456909+00:00,1,27372,97
2026-09-22T02:42:05.456909+00:00,2,28052,98
2026-09-22T02:42:05.456909+00:00,3,27752,99
2026-09-22T02:42:10.522467+00:00,0,27694,98
2026-09-22T02:42:10.522467+00:00,1,27514,99
2026-09-22T02:42:10.522467+00:00,2,28054,99
2026-09-22T02:42:10.522467+00:00,3,27754,99
2026-09-22T02:42:15.591977+00:00,0,27696,98
2026-09-22T02:42:15.591977+00:00,1,27516,97
2026-09-22T02:42:15.591977+00:00,2,28056,98
2026-09-22T02:42:15.591977+00:00,3,27754,98
2026-09-22T02:42:20.658097+00:00,0,27698,99
2026-09-22T02:42:20.658097+00:00,1,27518,99
2026-09-22T02:42:20.658097+00:00,2,28058,99
2026-09-22T02:42:20.658097+00:00,3,27758,99
2026-09-22T02:42:25.725093+00:00,0,8814,80
2026-09-22T02:42:25.725093+00:00,1,8834,58
2026-09-22T02:42:25.725093+00:00,2,8814,80
2026-09-22T02:42:25.725093+00:00,3,8814,73
2026-09-22T02:42:30.790019+00:00,0,10008,7
2026-09-22T02:42:30.790019+00:00,1,10316,6
2026-09-22T02:42:30.790019+00:00,2,10376,7
2026-09-22T02:42:30.790019+00:00,3,10416,8
2026-09-22T02:42:35.849951+00:00,0,11052,26
2026-09-22T02:42:35.849951+00:00,1,11052,44
2026-09-22T02:42:35.849951+00:00,2,11052,34
2026-09-22T02:42:35.849951+00:00,3,11050,29
2026-09-22T02:42:40.922704+00:00,0,4832,8
2026-09-22T02:42:40.922704+00:00,1,4832,10
2026-09-22T02:42:40.922704+00:00,2,4832,11
2026-09-22T02:42:40.922704+00:00,3,4832,11
2026-09-22T02:42:45.972407+00:00,0,32590,72
2026-09-22T02:42:45.972407+00:00,1,32560,75
2026-09-22T02:42:45.972407+00:00,2,32566,72
2026-09-22T02:42:45.972407+00:00,3,32576,72
2026-09-22T02:42:51.036713+00:00,0,32590,76
2026-09-22T02:42:51.036713+00:00,1,32560,73
2026-09-22T02:42:51.036713+00:00,2,32566,76
2026-09-22T02:42:51.036713+00:00,3,32576,76
2026-09-22T02:42:56.101024+00:00,0,32590,76
2026-09-22T02:42:56.101024+00:00,1,32560,80
2026-09-22T02:42:56.101024+00:00,2,32566,73
2026-09-22T02:42:56.101024+00:00,3,32576,76
2026-09-22T02:43:01.168221+00:00,0,32590,77
2026-09-22T02:43:01.168221+00:00,1,32560,77
2026-09-22T02:43:01.168221+00:00,2,32566,80
2026-09-22T02:43:01.168221+00:00,3,32576,73
2026-09-22T02:43:06.237922+00:00,0,32590,79
2026-09-22T02:43:06.237922+00:00,1,32560,78
2026-09-22T02:43:06.237922+00:00,2,32566,80
2026-09-22T02:43:06.237922+00:00,3,32576,76
2026-09-22T02:43:11.305007+00:00,0,32590,75
2026-09-22T02:43:11.305007+00:00,1,32560,75
2026-09-22T02:43:11.305007+00:00,2,32566,75
2026-09-22T02:43:11.305007+00:00,3,32576,80
2026-09-22T02:43:16.369538+00:00,0,32590,76
2026-09-22T02:43:16.369538+00:00,1,32560,81
2026-09-22T02:43:16.369538+00:00,2,32566,82
2026-09-22T02:43:16.369538+00:00,3,32576,77
2026-09-22T02:43:21.434737+00:00,0,32590,77
2026-09-22T02:43:21.434737+00:00,1,32560,78
2026-09-22T02:43:21.434737+00:00,2,32566,82
2026-09-22T02:43:21.434737+00:00,3,32576,80
2026-09-22T02:43:26.505919+00:00,0,32590,81
2026-09-22T02:43:26.505919+00:00,1,32560,81
2026-09-22T02:43:26.505919+00:00,2,32566,78
2026-09-22T02:43:26.505919+00:00,3,32576,81
2026-09-22T02:43:31.571181+00:00,0,32590,79
2026-09-22T02:43:31.571181+00:00,1,32560,81
2026-09-22T02:43:31.571181+00:00,2,32566,76
2026-09-22T02:43:31.571181+00:00,3,32576,79
2026-09-22T02:43:36.635027+00:00,0,32590,78
2026-09-22T02:43:36.635027+00:00,1,32560,82
2026-09-22T02:43:36.635027+00:00,2,32566,80
2026-09-22T02:43:36.635027+00:00,3,32576,81
2026-09-22T02:43:41.703195+00:00,0,32590,86
2026-09-22T02:43:41.703195+00:00,1,32560,84
2026-09-22T02:43:41.703195+00:00,2,32566,82
2026-09-22T02:43:41.703195+00:00,3,32576,82
2026-09-22T02:43:46.771170+00:00,0,32590,83
2026-09-22T02:43:46.771170+00:00,1,32560,86
2026-09-22T02:43:46.771170+00:00,2,32566,80
2026-09-22T02:43:46.771170+00:00,3,32576,77
2026-09-22T02:43:51.839389+00:00,0,32590,84
2026-09-22T02:43:51.839389+00:00,1,32560,84
2026-09-22T02:43:51.839389+00:00,2,32566,83
2026-09-22T02:43:51.839389+00:00,3,32576,83
2026-09-22T02:43:56.908810+00:00,0,32590,81
2026-09-22T02:43:56.908810+00:00,1,32560,81
2026-09-22T02:43:56.908810+00:00,2,32566,83
2026-09-22T02:43:56.908810+00:00,3,32576,83
2026-09-22T02:44:01.975261+00:00,0,32590,79
2026-09-22T02:44:01.975261+00:00,1,32560,85
2026-09-22T02:44:01.975261+00:00,2,32566,82
2026-09-22T02:44:01.975261+00:00,3,32576,83
2026-09-22T02:44:07.042675+00:00,0,32590,83
2026-09-22T02:44:07.042675+00:00,1,32560,85
2026-09-22T02:44:07.042675+00:00,2,32566,82
2026-09-22T02:44:07.042675+00:00,3,32576,80
2026-09-22T02:44:12.108111+00:00,0,32590,82
2026-09-22T02:44:12.108111+00:00,1,32560,84
2026-09-22T02:44:12.108111+00:00,2,32566,84
2026-09-22T02:44:12.108111+00:00,3,32576,83
2026-09-22T02:44:17.173692+00:00,0,32590,84
2026-09-22T02:44:17.173692+00:00,1,32560,83
2026-09-22T02:44:17.173692+00:00,2,32566,80
2026-09-22T02:44:17.173692+00:00,3,32576,82
2026-09-22T02:44:22.241455+00:00,0,32590,83
2026-09-22T02:44:22.241455+00:00,1,32560,84
2026-09-22T02:44:22.241455+00:00,2,32566,84
2026-09-22T02:44:22.241455+00:00,3,32576,83
2026-09-22T02:44:27.310601+00:00,0,32590,83
2026-09-22T02:44:27.310601+00:00,1,32560,84
2026-09-22T02:44:27.310601+00:00,2,32566,83
2026-09-22T02:44:27.310601+00:00,3,32576,81
2026-09-22T02:44:32.394619+00:00,0,32590,79
2026-09-22T02:44:32.394619+00:00,1,32560,82
2026-09-22T02:44:32.394619+00:00,2,32566,85
2026-09-22T02:44:32.394619+00:00,3,32576,81
2026-09-22T02:44:37.461181+00:00,0,32590,84
2026-09-22T02:44:37.461181+00:00,1,32560,85
2026-09-22T02:44:37.461181+00:00,2,32566,82
2026-09-22T02:44:37.461181+00:00,3,32576,83
2026-09-22T02:44:42.537189+00:00,0,32590,82
2026-09-22T02:44:42.537189+00:00,1,32560,82
2026-09-22T02:44:42.537189+00:00,2,32566,84
2026-09-22T02:44:42.537189+00:00,3,32576,0
2026-09-22T02:44:47.599081+00:00,0,32590,0
2026-09-22T02:44:47.599081+00:00,1,32560,76
2026-09-22T02:44:47.599081+00:00,2,32566,0
2026-09-22T02:44:47.599081+00:00,3,32576,0
2026-09-22T02:44:52.659131+00:00,0,12074,98
2026-09-22T02:44:52.659131+00:00,1,11854,98
2026-09-22T02:44:52.659131+00:00,2,12094,98
2026-09-22T02:44:52.659131+00:00,3,12034,98
2026-09-22T02:44:57.731918+00:00,0,12280,99
2026-09-22T02:44:57.731918+00:00,1,12240,98
2026-09-22T02:44:57.731918+00:00,2,12240,98
2026-09-22T02:44:57.731918+00:00,3,12280,99
2026-09-22T02:45:02.800465+00:00,0,1206,88
2026-09-22T02:45:02.800465+00:00,1,1206,64
2026-09-22T02:45:02.800465+00:00,2,1206,74
2026-09-22T02:45:02.800465+00:00,3,1206,77
2026-09-22T02:45:07.856692+00:00,0,24346,98
2026-09-22T02:45:07.856692+00:00,1,24786,98
2026-09-22T02:45:07.856692+00:00,2,24466,98
2026-09-22T02:45:07.856692+00:00,3,25006,98
2026-09-22T02:45:12.932471+00:00,0,26928,98
2026-09-22T02:45:12.932471+00:00,1,25846,98
2026-09-22T02:45:12.932471+00:00,2,26946,97
2026-09-22T02:45:12.932471+00:00,3,26768,98
2026-09-22T02:45:18.000465+00:00,0,27708,99
2026-09-22T02:45:18.000465+00:00,1,28128,99
2026-09-22T02:45:18.000465+00:00,2,27868,99
2026-09-22T02:45:18.000465+00:00,3,27788,98
2026-09-22T02:45:23.076623+00:00,0,28350,99
2026-09-22T02:45:23.076623+00:00,1,28370,97
2026-09-22T02:45:23.076623+00:00,2,28410,99
2026-09-22T02:45:23.076623+00:00,3,28230,99
2026-09-22T02:45:28.143389+00:00,0,28352,99
2026-09-22T02:45:28.143389+00:00,1,28372,99
2026-09-22T02:45:28.143389+00:00,2,28412,99
2026-09-22T02:45:28.143389+00:00,3,28232,99
2026-09-22T02:45:33.216481+00:00,0,28354,99
2026-09-22T02:45:33.216481+00:00,1,28374,98
2026-09-22T02:45:33.216481+00:00,2,28414,97
2026-09-22T02:45:33.216481+00:00,3,28234,97
2026-09-22T02:45:38.292465+00:00,0,28356,99
2026-09-22T02:45:38.292465+00:00,1,28376,99
2026-09-22T02:45:38.292465+00:00,2,28416,99
2026-09-22T02:45:38.292465+00:00,3,28236,99
2026-09-22T02:45:43.368165+00:00,0,4700,100
2026-09-22T02:45:43.368165+00:00,1,4700,90
2026-09-22T02:45:43.368165+00:00,2,4700,100
2026-09-22T02:45:43.368165+00:00,3,4700,80
2026-09-22T02:45:48.436157+00:00,0,3108,49
2026-09-22T02:45:48.436157+00:00,1,3028,60
2026-09-22T02:45:48.436157+00:00,2,3008,57
2026-09-22T02:45:48.436157+00:00,3,2968,69
2026-09-22T02:45:53.500297+00:00,0,9722,6
2026-09-22T02:45:53.500297+00:00,1,9722,5
2026-09-22T02:45:53.500297+00:00,2,9722,6
2026-09-22T02:45:53.500297+00:00,3,9722,8
2026-09-22T02:45:58.559882+00:00,0,10396,6
2026-09-22T02:45:58.559882+00:00,1,10150,8
2026-09-22T02:45:58.559882+00:00,2,10396,6
2026-09-22T02:45:58.559882+00:00,3,10272,7
2026-09-22T02:46:03.621176+00:00,0,11052,27
2026-09-22T02:46:03.621176+00:00,1,11052,27
2026-09-22T02:46:03.621176+00:00,2,11052,25
2026-09-22T02:46:03.621176+00:00,3,11050,27
2026-09-22T02:46:08.682205+00:00,0,32440,0
2026-09-22T02:46:08.682205+00:00,1,32440,0
2026-09-22T02:46:08.682205+00:00,2,32442,0
2026-09-22T02:46:08.682205+00:00,3,4834,0
2026-09-22T02:46:13.730886+00:00,0,32576,76
2026-09-22T02:46:13.730886+00:00,1,32558,77
2026-09-22T02:46:13.730886+00:00,2,32568,74
2026-09-22T02:46:13.730886+00:00,3,32560,78
2026-09-22T02:46:18.796924+00:00,0,32576,75
2026-09-22T02:46:18.796924+00:00,1,32558,75
2026-09-22T02:46:18.796924+00:00,2,32568,76
2026-09-22T02:46:18.796924+00:00,3,32560,75
2026-09-22T02:46:23.861857+00:00,0,32576,77
2026-09-22T02:46:23.861857+00:00,1,32558,78
2026-09-22T02:46:23.861857+00:00,2,32568,77
2026-09-22T02:46:23.861857+00:00,3,32560,73
2026-09-22T02:46:28.925859+00:00,0,32576,79
2026-09-22T02:46:28.925859+00:00,1,32558,79
2026-09-22T02:46:28.925859+00:00,2,32568,80
2026-09-22T02:46:28.925859+00:00,3,32560,77
2026-09-22T02:46:33.986845+00:00,0,32576,76
2026-09-22T02:46:33.986845+00:00,1,32558,80
2026-09-22T02:46:33.986845+00:00,2,32568,78
2026-09-22T02:46:33.986845+00:00,3,32560,79
2026-09-22T02:46:39.055708+00:00,0,32576,80
2026-09-22T02:46:39.055708+00:00,1,32558,79
2026-09-22T02:46:39.055708+00:00,2,32568,81
2026-09-22T02:46:39.055708+00:00,3,32560,79
2026-09-22T02:46:44.119468+00:00,0,32576,81
2026-09-22T02:46:44.119468+00:00,1,32558,78
2026-09-22T02:46:44.119468+00:00,2,32568,82
2026-09-22T02:46:44.119468+00:00,3,32560,80
2026-09-22T02:46:49.184681+00:00,0,32576,81
2026-09-22T02:46:49.184681+00:00,1,32558,79
2026-09-22T02:46:49.184681+00:00,2,32568,83
2026-09-22T02:46:49.184681+00:00,3,32560,81
2026-09-22T02:46:54.252713+00:00,0,32576,85
2026-09-22T02:46:54.252713+00:00,1,32558,83
2026-09-22T02:46:54.252713+00:00,2,32568,79
2026-09-22T02:46:54.252713+00:00,3,32560,79
2026-09-22T02:46:59.321502+00:00,0,32576,80
2026-09-22T02:46:59.321502+00:00,1,32558,81
2026-09-22T02:46:59.321502+00:00,2,32568,78
2026-09-22T02:46:59.321502+00:00,3,32560,81
2026-09-22T02:47:04.383199+00:00,0,32576,80
2026-09-22T02:47:04.383199+00:00,1,32558,85
2026-09-22T02:47:04.383199+00:00,2,32568,81
2026-09-22T02:47:04.383199+00:00,3,32560,85
2026-09-22T02:47:09.450399+00:00,0,32576,81
2026-09-22T02:47:09.450399+00:00,1,32558,84
2026-09-22T02:47:09.450399+00:00,2,32568,77
2026-09-22T02:47:09.450399+00:00,3,32560,80
2026-09-22T02:47:14.516766+00:00,0,32576,82
2026-09-22T02:47:14.516766+00:00,1,32558,84
2026-09-22T02:47:14.516766+00:00,2,32568,83
2026-09-22T02:47:14.516766+00:00,3,32560,81
2026-09-22T02:47:19.580799+00:00,0,32576,81
2026-09-22T02:47:19.580799+00:00,1,32558,83
2026-09-22T02:47:19.580799+00:00,2,32568,82
2026-09-22T02:47:19.580799+00:00,3,32560,83
2026-09-22T02:47:24.648172+00:00,0,32576,80
2026-09-22T02:47:24.648172+00:00,1,32558,83
2026-09-22T02:47:24.648172+00:00,2,32568,82
2026-09-22T02:47:24.648172+00:00,3,32560,82
2026-09-22T02:47:29.713557+00:00,0,32576,81
2026-09-22T02:47:29.713557+00:00,1,32558,86
2026-09-22T02:47:29.713557+00:00,2,32568,81
2026-09-22T02:47:29.713557+00:00,3,32560,83
2026-09-22T02:47:34.777386+00:00,0,32576,82
2026-09-22T02:47:34.777386+00:00,1,32558,83
2026-09-22T02:47:34.777386+00:00,2,32568,86
2026-09-22T02:47:34.777386+00:00,3,32560,82
2026-09-22T02:47:39.842476+00:00,0,32576,83
2026-09-22T02:47:39.842476+00:00,1,32558,82
2026-09-22T02:47:39.842476+00:00,2,32568,82
2026-09-22T02:47:39.842476+00:00,3,32560,81
2026-09-22T02:47:44.910557+00:00,0,32576,84
2026-09-22T02:47:44.910557+00:00,1,32558,83
2026-09-22T02:47:44.910557+00:00,2,32568,86
2026-09-22T02:47:44.910557+00:00,3,32560,85
2026-09-22T02:47:49.968869+00:00,0,32576,82
2026-09-22T02:47:49.968869+00:00,1,32558,80
2026-09-22T02:47:49.968869+00:00,2,32568,81
2026-09-22T02:47:49.968869+00:00,3,32560,82
2026-09-22T02:47:55.033391+00:00,0,32576,81
2026-09-22T02:47:55.033391+00:00,1,32558,84
2026-09-22T02:47:55.033391+00:00,2,32568,84
2026-09-22T02:47:55.033391+00:00,3,32560,80
2026-09-22T02:48:00.101982+00:00,0,32576,87
2026-09-22T02:48:00.101982+00:00,1,32558,83
2026-09-22T02:48:00.101982+00:00,2,32568,81
2026-09-22T02:48:00.101982+00:00,3,32560,81
2026-09-22T02:48:05.170030+00:00,0,1200,0
2026-09-22T02:48:05.170030+00:00,1,1200,0
2026-09-22T02:48:05.170030+00:00,2,1202,0
2026-09-22T02:48:05.170030+00:00,3,1202,2
2026-09-22T02:48:10.221170+00:00,0,11936,99
2026-09-22T02:48:10.221170+00:00,1,11936,99
2026-09-22T02:48:10.221170+00:00,2,11956,99
2026-09-22T02:48:10.221170+00:00,3,11816,99
2026-09-22T02:48:15.294880+00:00,0,12202,98
2026-09-22T02:48:15.294880+00:00,1,12042,99
2026-09-22T02:48:15.294880+00:00,2,12202,99
2026-09-22T02:48:15.294880+00:00,3,12042,98
2026-09-22T02:48:20.369596+00:00,0,26024,99
2026-09-22T02:48:20.369596+00:00,1,26504,99
2026-09-22T02:48:20.369596+00:00,2,26504,99
2026-09-22T02:48:20.369596+00:00,3,26444,99
2026-09-22T02:48:25.442401+00:00,0,27166,98
2026-09-22T02:48:25.442401+00:00,1,26626,89
2026-09-22T02:48:25.442401+00:00,2,26506,90
2026-09-22T02:48:25.442401+00:00,3,26966,98
2026-09-22T02:48:30.522456+00:00,0,27168,99
2026-09-22T02:48:30.522456+00:00,1,27450,99
2026-09-22T02:48:30.522456+00:00,2,27690,99
2026-09-22T02:48:30.522456+00:00,3,27710,99
2026-09-22T02:48:35.601201+00:00,0,28090,97
2026-09-22T02:48:35.601201+00:00,1,28050,98
2026-09-22T02:48:35.601201+00:00,2,28370,99
2026-09-22T02:48:35.601201+00:00,3,27710,99
2026-09-22T02:48:40.681881+00:00,0,28094,99
2026-09-22T02:48:40.681881+00:00,1,28054,99
2026-09-22T02:48:40.681881+00:00,2,28374,99
2026-09-22T02:48:40.681881+00:00,3,27714,99
2026-09-22T02:48:45.749319+00:00,0,28094,100
2026-09-22T02:48:45.749319+00:00,1,28054,91
2026-09-22T02:48:45.749319+00:00,2,28374,89
2026-09-22T02:48:45.749319+00:00,3,27714,88
2026-09-22T02:48:50.824543+00:00,0,28096,99
2026-09-22T02:48:50.824543+00:00,1,28058,99
2026-09-22T02:48:50.824543+00:00,2,28376,99
2026-09-22T02:48:50.824543+00:00,3,27718,99
2026-09-22T02:48:55.897638+00:00,0,9722,6
2026-09-22T02:48:55.897638+00:00,1,9722,6
2026-09-22T02:48:55.897638+00:00,2,9722,33
2026-09-22T02:48:55.897638+00:00,3,9722,5
2026-09-22T02:49:00.957636+00:00,0,10684,7
2026-09-22T02:49:00.957636+00:00,1,10540,8
2026-09-22T02:49:00.957636+00:00,2,10826,8
2026-09-22T02:49:00.957636+00:00,3,10682,8
2026-09-22T02:49:06.018887+00:00,0,11472,46
2026-09-22T02:49:06.018887+00:00,1,11512,22
2026-09-22T02:49:06.018887+00:00,2,11512,24
2026-09-22T02:49:06.018887+00:00,3,11510,44
2026-09-22T02:49:11.078534+00:00,0,32554,62
2026-09-22T02:49:11.078534+00:00,1,32558,80
2026-09-22T02:49:11.078534+00:00,2,32572,76
2026-09-22T02:49:11.078534+00:00,3,32554,71
2026-09-22T02:49:16.134423+00:00,0,32554,74
2026-09-22T02:49:16.134423+00:00,1,32558,78
2026-09-22T02:49:16.134423+00:00,2,32572,76
2026-09-22T02:49:16.134423+00:00,3,32554,74
2026-09-22T02:49:21.197934+00:00,0,32554,73
2026-09-22T02:49:21.197934+00:00,1,32558,77
2026-09-22T02:49:21.197934+00:00,2,32572,79
2026-09-22T02:49:21.197934+00:00,3,32554,77
2026-09-22T02:49:26.263721+00:00,0,32554,85
2026-09-22T02:49:26.263721+00:00,1,32558,82
2026-09-22T02:49:26.263721+00:00,2,32572,82
2026-09-22T02:49:26.263721+00:00,3,32554,77
2026-09-22T02:49:31.333607+00:00,0,32554,77
2026-09-22T02:49:31.333607+00:00,1,32558,79
2026-09-22T02:49:31.333607+00:00,2,32572,76
2026-09-22T02:49:31.333607+00:00,3,32554,78
2026-09-22T02:49:36.434389+00:00,0,32554,74
2026-09-22T02:49:36.434389+00:00,1,32558,81
2026-09-22T02:49:36.434389+00:00,2,32572,78
2026-09-22T02:49:36.434389+00:00,3,32554,78
2026-09-22T02:49:41.508579+00:00,0,32554,76
2026-09-22T02:49:41.508579+00:00,1,32558,76
2026-09-22T02:49:41.508579+00:00,2,32572,78
2026-09-22T02:49:41.508579+00:00,3,32554,81
2026-09-22T02:49:46.576453+00:00,0,32554,77
2026-09-22T02:49:46.576453+00:00,1,32558,80
2026-09-22T02:49:46.576453+00:00,2,32572,79
2026-09-22T02:49:46.576453+00:00,3,32554,76
2026-09-22T02:49:51.649393+00:00,0,32554,76
2026-09-22T02:49:51.649393+00:00,1,32558,77
2026-09-22T02:49:51.649393+00:00,2,32572,80
2026-09-22T02:49:51.649393+00:00,3,32554,80
2026-09-22T02:49:56.718683+00:00,0,32554,80
2026-09-22T02:49:56.718683+00:00,1,32558,81
2026-09-22T02:49:56.718683+00:00,2,32572,81
2026-09-22T02:49:56.718683+00:00,3,32554,76
2026-09-22T02:50:01.795058+00:00,0,32554,79
2026-09-22T02:50:01.795058+00:00,1,32558,80
2026-09-22T02:50:01.795058+00:00,2,32572,80
2026-09-22T02:50:01.795058+00:00,3,32554,80
2026-09-22T02:50:06.866059+00:00,0,32554,78
2026-09-22T02:50:06.866059+00:00,1,32558,77
2026-09-22T02:50:06.866059+00:00,2,32572,80
2026-09-22T02:50:06.866059+00:00,3,32554,82
2026-09-22T02:50:11.932712+00:00,0,32554,82
2026-09-22T02:50:11.932712+00:00,1,32558,77
2026-09-22T02:50:11.932712+00:00,2,32572,82
2026-09-22T02:50:11.932712+00:00,3,32554,79
2026-09-22T02:50:17.002190+00:00,0,32554,80
2026-09-22T02:50:17.002190+00:00,1,32558,81
2026-09-22T02:50:17.002190+00:00,2,32572,83
2026-09-22T02:50:17.002190+00:00,3,32554,81
2026-09-22T02:50:22.068605+00:00,0,32554,80
2026-09-22T02:50:22.068605+00:00,1,32558,82
2026-09-22T02:50:22.068605+00:00,2,32572,81
2026-09-22T02:50:22.068605+00:00,3,32554,80
2026-09-22T02:50:27.131460+00:00,0,32554,79
2026-09-22T02:50:27.131460+00:00,1,32558,80
2026-09-22T02:50:27.131460+00:00,2,32572,80
2026-09-22T02:50:27.131460+00:00,3,32554,76
2026-09-22T02:50:32.195882+00:00,0,32554,79
2026-09-22T02:50:32.195882+00:00,1,32558,86
2026-09-22T02:50:32.195882+00:00,2,32572,80
2026-09-22T02:50:32.195882+00:00,3,32554,81
2026-09-22T02:50:37.263993+00:00,0,32554,82
2026-09-22T02:50:37.263993+00:00,1,32558,83
2026-09-22T02:50:37.263993+00:00,2,32572,83
2026-09-22T02:50:37.263993+00:00,3,32554,84
2026-09-22T02:50:42.329724+00:00,0,32554,83
2026-09-22T02:50:42.329724+00:00,1,32558,83
2026-09-22T02:50:42.329724+00:00,2,32572,79
2026-09-22T02:50:42.329724+00:00,3,32554,82
2026-09-22T02:50:47.398204+00:00,0,32554,81
2026-09-22T02:50:47.398204+00:00,1,32558,81
2026-09-22T02:50:47.398204+00:00,2,32572,84
2026-09-22T02:50:47.398204+00:00,3,32554,83
2026-09-22T02:50:52.464916+00:00,0,32554,89
2026-09-22T02:50:52.464916+00:00,1,32558,81
2026-09-22T02:50:52.464916+00:00,2,32572,80
2026-09-22T02:50:52.464916+00:00,3,32554,85
2026-09-22T02:50:57.525603+00:00,0,32554,87
2026-09-22T02:50:57.525603+00:00,1,32558,87
2026-09-22T02:50:57.525603+00:00,2,32572,84
2026-09-22T02:50:57.525603+00:00,3,32554,81
2026-09-22T02:51:02.586189+00:00,0,32554,82
2026-09-22T02:51:02.586189+00:00,1,32558,86
2026-09-22T02:51:02.586189+00:00,2,32572,87
2026-09-22T02:51:02.586189+00:00,3,32554,82
2026-09-22T02:51:07.646488+00:00,0,32554,84
2026-09-22T02:51:07.646488+00:00,1,32558,79
2026-09-22T02:51:07.646488+00:00,2,32572,83
2026-09-22T02:51:07.646488+00:00,3,32554,79
2026-09-22T02:51:12.705286+00:00,0,32554,0
2026-09-22T02:51:12.705286+00:00,1,32558,0
2026-09-22T02:51:12.705286+00:00,2,32572,81
2026-09-22T02:51:12.705286+00:00,3,32554,0
2026-09-22T02:51:17.759838+00:00,0,6474,99
2026-09-22T02:51:17.759838+00:00,1,6554,98
2026-09-22T02:51:17.759838+00:00,2,6474,99
2026-09-22T02:51:17.759838+00:00,3,6514,99
2026-09-22T02:51:22.826485+00:00,0,11920,99
2026-09-22T02:51:22.826485+00:00,1,11940,98
2026-09-22T02:51:22.826485+00:00,2,12060,99
2026-09-22T02:51:22.826485+00:00,3,11900,99
2026-09-22T02:51:27.896426+00:00,0,11944,99
2026-09-22T02:51:27.896426+00:00,1,11984,99
2026-09-22T02:51:27.896426+00:00,2,12064,99
2026-09-22T02:51:27.896426+00:00,3,11904,99
2026-09-22T02:51:32.964646+00:00,0,25466,98
2026-09-22T02:51:32.964646+00:00,1,25466,98
2026-09-22T02:51:32.964646+00:00,2,25386,99
2026-09-22T02:51:32.964646+00:00,3,25486,97
2026-09-22T02:51:38.031149+00:00,0,27268,99
2026-09-22T02:51:38.031149+00:00,1,27168,99
2026-09-22T02:51:38.031149+00:00,2,27748,98
2026-09-22T02:51:38.031149+00:00,3,27348,99
2026-09-22T02:51:43.108698+00:00,0,27708,98
2026-09-22T02:51:43.108698+00:00,1,28048,98
2026-09-22T02:51:43.108698+00:00,2,28048,98
2026-09-22T02:51:43.108698+00:00,3,27768,99
2026-09-22T02:51:48.176061+00:00,0,28690,99
2026-09-22T02:51:48.176061+00:00,1,28370,99
2026-09-22T02:51:48.176061+00:00,2,28470,99
2026-09-22T02:51:48.176061+00:00,3,27952,98
2026-09-22T02:51:53.251639+00:00,0,28692,98
2026-09-22T02:51:53.251639+00:00,1,28392,98
2026-09-22T02:51:53.251639+00:00,2,28472,98
2026-09-22T02:51:53.251639+00:00,3,28292,99
2026-09-22T02:51:58.319502+00:00,0,28694,99
2026-09-22T02:51:58.319502+00:00,1,28394,98
2026-09-22T02:51:58.319502+00:00,2,28474,99
2026-09-22T02:51:58.319502+00:00,3,28294,99
2026-09-22T02:52:03.387462+00:00,0,28696,98
2026-09-22T02:52:03.387462+00:00,1,28396,98
2026-09-22T02:52:03.387462+00:00,2,28476,98
2026-09-22T02:52:03.387462+00:00,3,28296,99
2026-09-22T02:52:08.462955+00:00,0,8996,78
2026-09-22T02:52:08.462955+00:00,1,8996,79
2026-09-22T02:52:08.462955+00:00,2,8996,76
2026-09-22T02:52:08.462955+00:00,3,8996,75
2026-09-22T02:52:13.521285+00:00,0,9722,6
2026-09-22T02:52:13.521285+00:00,1,9722,7
2026-09-22T02:52:13.521285+00:00,2,9802,6
2026-09-22T02:52:13.521285+00:00,3,9904,8
2026-09-22T02:52:18.581511+00:00,0,11052,22
2026-09-22T02:52:18.581511+00:00,1,11052,27
2026-09-22T02:52:18.581511+00:00,2,11052,19
2026-09-22T02:52:18.581511+00:00,3,11050,18
2026-09-22T02:52:23.642087+00:00,0,4832,0
2026-09-22T02:52:23.642087+00:00,1,4832,3
2026-09-22T02:52:23.642087+00:00,2,4834,1
2026-09-22T02:52:23.642087+00:00,3,4834,11
2026-09-22T02:52:28.699398+00:00,0,32558,76
2026-09-22T02:52:28.699398+00:00,1,32556,76
2026-09-22T02:52:28.699398+00:00,2,32544,79
2026-09-22T02:52:28.699398+00:00,3,32548,73
2026-09-22T02:52:33.767461+00:00,0,32558,79
2026-09-22T02:52:33.767461+00:00,1,32556,74
2026-09-22T02:52:33.767461+00:00,2,32544,73
2026-09-22T02:52:33.767461+00:00,3,32548,76
2026-09-22T02:52:38.823016+00:00,0,32558,78
2026-09-22T02:52:38.823016+00:00,1,32556,73
2026-09-22T02:52:38.823016+00:00,2,32544,75
2026-09-22T02:52:38.823016+00:00,3,32548,78
2026-09-22T02:52:43.889428+00:00,0,32558,79
2026-09-22T02:52:43.889428+00:00,1,32556,76
2026-09-22T02:52:43.889428+00:00,2,32544,76
2026-09-22T02:52:43.889428+00:00,3,32548,77
2026-09-22T02:52:48.954038+00:00,0,32558,77
2026-09-22T02:52:48.954038+00:00,1,32556,81
2026-09-22T02:52:48.954038+00:00,2,32544,76
2026-09-22T02:52:48.954038+00:00,3,32548,81
2026-09-22T02:52:54.022116+00:00,0,32558,76
2026-09-22T02:52:54.022116+00:00,1,32556,80
2026-09-22T02:52:54.022116+00:00,2,32544,81
2026-09-22T02:52:54.022116+00:00,3,32548,76
2026-09-22T02:52:59.089869+00:00,0,32558,81
2026-09-22T02:52:59.089869+00:00,1,32556,81
2026-09-22T02:52:59.089869+00:00,2,32544,79
2026-09-22T02:52:59.089869+00:00,3,32548,79
2026-09-22T02:53:04.155953+00:00,0,32558,82
2026-09-22T02:53:04.155953+00:00,1,32556,83
2026-09-22T02:53:04.155953+00:00,2,32544,78
2026-09-22T02:53:04.155953+00:00,3,32548,83
2026-09-22T02:53:09.222302+00:00,0,32558,79
2026-09-22T02:53:09.222302+00:00,1,32556,80
2026-09-22T02:53:09.222302+00:00,2,32544,79
2026-09-22T02:53:09.222302+00:00,3,32548,80
2026-09-22T02:53:14.289059+00:00,0,32558,82
2026-09-22T02:53:14.289059+00:00,1,32556,80
2026-09-22T02:53:14.289059+00:00,2,32544,83
2026-09-22T02:53:14.289059+00:00,3,32548,84
2026-09-22T02:53:19.344618+00:00,0,32558,81
2026-09-22T02:53:19.344618+00:00,1,32556,85
2026-09-22T02:53:19.344618+00:00,2,32544,77
2026-09-22T02:53:19.344618+00:00,3,32548,81
2026-09-22T02:53:24.413151+00:00,0,32558,82
2026-09-22T02:53:24.413151+00:00,1,32556,82
2026-09-22T02:53:24.413151+00:00,2,32544,78
2026-09-22T02:53:24.413151+00:00,3,32548,84
2026-09-22T02:53:29.481621+00:00,0,32558,80
2026-09-22T02:53:29.481621+00:00,1,32556,83
2026-09-22T02:53:29.481621+00:00,2,32544,83
2026-09-22T02:53:29.481621+00:00,3,32548,83
2026-09-22T02:53:34.551275+00:00,0,32558,85
2026-09-22T02:53:34.551275+00:00,1,32556,81
2026-09-22T02:53:34.551275+00:00,2,32544,82
2026-09-22T02:53:34.551275+00:00,3,32548,84
2026-09-22T02:53:39.618852+00:00,0,32558,82
2026-09-22T02:53:39.618852+00:00,1,32556,82
2026-09-22T02:53:39.618852+00:00,2,32544,83
2026-09-22T02:53:39.618852+00:00,3,32548,84
2026-09-22T02:53:44.686106+00:00,0,32558,85
2026-09-22T02:53:44.686106+00:00,1,32556,89
2026-09-22T02:53:44.686106+00:00,2,32544,85
2026-09-22T02:53:44.686106+00:00,3,32548,82
2026-09-22T02:53:49.749779+00:00,0,32558,86
2026-09-22T02:53:49.749779+00:00,1,32556,87
2026-09-22T02:53:49.749779+00:00,2,32544,86
2026-09-22T02:53:49.749779+00:00,3,32548,86
2026-09-22T02:53:54.807050+00:00,0,32558,85
2026-09-22T02:53:54.807050+00:00,1,32556,84
2026-09-22T02:53:54.807050+00:00,2,32544,85
2026-09-22T02:53:54.807050+00:00,3,32548,82
2026-09-22T02:53:59.874453+00:00,0,32558,82
2026-09-22T02:53:59.874453+00:00,1,32556,87
2026-09-22T02:53:59.874453+00:00,2,32544,82
2026-09-22T02:53:59.874453+00:00,3,32548,83
2026-09-22T02:54:04.939822+00:00,0,32558,87
2026-09-22T02:54:04.939822+00:00,1,32556,83
2026-09-22T02:54:04.939822+00:00,2,32544,82
2026-09-22T02:54:04.939822+00:00,3,32548,87
2026-09-22T02:54:10.008417+00:00,0,32558,85
2026-09-22T02:54:10.008417+00:00,1,32556,81
2026-09-22T02:54:10.008417+00:00,2,32544,84
2026-09-22T02:54:10.008417+00:00,3,32548,86
2026-09-22T02:54:15.069903+00:00,0,32558,86
2026-09-22T02:54:15.069903+00:00,1,32556,85
2026-09-22T02:54:15.069903+00:00,2,32544,83
2026-09-22T02:54:15.069903+00:00,3,32548,83
2026-09-22T02:54:20.139653+00:00,0,32558,86
2026-09-22T02:54:20.139653+00:00,1,32556,83
2026-09-22T02:54:20.139653+00:00,2,32544,82
2026-09-22T02:54:20.139653+00:00,3,32548,84
2026-09-22T02:54:25.207473+00:00,0,32558,82
2026-09-22T02:54:25.207473+00:00,1,32556,81
2026-09-22T02:54:25.207473+00:00,2,32544,83
2026-09-22T02:54:25.207473+00:00,3,32548,84
2026-09-22T02:54:30.275991+00:00,0,32558,81
2026-09-22T02:54:30.275991+00:00,1,32556,86
2026-09-22T02:54:30.275991+00:00,2,32544,87
2026-09-22T02:54:30.275991+00:00,3,32548,84
2026-09-22T02:54:35.345692+00:00,0,6392,100
2026-09-22T02:54:35.345692+00:00,1,6392,99
2026-09-22T02:54:35.345692+00:00,2,6392,99
2026-09-22T02:54:35.345692+00:00,3,6412,99
2026-09-22T02:54:40.417164+00:00,0,12138,96
2026-09-22T02:54:40.417164+00:00,1,11998,99
2026-09-22T02:54:40.417164+00:00,2,12078,99
2026-09-22T02:54:40.417164+00:00,3,12118,99
2026-09-22T02:54:45.492445+00:00,0,12182,99
2026-09-22T02:54:45.492445+00:00,1,12162,99
2026-09-22T02:54:45.492445+00:00,2,12182,99
2026-09-22T02:54:45.492445+00:00,3,12142,99
2026-09-22T02:54:50.565268+00:00,0,24502,99
2026-09-22T02:54:50.565268+00:00,1,24100,99
2026-09-22T02:54:50.565268+00:00,2,24642,99
2026-09-22T02:54:50.565268+00:00,3,24422,99
2026-09-22T02:54:55.637418+00:00,0,25226,98
2026-09-22T02:54:55.637418+00:00,1,25386,100
2026-09-22T02:54:55.637418+00:00,2,25146,91
2026-09-22T02:54:55.637418+00:00,3,25286,98
2026-09-22T02:55:00.700230+00:00,0,25368,99
2026-09-22T02:55:00.700230+00:00,1,25388,99
2026-09-22T02:55:00.700230+00:00,2,25388,99
2026-09-22T02:55:00.700230+00:00,3,25348,99
2026-09-22T02:55:05.764419+00:00,0,27848,99
2026-09-22T02:55:05.764419+00:00,1,27908,99
2026-09-22T02:55:05.764419+00:00,2,27848,98
2026-09-22T02:55:05.764419+00:00,3,27848,98
2026-09-22T02:55:10.832414+00:00,0,28350,99
2026-09-22T02:55:10.832414+00:00,1,28092,99
2026-09-22T02:55:10.832414+00:00,2,28370,99
2026-09-22T02:55:10.832414+00:00,3,28130,99
2026-09-22T02:55:15.899721+00:00,0,28352,81
2026-09-22T02:55:15.899721+00:00,1,28092,99
2026-09-22T02:55:15.899721+00:00,2,28372,99
2026-09-22T02:55:15.899721+00:00,3,28132,99
2026-09-22T02:55:20.978424+00:00,0,28354,98
2026-09-22T02:55:20.978424+00:00,1,28094,99
2026-09-22T02:55:20.978424+00:00,2,28374,99
2026-09-22T02:55:20.978424+00:00,3,28134,99
2026-09-22T02:55:26.052237+00:00,0,28356,99
2026-09-22T02:55:26.052237+00:00,1,28096,99
2026-09-22T02:55:26.052237+00:00,2,28374,99
2026-09-22T02:55:26.052237+00:00,3,28134,99
2026-09-22T02:55:31.126655+00:00,0,9240,84
2026-09-22T02:55:31.126655+00:00,1,8980,82
2026-09-22T02:55:31.126655+00:00,2,8620,83
2026-09-22T02:55:31.126655+00:00,3,8840,83
2026-09-22T02:55:36.191586+00:00,0,9722,7
2026-09-22T02:55:36.191586+00:00,1,9722,7
2026-09-22T02:55:36.191586+00:00,2,9722,6
2026-09-22T02:55:36.191586+00:00,3,9722,5
2026-09-22T02:55:41.242664+00:00,0,11012,8
2026-09-22T02:55:41.242664+00:00,1,11052,8
2026-09-22T02:55:41.242664+00:00,2,10766,8
2026-09-22T02:55:41.242664+00:00,3,11050,100
2026-09-22T02:55:46.301878+00:00,0,14994,32
2026-09-22T02:55:46.301878+00:00,1,15034,31
2026-09-22T02:55:46.301878+00:00,2,14994,31
2026-09-22T02:55:46.301878+00:00,3,15174,32
2026-09-22T02:55:51.365510+00:00,0,32542,73
2026-09-22T02:55:51.365510+00:00,1,32572,72
2026-09-22T02:55:51.365510+00:00,2,32556,72
2026-09-22T02:55:51.365510+00:00,3,32554,69
2026-09-22T02:55:56.432408+00:00,0,32542,78
2026-09-22T02:55:56.432408+00:00,1,32572,80
2026-09-22T02:55:56.432408+00:00,2,32556,74
2026-09-22T02:55:56.432408+00:00,3,32554,74
2026-09-22T02:56:01.496704+00:00,0,32542,75
2026-09-22T02:56:01.496704+00:00,1,32572,74
2026-09-22T02:56:01.496704+00:00,2,32556,75
2026-09-22T02:56:01.496704+00:00,3,32554,76
2026-09-22T02:56:06.561517+00:00,0,32542,74
2026-09-22T02:56:06.561517+00:00,1,32572,75
2026-09-22T02:56:06.561517+00:00,2,32556,80
2026-09-22T02:56:06.561517+00:00,3,32554,75
2026-09-22T02:56:11.616638+00:00,0,32542,75
2026-09-22T02:56:11.616638+00:00,1,32572,80
2026-09-22T02:56:11.616638+00:00,2,32556,77
2026-09-22T02:56:11.616638+00:00,3,32554,82
2026-09-22T02:56:16.680919+00:00,0,32542,80
2026-09-22T02:56:16.680919+00:00,1,32572,76
2026-09-22T02:56:16.680919+00:00,2,32556,78
2026-09-22T02:56:16.680919+00:00,3,32554,83
2026-09-22T02:56:21.783720+00:00,0,32542,78
2026-09-22T02:56:21.783720+00:00,1,32572,79
2026-09-22T02:56:21.783720+00:00,2,32556,83
2026-09-22T02:56:21.783720+00:00,3,32554,80
2026-09-22T02:56:26.854984+00:00,0,32542,79
2026-09-22T02:56:26.854984+00:00,1,32572,77
2026-09-22T02:56:26.854984+00:00,2,32556,80
2026-09-22T02:56:26.854984+00:00,3,32554,84
2026-09-22T02:56:31.921653+00:00,0,32542,79
2026-09-22T02:56:31.921653+00:00,1,32572,78
2026-09-22T02:56:31.921653+00:00,2,32556,81
2026-09-22T02:56:31.921653+00:00,3,32554,78
2026-09-22T02:56:36.985888+00:00,0,32542,81
2026-09-22T02:56:36.985888+00:00,1,32572,82
2026-09-22T02:56:36.985888+00:00,2,32556,81
2026-09-22T02:56:36.985888+00:00,3,32554,79
2026-09-22T02:56:42.052560+00:00,0,32542,83
2026-09-22T02:56:42.052560+00:00,1,32572,78
2026-09-22T02:56:42.052560+00:00,2,32556,80
2026-09-22T02:56:42.052560+00:00,3,32554,82
2026-09-22T02:56:47.119510+00:00,0,32542,82
2026-09-22T02:56:47.119510+00:00,1,32572,80
2026-09-22T02:56:47.119510+00:00,2,32556,83
2026-09-22T02:56:47.119510+00:00,3,32554,82
2026-09-22T02:56:52.188484+00:00,0,32542,80
2026-09-22T02:56:52.188484+00:00,1,32572,82
2026-09-22T02:56:52.188484+00:00,2,32556,83
2026-09-22T02:56:52.188484+00:00,3,32554,81
2026-09-22T02:56:57.247162+00:00,0,32542,79
2026-09-22T02:56:57.247162+00:00,1,32572,81
2026-09-22T02:56:57.247162+00:00,2,32556,82
2026-09-22T02:56:57.247162+00:00,3,32554,84
2026-09-22T02:57:02.307922+00:00,0,32542,84
2026-09-22T02:57:02.307922+00:00,1,32572,81
2026-09-22T02:57:02.307922+00:00,2,32556,84
2026-09-22T02:57:02.307922+00:00,3,32554,81
2026-09-22T02:57:07.374701+00:00,0,32542,82
2026-09-22T02:57:07.374701+00:00,1,32572,81
2026-09-22T02:57:07.374701+00:00,2,32556,79
2026-09-22T02:57:07.374701+00:00,3,32554,81
2026-09-22T02:57:12.442221+00:00,0,32542,82
2026-09-22T02:57:12.442221+00:00,1,32572,81
2026-09-22T02:57:12.442221+00:00,2,32556,80
2026-09-22T02:57:12.442221+00:00,3,32554,86
2026-09-22T02:57:17.511876+00:00,0,32542,85
2026-09-22T02:57:17.511876+00:00,1,32572,85
2026-09-22T02:57:17.511876+00:00,2,32556,83
2026-09-22T02:57:17.511876+00:00,3,32554,82
2026-09-22T02:57:22.580847+00:00,0,32542,84
2026-09-22T02:57:22.580847+00:00,1,32572,82
2026-09-22T02:57:22.580847+00:00,2,32556,87
2026-09-22T02:57:22.580847+00:00,3,32554,83
2026-09-22T02:57:27.648800+00:00,0,32542,83
2026-09-22T02:57:27.648800+00:00,1,32572,83
2026-09-22T02:57:27.648800+00:00,2,32556,82
2026-09-22T02:57:27.648800+00:00,3,32554,83
2026-09-22T02:57:32.717821+00:00,0,32542,88
2026-09-22T02:57:32.717821+00:00,1,32572,86
2026-09-22T02:57:32.717821+00:00,2,32556,84
2026-09-22T02:57:32.717821+00:00,3,32554,84
2026-09-22T02:57:37.784937+00:00,0,32542,81
2026-09-22T02:57:37.784937+00:00,1,32572,82
2026-09-22T02:57:37.784937+00:00,2,32556,81
2026-09-22T02:57:37.784937+00:00,3,32554,82
2026-09-22T02:57:42.852302+00:00,0,32542,82
2026-09-22T02:57:42.852302+00:00,1,32572,82
2026-09-22T02:57:42.852302+00:00,2,32556,79
2026-09-22T02:57:42.852302+00:00,3,32554,73
2026-09-22T02:57:47.920496+00:00,0,32542,82
2026-09-22T02:57:47.920496+00:00,1,32572,81
2026-09-22T02:57:47.920496+00:00,2,32556,84
2026-09-22T02:57:47.920496+00:00,3,32554,84
2026-09-22T02:57:52.984849+00:00,0,32542,83
2026-09-22T02:57:52.984849+00:00,1,32572,83
2026-09-22T02:57:52.984849+00:00,2,32556,86
2026-09-22T02:57:52.984849+00:00,3,32554,84
2026-09-22T02:57:58.051336+00:00,0,32542,0
2026-09-22T02:57:58.051336+00:00,1,32572,0
2026-09-22T02:57:58.051336+00:00,2,32556,84
2026-09-22T02:57:58.051336+00:00,3,32554,0
2026-09-22T02:58:03.111430+00:00,0,1200,0
2026-09-22T02:58:03.111430+00:00,1,1200,0
2026-09-22T02:58:03.111430+00:00,2,1200,0
2026-09-22T02:58:03.111430+00:00,3,1200,0
2026-09-22T02:58:08.162338+00:00,0,12456,98
2026-09-22T02:58:08.162338+00:00,1,12456,98
2026-09-22T02:58:08.162338+00:00,2,12476,98
2026-09-22T02:58:08.162338+00:00,3,12496,98
2026-09-22T02:58:13.235197+00:00,0,12602,98
2026-09-22T02:58:13.235197+00:00,1,12562,99
2026-09-22T02:58:13.235197+00:00,2,12642,99
2026-09-22T02:58:13.235197+00:00,3,12642,99
2026-09-22T02:58:18.301380+00:00,0,25354,99
2026-09-22T02:58:18.301380+00:00,1,25354,36
2026-09-22T02:58:18.301380+00:00,2,25356,37
2026-09-22T02:58:18.301380+00:00,3,25356,99
2026-09-22T02:58:23.366542+00:00,0,25486,97
2026-09-22T02:58:23.366542+00:00,1,25486,98
2026-09-22T02:58:23.366542+00:00,2,25486,97
2026-09-22T02:58:23.366542+00:00,3,25486,98
2026-09-22T02:58:28.437261+00:00,0,27868,98
2026-09-22T02:58:28.437261+00:00,1,28388,99
2026-09-22T02:58:28.437261+00:00,2,28466,98
2026-09-22T02:58:28.437261+00:00,3,28468,98
2026-09-22T02:58:33.503184+00:00,0,28370,99
2026-09-22T02:58:33.503184+00:00,1,28590,99
2026-09-22T02:58:33.503184+00:00,2,29190,99
2026-09-22T02:58:33.503184+00:00,3,28810,99
2026-09-22T02:58:38.580570+00:00,0,28950,87
2026-09-22T02:58:38.580570+00:00,1,28850,100
2026-09-22T02:58:38.580570+00:00,2,29190,94
2026-09-22T02:58:38.580570+00:00,3,29150,92
2026-09-22T02:58:43.659904+00:00,0,28952,99
2026-09-22T02:58:43.659904+00:00,1,28854,99
2026-09-22T02:58:43.659904+00:00,2,29194,99
2026-09-22T02:58:43.659904+00:00,3,29152,99
2026-09-22T02:58:48.738188+00:00,0,28954,99
2026-09-22T02:58:48.738188+00:00,1,28854,98
2026-09-22T02:58:48.738188+00:00,2,29194,99
2026-09-22T02:58:48.738188+00:00,3,29154,98
2026-09-22T02:58:53.807723+00:00,0,28956,99
2026-09-22T02:58:53.807723+00:00,1,28856,99
2026-09-22T02:58:53.807723+00:00,2,29196,99
2026-09-22T02:58:53.807723+00:00,3,29156,98
2026-09-22T02:58:58.884322+00:00,0,4686,100
2026-09-22T02:58:58.884322+00:00,1,4686,92
2026-09-22T02:58:58.884322+00:00,2,4686,90
2026-09-22T02:58:58.884322+00:00,3,4686,0
2026-09-22T02:59:03.943851+00:00,0,9722,7
2026-09-22T02:59:03.943851+00:00,1,9722,7
2026-09-22T02:59:03.943851+00:00,2,9722,7
2026-09-22T02:59:03.943851+00:00,3,9722,7
2026-09-22T02:59:09.002430+00:00,0,11052,17
2026-09-22T02:59:09.002430+00:00,1,11052,21
2026-09-22T02:59:09.002430+00:00,2,11052,29
2026-09-22T02:59:09.002430+00:00,3,11050,24
2026-09-22T02:59:14.061547+00:00,0,4832,9
2026-09-22T02:59:14.061547+00:00,1,4832,11
2026-09-22T02:59:14.061547+00:00,2,4834,11
2026-09-22T02:59:14.061547+00:00,3,4834,11
2026-09-22T02:59:19.115431+00:00,0,32562,74
2026-09-22T02:59:19.115431+00:00,1,32576,78
2026-09-22T02:59:19.115431+00:00,2,32544,77
2026-09-22T02:59:19.115431+00:00,3,32578,75
2026-09-22T02:59:24.181818+00:00,0,32562,77
2026-09-22T02:59:24.181818+00:00,1,32576,75
2026-09-22T02:59:24.181818+00:00,2,32544,77
2026-09-22T02:59:24.181818+00:00,3,32578,76
2026-09-22T02:59:29.245363+00:00,0,32562,80
2026-09-22T02:59:29.245363+00:00,1,32576,76
2026-09-22T02:59:29.245363+00:00,2,32544,78
2026-09-22T02:59:29.245363+00:00,3,32578,78
2026-09-22T02:59:34.307344+00:00,0,32562,77
2026-09-22T02:59:34.307344+00:00,1,32576,78
2026-09-22T02:59:34.307344+00:00,2,32544,78
2026-09-22T02:59:34.307344+00:00,3,32578,79
2026-09-22T02:59:39.374566+00:00,0,32562,75
2026-09-22T02:59:39.374566+00:00,1,32576,78
2026-09-22T02:59:39.374566+00:00,2,32544,78
2026-09-22T02:59:39.374566+00:00,3,32578,79
2026-09-22T02:59:44.438329+00:00,0,32562,80
2026-09-22T02:59:44.438329+00:00,1,32576,80
2026-09-22T02:59:44.438329+00:00,2,32544,82
2026-09-22T02:59:44.438329+00:00,3,32578,77
2026-09-22T02:59:49.503514+00:00,0,32562,84
2026-09-22T02:59:49.503514+00:00,1,32576,80
2026-09-22T02:59:49.503514+00:00,2,32544,80
2026-09-22T02:59:49.503514+00:00,3,32578,82
2026-09-22T02:59:54.572209+00:00,0,32562,82
2026-09-22T02:59:54.572209+00:00,1,32576,81
2026-09-22T02:59:54.572209+00:00,2,32544,84
2026-09-22T02:59:54.572209+00:00,3,32578,84
2026-09-22T02:59:59.636184+00:00,0,32562,79
2026-09-22T02:59:59.636184+00:00,1,32576,80
2026-09-22T02:59:59.636184+00:00,2,32544,78
2026-09-22T02:59:59.636184+00:00,3,32578,84
2026-09-22T03:00:04.702484+00:00,0,32562,81
2026-09-22T03:00:04.702484+00:00,1,32576,80
2026-09-22T03:00:04.702484+00:00,2,32544,86
2026-09-22T03:00:04.702484+00:00,3,32578,84
2026-09-22T03:00:09.762670+00:00,0,32562,88
2026-09-22T03:00:09.762670+00:00,1,32576,80
2026-09-22T03:00:09.762670+00:00,2,32544,80
2026-09-22T03:00:09.762670+00:00,3,32578,78
2026-09-22T03:00:14.830355+00:00,0,32562,86
2026-09-22T03:00:14.830355+00:00,1,32576,78
2026-09-22T03:00:14.830355+00:00,2,32544,85
2026-09-22T03:00:14.830355+00:00,3,32578,82
2026-09-22T03:00:19.897276+00:00,0,32562,82
2026-09-22T03:00:19.897276+00:00,1,32576,81
2026-09-22T03:00:19.897276+00:00,2,32544,81
2026-09-22T03:00:19.897276+00:00,3,32578,81
2026-09-22T03:00:24.966641+00:00,0,32562,80
2026-09-22T03:00:24.966641+00:00,1,32576,81
2026-09-22T03:00:24.966641+00:00,2,32544,87
2026-09-22T03:00:24.966641+00:00,3,32578,83
2026-09-22T03:00:30.032409+00:00,0,32562,81
2026-09-22T03:00:30.032409+00:00,1,32576,82
2026-09-22T03:00:30.032409+00:00,2,32544,81
2026-09-22T03:00:30.032409+00:00,3,32578,79
2026-09-22T03:00:35.102242+00:00,0,32562,84
2026-09-22T03:00:35.102242+00:00,1,32576,83
2026-09-22T03:00:35.102242+00:00,2,32544,79
2026-09-22T03:00:35.102242+00:00,3,32578,83
2026-09-22T03:00:40.170964+00:00,0,32562,83
2026-09-22T03:00:40.170964+00:00,1,32576,88
2026-09-22T03:00:40.170964+00:00,2,32544,82
2026-09-22T03:00:40.170964+00:00,3,32578,81
2026-09-22T03:00:45.229678+00:00,0,32562,83
2026-09-22T03:00:45.229678+00:00,1,32576,87
2026-09-22T03:00:45.229678+00:00,2,32544,83
2026-09-22T03:00:45.229678+00:00,3,32578,84
2026-09-22T03:00:50.299005+00:00,0,32562,81
2026-09-22T03:00:50.299005+00:00,1,32576,82
2026-09-22T03:00:50.299005+00:00,2,32544,84
2026-09-22T03:00:50.299005+00:00,3,32578,82
2026-09-22T03:00:55.358779+00:00,0,32562,82
2026-09-22T03:00:55.358779+00:00,1,32576,83
2026-09-22T03:00:55.358779+00:00,2,32544,81
2026-09-22T03:00:55.358779+00:00,3,32578,80
2026-09-22T03:01:00.423957+00:00,0,32562,83
2026-09-22T03:01:00.423957+00:00,1,32576,71
2026-09-22T03:01:00.423957+00:00,2,32544,82
2026-09-22T03:01:00.423957+00:00,3,32578,83
2026-09-22T03:01:05.489330+00:00,0,32562,83
2026-09-22T03:01:05.489330+00:00,1,32576,85
2026-09-22T03:01:05.489330+00:00,2,32544,83
2026-09-22T03:01:05.489330+00:00,3,32578,82
2026-09-22T03:01:10.551987+00:00,0,32562,81
2026-09-22T03:01:10.551987+00:00,1,32576,85
2026-09-22T03:01:10.551987+00:00,2,32544,83
2026-09-22T03:01:10.551987+00:00,3,32578,88
2026-09-22T03:01:15.610876+00:00,0,32562,84
2026-09-22T03:01:15.610876+00:00,1,32576,87
2026-09-22T03:01:15.610876+00:00,2,32544,82
2026-09-22T03:01:15.610876+00:00,3,32578,0
2026-09-22T03:01:20.669070+00:00,0,32562,83
2026-09-22T03:01:20.669070+00:00,1,32576,85
2026-09-22T03:01:20.669070+00:00,2,32544,80
2026-09-22T03:01:20.669070+00:00,3,32578,0
2026-09-22T03:01:25.733186+00:00,0,1200,0
2026-09-22T03:01:25.733186+00:00,1,1200,0
2026-09-22T03:01:25.733186+00:00,2,1202,0
2026-09-22T03:01:25.733186+00:00,3,1202,0
2026-09-22T03:01:30.790847+00:00,0,12436,99
2026-09-22T03:01:30.790847+00:00,1,12456,99
2026-09-22T03:01:30.790847+00:00,2,12436,99
2026-09-22T03:01:30.790847+00:00,3,12436,99
2026-09-22T03:01:35.861206+00:00,0,12702,96
2026-09-22T03:01:35.861206+00:00,1,12742,99
2026-09-22T03:01:35.861206+00:00,2,12702,99
2026-09-22T03:01:35.861206+00:00,3,12662,99
2026-09-22T03:01:40.931978+00:00,0,25374,99
2026-09-22T03:01:40.931978+00:00,1,25334,75
2026-09-22T03:01:40.931978+00:00,2,25294,76
2026-09-22T03:01:40.931978+00:00,3,25294,79
2026-09-22T03:01:46.007263+00:00,0,25546,99
2026-09-22T03:01:46.007263+00:00,1,25546,99
2026-09-22T03:01:46.007263+00:00,2,25566,99
2026-09-22T03:01:46.007263+00:00,3,25526,99
2026-09-22T03:01:51.084958+00:00,0,28288,99
2026-09-22T03:01:51.084958+00:00,1,28328,99
2026-09-22T03:01:51.084958+00:00,2,28326,99
2026-09-22T03:01:51.084958+00:00,3,28248,99
2026-09-22T03:01:56.159145+00:00,0,28750,98
2026-09-22T03:01:56.159145+00:00,1,29290,99
2026-09-22T03:01:56.159145+00:00,2,29170,99
2026-09-22T03:01:56.159145+00:00,3,28570,99
2026-09-22T03:02:01.224434+00:00,0,29370,98
2026-09-22T03:02:01.224434+00:00,1,29670,99
2026-09-22T03:02:01.224434+00:00,2,29430,87
2026-09-22T03:02:01.224434+00:00,3,29190,87
2026-09-22T03:02:06.297044+00:00,0,29372,98
2026-09-22T03:02:06.297044+00:00,1,29672,98
2026-09-22T03:02:06.297044+00:00,2,29432,99
2026-09-22T03:02:06.297044+00:00,3,29192,99
2026-09-22T03:02:11.365968+00:00,0,29374,98
2026-09-22T03:02:11.365968+00:00,1,29674,98
2026-09-22T03:02:11.365968+00:00,2,29434,98
2026-09-22T03:02:11.365968+00:00,3,29194,98
2026-09-22T03:02:16.444175+00:00,0,29376,99
2026-09-22T03:02:16.444175+00:00,1,29676,99
2026-09-22T03:02:16.444175+00:00,2,29436,99
2026-09-22T03:02:16.444175+00:00,3,29196,99
2026-09-22T03:02:21.534781+00:00,0,2906,66
2026-09-22T03:02:21.534781+00:00,1,2906,0
2026-09-22T03:02:21.534781+00:00,2,2906,0
2026-09-22T03:02:21.534781+00:00,3,2906,0
2026-09-22T03:02:26.589584+00:00,0,9722,7
2026-09-22T03:02:26.589584+00:00,1,9722,5
2026-09-22T03:02:26.589584+00:00,2,9722,6
2026-09-22T03:02:26.589584+00:00,3,9722,7
2026-09-22T03:02:31.664507+00:00,0,11052,100
2026-09-22T03:02:31.664507+00:00,1,11052,8
2026-09-22T03:02:31.664507+00:00,2,11052,100
2026-09-22T03:02:31.664507+00:00,3,11050,100
2026-09-22T03:02:36.724867+00:00,0,2906,70
2026-09-22T03:02:36.724867+00:00,1,2906,83
2026-09-22T03:02:36.724867+00:00,2,2906,83
2026-09-22T03:02:36.724867+00:00,3,1986,83
2026-09-22T03:02:41.787005+00:00,0,32566,72
2026-09-22T03:02:41.787005+00:00,1,32566,75
2026-09-22T03:02:41.787005+00:00,2,32566,75
2026-09-22T03:02:41.787005+00:00,3,32566,78
2026-09-22T03:02:46.849872+00:00,0,32566,75
2026-09-22T03:02:46.849872+00:00,1,32566,75
2026-09-22T03:02:46.849872+00:00,2,32566,79
2026-09-22T03:02:46.849872+00:00,3,32566,76
2026-09-22T03:02:51.913848+00:00,0,32566,72
2026-09-22T03:02:51.913848+00:00,1,32566,73
2026-09-22T03:02:51.913848+00:00,2,32566,76
2026-09-22T03:02:51.913848+00:00,3,32566,79
2026-09-22T03:02:56.982298+00:00,0,32566,75
2026-09-22T03:02:56.982298+00:00,1,32566,78
2026-09-22T03:02:56.982298+00:00,2,32566,77
2026-09-22T03:02:56.982298+00:00,3,32566,79
2026-09-22T03:03:02.046966+00:00,0,32566,82
2026-09-22T03:03:02.046966+00:00,1,32566,77
2026-09-22T03:03:02.046966+00:00,2,32566,81
2026-09-22T03:03:02.046966+00:00,3,32566,78
2026-09-22T03:03:07.122164+00:00,0,32566,83
2026-09-22T03:03:07.122164+00:00,1,32566,82
2026-09-22T03:03:07.122164+00:00,2,32566,78
2026-09-22T03:03:07.122164+00:00,3,32566,81
2026-09-22T03:03:12.190525+00:00,0,32566,79
2026-09-22T03:03:12.190525+00:00,1,32566,76
2026-09-22T03:03:12.190525+00:00,2,32566,79
2026-09-22T03:03:12.190525+00:00,3,32566,80
2026-09-22T03:03:17.253933+00:00,0,32566,79
2026-09-22T03:03:17.253933+00:00,1,32566,77
2026-09-22T03:03:17.253933+00:00,2,32566,81
2026-09-22T03:03:17.253933+00:00,3,32566,85
2026-09-22T03:03:22.322106+00:00,0,32566,81
2026-09-22T03:03:22.322106+00:00,1,32566,83
2026-09-22T03:03:22.322106+00:00,2,32566,82
2026-09-22T03:03:22.322106+00:00,3,32566,82
2026-09-22T03:03:27.388179+00:00,0,32566,82
2026-09-22T03:03:27.388179+00:00,1,32566,82
2026-09-22T03:03:27.388179+00:00,2,32566,88
2026-09-22T03:03:27.388179+00:00,3,32566,81
2026-09-22T03:03:32.456548+00:00,0,32566,80
2026-09-22T03:03:32.456548+00:00,1,32566,80
2026-09-22T03:03:32.456548+00:00,2,32566,80
2026-09-22T03:03:32.456548+00:00,3,32566,80
2026-09-22T03:03:37.515323+00:00,0,32566,83
2026-09-22T03:03:37.515323+00:00,1,32566,80
2026-09-22T03:03:37.515323+00:00,2,32566,80
2026-09-22T03:03:37.515323+00:00,3,32566,79
2026-09-22T03:03:42.582336+00:00,0,32566,79
2026-09-22T03:03:42.582336+00:00,1,32566,80
2026-09-22T03:03:42.582336+00:00,2,32566,82
2026-09-22T03:03:42.582336+00:00,3,32566,78
2026-09-22T03:03:47.650476+00:00,0,32566,82
2026-09-22T03:03:47.650476+00:00,1,32566,83
2026-09-22T03:03:47.650476+00:00,2,32566,90
2026-09-22T03:03:47.650476+00:00,3,32566,79
2026-09-22T03:03:52.717187+00:00,0,32566,79
2026-09-22T03:03:52.717187+00:00,1,32566,81
2026-09-22T03:03:52.717187+00:00,2,32566,81
2026-09-22T03:03:52.717187+00:00,3,32566,84
2026-09-22T03:03:57.783400+00:00,0,32566,86
2026-09-22T03:03:57.783400+00:00,1,32566,83
2026-09-22T03:03:57.783400+00:00,2,32566,81
2026-09-22T03:03:57.783400+00:00,3,32566,85
2026-09-22T03:04:02.843402+00:00,0,32566,82
2026-09-22T03:04:02.843402+00:00,1,32566,81
2026-09-22T03:04:02.843402+00:00,2,32566,84
2026-09-22T03:04:02.843402+00:00,3,32566,86
2026-09-22T03:04:07.912200+00:00,0,32566,82
2026-09-22T03:04:07.912200+00:00,1,32566,81
2026-09-22T03:04:07.912200+00:00,2,32566,86
2026-09-22T03:04:07.912200+00:00,3,32566,82
2026-09-22T03:04:12.975291+00:00,0,32566,85
2026-09-22T03:04:12.975291+00:00,1,32566,84
2026-09-22T03:04:12.975291+00:00,2,32566,80
2026-09-22T03:04:12.975291+00:00,3,32566,88
2026-09-22T03:04:18.031632+00:00,0,32566,82
2026-09-22T03:04:18.031632+00:00,1,32566,85
2026-09-22T03:04:18.031632+00:00,2,32566,86
2026-09-22T03:04:18.031632+00:00,3,32566,83
2026-09-22T03:04:23.098630+00:00,0,32566,85
2026-09-22T03:04:23.098630+00:00,1,32566,86
2026-09-22T03:04:23.098630+00:00,2,32566,84
2026-09-22T03:04:23.098630+00:00,3,32566,83
2026-09-22T03:04:28.162424+00:00,0,32566,83
2026-09-22T03:04:28.162424+00:00,1,32566,85
2026-09-22T03:04:28.162424+00:00,2,32566,87
2026-09-22T03:04:28.162424+00:00,3,32566,85
2026-09-22T03:04:33.229716+00:00,0,32566,83
2026-09-22T03:04:33.229716+00:00,1,32566,82
2026-09-22T03:04:33.229716+00:00,2,32566,85
2026-09-22T03:04:33.229716+00:00,3,32566,85
2026-09-22T03:04:38.295929+00:00,0,32566,83
2026-09-22T03:04:38.295929+00:00,1,32566,85
2026-09-22T03:04:38.295929+00:00,2,32566,83
2026-09-22T03:04:38.295929+00:00,3,32566,85
2026-09-22T03:04:43.363729+00:00,0,32566,84
2026-09-22T03:04:43.363729+00:00,1,32566,79
2026-09-22T03:04:43.363729+00:00,2,32566,0
2026-09-22T03:04:43.363729+00:00,3,32566,84
2026-09-22T03:04:48.428406+00:00,0,6614,99
2026-09-22T03:04:48.428406+00:00,1,6594,98
2026-09-22T03:04:48.428406+00:00,2,6574,98
2026-09-22T03:04:48.428406+00:00,3,6614,98
2026-09-22T03:04:53.497898+00:00,0,12200,99
2026-09-22T03:04:53.497898+00:00,1,12260,99
2026-09-22T03:04:53.497898+00:00,2,12498,100
2026-09-22T03:04:53.497898+00:00,3,12160,100
2026-09-22T03:04:58.567578+00:00,0,12204,99
2026-09-22T03:04:58.567578+00:00,1,12404,99
2026-09-22T03:04:58.567578+00:00,2,12504,99
2026-09-22T03:04:58.567578+00:00,3,12164,99
2026-09-22T03:05:03.635508+00:00,0,25224,98
2026-09-22T03:05:03.635508+00:00,1,25224,98
2026-09-22T03:05:03.635508+00:00,2,25244,98
2026-09-22T03:05:03.635508+00:00,3,25224,96
2026-09-22T03:05:08.707214+00:00,0,25486,98
2026-09-22T03:05:08.707214+00:00,1,26666,99
2026-09-22T03:05:08.707214+00:00,2,26486,99
2026-09-22T03:05:08.707214+00:00,3,26706,99
2026-09-22T03:05:13.783100+00:00,0,27048,98
2026-09-22T03:05:13.783100+00:00,1,26668,98
2026-09-22T03:05:13.783100+00:00,2,26488,98
2026-09-22T03:05:13.783100+00:00,3,26708,98
2026-09-22T03:05:18.846389+00:00,0,27330,99
2026-09-22T03:05:18.846389+00:00,1,27630,99
2026-09-22T03:05:18.846389+00:00,2,28530,99
2026-09-22T03:05:18.846389+00:00,3,27110,99
2026-09-22T03:05:23.919684+00:00,0,27332,98
2026-09-22T03:05:23.919684+00:00,1,28232,99
2026-09-22T03:05:23.919684+00:00,2,28532,98
2026-09-22T03:05:23.919684+00:00,3,27112,97
2026-09-22T03:05:28.984836+00:00,0,27334,99
2026-09-22T03:05:28.984836+00:00,1,28234,99
2026-09-22T03:05:28.984836+00:00,2,28534,98
2026-09-22T03:05:28.984836+00:00,3,27114,98
2026-09-22T03:05:34.058493+00:00,0,27336,98
2026-09-22T03:05:34.058493+00:00,1,28234,98
2026-09-22T03:05:34.058493+00:00,2,28536,99
2026-09-22T03:05:34.058493+00:00,3,27116,99
2026-09-22T03:05:39.128166+00:00,0,27336,99
2026-09-22T03:05:39.128166+00:00,1,28238,99
2026-09-22T03:05:39.128166+00:00,2,28536,98
2026-09-22T03:05:39.128166+00:00,3,27116,99
2026-09-22T03:05:44.200205+00:00,0,9722,6
2026-09-22T03:05:44.200205+00:00,1,9722,6
2026-09-22T03:05:44.200205+00:00,2,9722,5
2026-09-22T03:05:44.200205+00:00,3,9722,6
2026-09-22T03:05:49.258149+00:00,0,10600,8
2026-09-22T03:05:49.258149+00:00,1,10642,8
2026-09-22T03:05:49.258149+00:00,2,10540,8
2026-09-22T03:05:49.258149+00:00,3,10764,8
2026-09-22T03:05:54.317065+00:00,0,12232,48
2026-09-22T03:05:54.317065+00:00,1,12252,46
2026-09-22T03:05:54.317065+00:00,2,12252,41
2026-09-22T03:05:54.317065+00:00,3,12310,43
2026-09-22T03:05:59.378468+00:00,0,32542,79
2026-09-22T03:05:59.378468+00:00,1,32548,74
2026-09-22T03:05:59.378468+00:00,2,32558,76
2026-09-22T03:05:59.378468+00:00,3,32562,79
2026-09-22T03:06:04.442744+00:00,0,32542,76
2026-09-22T03:06:04.442744+00:00,1,32548,76
2026-09-22T03:06:04.442744+00:00,2,32558,74
2026-09-22T03:06:04.442744+00:00,3,32562,79
2026-09-22T03:06:09.509666+00:00,0,32542,75
2026-09-22T03:06:09.509666+00:00,1,32548,81
2026-09-22T03:06:09.509666+00:00,2,32558,76
2026-09-22T03:06:09.509666+00:00,3,32562,80
2026-09-22T03:06:14.573909+00:00,0,32542,76
2026-09-22T03:06:14.573909+00:00,1,32548,77
2026-09-22T03:06:14.573909+00:00,2,32558,76
2026-09-22T03:06:14.573909+00:00,3,32562,75
2026-09-22T03:06:19.641100+00:00,0,32542,77
2026-09-22T03:06:19.641100+00:00,1,32548,80
2026-09-22T03:06:19.641100+00:00,2,32558,77
2026-09-22T03:06:19.641100+00:00,3,32562,80
2026-09-22T03:06:24.697163+00:00,0,32542,77
2026-09-22T03:06:24.697163+00:00,1,32548,79
2026-09-22T03:06:24.697163+00:00,2,32558,80
2026-09-22T03:06:24.697163+00:00,3,32562,76
2026-09-22T03:06:29.753020+00:00,0,32542,80
2026-09-22T03:06:29.753020+00:00,1,32548,80
2026-09-22T03:06:29.753020+00:00,2,32558,76
2026-09-22T03:06:29.753020+00:00,3,32562,82
2026-09-22T03:06:34.813065+00:00,0,32542,78
2026-09-22T03:06:34.813065+00:00,1,32548,78
2026-09-22T03:06:34.813065+00:00,2,32558,81
2026-09-22T03:06:34.813065+00:00,3,32562,79
2026-09-22T03:06:39.879551+00:00,0,32542,80
2026-09-22T03:06:39.879551+00:00,1,32548,84
2026-09-22T03:06:39.879551+00:00,2,32558,80
2026-09-22T03:06:39.879551+00:00,3,32562,81
2026-09-22T03:06:44.942758+00:00,0,32542,80
2026-09-22T03:06:44.942758+00:00,1,32548,79
2026-09-22T03:06:44.942758+00:00,2,32558,81
2026-09-22T03:06:44.942758+00:00,3,32562,79
2026-09-22T03:06:50.008280+00:00,0,32542,82
2026-09-22T03:06:50.008280+00:00,1,32548,81
2026-09-22T03:06:50.008280+00:00,2,32558,81
2026-09-22T03:06:50.008280+00:00,3,32562,81
2026-09-22T03:06:55.076955+00:00,0,32542,80
2026-09-22T03:06:55.076955+00:00,1,32548,80
2026-09-22T03:06:55.076955+00:00,2,32558,80
2026-09-22T03:06:55.076955+00:00,3,32562,80
2026-09-22T03:07:00.146372+00:00,0,32542,82
2026-09-22T03:07:00.146372+00:00,1,32548,80
2026-09-22T03:07:00.146372+00:00,2,32558,81
2026-09-22T03:07:00.146372+00:00,3,32562,81
2026-09-22T03:07:05.219043+00:00,0,32542,83
2026-09-22T03:07:05.219043+00:00,1,32548,84
2026-09-22T03:07:05.219043+00:00,2,32558,82
2026-09-22T03:07:05.219043+00:00,3,32562,86
2026-09-22T03:07:10.286013+00:00,0,32542,86
2026-09-22T03:07:10.286013+00:00,1,32548,83
2026-09-22T03:07:10.286013+00:00,2,32558,80
2026-09-22T03:07:10.286013+00:00,3,32562,83
2026-09-22T03:07:15.353070+00:00,0,32542,84
2026-09-22T03:07:15.353070+00:00,1,32548,82
2026-09-22T03:07:15.353070+00:00,2,32558,82
2026-09-22T03:07:15.353070+00:00,3,32562,80
2026-09-22T03:07:20.415089+00:00,0,32542,83
2026-09-22T03:07:20.415089+00:00,1,32548,84
2026-09-22T03:07:20.415089+00:00,2,32558,80
2026-09-22T03:07:20.415089+00:00,3,32562,83
2026-09-22T03:07:25.483309+00:00,0,32542,82
2026-09-22T03:07:25.483309+00:00,1,32548,83
2026-09-22T03:07:25.483309+00:00,2,32558,84
2026-09-22T03:07:25.483309+00:00,3,32562,84
2026-09-22T03:07:30.553990+00:00,0,32542,80
2026-09-22T03:07:30.553990+00:00,1,32548,82
2026-09-22T03:07:30.553990+00:00,2,32558,81
2026-09-22T03:07:30.553990+00:00,3,32562,86
2026-09-22T03:07:35.617610+00:00,0,32542,87
2026-09-22T03:07:35.617610+00:00,1,32548,84
2026-09-22T03:07:35.617610+00:00,2,32558,84
2026-09-22T03:07:35.617610+00:00,3,32562,84
2026-09-22T03:07:40.687212+00:00,0,32542,83
2026-09-22T03:07:40.687212+00:00,1,32548,86
2026-09-22T03:07:40.687212+00:00,2,32558,87
2026-09-22T03:07:40.687212+00:00,3,32562,82
2026-09-22T03:07:45.745894+00:00,0,32542,85
2026-09-22T03:07:45.745894+00:00,1,32548,87
2026-09-22T03:07:45.745894+00:00,2,32558,85
2026-09-22T03:07:45.745894+00:00,3,32562,82
2026-09-22T03:07:50.810147+00:00,0,32542,79
2026-09-22T03:07:50.810147+00:00,1,32548,83
2026-09-22T03:07:50.810147+00:00,2,32558,85
2026-09-22T03:07:50.810147+00:00,3,32562,84
2026-09-22T03:07:55.879534+00:00,0,32542,0
2026-09-22T03:07:55.879534+00:00,1,32548,79
2026-09-22T03:07:55.879534+00:00,2,32558,85
2026-09-22T03:07:55.879534+00:00,3,32562,81
2026-09-22T03:08:00.951335+00:00,0,22008,0
2026-09-22T03:08:00.951335+00:00,1,18070,0
2026-09-22T03:08:00.951335+00:00,2,17094,83
2026-09-22T03:08:00.951335+00:00,3,17098,20
2026-09-22T03:08:06.048357+00:00,0,11716,99
2026-09-22T03:08:06.048357+00:00,1,11756,99
2026-09-22T03:08:06.048357+00:00,2,11756,99
2026-09-22T03:08:06.048357+00:00,3,11696,98
2026-09-22T03:08:11.118189+00:00,0,11940,99
2026-09-22T03:08:11.118189+00:00,1,11860,99
2026-09-22T03:08:11.118189+00:00,2,11840,99
2026-09-22T03:08:11.118189+00:00,3,11920,99
2026-09-22T03:08:16.189966+00:00,0,26472,43
2026-09-22T03:08:16.189966+00:00,1,25372,57
2026-09-22T03:08:16.189966+00:00,2,25372,52
2026-09-22T03:08:16.189966+00:00,3,26552,62
2026-09-22T03:08:21.248613+00:00,0,27486,99
2026-09-22T03:08:21.248613+00:00,1,27346,99
2026-09-22T03:08:21.248613+00:00,2,27086,99
2026-09-22T03:08:21.248613+00:00,3,26926,99
2026-09-22T03:08:26.316687+00:00,0,27748,99
2026-09-22T03:08:26.316687+00:00,1,27608,100
2026-09-22T03:08:26.316687+00:00,2,27548,100
2026-09-22T03:08:26.316687+00:00,3,27708,100
2026-09-22T03:08:31.389624+00:00,0,27750,99
2026-09-22T03:08:31.389624+00:00,1,27610,99
2026-09-22T03:08:31.389624+00:00,2,27810,99
2026-09-22T03:08:31.389624+00:00,3,27710,99
2026-09-22T03:08:36.454912+00:00,0,28172,99
2026-09-22T03:08:36.454912+00:00,1,28070,100
2026-09-22T03:08:36.454912+00:00,2,28212,90
2026-09-22T03:08:36.454912+00:00,3,28152,89
2026-09-22T03:08:41.517350+00:00,0,28174,99
2026-09-22T03:08:41.517350+00:00,1,28074,100
2026-09-22T03:08:41.517350+00:00,2,28214,99
2026-09-22T03:08:41.517350+00:00,3,28154,99
2026-09-22T03:08:46.584433+00:00,0,28176,89
2026-09-22T03:08:46.584433+00:00,1,28074,98
2026-09-22T03:08:46.584433+00:00,2,28214,98
2026-09-22T03:08:46.584433+00:00,3,28156,94
2026-09-22T03:08:51.646021+00:00,0,28178,100
2026-09-22T03:08:51.646021+00:00,1,28078,99
2026-09-22T03:08:51.646021+00:00,2,28218,99
2026-09-22T03:08:51.646021+00:00,3,28156,99
2026-09-22T03:08:56.714915+00:00,0,9722,5
2026-09-22T03:08:56.714915+00:00,1,9722,7
2026-09-22T03:08:56.714915+00:00,2,9722,7
2026-09-22T03:08:56.714915+00:00,3,9722,7
2026-09-22T03:09:01.773018+00:00,0,10684,7
2026-09-22T03:09:01.773018+00:00,1,10848,8
2026-09-22T03:09:01.773018+00:00,2,10826,6
2026-09-22T03:09:01.773018+00:00,3,11050,8
2026-09-22T03:09:06.833154+00:00,0,14452,31
2026-09-22T03:09:06.833154+00:00,1,14512,32
2026-09-22T03:09:06.833154+00:00,2,14512,31
2026-09-22T03:09:06.833154+00:00,3,14010,28
2026-09-22T03:09:11.893348+00:00,0,32550,81
2026-09-22T03:09:11.893348+00:00,1,32578,82
2026-09-22T03:09:11.893348+00:00,2,32554,74
2026-09-22T03:09:11.893348+00:00,3,32600,75
2026-09-22T03:09:16.955573+00:00,0,32550,77
2026-09-22T03:09:16.955573+00:00,1,32578,77
2026-09-22T03:09:16.955573+00:00,2,32554,74
2026-09-22T03:09:16.955573+00:00,3,32600,73
2026-09-22T03:09:22.015934+00:00,0,32550,78
2026-09-22T03:09:22.015934+00:00,1,32578,76
2026-09-22T03:09:22.015934+00:00,2,32554,76
2026-09-22T03:09:22.015934+00:00,3,32600,85
2026-09-22T03:09:27.079725+00:00,0,32550,81
2026-09-22T03:09:27.079725+00:00,1,32578,81
2026-09-22T03:09:27.079725+00:00,2,32554,85
2026-09-22T03:09:27.079725+00:00,3,32600,86
2026-09-22T03:09:32.135977+00:00,0,32550,79
2026-09-22T03:09:32.135977+00:00,1,32578,76
2026-09-22T03:09:32.135977+00:00,2,32554,76
2026-09-22T03:09:32.135977+00:00,3,32600,77
2026-09-22T03:09:37.201071+00:00,0,32550,78
2026-09-22T03:09:37.201071+00:00,1,32578,76
2026-09-22T03:09:37.201071+00:00,2,32554,81
2026-09-22T03:09:37.201071+00:00,3,32600,78
2026-09-22T03:09:42.267501+00:00,0,32550,79
2026-09-22T03:09:42.267501+00:00,1,32578,78
2026-09-22T03:09:42.267501+00:00,2,32554,77
2026-09-22T03:09:42.267501+00:00,3,32600,83
2026-09-22T03:09:47.330038+00:00,0,32550,81
2026-09-22T03:09:47.330038+00:00,1,32578,79
2026-09-22T03:09:47.330038+00:00,2,32554,82
2026-09-22T03:09:47.330038+00:00,3,32600,81
2026-09-22T03:09:52.401171+00:00,0,32550,79
2026-09-22T03:09:52.401171+00:00,1,32578,79
2026-09-22T03:09:52.401171+00:00,2,32554,76
2026-09-22T03:09:52.401171+00:00,3,32600,79
2026-09-22T03:09:57.468483+00:00,0,32550,83
2026-09-22T03:09:57.468483+00:00,1,32578,82
2026-09-22T03:09:57.468483+00:00,2,32554,82
2026-09-22T03:09:57.468483+00:00,3,32600,80
2026-09-22T03:10:02.526527+00:00,0,32550,83
2026-09-22T03:10:02.526527+00:00,1,32578,80
2026-09-22T03:10:02.526527+00:00,2,32554,80
2026-09-22T03:10:02.526527+00:00,3,32600,86
2026-09-22T03:10:07.598037+00:00,0,32550,83
2026-09-22T03:10:07.598037+00:00,1,32578,83
2026-09-22T03:10:07.598037+00:00,2,32554,84
2026-09-22T03:10:07.598037+00:00,3,32600,87
2026-09-22T03:10:12.660540+00:00,0,32550,82
2026-09-22T03:10:12.660540+00:00,1,32578,80
2026-09-22T03:10:12.660540+00:00,2,32554,84
2026-09-22T03:10:12.660540+00:00,3,32600,79
2026-09-22T03:10:17.726015+00:00,0,32550,87
2026-09-22T03:10:17.726015+00:00,1,32578,87
2026-09-22T03:10:17.726015+00:00,2,32554,82
2026-09-22T03:10:17.726015+00:00,3,32600,81
2026-09-22T03:10:22.794030+00:00,0,32550,86
2026-09-22T03:10:22.794030+00:00,1,32578,85
2026-09-22T03:10:22.794030+00:00,2,32554,81
2026-09-22T03:10:22.794030+00:00,3,32600,84
2026-09-22T03:10:27.864418+00:00,0,32550,83
2026-09-22T03:10:27.864418+00:00,1,32578,90
2026-09-22T03:10:27.864418+00:00,2,32554,84
2026-09-22T03:10:27.864418+00:00,3,32600,80
2026-09-22T03:10:32.930151+00:00,0,32550,81
2026-09-22T03:10:32.930151+00:00,1,32578,81
2026-09-22T03:10:32.930151+00:00,2,32554,82
2026-09-22T03:10:32.930151+00:00,3,32600,83
2026-09-22T03:10:37.998637+00:00,0,32550,81
2026-09-22T03:10:37.998637+00:00,1,32578,81
2026-09-22T03:10:37.998637+00:00,2,32554,87
2026-09-22T03:10:37.998637+00:00,3,32600,83
2026-09-22T03:10:43.065629+00:00,0,32550,81
2026-09-22T03:10:43.065629+00:00,1,32578,82
2026-09-22T03:10:43.065629+00:00,2,32554,82
2026-09-22T03:10:43.065629+00:00,3,32600,85
2026-09-22T03:10:48.133429+00:00,0,32550,82
2026-09-22T03:10:48.133429+00:00,1,32578,82
2026-09-22T03:10:48.133429+00:00,2,32554,83
2026-09-22T03:10:48.133429+00:00,3,32600,87
2026-09-22T03:10:53.202765+00:00,0,32550,83
2026-09-22T03:10:53.202765+00:00,1,32578,85
2026-09-22T03:10:53.202765+00:00,2,32554,81
2026-09-22T03:10:53.202765+00:00,3,32600,87
2026-09-22T03:10:58.269181+00:00,0,32550,86
2026-09-22T03:10:58.269181+00:00,1,32578,85
2026-09-22T03:10:58.269181+00:00,2,32554,82
2026-09-22T03:10:58.269181+00:00,3,32600,87
2026-09-22T03:11:03.329614+00:00,0,32550,83
2026-09-22T03:11:03.329614+00:00,1,32578,84
2026-09-22T03:11:03.329614+00:00,2,32554,85
2026-09-22T03:11:03.329614+00:00,3,32600,86
2026-09-22T03:11:08.393506+00:00,0,32550,0
2026-09-22T03:11:08.393506+00:00,1,32578,0
2026-09-22T03:11:08.393506+00:00,2,32554,0
2026-09-22T03:11:08.393506+00:00,3,32600,84
2026-09-22T03:11:13.453509+00:00,0,32550,0
2026-09-22T03:11:13.453509+00:00,1,32578,0
2026-09-22T03:11:13.453509+00:00,2,32554,0
2026-09-22T03:11:13.453509+00:00,3,32600,81
2026-09-22T03:11:18.511754+00:00,0,11574,98
2026-09-22T03:11:18.511754+00:00,1,11614,99
2026-09-22T03:11:18.511754+00:00,2,11594,99
2026-09-22T03:11:18.511754+00:00,3,11734,99
2026-09-22T03:11:23.574160+00:00,0,11800,99
2026-09-22T03:11:23.574160+00:00,1,11740,99
2026-09-22T03:11:23.574160+00:00,2,11780,99
2026-09-22T03:11:23.574160+00:00,3,11740,99
2026-09-22T03:11:28.639288+00:00,0,6830,99
2026-09-22T03:11:28.639288+00:00,1,6990,97
2026-09-22T03:11:28.639288+00:00,2,6990,99
2026-09-22T03:11:28.639288+00:00,3,6990,98
2026-09-22T03:11:33.704064+00:00,0,25446,99
2026-09-22T03:11:33.704064+00:00,1,26706,100
2026-09-22T03:11:33.704064+00:00,2,26346,99
2026-09-22T03:11:33.704064+00:00,3,26406,99
2026-09-22T03:11:38.768415+00:00,0,27046,89
2026-09-22T03:11:38.768415+00:00,1,26708,98
2026-09-22T03:11:38.768415+00:00,2,26986,98
2026-09-22T03:11:38.768415+00:00,3,27268,99
2026-09-22T03:11:43.850616+00:00,0,28770,99
2026-09-22T03:11:43.850616+00:00,1,27610,99
2026-09-22T03:11:43.850616+00:00,2,29050,99
2026-09-22T03:11:43.850616+00:00,3,27590,99
2026-09-22T03:11:48.925818+00:00,0,28772,99
2026-09-22T03:11:48.925818+00:00,1,27812,99
2026-09-22T03:11:48.925818+00:00,2,29052,98
2026-09-22T03:11:48.925818+00:00,3,28810,99
2026-09-22T03:11:54.002713+00:00,0,28774,99
2026-09-22T03:11:54.002713+00:00,1,28854,99
2026-09-22T03:11:54.002713+00:00,2,29054,99
2026-09-22T03:11:54.002713+00:00,3,28814,99
2026-09-22T03:11:59.075423+00:00,0,28776,99
2026-09-22T03:11:59.075423+00:00,1,28856,98
2026-09-22T03:11:59.075423+00:00,2,29056,98
2026-09-22T03:11:59.075423+00:00,3,28816,98
2026-09-22T03:12:04.146780+00:00,0,28778,99
2026-09-22T03:12:04.146780+00:00,1,28858,99
2026-09-22T03:12:04.146780+00:00,2,29058,99
2026-09-22T03:12:04.146780+00:00,3,28818,99
2026-09-22T03:12:09.221696+00:00,0,9722,6
2026-09-22T03:12:09.221696+00:00,1,9722,7
2026-09-22T03:12:09.221696+00:00,2,9722,5
2026-09-22T03:12:09.221696+00:00,3,9722,5
2026-09-22T03:12:14.273051+00:00,0,10724,7
2026-09-22T03:12:14.273051+00:00,1,10766,8
2026-09-22T03:12:14.273051+00:00,2,10682,8
2026-09-22T03:12:14.273051+00:00,3,10766,8
2026-09-22T03:12:19.325891+00:00,0,14512,32
2026-09-22T03:12:19.325891+00:00,1,14572,29
2026-09-22T03:12:19.325891+00:00,2,14632,30
2026-09-22T03:12:19.325891+00:00,3,14730,31
2026-09-22T03:12:24.385647+00:00,0,32544,84
2026-09-22T03:12:24.385647+00:00,1,32550,81
2026-09-22T03:12:24.385647+00:00,2,32556,78
2026-09-22T03:12:24.385647+00:00,3,32556,77
2026-09-22T03:12:29.448866+00:00,0,32544,78
2026-09-22T03:12:29.448866+00:00,1,32550,81
2026-09-22T03:12:29.448866+00:00,2,32556,75
2026-09-22T03:12:29.448866+00:00,3,32556,79
2026-09-22T03:12:34.505022+00:00,0,32544,79
2026-09-22T03:12:34.505022+00:00,1,32550,80
2026-09-22T03:12:34.505022+00:00,2,32556,82
2026-09-22T03:12:34.505022+00:00,3,32556,74
2026-09-22T03:12:39.570463+00:00,0,32544,76
2026-09-22T03:12:39.570463+00:00,1,32550,77
2026-09-22T03:12:39.570463+00:00,2,32556,77
2026-09-22T03:12:39.570463+00:00,3,32556,78
2026-09-22T03:12:44.634524+00:00,0,32544,79
2026-09-22T03:12:44.634524+00:00,1,32550,82
2026-09-22T03:12:44.634524+00:00,2,32556,83
2026-09-22T03:12:44.634524+00:00,3,32556,75
2026-09-22T03:12:49.698061+00:00,0,32544,79
2026-09-22T03:12:49.698061+00:00,1,32550,77
2026-09-22T03:12:49.698061+00:00,2,32556,83
2026-09-22T03:12:49.698061+00:00,3,32556,78
2026-09-22T03:12:54.764315+00:00,0,32544,81
2026-09-22T03:12:54.764315+00:00,1,32550,79
2026-09-22T03:12:54.764315+00:00,2,32556,80
2026-09-22T03:12:54.764315+00:00,3,32556,82
2026-09-22T03:12:59.829916+00:00,0,32544,82
2026-09-22T03:12:59.829916+00:00,1,32550,81
2026-09-22T03:12:59.829916+00:00,2,32556,78
2026-09-22T03:12:59.829916+00:00,3,32556,86
2026-09-22T03:13:04.894169+00:00,0,32544,79
2026-09-22T03:13:04.894169+00:00,1,32550,80
2026-09-22T03:13:04.894169+00:00,2,32556,83
2026-09-22T03:13:04.894169+00:00,3,32556,82
2026-09-22T03:13:09.954175+00:00,0,32544,85
2026-09-22T03:13:09.954175+00:00,1,32550,79
2026-09-22T03:13:09.954175+00:00,2,32556,82
2026-09-22T03:13:09.954175+00:00,3,32556,81
2026-09-22T03:13:15.020674+00:00,0,32544,80
2026-09-22T03:13:15.020674+00:00,1,32550,84
2026-09-22T03:13:15.020674+00:00,2,32556,82
2026-09-22T03:13:15.020674+00:00,3,32556,81
2026-09-22T03:13:20.079422+00:00,0,32544,81
2026-09-22T03:13:20.079422+00:00,1,32550,83
2026-09-22T03:13:20.079422+00:00,2,32556,78
2026-09-22T03:13:20.079422+00:00,3,32556,79
2026-09-22T03:13:25.147611+00:00,0,32544,82
2026-09-22T03:13:25.147611+00:00,1,32550,80
2026-09-22T03:13:25.147611+00:00,2,32556,78
2026-09-22T03:13:25.147611+00:00,3,32556,84
2026-09-22T03:13:30.215699+00:00,0,32544,80
2026-09-22T03:13:30.215699+00:00,1,32550,80
2026-09-22T03:13:30.215699+00:00,2,32556,83
2026-09-22T03:13:30.215699+00:00,3,32556,81
2026-09-22T03:13:35.286342+00:00,0,32544,84
2026-09-22T03:13:35.286342+00:00,1,32550,85
2026-09-22T03:13:35.286342+00:00,2,32556,81
2026-09-22T03:13:35.286342+00:00,3,32556,84
2026-09-22T03:13:40.362478+00:00,0,32544,84
2026-09-22T03:13:40.362478+00:00,1,32550,83
2026-09-22T03:13:40.362478+00:00,2,32556,82
2026-09-22T03:13:40.362478+00:00,3,32556,82
2026-09-22T03:13:45.431384+00:00,0,32544,87
2026-09-22T03:13:45.431384+00:00,1,32550,86
2026-09-22T03:13:45.431384+00:00,2,32556,83
2026-09-22T03:13:45.431384+00:00,3,32556,83
2026-09-22T03:13:50.504185+00:00,0,32544,84
2026-09-22T03:13:50.504185+00:00,1,32550,81
2026-09-22T03:13:50.504185+00:00,2,32556,82
2026-09-22T03:13:50.504185+00:00,3,32556,82
2026-09-22T03:13:55.572834+00:00,0,32544,86
2026-09-22T03:13:55.572834+00:00,1,32550,87
2026-09-22T03:13:55.572834+00:00,2,32556,85
2026-09-22T03:13:55.572834+00:00,3,32556,84
2026-09-22T03:14:00.644176+00:00,0,32544,84
2026-09-22T03:14:00.644176+00:00,1,32550,82
2026-09-22T03:14:00.644176+00:00,2,32556,87
2026-09-22T03:14:00.644176+00:00,3,32556,86
2026-09-22T03:14:05.709783+00:00,0,32544,86
2026-09-22T03:14:05.709783+00:00,1,32550,89
2026-09-22T03:14:05.709783+00:00,2,32556,86
2026-09-22T03:14:05.709783+00:00,3,32556,86
2026-09-22T03:14:10.774403+00:00,0,32544,85
2026-09-22T03:14:10.774403+00:00,1,32550,87
2026-09-22T03:14:10.774403+00:00,2,32556,82
2026-09-22T03:14:10.774403+00:00,3,32556,86
2026-09-22T03:14:15.841459+00:00,0,32544,90
2026-09-22T03:14:15.841459+00:00,1,32550,86
2026-09-22T03:14:15.841459+00:00,2,32556,82
2026-09-22T03:14:15.841459+00:00,3,32556,84
2026-09-22T03:14:20.898293+00:00,0,32544,83
2026-09-22T03:14:20.898293+00:00,1,32550,86
2026-09-22T03:14:20.898293+00:00,2,32556,88
2026-09-22T03:14:20.898293+00:00,3,32556,83
2026-09-22T03:14:25.965782+00:00,0,32544,84
2026-09-22T03:14:25.965782+00:00,1,32550,84
2026-09-22T03:14:25.965782+00:00,2,32556,78
2026-09-22T03:14:25.965782+00:00,3,32556,88
2026-09-22T03:14:31.035762+00:00,0,32544,85
2026-09-22T03:14:31.035762+00:00,1,32550,0
2026-09-22T03:14:31.035762+00:00,2,32558,0
2026-09-22T03:14:31.035762+00:00,3,32556,0
2026-09-22T03:14:36.094200+00:00,0,6714,99
2026-09-22T03:14:36.094200+00:00,1,6714,99
2026-09-22T03:14:36.094200+00:00,2,6714,99
2026-09-22T03:14:36.094200+00:00,3,6714,99
2026-09-22T03:14:41.162234+00:00,0,12498,99
2026-09-22T03:14:41.162234+00:00,1,12538,99
2026-09-22T03:14:41.162234+00:00,2,12498,99
2026-09-22T03:14:41.162234+00:00,3,12498,99
2026-09-22T03:14:46.229412+00:00,0,12624,99
2026-09-22T03:14:46.229412+00:00,1,12544,98
2026-09-22T03:14:46.229412+00:00,2,12604,100
2026-09-22T03:14:46.229412+00:00,3,12564,100
2026-09-22T03:14:51.296139+00:00,0,25324,99
2026-09-22T03:14:51.296139+00:00,1,25324,99
2026-09-22T03:14:51.296139+00:00,2,25322,99
2026-09-22T03:14:51.296139+00:00,3,25324,100
2026-09-22T03:14:56.368935+00:00,0,28286,100
2026-09-22T03:14:56.368935+00:00,1,28306,89
2026-09-22T03:14:56.368935+00:00,2,27926,99
2026-09-22T03:14:56.368935+00:00,3,28306,99
2026-09-22T03:15:01.433183+00:00,0,28528,99
2026-09-22T03:15:01.433183+00:00,1,28608,99
2026-09-22T03:15:01.433183+00:00,2,28528,99
2026-09-22T03:15:01.433183+00:00,3,28588,99
2026-09-22T03:15:06.507185+00:00,0,28530,99
2026-09-22T03:15:06.507185+00:00,1,28610,99
2026-09-22T03:15:06.507185+00:00,2,28530,98
2026-09-22T03:15:06.507185+00:00,3,28590,98
2026-09-22T03:15:11.571081+00:00,0,29132,99
2026-09-22T03:15:11.571081+00:00,1,28652,99
2026-09-22T03:15:11.571081+00:00,2,28972,99
2026-09-22T03:15:11.571081+00:00,3,28892,99
2026-09-22T03:15:16.646691+00:00,0,29132,98
2026-09-22T03:15:16.646691+00:00,1,28652,98
2026-09-22T03:15:16.646691+00:00,2,28974,98
2026-09-22T03:15:16.646691+00:00,3,28894,98
2026-09-22T03:15:21.713188+00:00,0,29136,99
2026-09-22T03:15:21.713188+00:00,1,28654,99
2026-09-22T03:15:21.713188+00:00,2,28976,99
2026-09-22T03:15:21.713188+00:00,3,28896,99
2026-09-22T03:15:26.788650+00:00,0,29136,98
2026-09-22T03:15:26.788650+00:00,1,28656,98
2026-09-22T03:15:26.788650+00:00,2,28976,98
2026-09-22T03:15:26.788650+00:00,3,28896,98
2026-09-22T03:15:31.861000+00:00,0,11052,8
2026-09-22T03:15:31.861000+00:00,1,11052,36
2026-09-22T03:15:31.861000+00:00,2,11052,7
2026-09-22T03:15:31.861000+00:00,3,11050,9
2026-09-22T03:15:36.913092+00:00,0,9824,6
2026-09-22T03:15:36.913092+00:00,1,9946,8
2026-09-22T03:15:36.913092+00:00,2,9946,8
2026-09-22T03:15:36.913092+00:00,3,9946,7
2026-09-22T03:15:41.972365+00:00,0,11052,31
2026-09-22T03:15:41.972365+00:00,1,11052,27
2026-09-22T03:15:41.972365+00:00,2,11052,22
2026-09-22T03:15:41.972365+00:00,3,11050,35
2026-09-22T03:15:47.030280+00:00,0,4832,0
2026-09-22T03:15:47.030280+00:00,1,4832,0
2026-09-22T03:15:47.030280+00:00,2,4832,3
2026-09-22T03:15:47.030280+00:00,3,4832,0
2026-09-22T03:15:52.087678+00:00,0,32544,76
2026-09-22T03:15:52.087678+00:00,1,32560,75
2026-09-22T03:15:52.087678+00:00,2,32584,75
2026-09-22T03:15:52.087678+00:00,3,32540,81
2026-09-22T03:15:57.151418+00:00,0,32544,73
2026-09-22T03:15:57.151418+00:00,1,32560,85
2026-09-22T03:15:57.151418+00:00,2,32584,77
2026-09-22T03:15:57.151418+00:00,3,32540,77
2026-09-22T03:16:02.212396+00:00,0,32544,77
2026-09-22T03:16:02.212396+00:00,1,32560,76
2026-09-22T03:16:02.212396+00:00,2,32584,78
2026-09-22T03:16:02.212396+00:00,3,32540,82
2026-09-22T03:16:07.277662+00:00,0,32544,76
2026-09-22T03:16:07.277662+00:00,1,32560,77
2026-09-22T03:16:07.277662+00:00,2,32584,80
2026-09-22T03:16:07.277662+00:00,3,32540,80
2026-09-22T03:16:12.342824+00:00,0,32544,78
2026-09-22T03:16:12.342824+00:00,1,32560,81
2026-09-22T03:16:12.342824+00:00,2,32584,77
2026-09-22T03:16:12.342824+00:00,3,32540,78
2026-09-22T03:16:17.407161+00:00,0,32544,79
2026-09-22T03:16:17.407161+00:00,1,32560,80
2026-09-22T03:16:17.407161+00:00,2,32584,80
2026-09-22T03:16:17.407161+00:00,3,32540,81
2026-09-22T03:16:22.472423+00:00,0,32544,79
2026-09-22T03:16:22.472423+00:00,1,32560,81
2026-09-22T03:16:22.472423+00:00,2,32584,79
2026-09-22T03:16:22.472423+00:00,3,32540,79
2026-09-22T03:16:27.542175+00:00,0,32544,78
2026-09-22T03:16:27.542175+00:00,1,32560,81
2026-09-22T03:16:27.542175+00:00,2,32584,79
2026-09-22T03:16:27.542175+00:00,3,32540,85
2026-09-22T03:16:32.606753+00:00,0,32544,79
2026-09-22T03:16:32.606753+00:00,1,32560,82
2026-09-22T03:16:32.606753+00:00,2,32584,85
2026-09-22T03:16:32.606753+00:00,3,32540,80
2026-09-22T03:16:37.664496+00:00,0,32544,85
2026-09-22T03:16:37.664496+00:00,1,32560,82
2026-09-22T03:16:37.664496+00:00,2,32584,81
2026-09-22T03:16:37.664496+00:00,3,32540,83
2026-09-22T03:16:42.732219+00:00,0,32544,81
2026-09-22T03:16:42.732219+00:00,1,32560,86
2026-09-22T03:16:42.732219+00:00,2,32584,81
2026-09-22T03:16:42.732219+00:00,3,32540,81
2026-09-22T03:16:47.798183+00:00,0,32544,82
2026-09-22T03:16:47.798183+00:00,1,32560,80
2026-09-22T03:16:47.798183+00:00,2,32584,81
2026-09-22T03:16:47.798183+00:00,3,32540,83
2026-09-22T03:16:52.865598+00:00,0,32544,82
2026-09-22T03:16:52.865598+00:00,1,32560,80
2026-09-22T03:16:52.865598+00:00,2,32584,81
2026-09-22T03:16:52.865598+00:00,3,32540,83
2026-09-22T03:16:57.929746+00:00,0,32544,82
2026-09-22T03:16:57.929746+00:00,1,32560,83
2026-09-22T03:16:57.929746+00:00,2,32584,83
2026-09-22T03:16:57.929746+00:00,3,32540,84
2026-09-22T03:17:02.995672+00:00,0,32544,80
2026-09-22T03:17:02.995672+00:00,1,32560,84
2026-09-22T03:17:02.995672+00:00,2,32584,83
2026-09-22T03:17:02.995672+00:00,3,32540,84
2026-09-22T03:17:08.063381+00:00,0,32544,80
2026-09-22T03:17:08.063381+00:00,1,32560,85
2026-09-22T03:17:08.063381+00:00,2,32584,81
2026-09-22T03:17:08.063381+00:00,3,32540,79
2026-09-22T03:17:13.130497+00:00,0,32544,83
2026-09-22T03:17:13.130497+00:00,1,32560,84
2026-09-22T03:17:13.130497+00:00,2,32584,79
2026-09-22T03:17:13.130497+00:00,3,32540,81
2026-09-22T03:17:18.207440+00:00,0,32544,84
2026-09-22T03:17:18.207440+00:00,1,32560,87
2026-09-22T03:17:18.207440+00:00,2,32584,84
2026-09-22T03:17:18.207440+00:00,3,32540,83
2026-09-22T03:17:23.282160+00:00,0,32544,84
2026-09-22T03:17:23.282160+00:00,1,32560,84
2026-09-22T03:17:23.282160+00:00,2,32584,80
2026-09-22T03:17:23.282160+00:00,3,32540,84
2026-09-22T03:17:28.346978+00:00,0,32544,83
2026-09-22T03:17:28.346978+00:00,1,32560,81
2026-09-22T03:17:28.346978+00:00,2,32584,82
2026-09-22T03:17:28.346978+00:00,3,32540,82
2026-09-22T03:17:33.413656+00:00,0,32544,83
2026-09-22T03:17:33.413656+00:00,1,32560,85
2026-09-22T03:17:33.413656+00:00,2,32584,83
2026-09-22T03:17:33.413656+00:00,3,32540,85
2026-09-22T03:17:38.481178+00:00,0,32544,84
2026-09-22T03:17:38.481178+00:00,1,32560,84
2026-09-22T03:17:38.481178+00:00,2,32584,84
2026-09-22T03:17:38.481178+00:00,3,32540,86
2026-09-22T03:17:43.550961+00:00,0,32544,85
2026-09-22T03:17:43.550961+00:00,1,32560,84
2026-09-22T03:17:43.550961+00:00,2,32584,84
2026-09-22T03:17:43.550961+00:00,3,32540,84
2026-09-22T03:17:48.608467+00:00,0,32544,85
2026-09-22T03:17:48.608467+00:00,1,32560,84
2026-09-22T03:17:48.608467+00:00,2,32584,83
2026-09-22T03:17:48.608467+00:00,3,32540,84
2026-09-22T03:17:53.676333+00:00,0,32544,0
2026-09-22T03:17:53.676333+00:00,1,32560,82
2026-09-22T03:17:53.676333+00:00,2,32584,83
2026-09-22T03:17:53.676333+00:00,3,32540,83
2026-09-22T03:17:58.737101+00:00,0,1200,100
2026-09-22T03:17:58.737101+00:00,1,1200,100
2026-09-22T03:17:58.737101+00:00,2,1200,100
2026-09-22T03:17:58.737101+00:00,3,1200,100
2026-09-22T03:18:03.802166+00:00,0,11616,98
2026-09-22T03:18:03.802166+00:00,1,11576,99
2026-09-22T03:18:03.802166+00:00,2,11536,99
2026-09-22T03:18:03.802166+00:00,3,11716,99
2026-09-22T03:18:08.868021+00:00,0,11940,99
2026-09-22T03:18:08.868021+00:00,1,11922,99
2026-09-22T03:18:08.868021+00:00,2,11920,99
2026-09-22T03:18:08.868021+00:00,3,11940,99
2026-09-22T03:18:13.962348+00:00,0,6570,99
2026-09-22T03:18:13.962348+00:00,1,6450,99
2026-09-22T03:18:13.962348+00:00,2,6450,99
2026-09-22T03:18:13.962348+00:00,3,6470,99
2026-09-22T03:18:19.027878+00:00,0,25946,99
2026-09-22T03:18:19.027878+00:00,1,26306,99
2026-09-22T03:18:19.027878+00:00,2,25386,99
2026-09-22T03:18:19.027878+00:00,3,25386,98
2026-09-22T03:18:24.105547+00:00,0,25946,99
2026-09-22T03:18:24.105547+00:00,1,26308,91
2026-09-22T03:18:24.105547+00:00,2,25486,99
2026-09-22T03:18:24.105547+00:00,3,26626,98
2026-09-22T03:18:29.179253+00:00,0,25948,99
2026-09-22T03:18:29.179253+00:00,1,26308,99
2026-09-22T03:18:29.179253+00:00,2,26648,100
2026-09-22T03:18:29.179253+00:00,3,26628,99
2026-09-22T03:18:34.254403+00:00,0,27470,99
2026-09-22T03:18:34.254403+00:00,1,27790,99
2026-09-22T03:18:34.254403+00:00,2,27310,100
2026-09-22T03:18:34.254403+00:00,3,27310,99
2026-09-22T03:18:39.319051+00:00,0,27472,98
2026-09-22T03:18:39.319051+00:00,1,27792,98
2026-09-22T03:18:39.319051+00:00,2,27312,98
2026-09-22T03:18:39.319051+00:00,3,27312,99
2026-09-22T03:18:44.393952+00:00,0,27472,99
2026-09-22T03:18:44.393952+00:00,1,27794,99
2026-09-22T03:18:44.393952+00:00,2,27314,100
2026-09-22T03:18:44.393952+00:00,3,27314,99
2026-09-22T03:18:49.465085+00:00,0,27474,98
2026-09-22T03:18:49.465085+00:00,1,27796,98
2026-09-22T03:18:49.465085+00:00,2,27316,98
2026-09-22T03:18:49.465085+00:00,3,27314,98
2026-09-22T03:18:54.537100+00:00,0,27476,99
2026-09-22T03:18:54.537100+00:00,1,27798,100
2026-09-22T03:18:54.537100+00:00,2,27316,99
2026-09-22T03:18:54.537100+00:00,3,27318,99
2026-09-22T03:18:59.613038+00:00,0,9722,65
2026-09-22T03:18:59.613038+00:00,1,9722,78
2026-09-22T03:18:59.613038+00:00,2,9722,80
2026-09-22T03:18:59.613038+00:00,3,9722,65
2026-09-22T03:19:04.679975+00:00,0,10540,8
2026-09-22T03:19:04.679975+00:00,1,10170,6
2026-09-22T03:19:04.679975+00:00,2,10602,7
2026-09-22T03:19:04.679975+00:00,3,10826,8
2026-09-22T03:19:09.744641+00:00,0,11052,24
2026-09-22T03:19:09.744641+00:00,1,11052,27
2026-09-22T03:19:09.744641+00:00,2,11052,23
2026-09-22T03:19:09.744641+00:00,3,11050,24
2026-09-22T03:19:14.802570+00:00,0,32556,76
2026-09-22T03:19:14.802570+00:00,1,32588,81
2026-09-22T03:19:14.802570+00:00,2,32558,60
2026-09-22T03:19:14.802570+00:00,3,32558,70
2026-09-22T03:19:19.855454+00:00,0,32556,76
2026-09-22T03:19:19.855454+00:00,1,32588,73
2026-09-22T03:19:19.855454+00:00,2,32558,77
2026-09-22T03:19:19.855454+00:00,3,32558,74
2026-09-22T03:19:24.917494+00:00,0,32556,77
2026-09-22T03:19:24.917494+00:00,1,32588,75
2026-09-22T03:19:24.917494+00:00,2,32558,75
2026-09-22T03:19:24.917494+00:00,3,32558,77
2026-09-22T03:19:29.981315+00:00,0,32556,78
2026-09-22T03:19:29.981315+00:00,1,32588,78
2026-09-22T03:19:29.981315+00:00,2,32558,77
2026-09-22T03:19:29.981315+00:00,3,32558,79
2026-09-22T03:19:35.047519+00:00,0,32556,76
2026-09-22T03:19:35.047519+00:00,1,32588,78
2026-09-22T03:19:35.047519+00:00,2,32558,75
2026-09-22T03:19:35.047519+00:00,3,32558,77
2026-09-22T03:19:40.110673+00:00,0,32556,76
2026-09-22T03:19:40.110673+00:00,1,32588,78
2026-09-22T03:19:40.110673+00:00,2,32558,79
2026-09-22T03:19:40.110673+00:00,3,32558,76
2026-09-22T03:19:45.178355+00:00,0,32556,84
2026-09-22T03:19:45.178355+00:00,1,32588,80
2026-09-22T03:19:45.178355+00:00,2,32558,81
2026-09-22T03:19:45.178355+00:00,3,32558,79
2026-09-22T03:19:50.242828+00:00,0,32556,81
2026-09-22T03:19:50.242828+00:00,1,32588,83
2026-09-22T03:19:50.242828+00:00,2,32558,79
2026-09-22T03:19:50.242828+00:00,3,32558,81
2026-09-22T03:19:55.338745+00:00,0,32556,79
2026-09-22T03:19:55.338745+00:00,1,32588,80
2026-09-22T03:19:55.338745+00:00,2,32558,83
2026-09-22T03:19:55.338745+00:00,3,32558,79
2026-09-22T03:20:00.396765+00:00,0,32556,81
2026-09-22T03:20:00.396765+00:00,1,32588,83
2026-09-22T03:20:00.396765+00:00,2,32558,81
2026-09-22T03:20:00.396765+00:00,3,32558,84
2026-09-22T03:20:05.458494+00:00,0,32556,80
2026-09-22T03:20:05.458494+00:00,1,32588,83
2026-09-22T03:20:05.458494+00:00,2,32558,80
2026-09-22T03:20:05.458494+00:00,3,32558,81
2026-09-22T03:20:10.526728+00:00,0,32556,84
2026-09-22T03:20:10.526728+00:00,1,32588,82
2026-09-22T03:20:10.526728+00:00,2,32558,83
2026-09-22T03:20:10.526728+00:00,3,32558,81
2026-09-22T03:20:15.594085+00:00,0,32556,82
2026-09-22T03:20:15.594085+00:00,1,32588,80
2026-09-22T03:20:15.594085+00:00,2,32558,84
2026-09-22T03:20:15.594085+00:00,3,32558,84
2026-09-22T03:20:20.653501+00:00,0,32556,81
2026-09-22T03:20:20.653501+00:00,1,32588,84
2026-09-22T03:20:20.653501+00:00,2,32558,84
2026-09-22T03:20:20.653501+00:00,3,32558,81
2026-09-22T03:20:25.714703+00:00,0,32556,82
2026-09-22T03:20:25.714703+00:00,1,32588,79
2026-09-22T03:20:25.714703+00:00,2,32558,83
2026-09-22T03:20:25.714703+00:00,3,32558,86
2026-09-22T03:20:30.781808+00:00,0,32556,84
2026-09-22T03:20:30.781808+00:00,1,32588,86
2026-09-22T03:20:30.781808+00:00,2,32558,83
2026-09-22T03:20:30.781808+00:00,3,32558,84
2026-09-22T03:20:35.845393+00:00,0,32556,81
2026-09-22T03:20:35.845393+00:00,1,32588,83
2026-09-22T03:20:35.845393+00:00,2,32558,82
2026-09-22T03:20:35.845393+00:00,3,32558,86
2026-09-22T03:20:40.906701+00:00,0,32556,83
2026-09-22T03:20:40.906701+00:00,1,32588,85
2026-09-22T03:20:40.906701+00:00,2,32558,82
2026-09-22T03:20:40.906701+00:00,3,32558,83
2026-09-22T03:20:45.978662+00:00,0,32556,84
2026-09-22T03:20:45.978662+00:00,1,32588,87
2026-09-22T03:20:45.978662+00:00,2,32558,81
2026-09-22T03:20:45.978662+00:00,3,32558,82
2026-09-22T03:20:51.046357+00:00,0,32556,83
2026-09-22T03:20:51.046357+00:00,1,32588,87
2026-09-22T03:20:51.046357+00:00,2,32558,84
2026-09-22T03:20:51.046357+00:00,3,32558,86
2026-09-22T03:20:56.104455+00:00,0,32556,84
2026-09-22T03:20:56.104455+00:00,1,32588,86
2026-09-22T03:20:56.104455+00:00,2,32558,81
2026-09-22T03:20:56.104455+00:00,3,32558,82
2026-09-22T03:21:01.173752+00:00,0,32556,85
2026-09-22T03:21:01.173752+00:00,1,32588,83
2026-09-22T03:21:01.173752+00:00,2,32558,81
2026-09-22T03:21:01.173752+00:00,3,32558,83
2026-09-22T03:21:06.237768+00:00,0,32556,81
2026-09-22T03:21:06.237768+00:00,1,32588,84
2026-09-22T03:21:06.237768+00:00,2,32558,84
2026-09-22T03:21:06.237768+00:00,3,32558,84
2026-09-22T03:21:11.302925+00:00,0,32556,85
2026-09-22T03:21:11.302925+00:00,1,32588,84
2026-09-22T03:21:11.302925+00:00,2,32558,81
2026-09-22T03:21:11.302925+00:00,3,32558,85
2026-09-22T03:21:16.361839+00:00,0,32556,84
2026-09-22T03:21:16.361839+00:00,1,32588,87
2026-09-22T03:21:16.361839+00:00,2,32558,84
2026-09-22T03:21:16.361839+00:00,3,32558,87
2026-09-22T03:21:21.433788+00:00,0,32556,0
2026-09-22T03:21:21.433788+00:00,1,32588,82
2026-09-22T03:21:21.433788+00:00,2,32558,80
2026-09-22T03:21:21.433788+00:00,3,32558,84
2026-09-22T03:21:26.498002+00:00,0,1316,93
2026-09-22T03:21:26.498002+00:00,1,1348,94
2026-09-22T03:21:26.498002+00:00,2,1318,88
2026-09-22T03:21:26.498002+00:00,3,1318,86
2026-09-22T03:21:31.550294+00:00,0,11856,99
2026-09-22T03:21:31.550294+00:00,1,11896,99
2026-09-22T03:21:31.550294+00:00,2,11876,99
2026-09-22T03:21:31.550294+00:00,3,11936,99
2026-09-22T03:21:36.611554+00:00,0,12040,99
2026-09-22T03:21:36.611554+00:00,1,12040,100
2026-09-22T03:21:36.611554+00:00,2,12022,100
2026-09-22T03:21:36.611554+00:00,3,11962,100
2026-09-22T03:21:41.683645+00:00,0,4510,65
2026-09-22T03:21:41.683645+00:00,1,4510,100
2026-09-22T03:21:41.683645+00:00,2,4510,100
2026-09-22T03:21:41.683645+00:00,3,4510,100
2026-09-22T03:21:46.748970+00:00,0,25464,99
2026-09-22T03:21:46.748970+00:00,1,25464,99
2026-09-22T03:21:46.748970+00:00,2,25424,99
2026-09-22T03:21:46.748970+00:00,3,25464,99
2026-09-22T03:21:51.817014+00:00,0,25466,99
2026-09-22T03:21:51.817014+00:00,1,25466,99
2026-09-22T03:21:51.817014+00:00,2,25486,98
2026-09-22T03:21:51.817014+00:00,3,25508,98
2026-09-22T03:21:56.878025+00:00,0,27268,99
2026-09-22T03:21:56.878025+00:00,1,27328,99
2026-09-22T03:21:56.878025+00:00,2,27448,99
2026-09-22T03:21:56.878025+00:00,3,27088,99
2026-09-22T03:22:01.953957+00:00,0,27670,99
2026-09-22T03:22:01.953957+00:00,1,27930,99
2026-09-22T03:22:01.953957+00:00,2,28030,98
2026-09-22T03:22:01.953957+00:00,3,27950,99
2026-09-22T03:22:07.028093+00:00,0,28352,99
2026-09-22T03:22:07.028093+00:00,1,27932,99
2026-09-22T03:22:07.028093+00:00,2,28252,100
2026-09-22T03:22:07.028093+00:00,3,28252,99
2026-09-22T03:22:12.101589+00:00,0,28354,99
2026-09-22T03:22:12.101589+00:00,1,27934,98
2026-09-22T03:22:12.101589+00:00,2,28254,98
2026-09-22T03:22:12.101589+00:00,3,28254,98
2026-09-22T03:22:17.176937+00:00,0,28356,99
2026-09-22T03:22:17.176937+00:00,1,27936,99
2026-09-22T03:22:17.176937+00:00,2,28256,99
2026-09-22T03:22:17.176937+00:00,3,28256,99
2026-09-22T03:22:22.248240+00:00,0,28356,99
2026-09-22T03:22:22.248240+00:00,1,27936,99
2026-09-22T03:22:22.248240+00:00,2,28256,99
2026-09-22T03:22:22.248240+00:00,3,28256,99
2026-09-22T03:22:27.315983+00:00,0,5770,89
2026-09-22T03:22:27.315983+00:00,1,5770,100
2026-09-22T03:22:27.315983+00:00,2,5770,100
2026-09-22T03:22:27.315983+00:00,3,5770,100
2026-09-22T03:22:32.374861+00:00,0,10232,8
2026-09-22T03:22:32.374861+00:00,1,10376,8
2026-09-22T03:22:32.374861+00:00,2,10314,8
2026-09-22T03:22:32.374861+00:00,3,10538,8
2026-09-22T03:22:37.429869+00:00,0,11052,21
2026-09-22T03:22:37.429869+00:00,1,11052,22
2026-09-22T03:22:37.429869+00:00,2,11052,25
2026-09-22T03:22:37.429869+00:00,3,11050,26
2026-09-22T03:22:42.487887+00:00,0,32578,80
2026-09-22T03:22:42.487887+00:00,1,32548,73
2026-09-22T03:22:42.487887+00:00,2,32574,75
2026-09-22T03:22:42.487887+00:00,3,32556,77
2026-09-22T03:22:47.549496+00:00,0,32578,76
2026-09-22T03:22:47.549496+00:00,1,32548,74
2026-09-22T03:22:47.549496+00:00,2,32574,76
2026-09-22T03:22:47.549496+00:00,3,32556,77
2026-09-22T03:22:52.612677+00:00,0,32578,75
2026-09-22T03:22:52.612677+00:00,1,32548,73
2026-09-22T03:22:52.612677+00:00,2,32574,78
2026-09-22T03:22:52.612677+00:00,3,32556,78
2026-09-22T03:22:57.675809+00:00,0,32578,76
2026-09-22T03:22:57.675809+00:00,1,32548,81
2026-09-22T03:22:57.675809+00:00,2,32574,74
2026-09-22T03:22:57.675809+00:00,3,32556,76
2026-09-22T03:23:02.759071+00:00,0,32578,77
2026-09-22T03:23:02.759071+00:00,1,32548,79
2026-09-22T03:23:02.759071+00:00,2,32574,79
2026-09-22T03:23:02.759071+00:00,3,32556,78
2026-09-22T03:23:07.824541+00:00,0,32578,84
2026-09-22T03:23:07.824541+00:00,1,32548,78
2026-09-22T03:23:07.824541+00:00,2,32574,81
2026-09-22T03:23:07.824541+00:00,3,32556,80
2026-09-22T03:23:12.887425+00:00,0,32578,82
2026-09-22T03:23:12.887425+00:00,1,32548,80
2026-09-22T03:23:12.887425+00:00,2,32574,84
2026-09-22T03:23:12.887425+00:00,3,32556,80
2026-09-22T03:23:17.945305+00:00,0,32578,80
2026-09-22T03:23:17.945305+00:00,1,32548,79
2026-09-22T03:23:17.945305+00:00,2,32574,79
2026-09-22T03:23:17.945305+00:00,3,32556,88
2026-09-22T03:23:23.010763+00:00,0,32578,79
2026-09-22T03:23:23.010763+00:00,1,32548,84
2026-09-22T03:23:23.010763+00:00,2,32574,82
2026-09-22T03:23:23.010763+00:00,3,32556,82
2026-09-22T03:23:28.077500+00:00,0,32578,82
2026-09-22T03:23:28.077500+00:00,1,32548,82
2026-09-22T03:23:28.077500+00:00,2,32574,79
2026-09-22T03:23:28.077500+00:00,3,32556,80
2026-09-22T03:23:33.144277+00:00,0,32578,80
2026-09-22T03:23:33.144277+00:00,1,32548,79
2026-09-22T03:23:33.144277+00:00,2,32574,82
2026-09-22T03:23:33.144277+00:00,3,32556,79
2026-09-22T03:23:38.207654+00:00,0,32578,83
2026-09-22T03:23:38.207654+00:00,1,32548,81
2026-09-22T03:23:38.207654+00:00,2,32574,80
2026-09-22T03:23:38.207654+00:00,3,32556,83
2026-09-22T03:23:43.280267+00:00,0,32578,81
2026-09-22T03:23:43.280267+00:00,1,32548,82
2026-09-22T03:23:43.280267+00:00,2,32574,79
2026-09-22T03:23:43.280267+00:00,3,32556,82
2026-09-22T03:23:48.345099+00:00,0,32578,84
2026-09-22T03:23:48.345099+00:00,1,32548,83
2026-09-22T03:23:48.345099+00:00,2,32574,84
2026-09-22T03:23:48.345099+00:00,3,32556,83
2026-09-22T03:23:53.414299+00:00,0,32578,83
2026-09-22T03:23:53.414299+00:00,1,32548,81
2026-09-22T03:23:53.414299+00:00,2,32574,85
2026-09-22T03:23:53.414299+00:00,3,32556,85
2026-09-22T03:23:58.475170+00:00,0,32578,82
2026-09-22T03:23:58.475170+00:00,1,32548,85
2026-09-22T03:23:58.475170+00:00,2,32574,81
2026-09-22T03:23:58.475170+00:00,3,32556,84
2026-09-22T03:24:03.542918+00:00,0,32578,82
2026-09-22T03:24:03.542918+00:00,1,32548,84
2026-09-22T03:24:03.542918+00:00,2,32574,81
2026-09-22T03:24:03.542918+00:00,3,32556,83
2026-09-22T03:24:08.602062+00:00,0,32578,85
2026-09-22T03:24:08.602062+00:00,1,32548,81
2026-09-22T03:24:08.602062+00:00,2,32574,85
2026-09-22T03:24:08.602062+00:00,3,32556,89
2026-09-22T03:24:13.667495+00:00,0,32578,87
2026-09-22T03:24:13.667495+00:00,1,32548,86
2026-09-22T03:24:13.667495+00:00,2,32574,86
2026-09-22T03:24:13.667495+00:00,3,32556,83
2026-09-22T03:24:18.731365+00:00,0,32578,83
2026-09-22T03:24:18.731365+00:00,1,32548,85
2026-09-22T03:24:18.731365+00:00,2,32574,86
2026-09-22T03:24:18.731365+00:00,3,32556,85
2026-09-22T03:24:23.820460+00:00,0,32578,86
2026-09-22T03:24:23.820460+00:00,1,32548,82
2026-09-22T03:24:23.820460+00:00,2,32574,85
2026-09-22T03:24:23.820460+00:00,3,32556,81
2026-09-22T03:24:28.886575+00:00,0,32578,84
2026-09-22T03:24:28.886575+00:00,1,32548,84
2026-09-22T03:24:28.886575+00:00,2,32574,84
2026-09-22T03:24:28.886575+00:00,3,32556,89
2026-09-22T03:24:33.952590+00:00,0,32578,82
2026-09-22T03:24:33.952590+00:00,1,32548,84
2026-09-22T03:24:33.952590+00:00,2,32574,83
2026-09-22T03:24:33.952590+00:00,3,32556,83
2026-09-22T03:24:39.022974+00:00,0,32578,85
2026-09-22T03:24:39.022974+00:00,1,32548,81
2026-09-22T03:24:39.022974+00:00,2,32574,84
2026-09-22T03:24:39.022974+00:00,3,32556,83
2026-09-22T03:24:44.093093+00:00,0,32578,86
2026-09-22T03:24:44.093093+00:00,1,32548,82
2026-09-22T03:24:44.093093+00:00,2,32574,85
2026-09-22T03:24:44.093093+00:00,3,32556,87
2026-09-22T03:24:49.152020+00:00,0,32578,86
2026-09-22T03:24:49.152020+00:00,1,32548,84
2026-09-22T03:24:49.152020+00:00,2,32574,89
2026-09-22T03:24:49.152020+00:00,3,32556,84
2026-09-22T03:24:54.215672+00:00,0,2906,0
2026-09-22T03:24:54.215672+00:00,1,2906,0
2026-09-22T03:24:54.215672+00:00,2,2906,0
2026-09-22T03:24:54.215672+00:00,3,2906,0
2026-09-22T03:24:59.266869+00:00,0,11898,99
2026-09-22T03:24:59.266869+00:00,1,11836,99
2026-09-22T03:24:59.266869+00:00,2,11736,99
2026-09-22T03:24:59.266869+00:00,3,11716,98
2026-09-22T03:25:04.334765+00:00,0,12020,99
2026-09-22T03:25:04.334765+00:00,1,12180,99
2026-09-22T03:25:04.334765+00:00,2,12040,99
2026-09-22T03:25:04.334765+00:00,3,12060,99
2026-09-22T03:25:09.405442+00:00,0,20430,65
2026-09-22T03:25:09.405442+00:00,1,21990,64
2026-09-22T03:25:09.405442+00:00,2,20872,99
2026-09-22T03:25:09.405442+00:00,3,20430,67
2026-09-22T03:25:14.500491+00:00,0,25386,99
2026-09-22T03:25:14.500491+00:00,1,25386,99
2026-09-22T03:25:14.500491+00:00,2,25846,99
2026-09-22T03:25:14.500491+00:00,3,25386,99
2026-09-22T03:25:19.584746+00:00,0,25586,99
2026-09-22T03:25:19.584746+00:00,1,26368,99
2026-09-22T03:25:19.584746+00:00,2,26148,99
2026-09-22T03:25:19.584746+00:00,3,25588,99
2026-09-22T03:25:24.650770+00:00,0,26308,99
2026-09-22T03:25:24.650770+00:00,1,26410,99
2026-09-22T03:25:24.650770+00:00,2,26148,99
2026-09-22T03:25:24.650770+00:00,3,26548,98
2026-09-22T03:25:29.720734+00:00,0,28090,99
2026-09-22T03:25:29.720734+00:00,1,28310,99
2026-09-22T03:25:29.720734+00:00,2,28570,99
2026-09-22T03:25:29.720734+00:00,3,28090,100
2026-09-22T03:25:34.793572+00:00,0,28092,97
2026-09-22T03:25:34.793572+00:00,1,28312,99
2026-09-22T03:25:34.793572+00:00,2,28572,99
2026-09-22T03:25:34.793572+00:00,3,28092,99
2026-09-22T03:25:39.855205+00:00,0,28094,99
2026-09-22T03:25:39.855205+00:00,1,28314,99
2026-09-22T03:25:39.855205+00:00,2,28574,99
2026-09-22T03:25:39.855205+00:00,3,28094,99
2026-09-22T03:25:44.922373+00:00,0,28096,98
2026-09-22T03:25:44.922373+00:00,1,28316,99
2026-09-22T03:25:44.922373+00:00,2,28576,99
2026-09-22T03:25:44.922373+00:00,3,28096,98
2026-09-22T03:25:49.985897+00:00,0,28098,99
2026-09-22T03:25:49.985897+00:00,1,28316,99
2026-09-22T03:25:49.985897+00:00,2,28578,99
2026-09-22T03:25:49.985897+00:00,3,28098,99
2026-09-22T03:25:55.060675+00:00,0,9722,7
2026-09-22T03:25:55.060675+00:00,1,9722,7
2026-09-22T03:25:55.060675+00:00,2,9722,7
2026-09-22T03:25:55.060675+00:00,3,9722,7
2026-09-22T03:26:00.116431+00:00,0,10704,8
2026-09-22T03:26:00.116431+00:00,1,10848,8
2026-09-22T03:26:00.116431+00:00,2,10828,8
2026-09-22T03:26:00.116431+00:00,3,10948,8
2026-09-22T03:26:05.175639+00:00,0,15516,32
2026-09-22T03:26:05.175639+00:00,1,15638,31
2026-09-22T03:26:05.175639+00:00,2,16518,30
2026-09-22T03:26:05.175639+00:00,3,16518,31
2026-09-22T03:26:10.237861+00:00,0,32542,78
2026-09-22T03:26:10.237861+00:00,1,32574,81
2026-09-22T03:26:10.237861+00:00,2,32552,78
2026-09-22T03:26:10.237861+00:00,3,32572,78
2026-09-22T03:26:15.300942+00:00,0,32542,77
2026-09-22T03:26:15.300942+00:00,1,32574,78
2026-09-22T03:26:15.300942+00:00,2,32552,76
2026-09-22T03:26:15.300942+00:00,3,32572,79
2026-09-22T03:26:20.362653+00:00,0,32542,80
2026-09-22T03:26:20.362653+00:00,1,32574,84
2026-09-22T03:26:20.362653+00:00,2,32552,76
2026-09-22T03:26:20.362653+00:00,3,32572,76
2026-09-22T03:26:25.420017+00:00,0,32542,79
2026-09-22T03:26:25.420017+00:00,1,32574,79
2026-09-22T03:26:25.420017+00:00,2,32552,78
2026-09-22T03:26:25.420017+00:00,3,32572,82
2026-09-22T03:26:30.485695+00:00,0,32542,81
2026-09-22T03:26:30.485695+00:00,1,32574,77
2026-09-22T03:26:30.485695+00:00,2,32552,79
2026-09-22T03:26:30.485695+00:00,3,32572,79
2026-09-22T03:26:35.543376+00:00,0,32542,86
2026-09-22T03:26:35.543376+00:00,1,32574,78
2026-09-22T03:26:35.543376+00:00,2,32552,79
2026-09-22T03:26:35.543376+00:00,3,32572,84
2026-09-22T03:26:40.606886+00:00,0,32542,79
2026-09-22T03:26:40.606886+00:00,1,32574,84
2026-09-22T03:26:40.606886+00:00,2,32552,80
2026-09-22T03:26:40.606886+00:00,3,32572,80
2026-09-22T03:26:45.669639+00:00,0,32542,79
2026-09-22T03:26:45.669639+00:00,1,32574,80
2026-09-22T03:26:45.669639+00:00,2,32552,80
2026-09-22T03:26:45.669639+00:00,3,32572,83
2026-09-22T03:26:50.734904+00:00,0,32542,80
2026-09-22T03:26:50.734904+00:00,1,32574,80
2026-09-22T03:26:50.734904+00:00,2,32552,81
2026-09-22T03:26:50.734904+00:00,3,32572,79
2026-09-22T03:26:55.798048+00:00,0,32542,87
2026-09-22T03:26:55.798048+00:00,1,32574,81
2026-09-22T03:26:55.798048+00:00,2,32552,81
2026-09-22T03:26:55.798048+00:00,3,32572,81
2026-09-22T03:27:00.865828+00:00,0,32542,82
2026-09-22T03:27:00.865828+00:00,1,32574,82
2026-09-22T03:27:00.865828+00:00,2,32552,79
2026-09-22T03:27:00.865828+00:00,3,32572,85
2026-09-22T03:27:05.930403+00:00,0,32542,84
2026-09-22T03:27:05.930403+00:00,1,32574,83
2026-09-22T03:27:05.930403+00:00,2,32552,83
2026-09-22T03:27:05.930403+00:00,3,32572,83
2026-09-22T03:27:10.996477+00:00,0,32542,86
2026-09-22T03:27:10.996477+00:00,1,32574,86
2026-09-22T03:27:10.996477+00:00,2,32552,82
2026-09-22T03:27:10.996477+00:00,3,32572,83
2026-09-22T03:27:16.061866+00:00,0,32542,83
2026-09-22T03:27:16.061866+00:00,1,32574,83
2026-09-22T03:27:16.061866+00:00,2,32552,87
2026-09-22T03:27:16.061866+00:00,3,32572,89
2026-09-22T03:27:21.126469+00:00,0,32542,82
2026-09-22T03:27:21.126469+00:00,1,32574,85
2026-09-22T03:27:21.126469+00:00,2,32552,86
2026-09-22T03:27:21.126469+00:00,3,32572,86
2026-09-22T03:27:26.193033+00:00,0,32542,84
2026-09-22T03:27:26.193033+00:00,1,32574,83
2026-09-22T03:27:26.193033+00:00,2,32552,85
2026-09-22T03:27:26.193033+00:00,3,32572,84
2026-09-22T03:27:31.258998+00:00,0,32542,85
2026-09-22T03:27:31.258998+00:00,1,32574,82
2026-09-22T03:27:31.258998+00:00,2,32552,80
2026-09-22T03:27:31.258998+00:00,3,32572,82
2026-09-22T03:27:36.325615+00:00,0,32542,84
2026-09-22T03:27:36.325615+00:00,1,32574,83
2026-09-22T03:27:36.325615+00:00,2,32552,85
2026-09-22T03:27:36.325615+00:00,3,32572,85
2026-09-22T03:27:41.393345+00:00,0,32542,85
2026-09-22T03:27:41.393345+00:00,1,32574,86
2026-09-22T03:27:41.393345+00:00,2,32552,84
2026-09-22T03:27:41.393345+00:00,3,32572,84
2026-09-22T03:27:46.461532+00:00,0,32542,82
2026-09-22T03:27:46.461532+00:00,1,32574,87
2026-09-22T03:27:46.461532+00:00,2,32552,83
2026-09-22T03:27:46.461532+00:00,3,32572,86
2026-09-22T03:27:51.529228+00:00,0,32542,86
2026-09-22T03:27:51.529228+00:00,1,32574,86
2026-09-22T03:27:51.529228+00:00,2,32552,84
2026-09-22T03:27:51.529228+00:00,3,32572,85
2026-09-22T03:27:56.597536+00:00,0,32542,87
2026-09-22T03:27:56.597536+00:00,1,32574,82
2026-09-22T03:27:56.597536+00:00,2,32552,86
2026-09-22T03:27:56.597536+00:00,3,32572,85
2026-09-22T03:28:01.665990+00:00,0,32542,82
2026-09-22T03:28:01.665990+00:00,1,32574,87
2026-09-22T03:28:01.665990+00:00,2,32552,84
2026-09-22T03:28:01.665990+00:00,3,32572,82
2026-09-22T03:28:06.729928+00:00,0,32542,82
2026-09-22T03:28:06.729928+00:00,1,32574,81
2026-09-22T03:28:06.729928+00:00,2,32552,0
2026-09-22T03:28:06.729928+00:00,3,32572,84
2026-09-22T03:28:11.795002+00:00,0,32542,0
2026-09-22T03:28:11.795002+00:00,1,32574,0
2026-09-22T03:28:11.795002+00:00,2,32552,0
2026-09-22T03:28:11.795002+00:00,3,32572,79
2026-09-22T03:28:16.846886+00:00,0,11794,100
2026-09-22T03:28:16.846886+00:00,1,11874,99
2026-09-22T03:28:16.846886+00:00,2,11834,99
2026-09-22T03:28:16.846886+00:00,3,11754,99
2026-09-22T03:28:21.918467+00:00,0,11940,99
2026-09-22T03:28:21.918467+00:00,1,11880,99
2026-09-22T03:28:21.918467+00:00,2,11860,99
2026-09-22T03:28:21.918467+00:00,3,11800,99
2026-09-22T03:28:26.988996+00:00,0,6790,99
2026-09-22T03:28:26.988996+00:00,1,6750,99
2026-09-22T03:28:26.988996+00:00,2,6790,98
2026-09-22T03:28:26.988996+00:00,3,6770,99
2026-09-22T03:28:32.055464+00:00,0,26686,99
2026-09-22T03:28:32.055464+00:00,1,26446,99
2026-09-22T03:28:32.055464+00:00,2,26666,99
2026-09-22T03:28:32.055464+00:00,3,27446,99
2026-09-22T03:28:37.127420+00:00,0,27728,99
2026-09-22T03:28:37.127420+00:00,1,27388,99
2026-09-22T03:28:37.127420+00:00,2,27588,99
2026-09-22T03:28:37.127420+00:00,3,27968,99
2026-09-22T03:28:42.199616+00:00,0,28050,99
2026-09-22T03:28:42.199616+00:00,1,28250,99
2026-09-22T03:28:42.199616+00:00,2,27750,100
2026-09-22T03:28:42.199616+00:00,3,27970,99
2026-09-22T03:28:47.264026+00:00,0,28090,99
2026-09-22T03:28:47.264026+00:00,1,28250,99
2026-09-22T03:28:47.264026+00:00,2,28472,99
2026-09-22T03:28:47.264026+00:00,3,28270,99
2026-09-22T03:28:52.335362+00:00,0,28094,99
2026-09-22T03:28:52.335362+00:00,1,28252,100
2026-09-22T03:28:52.335362+00:00,2,28474,99
2026-09-22T03:28:52.335362+00:00,3,28274,99
2026-09-22T03:28:57.402649+00:00,0,28094,98
2026-09-22T03:28:57.402649+00:00,1,28254,99
2026-09-22T03:28:57.402649+00:00,2,28474,99
2026-09-22T03:28:57.402649+00:00,3,28274,99
2026-09-22T03:29:02.465448+00:00,0,28098,99
2026-09-22T03:29:02.465448+00:00,1,28258,99
2026-09-22T03:29:02.465448+00:00,2,28478,99
2026-09-22T03:29:02.465448+00:00,3,28276,99
2026-09-22T03:29:07.537936+00:00,0,8814,79
2026-09-22T03:29:07.537936+00:00,1,8834,86
2026-09-22T03:29:07.537936+00:00,2,8814,83
2026-09-22T03:29:07.537936+00:00,3,8814,68
2026-09-22T03:29:12.597699+00:00,0,10254,8
2026-09-22T03:29:12.597699+00:00,1,10602,7
2026-09-22T03:29:12.597699+00:00,2,10478,8
2026-09-22T03:29:12.597699+00:00,3,10642,8
2026-09-22T03:29:17.656915+00:00,0,11052,23
2026-09-22T03:29:17.656915+00:00,1,11052,23
2026-09-22T03:29:17.656915+00:00,2,11052,19
2026-09-22T03:29:17.656915+00:00,3,11050,21
2026-09-22T03:29:22.715504+00:00,0,32550,79
2026-09-22T03:29:22.715504+00:00,1,32554,83
2026-09-22T03:29:22.715504+00:00,2,32570,77
2026-09-22T03:29:22.715504+00:00,3,32570,76
2026-09-22T03:29:27.777294+00:00,0,32550,83
2026-09-22T03:29:27.777294+00:00,1,32554,81
2026-09-22T03:29:27.777294+00:00,2,32570,74
2026-09-22T03:29:27.777294+00:00,3,32570,80
2026-09-22T03:29:32.838321+00:00,0,32550,80
2026-09-22T03:29:32.838321+00:00,1,32554,78
2026-09-22T03:29:32.838321+00:00,2,32570,76
2026-09-22T03:29:32.838321+00:00,3,32570,79
2026-09-22T03:29:37.896187+00:00,0,32550,80
2026-09-22T03:29:37.896187+00:00,1,32554,77
2026-09-22T03:29:37.896187+00:00,2,32570,76
2026-09-22T03:29:37.896187+00:00,3,32570,76
2026-09-22T03:29:42.954036+00:00,0,32550,79
2026-09-22T03:29:42.954036+00:00,1,32554,80
2026-09-22T03:29:42.954036+00:00,2,32570,79
2026-09-22T03:29:42.954036+00:00,3,32570,81
2026-09-22T03:29:48.011013+00:00,0,32550,76
2026-09-22T03:29:48.011013+00:00,1,32554,75
2026-09-22T03:29:48.011013+00:00,2,32570,80
2026-09-22T03:29:48.011013+00:00,3,32570,80
2026-09-22T03:29:53.076932+00:00,0,32550,80
2026-09-22T03:29:53.076932+00:00,1,32554,80
2026-09-22T03:29:53.076932+00:00,2,32570,85
2026-09-22T03:29:53.076932+00:00,3,32570,80
2026-09-22T03:29:58.142883+00:00,0,32550,78
2026-09-22T03:29:58.142883+00:00,1,32554,79
2026-09-22T03:29:58.142883+00:00,2,32570,78
2026-09-22T03:29:58.142883+00:00,3,32570,81
2026-09-22T03:30:03.210454+00:00,0,32550,77
2026-09-22T03:30:03.210454+00:00,1,32554,81
2026-09-22T03:30:03.210454+00:00,2,32570,82
2026-09-22T03:30:03.210454+00:00,3,32570,80
2026-09-22T03:30:08.276422+00:00,0,32550,81
2026-09-22T03:30:08.276422+00:00,1,32554,80
2026-09-22T03:30:08.276422+00:00,2,32570,79
2026-09-22T03:30:08.276422+00:00,3,32570,81
2026-09-22T03:30:13.342934+00:00,0,32550,79
2026-09-22T03:30:13.342934+00:00,1,32554,83
2026-09-22T03:30:13.342934+00:00,2,32570,81
2026-09-22T03:30:13.342934+00:00,3,32570,79
2026-09-22T03:30:18.408510+00:00,0,32550,82
2026-09-22T03:30:18.408510+00:00,1,32554,81
2026-09-22T03:30:18.408510+00:00,2,32570,80
2026-09-22T03:30:18.408510+00:00,3,32570,81
2026-09-22T03:30:23.477167+00:00,0,32550,85
2026-09-22T03:30:23.477167+00:00,1,32554,83
2026-09-22T03:30:23.477167+00:00,2,32570,84
2026-09-22T03:30:23.477167+00:00,3,32570,81
2026-09-22T03:30:28.546664+00:00,0,32550,84
2026-09-22T03:30:28.546664+00:00,1,32554,82
2026-09-22T03:30:28.546664+00:00,2,32570,83
2026-09-22T03:30:28.546664+00:00,3,32570,82
2026-09-22T03:30:33.611964+00:00,0,32550,82
2026-09-22T03:30:33.611964+00:00,1,32554,83
2026-09-22T03:30:33.611964+00:00,2,32570,79
2026-09-22T03:30:33.611964+00:00,3,32570,82
2026-09-22T03:30:38.675875+00:00,0,32550,82
2026-09-22T03:30:38.675875+00:00,1,32554,82
2026-09-22T03:30:38.675875+00:00,2,32570,82
2026-09-22T03:30:38.675875+00:00,3,32570,84
2026-09-22T03:30:43.743049+00:00,0,32550,86
2026-09-22T03:30:43.743049+00:00,1,32554,87
2026-09-22T03:30:43.743049+00:00,2,32570,83
2026-09-22T03:30:43.743049+00:00,3,32570,89
2026-09-22T03:30:48.808340+00:00,0,32550,82
2026-09-22T03:30:48.808340+00:00,1,32554,83
2026-09-22T03:30:48.808340+00:00,2,32570,89
2026-09-22T03:30:48.808340+00:00,3,32570,81
2026-09-22T03:30:53.871342+00:00,0,32550,84
2026-09-22T03:30:53.871342+00:00,1,32554,84
2026-09-22T03:30:53.871342+00:00,2,32570,84
2026-09-22T03:30:53.871342+00:00,3,32570,84
2026-09-22T03:30:58.938526+00:00,0,32550,81
2026-09-22T03:30:58.938526+00:00,1,32554,81
2026-09-22T03:30:58.938526+00:00,2,32570,82
2026-09-22T03:30:58.938526+00:00,3,32570,88
2026-09-22T03:31:04.008520+00:00,0,32550,86
2026-09-22T03:31:04.008520+00:00,1,32554,88
2026-09-22T03:31:04.008520+00:00,2,32570,85
2026-09-22T03:31:04.008520+00:00,3,32570,83
2026-09-22T03:31:09.071168+00:00,0,32550,82
2026-09-22T03:31:09.071168+00:00,1,32554,82
2026-09-22T03:31:09.071168+00:00,2,32570,82
2026-09-22T03:31:09.071168+00:00,3,32570,79
2026-09-22T03:31:14.136198+00:00,0,32550,86
2026-09-22T03:31:14.136198+00:00,1,32554,82
2026-09-22T03:31:14.136198+00:00,2,32570,82
2026-09-22T03:31:14.136198+00:00,3,32570,82
2026-09-22T03:31:19.215872+00:00,0,32550,82
2026-09-22T03:31:19.215872+00:00,1,32554,81
2026-09-22T03:31:19.215872+00:00,2,32570,83
2026-09-22T03:31:19.215872+00:00,3,32570,0
2026-09-22T03:31:24.279792+00:00,0,1200,0
2026-09-22T03:31:24.279792+00:00,1,1200,0
2026-09-22T03:31:24.279792+00:00,2,1200,0
2026-09-22T03:31:24.279792+00:00,3,1200,0
2026-09-22T03:31:29.335871+00:00,0,11738,99
2026-09-22T03:31:29.335871+00:00,1,11618,99
2026-09-22T03:31:29.335871+00:00,2,11638,99
2026-09-22T03:31:29.335871+00:00,3,11638,99
2026-09-22T03:31:34.406607+00:00,0,11742,99
2026-09-22T03:31:34.406607+00:00,1,11862,99
2026-09-22T03:31:34.406607+00:00,2,11722,99
2026-09-22T03:31:34.406607+00:00,3,11822,99
2026-09-22T03:31:39.469096+00:00,0,25282,99
2026-09-22T03:31:39.469096+00:00,1,25324,99
2026-09-22T03:31:39.469096+00:00,2,25362,99
2026-09-22T03:31:39.469096+00:00,3,25282,99
2026-09-22T03:31:44.541082+00:00,0,26966,99
2026-09-22T03:31:44.541082+00:00,1,26986,100
2026-09-22T03:31:44.541082+00:00,2,26966,91
2026-09-22T03:31:44.541082+00:00,3,26966,100
2026-09-22T03:31:49.630219+00:00,0,27028,99
2026-09-22T03:31:49.630219+00:00,1,27008,99
2026-09-22T03:31:49.630219+00:00,2,26968,99
2026-09-22T03:31:49.630219+00:00,3,27188,99
2026-09-22T03:31:54.731037+00:00,0,27670,99
2026-09-22T03:31:54.731037+00:00,1,27250,99
2026-09-22T03:31:54.731037+00:00,2,26970,99
2026-09-22T03:31:54.731037+00:00,3,27830,99
2026-09-22T03:31:59.827241+00:00,0,27812,99
2026-09-22T03:31:59.827241+00:00,1,27252,99
2026-09-22T03:31:59.827241+00:00,2,26972,97
2026-09-22T03:31:59.827241+00:00,3,27832,97
2026-09-22T03:32:04.897583+00:00,0,27814,99
2026-09-22T03:32:04.897583+00:00,1,27254,99
2026-09-22T03:32:04.897583+00:00,2,27094,99
2026-09-22T03:32:04.897583+00:00,3,27834,100
2026-09-22T03:32:09.971666+00:00,0,27816,98
2026-09-22T03:32:09.971666+00:00,1,27316,98
2026-09-22T03:32:09.971666+00:00,2,27096,98
2026-09-22T03:32:09.971666+00:00,3,27836,98
2026-09-22T03:32:15.036289+00:00,0,7382,77
2026-09-22T03:32:15.036289+00:00,1,7382,76
2026-09-22T03:32:15.036289+00:00,2,7382,70
2026-09-22T03:32:15.036289+00:00,3,7382,74
2026-09-22T03:32:20.106324+00:00,0,9722,7
2026-09-22T03:32:20.106324+00:00,1,9722,8
2026-09-22T03:32:20.106324+00:00,2,9722,7
2026-09-22T03:32:20.106324+00:00,3,9722,7
2026-09-22T03:32:25.168325+00:00,0,11052,18
2026-09-22T03:32:25.168325+00:00,1,11052,39
2026-09-22T03:32:25.168325+00:00,2,11052,36
2026-09-22T03:32:25.168325+00:00,3,11050,18
2026-09-22T03:32:30.221063+00:00,0,4832,11
2026-09-22T03:32:30.221063+00:00,1,4832,12
2026-09-22T03:32:30.221063+00:00,2,4834,13
2026-09-22T03:32:30.221063+00:00,3,4834,9
2026-09-22T03:32:35.277733+00:00,0,32570,76
2026-09-22T03:32:35.277733+00:00,1,32572,73
2026-09-22T03:32:35.277733+00:00,2,32558,77
2026-09-22T03:32:35.277733+00:00,3,32574,77
2026-09-22T03:32:40.342650+00:00,0,32570,75
2026-09-22T03:32:40.342650+00:00,1,32572,75
2026-09-22T03:32:40.342650+00:00,2,32558,77
2026-09-22T03:32:40.342650+00:00,3,32574,75
2026-09-22T03:32:45.408677+00:00,0,32570,77
2026-09-22T03:32:45.408677+00:00,1,32572,77
2026-09-22T03:32:45.408677+00:00,2,32558,80
2026-09-22T03:32:45.408677+00:00,3,32574,78
2026-09-22T03:32:50.473044+00:00,0,32570,79
2026-09-22T03:32:50.473044+00:00,1,32572,79
2026-09-22T03:32:50.473044+00:00,2,32558,80
2026-09-22T03:32:50.473044+00:00,3,32574,77
2026-09-22T03:32:55.530240+00:00,0,32570,79
2026-09-22T03:32:55.530240+00:00,1,32572,81
2026-09-22T03:32:55.530240+00:00,2,32558,82
2026-09-22T03:32:55.530240+00:00,3,32574,78
2026-09-22T03:33:00.591917+00:00,0,32570,78
2026-09-22T03:33:00.591917+00:00,1,32572,78
2026-09-22T03:33:00.591917+00:00,2,32558,78
2026-09-22T03:33:00.591917+00:00,3,32574,83
2026-09-22T03:33:05.658791+00:00,0,32570,81
2026-09-22T03:33:05.658791+00:00,1,32572,78
2026-09-22T03:33:05.658791+00:00,2,32558,76
2026-09-22T03:33:05.658791+00:00,3,32574,83
2026-09-22T03:33:10.725677+00:00,0,32570,80
2026-09-22T03:33:10.725677+00:00,1,32572,78
2026-09-22T03:33:10.725677+00:00,2,32558,78
2026-09-22T03:33:10.725677+00:00,3,32574,83
2026-09-22T03:33:15.793778+00:00,0,32570,84
2026-09-22T03:33:15.793778+00:00,1,32572,81
2026-09-22T03:33:15.793778+00:00,2,32558,81
2026-09-22T03:33:15.793778+00:00,3,32574,82
2026-09-22T03:33:20.861712+00:00,0,32570,82
2026-09-22T03:33:20.861712+00:00,1,32572,80
2026-09-22T03:33:20.861712+00:00,2,32558,83
2026-09-22T03:33:20.861712+00:00,3,32574,81
2026-09-22T03:33:25.927281+00:00,0,32570,80
2026-09-22T03:33:25.927281+00:00,1,32572,80
2026-09-22T03:33:25.927281+00:00,2,32558,83
2026-09-22T03:33:25.927281+00:00,3,32574,86
2026-09-22T03:33:30.992088+00:00,0,32570,85
2026-09-22T03:33:30.992088+00:00,1,32572,80
2026-09-22T03:33:30.992088+00:00,2,32558,85
2026-09-22T03:33:30.992088+00:00,3,32574,81
2026-09-22T03:33:36.058265+00:00,0,32570,82
2026-09-22T03:33:36.058265+00:00,1,32572,84
2026-09-22T03:33:36.058265+00:00,2,32558,82
2026-09-22T03:33:36.058265+00:00,3,32574,82
2026-09-22T03:33:41.124078+00:00,0,32570,79
2026-09-22T03:33:41.124078+00:00,1,32572,84
2026-09-22T03:33:41.124078+00:00,2,32558,79
2026-09-22T03:33:41.124078+00:00,3,32574,83
2026-09-22T03:33:46.189474+00:00,0,32570,81
2026-09-22T03:33:46.189474+00:00,1,32572,84
2026-09-22T03:33:46.189474+00:00,2,32558,82
2026-09-22T03:33:46.189474+00:00,3,32574,83
2026-09-22T03:33:51.249546+00:00,0,32570,84
2026-09-22T03:33:51.249546+00:00,1,32572,81
2026-09-22T03:33:51.249546+00:00,2,32558,83
2026-09-22T03:33:51.249546+00:00,3,32574,90
2026-09-22T03:33:56.306265+00:00,0,32570,84
2026-09-22T03:33:56.306265+00:00,1,32572,88
2026-09-22T03:33:56.306265+00:00,2,32558,82
2026-09-22T03:33:56.306265+00:00,3,32574,82
2026-09-22T03:34:01.374175+00:00,0,32570,84
2026-09-22T03:34:01.374175+00:00,1,32572,84
2026-09-22T03:34:01.374175+00:00,2,32558,84
2026-09-22T03:34:01.374175+00:00,3,32574,82
2026-09-22T03:34:06.434150+00:00,0,32570,85
2026-09-22T03:34:06.434150+00:00,1,32572,84
2026-09-22T03:34:06.434150+00:00,2,32558,80
2026-09-22T03:34:06.434150+00:00,3,32574,84
2026-09-22T03:34:11.498599+00:00,0,32570,85
2026-09-22T03:34:11.498599+00:00,1,32572,85
2026-09-22T03:34:11.498599+00:00,2,32558,87
2026-09-22T03:34:11.498599+00:00,3,32574,83
2026-09-22T03:34:16.558058+00:00,0,32570,85
2026-09-22T03:34:16.558058+00:00,1,32572,84
2026-09-22T03:34:16.558058+00:00,2,32558,85
2026-09-22T03:34:16.558058+00:00,3,32574,90
2026-09-22T03:34:21.624435+00:00,0,32570,85
2026-09-22T03:34:21.624435+00:00,1,32572,86
2026-09-22T03:34:21.624435+00:00,2,32558,82
2026-09-22T03:34:21.624435+00:00,3,32574,83
2026-09-22T03:34:26.691385+00:00,0,32570,85
2026-09-22T03:34:26.691385+00:00,1,32572,90
2026-09-22T03:34:26.691385+00:00,2,32558,84
2026-09-22T03:34:26.691385+00:00,3,32574,88
2026-09-22T03:34:31.759703+00:00,0,32570,83
2026-09-22T03:34:31.759703+00:00,1,32572,87
2026-09-22T03:34:31.759703+00:00,2,32558,83
2026-09-22T03:34:31.759703+00:00,3,32574,85
2026-09-22T03:34:36.824766+00:00,0,32570,87
2026-09-22T03:34:36.824766+00:00,1,32572,87
2026-09-22T03:34:36.824766+00:00,2,32558,88
2026-09-22T03:34:36.824766+00:00,3,32574,85
2026-09-22T03:34:41.883328+00:00,0,6614,99
2026-09-22T03:34:41.883328+00:00,1,6614,99
2026-09-22T03:34:41.883328+00:00,2,6634,100
2026-09-22T03:34:41.883328+00:00,3,6614,100
2026-09-22T03:34:46.944164+00:00,0,12498,99
2026-09-22T03:34:46.944164+00:00,1,12578,99
2026-09-22T03:34:46.944164+00:00,2,12558,99
2026-09-22T03:34:46.944164+00:00,3,12478,99
2026-09-22T03:34:52.013789+00:00,0,12662,99
2026-09-22T03:34:52.013789+00:00,1,12662,99
2026-09-22T03:34:52.013789+00:00,2,12642,99
2026-09-22T03:34:52.013789+00:00,3,12682,99
2026-09-22T03:34:57.081413+00:00,0,25302,99
2026-09-22T03:34:57.081413+00:00,1,25324,99
2026-09-22T03:34:57.081413+00:00,2,25322,99
2026-09-22T03:34:57.081413+00:00,3,25302,99
2026-09-22T03:35:02.155369+00:00,0,26886,100
2026-09-22T03:35:02.155369+00:00,1,26786,99
2026-09-22T03:35:02.155369+00:00,2,27046,99
2026-09-22T03:35:02.155369+00:00,3,26786,99
2026-09-22T03:35:07.227648+00:00,0,28408,99
2026-09-22T03:35:07.227648+00:00,1,28428,99
2026-09-22T03:35:07.227648+00:00,2,28068,99
2026-09-22T03:35:07.227648+00:00,3,28408,99
2026-09-22T03:35:12.293500+00:00,0,29290,99
2026-09-22T03:35:12.293500+00:00,1,29230,99
2026-09-22T03:35:12.293500+00:00,2,29030,91
2026-09-22T03:35:12.293500+00:00,3,29230,98
2026-09-22T03:35:17.373948+00:00,0,29292,99
2026-09-22T03:35:17.373948+00:00,1,29232,99
2026-09-22T03:35:17.373948+00:00,2,29032,99
2026-09-22T03:35:17.373948+00:00,3,29232,100
2026-09-22T03:35:22.447629+00:00,0,29294,99
2026-09-22T03:35:22.447629+00:00,1,29234,99
2026-09-22T03:35:22.447629+00:00,2,29034,99
2026-09-22T03:35:22.447629+00:00,3,29234,98
2026-09-22T03:35:27.510399+00:00,0,29296,99
2026-09-22T03:35:27.510399+00:00,1,29236,99
2026-09-22T03:35:27.510399+00:00,2,29036,99
2026-09-22T03:35:27.510399+00:00,3,29236,99
2026-09-22T03:35:32.583797+00:00,0,29296,98
2026-09-22T03:35:32.583797+00:00,1,29236,100
2026-09-22T03:35:32.583797+00:00,2,29036,100
2026-09-22T03:35:32.583797+00:00,3,29236,100
2026-09-22T03:35:37.656369+00:00,0,7132,36
2026-09-22T03:35:37.656369+00:00,1,7072,26
2026-09-22T03:35:37.656369+00:00,2,7092,38
2026-09-22T03:35:37.656369+00:00,3,7090,15
2026-09-22T03:35:42.714869+00:00,0,9904,7
2026-09-22T03:35:42.714869+00:00,1,10006,7
2026-09-22T03:35:42.714869+00:00,2,10048,8
2026-09-22T03:35:42.714869+00:00,3,10068,8
2026-09-22T03:35:47.774274+00:00,0,11052,21
2026-09-22T03:35:47.774274+00:00,1,11052,32
2026-09-22T03:35:47.774274+00:00,2,11052,24
2026-09-22T03:35:47.774274+00:00,3,11050,33
2026-09-22T03:35:52.832601+00:00,0,32462,0
2026-09-22T03:35:52.832601+00:00,1,32462,0
2026-09-22T03:35:52.832601+00:00,2,32462,0
2026-09-22T03:35:52.832601+00:00,3,32462,0
2026-09-22T03:35:57.894276+00:00,0,32586,74
2026-09-22T03:35:57.894276+00:00,1,32550,74
2026-09-22T03:35:57.894276+00:00,2,32586,77
2026-09-22T03:35:57.894276+00:00,3,32556,75
2026-09-22T03:36:02.956926+00:00,0,32586,79
2026-09-22T03:36:02.956926+00:00,1,32550,74
2026-09-22T03:36:02.956926+00:00,2,32586,79
2026-09-22T03:36:02.956926+00:00,3,32556,75
2026-09-22T03:36:08.021481+00:00,0,32586,75
2026-09-22T03:36:08.021481+00:00,1,32550,74
2026-09-22T03:36:08.021481+00:00,2,32586,76
2026-09-22T03:36:08.021481+00:00,3,32556,76
2026-09-22T03:36:13.086078+00:00,0,32586,76
2026-09-22T03:36:13.086078+00:00,1,32550,79
2026-09-22T03:36:13.086078+00:00,2,32586,81
2026-09-22T03:36:13.086078+00:00,3,32556,75
2026-09-22T03:36:18.139086+00:00,0,32586,80
2026-09-22T03:36:18.139086+00:00,1,32550,85
2026-09-22T03:36:18.139086+00:00,2,32586,79
2026-09-22T03:36:18.139086+00:00,3,32556,79
2026-09-22T03:36:23.201603+00:00,0,32586,81
2026-09-22T03:36:23.201603+00:00,1,32550,84
2026-09-22T03:36:23.201603+00:00,2,32586,86
2026-09-22T03:36:23.201603+00:00,3,32556,77
2026-09-22T03:36:28.266230+00:00,0,32586,78
2026-09-22T03:36:28.266230+00:00,1,32550,77
2026-09-22T03:36:28.266230+00:00,2,32586,82
2026-09-22T03:36:28.266230+00:00,3,32556,78
2026-09-22T03:36:33.331753+00:00,0,32586,81
2026-09-22T03:36:33.331753+00:00,1,32550,82
2026-09-22T03:36:33.331753+00:00,2,32586,79
2026-09-22T03:36:33.331753+00:00,3,32556,80
2026-09-22T03:36:38.396420+00:00,0,32586,83
2026-09-22T03:36:38.396420+00:00,1,32550,80
2026-09-22T03:36:38.396420+00:00,2,32586,80
2026-09-22T03:36:38.396420+00:00,3,32556,79
2026-09-22T03:36:43.463066+00:00,0,32586,79
2026-09-22T03:36:43.463066+00:00,1,32550,83
2026-09-22T03:36:43.463066+00:00,2,32586,82
2026-09-22T03:36:43.463066+00:00,3,32556,80
2026-09-22T03:36:48.522096+00:00,0,32586,82
2026-09-22T03:36:48.522096+00:00,1,32550,81
2026-09-22T03:36:48.522096+00:00,2,32586,80
2026-09-22T03:36:48.522096+00:00,3,32556,77
2026-09-22T03:36:53.592387+00:00,0,32586,80
2026-09-22T03:36:53.592387+00:00,1,32550,77
2026-09-22T03:36:53.592387+00:00,2,32586,74
2026-09-22T03:36:53.592387+00:00,3,32556,75
2026-09-22T03:36:58.671686+00:00,0,32586,82
2026-09-22T03:36:58.671686+00:00,1,32550,80
2026-09-22T03:36:58.671686+00:00,2,32586,83
2026-09-22T03:36:58.671686+00:00,3,32556,79
2026-09-22T03:37:03.739470+00:00,0,32586,86
2026-09-22T03:37:03.739470+00:00,1,32550,83
2026-09-22T03:37:03.739470+00:00,2,32586,86
2026-09-22T03:37:03.739470+00:00,3,32556,83
2026-09-22T03:37:08.806745+00:00,0,32586,86
2026-09-22T03:37:08.806745+00:00,1,32550,82
2026-09-22T03:37:08.806745+00:00,2,32586,80
2026-09-22T03:37:08.806745+00:00,3,32556,84
2026-09-22T03:37:13.870699+00:00,0,32586,82
2026-09-22T03:37:13.870699+00:00,1,32550,81
2026-09-22T03:37:13.870699+00:00,2,32586,83
2026-09-22T03:37:13.870699+00:00,3,32556,79
2026-09-22T03:37:18.938501+00:00,0,32586,84
2026-09-22T03:37:18.938501+00:00,1,32550,84
2026-09-22T03:37:18.938501+00:00,2,32586,83
2026-09-22T03:37:18.938501+00:00,3,32556,83
2026-09-22T03:37:24.006274+00:00,0,32586,83
2026-09-22T03:37:24.006274+00:00,1,32550,88
2026-09-22T03:37:24.006274+00:00,2,32586,82
2026-09-22T03:37:24.006274+00:00,3,32556,84
2026-09-22T03:37:29.070536+00:00,0,32586,83
2026-09-22T03:37:29.070536+00:00,1,32550,82
2026-09-22T03:37:29.070536+00:00,2,32586,82
2026-09-22T03:37:29.070536+00:00,3,32556,80
2026-09-22T03:37:34.134911+00:00,0,32586,84
2026-09-22T03:37:34.134911+00:00,1,32550,85
2026-09-22T03:37:34.134911+00:00,2,32586,81
2026-09-22T03:37:34.134911+00:00,3,32556,84
2026-09-22T03:37:39.203648+00:00,0,32586,87
2026-09-22T03:37:39.203648+00:00,1,32550,84
2026-09-22T03:37:39.203648+00:00,2,32586,83
2026-09-22T03:37:39.203648+00:00,3,32556,83
2026-09-22T03:37:44.267708+00:00,0,32586,81
2026-09-22T03:37:44.267708+00:00,1,32550,83
2026-09-22T03:37:44.267708+00:00,2,32586,84
2026-09-22T03:37:44.267708+00:00,3,32556,84
2026-09-22T03:37:49.336418+00:00,0,32586,82
2026-09-22T03:37:49.336418+00:00,1,32550,81
2026-09-22T03:37:49.336418+00:00,2,32586,81
2026-09-22T03:37:49.336418+00:00,3,32556,85
2026-09-22T03:37:54.402180+00:00,0,32586,82
2026-09-22T03:37:54.402180+00:00,1,32550,80
2026-09-22T03:37:54.402180+00:00,2,32586,81
2026-09-22T03:37:54.402180+00:00,3,32556,85
2026-09-22T03:37:59.468246+00:00,0,32586,0
2026-09-22T03:37:59.468246+00:00,1,32550,0
2026-09-22T03:37:59.468246+00:00,2,32586,0
2026-09-22T03:37:59.468246+00:00,3,32556,85
2026-09-22T03:38:04.527096+00:00,0,12214,99
2026-09-22T03:38:04.527096+00:00,1,12174,99
2026-09-22T03:38:04.527096+00:00,2,12214,99
2026-09-22T03:38:04.527096+00:00,3,12234,99
2026-09-22T03:38:09.596189+00:00,0,12340,99
2026-09-22T03:38:09.596189+00:00,1,12440,99
2026-09-22T03:38:09.596189+00:00,2,12320,99
2026-09-22T03:38:09.596189+00:00,3,12380,99
2026-09-22T03:38:14.666183+00:00,0,1206,78
2026-09-22T03:38:14.666183+00:00,1,1206,50
2026-09-22T03:38:14.666183+00:00,2,1206,79
2026-09-22T03:38:14.666183+00:00,3,1206,58
2026-09-22T03:38:19.722481+00:00,0,25466,99
2026-09-22T03:38:19.722481+00:00,1,25444,99
2026-09-22T03:38:19.722481+00:00,2,25464,99
2026-09-22T03:38:19.722481+00:00,3,25546,100
2026-09-22T03:38:24.797998+00:00,0,27368,99
2026-09-22T03:38:24.797998+00:00,1,27168,99
2026-09-22T03:38:24.797998+00:00,2,27328,97
2026-09-22T03:38:24.797998+00:00,3,27468,99
2026-09-22T03:38:29.870177+00:00,0,27948,99
2026-09-22T03:38:29.870177+00:00,1,28088,99
2026-09-22T03:38:29.870177+00:00,2,27928,99
2026-09-22T03:38:29.870177+00:00,3,28328,99
2026-09-22T03:38:34.946444+00:00,0,27950,99
2026-09-22T03:38:34.946444+00:00,1,28510,99
2026-09-22T03:38:34.946444+00:00,2,28010,99
2026-09-22T03:38:34.946444+00:00,3,28330,99
2026-09-22T03:38:40.010289+00:00,0,28312,88
2026-09-22T03:38:40.010289+00:00,1,28512,88
2026-09-22T03:38:40.010289+00:00,2,28312,99
2026-09-22T03:38:40.010289+00:00,3,28332,89
2026-09-22T03:38:45.086312+00:00,0,28314,100
2026-09-22T03:38:45.086312+00:00,1,28514,99
2026-09-22T03:38:45.086312+00:00,2,28314,99
2026-09-22T03:38:45.086312+00:00,3,28334,99
2026-09-22T03:38:50.157532+00:00,0,28316,99
2026-09-22T03:38:50.157532+00:00,1,28516,99
2026-09-22T03:38:50.157532+00:00,2,28316,99
2026-09-22T03:38:50.157532+00:00,3,28336,99
2026-09-22T03:38:55.225190+00:00,0,25560,100
2026-09-22T03:38:55.225190+00:00,1,25780,80
2026-09-22T03:38:55.225190+00:00,2,25020,93
2026-09-22T03:38:55.225190+00:00,3,25020,95
2026-09-22T03:39:00.284892+00:00,0,9722,8
2026-09-22T03:39:00.284892+00:00,1,9722,7
2026-09-22T03:39:00.284892+00:00,2,9722,27
2026-09-22T03:39:00.284892+00:00,3,9722,38
2026-09-22T03:39:05.340717+00:00,0,10930,8
2026-09-22T03:39:05.340717+00:00,1,11012,8
2026-09-22T03:39:05.340717+00:00,2,10930,7
2026-09-22T03:39:05.340717+00:00,3,10826,8
2026-09-22T03:39:10.413505+00:00,0,16278,41
2026-09-22T03:39:10.413505+00:00,1,16138,31
2026-09-22T03:39:10.413505+00:00,2,15058,32
2026-09-22T03:39:10.413505+00:00,3,14358,31
2026-09-22T03:39:15.478478+00:00,0,32576,77
2026-09-22T03:39:15.478478+00:00,1,32554,79
2026-09-22T03:39:15.478478+00:00,2,32562,79
2026-09-22T03:39:15.478478+00:00,3,32556,76
2026-09-22T03:39:20.533720+00:00,0,32576,79
2026-09-22T03:39:20.533720+00:00,1,32554,76
2026-09-22T03:39:20.533720+00:00,2,32562,76
2026-09-22T03:39:20.533720+00:00,3,32556,84
2026-09-22T03:39:25.598183+00:00,0,32576,77
2026-09-22T03:39:25.598183+00:00,1,32554,74
2026-09-22T03:39:25.598183+00:00,2,32562,74
2026-09-22T03:39:25.598183+00:00,3,32556,74
2026-09-22T03:39:30.664543+00:00,0,32576,74
2026-09-22T03:39:30.664543+00:00,1,32554,81
2026-09-22T03:39:30.664543+00:00,2,32562,80
2026-09-22T03:39:30.664543+00:00,3,32556,76
2026-09-22T03:39:35.723354+00:00,0,32576,76
2026-09-22T03:39:35.723354+00:00,1,32554,81
2026-09-22T03:39:35.723354+00:00,2,32562,78
2026-09-22T03:39:35.723354+00:00,3,32556,81
2026-09-22T03:39:40.789420+00:00,0,32576,77
2026-09-22T03:39:40.789420+00:00,1,32554,78
2026-09-22T03:39:40.789420+00:00,2,32562,78
2026-09-22T03:39:40.789420+00:00,3,32556,80
2026-09-22T03:39:45.855534+00:00,0,32576,80
2026-09-22T03:39:45.855534+00:00,1,32554,79
2026-09-22T03:39:45.855534+00:00,2,32562,80
2026-09-22T03:39:45.855534+00:00,3,32556,80
2026-09-22T03:39:50.920712+00:00,0,32576,78
2026-09-22T03:39:50.920712+00:00,1,32554,79
2026-09-22T03:39:50.920712+00:00,2,32562,78
2026-09-22T03:39:50.920712+00:00,3,32556,79
2026-09-22T03:39:55.987160+00:00,0,32576,85
2026-09-22T03:39:55.987160+00:00,1,32554,79
2026-09-22T03:39:55.987160+00:00,2,32562,85
2026-09-22T03:39:55.987160+00:00,3,32556,86
2026-09-22T03:40:01.047350+00:00,0,32576,81
2026-09-22T03:40:01.047350+00:00,1,32554,82
2026-09-22T03:40:01.047350+00:00,2,32562,79
2026-09-22T03:40:01.047350+00:00,3,32556,86
2026-09-22T03:40:06.116435+00:00,0,32576,81
2026-09-22T03:40:06.116435+00:00,1,32554,82
2026-09-22T03:40:06.116435+00:00,2,32562,78
2026-09-22T03:40:06.116435+00:00,3,32556,82
2026-09-22T03:40:11.185294+00:00,0,32576,81
2026-09-22T03:40:11.185294+00:00,1,32554,84
2026-09-22T03:40:11.185294+00:00,2,32562,80
2026-09-22T03:40:11.185294+00:00,3,32556,83
2026-09-22T03:40:16.253038+00:00,0,32576,80
2026-09-22T03:40:16.253038+00:00,1,32554,80
2026-09-22T03:40:16.253038+00:00,2,32562,86
2026-09-22T03:40:16.253038+00:00,3,32556,80
2026-09-22T03:40:21.317191+00:00,0,32576,83
2026-09-22T03:40:21.317191+00:00,1,32554,81
2026-09-22T03:40:21.317191+00:00,2,32562,81
2026-09-22T03:40:21.317191+00:00,3,32556,86
2026-09-22T03:40:26.381869+00:00,0,32576,82
2026-09-22T03:40:26.381869+00:00,1,32554,85
2026-09-22T03:40:26.381869+00:00,2,32562,88
2026-09-22T03:40:26.381869+00:00,3,32556,85
2026-09-22T03:40:31.449985+00:00,0,32576,82
2026-09-22T03:40:31.449985+00:00,1,32554,86
2026-09-22T03:40:31.449985+00:00,2,32562,87
2026-09-22T03:40:31.449985+00:00,3,32556,81
2026-09-22T03:40:36.515258+00:00,0,32576,81
2026-09-22T03:40:36.515258+00:00,1,32554,84
2026-09-22T03:40:36.515258+00:00,2,32562,85
2026-09-22T03:40:36.515258+00:00,3,32556,81
2026-09-22T03:40:41.581027+00:00,0,32576,85
2026-09-22T03:40:41.581027+00:00,1,32554,86
2026-09-22T03:40:41.581027+00:00,2,32562,88
2026-09-22T03:40:41.581027+00:00,3,32556,84
2026-09-22T03:40:46.643577+00:00,0,32576,84
2026-09-22T03:40:46.643577+00:00,1,32554,83
2026-09-22T03:40:46.643577+00:00,2,32562,85
2026-09-22T03:40:46.643577+00:00,3,32556,82
2026-09-22T03:40:51.707137+00:00,0,32576,85
2026-09-22T03:40:51.707137+00:00,1,32554,83
2026-09-22T03:40:51.707137+00:00,2,32562,82
2026-09-22T03:40:51.707137+00:00,3,32556,81
2026-09-22T03:40:56.765632+00:00,0,32576,81
2026-09-22T03:40:56.765632+00:00,1,32554,82
2026-09-22T03:40:56.765632+00:00,2,32562,82
2026-09-22T03:40:56.765632+00:00,3,32556,81
2026-09-22T03:41:01.827873+00:00,0,32576,85
2026-09-22T03:41:01.827873+00:00,1,32554,85
2026-09-22T03:41:01.827873+00:00,2,32562,85
2026-09-22T03:41:01.827873+00:00,3,32556,85
2026-09-22T03:41:06.893296+00:00,0,32576,83
2026-09-22T03:41:06.893296+00:00,1,32554,87
2026-09-22T03:41:06.893296+00:00,2,32562,82
2026-09-22T03:41:06.893296+00:00,3,32556,82
2026-09-22T03:41:11.958802+00:00,0,32576,78
2026-09-22T03:41:11.958802+00:00,1,32554,85
2026-09-22T03:41:11.958802+00:00,2,32562,0
2026-09-22T03:41:11.958802+00:00,3,32556,0
2026-09-22T03:41:17.021707+00:00,0,12316,99
2026-09-22T03:41:17.021707+00:00,1,12274,99
2026-09-22T03:41:17.021707+00:00,2,12376,99
2026-09-22T03:41:17.021707+00:00,3,12216,99
2026-09-22T03:41:22.089050+00:00,0,12762,99
2026-09-22T03:41:22.089050+00:00,1,12682,100
2026-09-22T03:41:22.089050+00:00,2,12782,99
2026-09-22T03:41:22.089050+00:00,3,12822,99
2026-09-22T03:41:27.158699+00:00,0,26192,40
2026-09-22T03:41:27.158699+00:00,1,26172,41
2026-09-22T03:41:27.158699+00:00,2,26192,40
2026-09-22T03:41:27.158699+00:00,3,26232,30
2026-09-22T03:41:32.233715+00:00,0,26366,99
2026-09-22T03:41:32.233715+00:00,1,26586,99
2026-09-22T03:41:32.233715+00:00,2,26206,99
2026-09-22T03:41:32.233715+00:00,3,26566,99
2026-09-22T03:41:37.306558+00:00,0,26828,99
2026-09-22T03:41:37.306558+00:00,1,26688,99
2026-09-22T03:41:37.306558+00:00,2,27148,99
2026-09-22T03:41:37.306558+00:00,3,26608,99
2026-09-22T03:41:42.377535+00:00,0,27190,99
2026-09-22T03:41:42.377535+00:00,1,26770,99
2026-09-22T03:41:42.377535+00:00,2,27350,97
2026-09-22T03:41:42.377535+00:00,3,28070,98
2026-09-22T03:41:47.450742+00:00,0,27792,99
2026-09-22T03:41:47.450742+00:00,1,27132,100
2026-09-22T03:41:47.450742+00:00,2,28312,99
2026-09-22T03:41:47.450742+00:00,3,28192,99
2026-09-22T03:41:52.523314+00:00,0,27794,100
2026-09-22T03:41:52.523314+00:00,1,27894,99
2026-09-22T03:41:52.523314+00:00,2,28314,98
2026-09-22T03:41:52.523314+00:00,3,28194,99
2026-09-22T03:41:57.597147+00:00,0,27796,99
2026-09-22T03:41:57.597147+00:00,1,27896,99
2026-09-22T03:41:57.597147+00:00,2,28316,99
2026-09-22T03:41:57.597147+00:00,3,28196,99
2026-09-22T03:42:02.668970+00:00,0,3620,84
2026-09-22T03:42:02.668970+00:00,1,3700,84
2026-09-22T03:42:02.668970+00:00,2,4060,84
2026-09-22T03:42:02.668970+00:00,3,3900,84
2026-09-22T03:42:07.728191+00:00,0,9722,7
2026-09-22T03:42:07.728191+00:00,1,9722,7
2026-09-22T03:42:07.728191+00:00,2,9722,6
2026-09-22T03:42:07.728191+00:00,3,9722,7
2026-09-22T03:42:12.787705+00:00,0,11052,14
2026-09-22T03:42:12.787705+00:00,1,11052,100
2026-09-22T03:42:12.787705+00:00,2,10950,10
2026-09-22T03:42:12.787705+00:00,3,11050,100
2026-09-22T03:42:17.847966+00:00,0,3098,88
2026-09-22T03:42:17.847966+00:00,1,2906,87
2026-09-22T03:42:17.847966+00:00,2,2906,80
2026-09-22T03:42:17.847966+00:00,3,2906,81
2026-09-22T03:42:22.909309+00:00,0,32554,76
2026-09-22T03:42:22.909309+00:00,1,32568,72
2026-09-22T03:42:22.909309+00:00,2,32566,76
2026-09-22T03:42:22.909309+00:00,3,32562,77
2026-09-22T03:42:27.981564+00:00,0,32554,76
2026-09-22T03:42:27.981564+00:00,1,32568,76
2026-09-22T03:42:27.981564+00:00,2,32566,76
2026-09-22T03:42:27.981564+00:00,3,32562,76
2026-09-22T03:42:33.035814+00:00,0,32554,78
2026-09-22T03:42:33.035814+00:00,1,32568,76
2026-09-22T03:42:33.035814+00:00,2,32566,85
2026-09-22T03:42:33.035814+00:00,3,32562,80
2026-09-22T03:42:38.100772+00:00,0,32554,78
2026-09-22T03:42:38.100772+00:00,1,32568,77
2026-09-22T03:42:38.100772+00:00,2,32566,79
2026-09-22T03:42:38.100772+00:00,3,32562,78
2026-09-22T03:42:43.164835+00:00,0,32554,79
2026-09-22T03:42:43.164835+00:00,1,32568,76
2026-09-22T03:42:43.164835+00:00,2,32566,79
2026-09-22T03:42:43.164835+00:00,3,32562,79
2026-09-22T03:42:48.229283+00:00,0,32554,78
2026-09-22T03:42:48.229283+00:00,1,32568,83
2026-09-22T03:42:48.229283+00:00,2,32566,79
2026-09-22T03:42:48.229283+00:00,3,32562,77
2026-09-22T03:42:53.295802+00:00,0,32554,79
2026-09-22T03:42:53.295802+00:00,1,32568,77
2026-09-22T03:42:53.295802+00:00,2,32566,77
2026-09-22T03:42:53.295802+00:00,3,32562,81
2026-09-22T03:42:58.358439+00:00,0,32554,81
2026-09-22T03:42:58.358439+00:00,1,32568,78
2026-09-22T03:42:58.358439+00:00,2,32566,79
2026-09-22T03:42:58.358439+00:00,3,32562,81
2026-09-22T03:43:03.422532+00:00,0,32554,76
2026-09-22T03:43:03.422532+00:00,1,32568,79
2026-09-22T03:43:03.422532+00:00,2,32566,80
2026-09-22T03:43:03.422532+00:00,3,32562,81
2026-09-22T03:43:08.486257+00:00,0,32554,81
2026-09-22T03:43:08.486257+00:00,1,32568,79
2026-09-22T03:43:08.486257+00:00,2,32566,81
2026-09-22T03:43:08.486257+00:00,3,32562,80
2026-09-22T03:43:13.544635+00:00,0,32554,80
2026-09-22T03:43:13.544635+00:00,1,32568,82
2026-09-22T03:43:13.544635+00:00,2,32566,80
2026-09-22T03:43:13.544635+00:00,3,32562,82
2026-09-22T03:43:18.605173+00:00,0,32554,87
2026-09-22T03:43:18.605173+00:00,1,32568,85
2026-09-22T03:43:18.605173+00:00,2,32566,78
2026-09-22T03:43:18.605173+00:00,3,32562,81
2026-09-22T03:43:23.669112+00:00,0,32554,82
2026-09-22T03:43:23.669112+00:00,1,32568,81
2026-09-22T03:43:23.669112+00:00,2,32566,83
2026-09-22T03:43:23.669112+00:00,3,32562,84
2026-09-22T03:43:28.729585+00:00,0,32554,80
2026-09-22T03:43:28.729585+00:00,1,32568,84
2026-09-22T03:43:28.729585+00:00,2,32566,84
2026-09-22T03:43:28.729585+00:00,3,32562,81
2026-09-22T03:43:33.786196+00:00,0,32554,81
2026-09-22T03:43:33.786196+00:00,1,32568,84
2026-09-22T03:43:33.786196+00:00,2,32566,77
2026-09-22T03:43:33.786196+00:00,3,32562,77
2026-09-22T03:43:38.854574+00:00,0,32554,83
2026-09-22T03:43:38.854574+00:00,1,32568,83
2026-09-22T03:43:38.854574+00:00,2,32566,81
2026-09-22T03:43:38.854574+00:00,3,32562,83
2026-09-22T03:43:43.924833+00:00,0,32554,85
2026-09-22T03:43:43.924833+00:00,1,32568,83
2026-09-22T03:43:43.924833+00:00,2,32566,80
2026-09-22T03:43:43.924833+00:00,3,32562,83
2026-09-22T03:43:48.989816+00:00,0,32554,91
2026-09-22T03:43:48.989816+00:00,1,32568,85
2026-09-22T03:43:48.989816+00:00,2,32566,81
2026-09-22T03:43:48.989816+00:00,3,32562,80
2026-09-22T03:43:54.058020+00:00,0,32554,80
2026-09-22T03:43:54.058020+00:00,1,32568,85
2026-09-22T03:43:54.058020+00:00,2,32566,79
2026-09-22T03:43:54.058020+00:00,3,32562,85
2026-09-22T03:43:59.127340+00:00,0,32554,83
2026-09-22T03:43:59.127340+00:00,1,32568,79
2026-09-22T03:43:59.127340+00:00,2,32566,83
2026-09-22T03:43:59.127340+00:00,3,32562,81
2026-09-22T03:44:04.195719+00:00,0,32554,88
2026-09-22T03:44:04.195719+00:00,1,32568,84
2026-09-22T03:44:04.195719+00:00,2,32566,85
2026-09-22T03:44:04.195719+00:00,3,32562,85
2026-09-22T03:44:09.261282+00:00,0,32554,82
2026-09-22T03:44:09.261282+00:00,1,32568,83
2026-09-22T03:44:09.261282+00:00,2,32566,86
2026-09-22T03:44:09.261282+00:00,3,32562,86
2026-09-22T03:44:14.328782+00:00,0,32554,87
2026-09-22T03:44:14.328782+00:00,1,32568,86
2026-09-22T03:44:14.328782+00:00,2,32566,91
2026-09-22T03:44:14.328782+00:00,3,32562,84
2026-09-22T03:44:19.396420+00:00,0,32554,82
2026-09-22T03:44:19.396420+00:00,1,32568,84
2026-09-22T03:44:19.396420+00:00,2,32566,86
2026-09-22T03:44:19.396420+00:00,3,32562,79
2026-09-22T03:44:24.463044+00:00,0,32554,82
2026-09-22T03:44:24.463044+00:00,1,32568,86
2026-09-22T03:44:24.463044+00:00,2,32566,84
2026-09-22T03:44:24.463044+00:00,3,32562,83
2026-09-22T03:44:29.531837+00:00,0,32554,0
2026-09-22T03:44:29.531837+00:00,1,32568,81
2026-09-22T03:44:29.531837+00:00,2,32566,82
2026-09-22T03:44:29.531837+00:00,3,32562,0
2026-09-22T03:44:34.594190+00:00,0,6514,99
2026-09-22T03:44:34.594190+00:00,1,6514,99
2026-09-22T03:44:34.594190+00:00,2,6514,99
2026-09-22T03:44:34.594190+00:00,3,6514,99
2026-09-22T03:44:39.660285+00:00,0,11878,99
2026-09-22T03:44:39.660285+00:00,1,11838,87
2026-09-22T03:44:39.660285+00:00,2,11878,99
2026-09-22T03:44:39.660285+00:00,3,11878,97
2026-09-22T03:44:44.727981+00:00,0,11884,99
2026-09-22T03:44:44.727981+00:00,1,11944,99
2026-09-22T03:44:44.727981+00:00,2,11884,99
2026-09-22T03:44:44.727981+00:00,3,11884,99
2026-09-22T03:44:49.796951+00:00,0,25322,99
2026-09-22T03:44:49.796951+00:00,1,25282,99
2026-09-22T03:44:49.796951+00:00,2,25324,99
2026-09-22T03:44:49.796951+00:00,3,25324,99
2026-09-22T03:44:54.861483+00:00,0,25506,99
2026-09-22T03:44:54.861483+00:00,1,25466,99
2026-09-22T03:44:54.861483+00:00,2,25546,99
2026-09-22T03:44:54.861483+00:00,3,25526,99
2026-09-22T03:44:59.931421+00:00,0,25548,99
2026-09-22T03:44:59.931421+00:00,1,25488,98
2026-09-22T03:44:59.931421+00:00,2,27048,97
2026-09-22T03:44:59.931421+00:00,3,26968,97
2026-09-22T03:45:05.004382+00:00,0,26708,99
2026-09-22T03:45:05.004382+00:00,1,26768,99
2026-09-22T03:45:05.004382+00:00,2,27048,99
2026-09-22T03:45:05.004382+00:00,3,27610,99
2026-09-22T03:45:10.084838+00:00,0,27670,99
2026-09-22T03:45:10.084838+00:00,1,28912,99
2026-09-22T03:45:10.084838+00:00,2,27270,99
2026-09-22T03:45:10.084838+00:00,3,27612,99
2026-09-22T03:45:15.148319+00:00,0,28432,99
2026-09-22T03:45:15.148319+00:00,1,28912,99
2026-09-22T03:45:15.148319+00:00,2,27972,99
2026-09-22T03:45:15.148319+00:00,3,27614,99
2026-09-22T03:45:20.210591+00:00,0,28434,98
2026-09-22T03:45:20.210591+00:00,1,28914,99
2026-09-22T03:45:20.210591+00:00,2,27974,99
2026-09-22T03:45:20.210591+00:00,3,27614,99
2026-09-22T03:45:25.273923+00:00,0,28436,99
2026-09-22T03:45:25.273923+00:00,1,28916,99
2026-09-22T03:45:25.273923+00:00,2,27976,99
2026-09-22T03:45:25.273923+00:00,3,27616,99
2026-09-22T03:45:30.345062+00:00,0,1220,0
2026-09-22T03:45:30.345062+00:00,1,1220,8
2026-09-22T03:45:30.345062+00:00,2,1220,14
2026-09-22T03:45:30.345062+00:00,3,1220,1
2026-09-22T03:45:35.401259+00:00,0,9722,7
2026-09-22T03:45:35.401259+00:00,1,9722,7
2026-09-22T03:45:35.401259+00:00,2,9722,7
2026-09-22T03:45:35.401259+00:00,3,9722,7
2026-09-22T03:45:40.460864+00:00,0,11052,21
2026-09-22T03:45:40.460864+00:00,1,11052,20
2026-09-22T03:45:40.460864+00:00,2,11052,27
2026-09-22T03:45:40.460864+00:00,3,11050,24
2026-09-22T03:45:45.519170+00:00,0,4832,11
2026-09-22T03:45:45.519170+00:00,1,4832,13
2026-09-22T03:45:45.519170+00:00,2,4834,12
2026-09-22T03:45:45.519170+00:00,3,4834,11
2026-09-22T03:45:50.575754+00:00,0,32552,75
2026-09-22T03:45:50.575754+00:00,1,32554,81
2026-09-22T03:45:50.575754+00:00,2,32566,76
2026-09-22T03:45:50.575754+00:00,3,32566,73
2026-09-22T03:45:55.630984+00:00,0,32552,79
2026-09-22T03:45:55.630984+00:00,1,32554,77
2026-09-22T03:45:55.630984+00:00,2,32566,77
2026-09-22T03:45:55.630984+00:00,3,32566,80
2026-09-22T03:46:00.691173+00:00,0,32552,76
2026-09-22T03:46:00.691173+00:00,1,32554,76
2026-09-22T03:46:00.691173+00:00,2,32566,76
2026-09-22T03:46:00.691173+00:00,3,32566,78
2026-09-22T03:46:05.754672+00:00,0,32552,77
2026-09-22T03:46:05.754672+00:00,1,32554,77
2026-09-22T03:46:05.754672+00:00,2,32566,77
2026-09-22T03:46:05.754672+00:00,3,32566,78
2026-09-22T03:46:10.817378+00:00,0,32552,77
2026-09-22T03:46:10.817378+00:00,1,32554,81
2026-09-22T03:46:10.817378+00:00,2,32566,77
2026-09-22T03:46:10.817378+00:00,3,32566,83
2026-09-22T03:46:15.880042+00:00,0,32552,79
2026-09-22T03:46:15.880042+00:00,1,32554,79
2026-09-22T03:46:15.880042+00:00,2,32566,78
2026-09-22T03:46:15.880042+00:00,3,32566,78
2026-09-22T03:46:20.959970+00:00,0,32552,78
2026-09-22T03:46:20.959970+00:00,1,32554,75
2026-09-22T03:46:20.959970+00:00,2,32566,77
2026-09-22T03:46:20.959970+00:00,3,32566,78
2026-09-22T03:46:26.032307+00:00,0,32552,76
2026-09-22T03:46:26.032307+00:00,1,32554,77
2026-09-22T03:46:26.032307+00:00,2,32566,82
2026-09-22T03:46:26.032307+00:00,3,32566,81
2026-09-22T03:46:31.101149+00:00,0,32552,79
2026-09-22T03:46:31.101149+00:00,1,32554,79
2026-09-22T03:46:31.101149+00:00,2,32566,82
2026-09-22T03:46:31.101149+00:00,3,32566,85
2026-09-22T03:46:36.167368+00:00,0,32552,81
2026-09-22T03:46:36.167368+00:00,1,32554,82
2026-09-22T03:46:36.167368+00:00,2,32566,82
2026-09-22T03:46:36.167368+00:00,3,32566,82
2026-09-22T03:46:41.233161+00:00,0,32552,79
2026-09-22T03:46:41.233161+00:00,1,32554,79
2026-09-22T03:46:41.233161+00:00,2,32566,82
2026-09-22T03:46:41.233161+00:00,3,32566,79
2026-09-22T03:46:46.299991+00:00,0,32552,77
2026-09-22T03:46:46.299991+00:00,1,32554,82
2026-09-22T03:46:46.299991+00:00,2,32566,83
2026-09-22T03:46:46.299991+00:00,3,32566,81
2026-09-22T03:46:51.368092+00:00,0,32552,80
2026-09-22T03:46:51.368092+00:00,1,32554,79
2026-09-22T03:46:51.368092+00:00,2,32566,79
2026-09-22T03:46:51.368092+00:00,3,32566,78
2026-09-22T03:46:56.430603+00:00,0,32552,82
2026-09-22T03:46:56.430603+00:00,1,32554,80
2026-09-22T03:46:56.430603+00:00,2,32566,79
2026-09-22T03:46:56.430603+00:00,3,32566,81
2026-09-22T03:47:01.501702+00:00,0,32552,82
2026-09-22T03:47:01.501702+00:00,1,32554,84
2026-09-22T03:47:01.501702+00:00,2,32566,84
2026-09-22T03:47:01.501702+00:00,3,32566,83
2026-09-22T03:47:06.568718+00:00,0,32552,81
2026-09-22T03:47:06.568718+00:00,1,32554,81
2026-09-22T03:47:06.568718+00:00,2,32566,82
2026-09-22T03:47:06.568718+00:00,3,32566,84
2026-09-22T03:47:11.634856+00:00,0,32552,83
2026-09-22T03:47:11.634856+00:00,1,32554,78
2026-09-22T03:47:11.634856+00:00,2,32566,82
2026-09-22T03:47:11.634856+00:00,3,32566,79
2026-09-22T03:47:16.694485+00:00,0,32552,81
2026-09-22T03:47:16.694485+00:00,1,32554,78
2026-09-22T03:47:16.694485+00:00,2,32566,82
2026-09-22T03:47:16.694485+00:00,3,32566,78
2026-09-22T03:47:21.762774+00:00,0,32552,82
2026-09-22T03:47:21.762774+00:00,1,32554,83
2026-09-22T03:47:21.762774+00:00,2,32566,82
2026-09-22T03:47:21.762774+00:00,3,32566,83
2026-09-22T03:47:26.830256+00:00,0,32552,81
2026-09-22T03:47:26.830256+00:00,1,32554,81
2026-09-22T03:47:26.830256+00:00,2,32566,79
2026-09-22T03:47:26.830256+00:00,3,32566,77
2026-09-22T03:47:31.896473+00:00,0,32552,81
2026-09-22T03:47:31.896473+00:00,1,32554,85
2026-09-22T03:47:31.896473+00:00,2,32566,80
2026-09-22T03:47:31.896473+00:00,3,32566,83
2026-09-22T03:47:36.967776+00:00,0,32552,87
2026-09-22T03:47:36.967776+00:00,1,32554,80
2026-09-22T03:47:36.967776+00:00,2,32566,82
2026-09-22T03:47:36.967776+00:00,3,32566,80
2026-09-22T03:47:42.035385+00:00,0,32552,82
2026-09-22T03:47:42.035385+00:00,1,32554,84
2026-09-22T03:47:42.035385+00:00,2,32566,84
2026-09-22T03:47:42.035385+00:00,3,32566,81
2026-09-22T03:47:47.104679+00:00,0,32552,82
2026-09-22T03:47:47.104679+00:00,1,32554,86
2026-09-22T03:47:47.104679+00:00,2,32566,83
2026-09-22T03:47:47.104679+00:00,3,32566,81
2026-09-22T03:47:52.166489+00:00,0,32552,0
2026-09-22T03:47:52.166489+00:00,1,32554,84
2026-09-22T03:47:52.166489+00:00,2,32566,0
2026-09-22T03:47:52.166489+00:00,3,32566,0
2026-09-22T03:47:57.224450+00:00,0,1200,0
2026-09-22T03:47:57.224450+00:00,1,1200,0
2026-09-22T03:47:57.224450+00:00,2,1202,0
2026-09-22T03:47:57.224450+00:00,3,1202,0
2026-09-22T03:48:02.282280+00:00,0,11978,97
2026-09-22T03:48:02.282280+00:00,1,12138,100
2026-09-22T03:48:02.282280+00:00,2,12138,99
2026-09-22T03:48:02.282280+00:00,3,12178,99
2026-09-22T03:48:07.345698+00:00,0,12262,99
2026-09-22T03:48:07.345698+00:00,1,12322,99
2026-09-22T03:48:07.345698+00:00,2,12382,99
2026-09-22T03:48:07.345698+00:00,3,12182,99
2026-09-22T03:48:12.409445+00:00,0,25000,99
2026-09-22T03:48:12.409445+00:00,1,25902,99
2026-09-22T03:48:12.409445+00:00,2,24822,99
2026-09-22T03:48:12.409445+00:00,3,26142,98
2026-09-22T03:48:17.481806+00:00,0,26306,99
2026-09-22T03:48:17.481806+00:00,1,26286,99
2026-09-22T03:48:17.481806+00:00,2,26086,99
2026-09-22T03:48:17.481806+00:00,3,26146,98
2026-09-22T03:48:22.549748+00:00,0,26468,99
2026-09-22T03:48:22.549748+00:00,1,26288,99
2026-09-22T03:48:22.549748+00:00,2,26088,100
2026-09-22T03:48:22.549748+00:00,3,26148,99
2026-09-22T03:48:27.620481+00:00,0,27068,99
2026-09-22T03:48:27.620481+00:00,1,27790,100
2026-09-22T03:48:27.620481+00:00,2,27048,100
2026-09-22T03:48:27.620481+00:00,3,27230,100
2026-09-22T03:48:32.688929+00:00,0,27612,99
2026-09-22T03:48:32.688929+00:00,1,27792,100
2026-09-22T03:48:32.688929+00:00,2,28052,99
2026-09-22T03:48:32.688929+00:00,3,27232,99
2026-09-22T03:48:37.764991+00:00,0,27614,99
2026-09-22T03:48:37.764991+00:00,1,27794,99
2026-09-22T03:48:37.764991+00:00,2,28052,99
2026-09-22T03:48:37.764991+00:00,3,27232,99
2026-09-22T03:48:42.830653+00:00,0,27614,98
2026-09-22T03:48:42.830653+00:00,1,27796,99
2026-09-22T03:48:42.830653+00:00,2,28054,98
2026-09-22T03:48:42.830653+00:00,3,27234,98
2026-09-22T03:48:47.897429+00:00,0,27616,99
2026-09-22T03:48:47.897429+00:00,1,27798,99
2026-09-22T03:48:47.897429+00:00,2,28058,100
2026-09-22T03:48:47.897429+00:00,3,27236,99
2026-09-22T03:48:52.967691+00:00,0,9722,79
2026-09-22T03:48:52.967691+00:00,1,9722,7
2026-09-22T03:48:52.967691+00:00,2,9722,39
2026-09-22T03:48:52.967691+00:00,3,9722,7
2026-09-22T03:48:58.028555+00:00,0,10600,8
2026-09-22T03:48:58.028555+00:00,1,10684,8
2026-09-22T03:48:58.028555+00:00,2,10500,6
2026-09-22T03:48:58.028555+00:00,3,10826,8
2026-09-22T03:49:03.087768+00:00,0,12532,43
2026-09-22T03:49:03.087768+00:00,1,12592,44
2026-09-22T03:49:03.087768+00:00,2,12592,43
2026-09-22T03:49:03.087768+00:00,3,12710,44
2026-09-22T03:49:08.148041+00:00,0,32560,77
2026-09-22T03:49:08.148041+00:00,1,32568,79
2026-09-22T03:49:08.148041+00:00,2,32540,75
2026-09-22T03:49:08.148041+00:00,3,32574,76
2026-09-22T03:49:13.204555+00:00,0,32560,75
2026-09-22T03:49:13.204555+00:00,1,32568,79
2026-09-22T03:49:13.204555+00:00,2,32540,75
2026-09-22T03:49:13.204555+00:00,3,32574,76
2026-09-22T03:49:18.268910+00:00,0,32560,78
2026-09-22T03:49:18.268910+00:00,1,32568,81
2026-09-22T03:49:18.268910+00:00,2,32540,75
2026-09-22T03:49:18.268910+00:00,3,32574,75
2026-09-22T03:49:23.324569+00:00,0,32560,79
2026-09-22T03:49:23.324569+00:00,1,32568,79
2026-09-22T03:49:23.324569+00:00,2,32540,83
2026-09-22T03:49:23.324569+00:00,3,32574,81
2026-09-22T03:49:28.390506+00:00,0,32560,79
2026-09-22T03:49:28.390506+00:00,1,32568,79
2026-09-22T03:49:28.390506+00:00,2,32540,85
2026-09-22T03:49:28.390506+00:00,3,32574,77
2026-09-22T03:49:33.454499+00:00,0,32560,83
2026-09-22T03:49:33.454499+00:00,1,32568,80
2026-09-22T03:49:33.454499+00:00,2,32540,78
2026-09-22T03:49:33.454499+00:00,3,32574,79
2026-09-22T03:49:38.519346+00:00,0,32560,82
2026-09-22T03:49:38.519346+00:00,1,32568,81
2026-09-22T03:49:38.519346+00:00,2,32540,79
2026-09-22T03:49:38.519346+00:00,3,32574,79
2026-09-22T03:49:43.582358+00:00,0,32560,81
2026-09-22T03:49:43.582358+00:00,1,32568,79
2026-09-22T03:49:43.582358+00:00,2,32540,80
2026-09-22T03:49:43.582358+00:00,3,32574,79
2026-09-22T03:49:48.648783+00:00,0,32560,81
2026-09-22T03:49:48.648783+00:00,1,32568,80
2026-09-22T03:49:48.648783+00:00,2,32540,81
2026-09-22T03:49:48.648783+00:00,3,32574,79
2026-09-22T03:49:53.712870+00:00,0,32560,82
2026-09-22T03:49:53.712870+00:00,1,32568,81
2026-09-22T03:49:53.712870+00:00,2,32540,82
2026-09-22T03:49:53.712870+00:00,3,32574,79
2026-09-22T03:49:58.774523+00:00,0,32560,81
2026-09-22T03:49:58.774523+00:00,1,32568,81
2026-09-22T03:49:58.774523+00:00,2,32540,83
2026-09-22T03:49:58.774523+00:00,3,32574,83
2026-09-22T03:50:03.839575+00:00,0,32560,84
2026-09-22T03:50:03.839575+00:00,1,32568,81
2026-09-22T03:50:03.839575+00:00,2,32540,79
2026-09-22T03:50:03.839575+00:00,3,32574,83
2026-09-22T03:50:08.907454+00:00,0,32560,82
2026-09-22T03:50:08.907454+00:00,1,32568,78
2026-09-22T03:50:08.907454+00:00,2,32540,82
2026-09-22T03:50:08.907454+00:00,3,32574,80
2026-09-22T03:50:13.974018+00:00,0,32560,87
2026-09-22T03:50:13.974018+00:00,1,32568,81
2026-09-22T03:50:13.974018+00:00,2,32540,85
2026-09-22T03:50:13.974018+00:00,3,32574,81
2026-09-22T03:50:19.039699+00:00,0,32560,81
2026-09-22T03:50:19.039699+00:00,1,32568,83
2026-09-22T03:50:19.039699+00:00,2,32540,82
2026-09-22T03:50:19.039699+00:00,3,32574,83
2026-09-22T03:50:24.106735+00:00,0,32560,85
2026-09-22T03:50:24.106735+00:00,1,32568,81
2026-09-22T03:50:24.106735+00:00,2,32540,85
2026-09-22T03:50:24.106735+00:00,3,32574,79
2026-09-22T03:50:29.173041+00:00,0,32560,80
2026-09-22T03:50:29.173041+00:00,1,32568,83
2026-09-22T03:50:29.173041+00:00,2,32540,85
2026-09-22T03:50:29.173041+00:00,3,32574,84
2026-09-22T03:50:34.239701+00:00,0,32560,82
2026-09-22T03:50:34.239701+00:00,1,32568,82
2026-09-22T03:50:34.239701+00:00,2,32540,83
2026-09-22T03:50:34.239701+00:00,3,32574,83
2026-09-22T03:50:39.306750+00:00,0,32560,82
2026-09-22T03:50:39.306750+00:00,1,32568,82
2026-09-22T03:50:39.306750+00:00,2,32540,83
2026-09-22T03:50:39.306750+00:00,3,32574,82
2026-09-22T03:50:44.371413+00:00,0,32560,81
2026-09-22T03:50:44.371413+00:00,1,32568,84
2026-09-22T03:50:44.371413+00:00,2,32540,81
2026-09-22T03:50:44.371413+00:00,3,32574,82
2026-09-22T03:50:49.437146+00:00,0,32560,82
2026-09-22T03:50:49.437146+00:00,1,32568,86
2026-09-22T03:50:49.437146+00:00,2,32540,83
2026-09-22T03:50:49.437146+00:00,3,32574,81
2026-09-22T03:50:54.505098+00:00,0,32560,83
2026-09-22T03:50:54.505098+00:00,1,32568,84
2026-09-22T03:50:54.505098+00:00,2,32540,83
2026-09-22T03:50:54.505098+00:00,3,32574,87
2026-09-22T03:50:59.573822+00:00,0,32560,87
2026-09-22T03:50:59.573822+00:00,1,32568,84
2026-09-22T03:50:59.573822+00:00,2,32540,84
2026-09-22T03:50:59.573822+00:00,3,32574,85
2026-09-22T03:51:04.641152+00:00,0,32560,87
2026-09-22T03:51:04.641152+00:00,1,32568,85
2026-09-22T03:51:04.641152+00:00,2,32540,85
2026-09-22T03:51:04.641152+00:00,3,32574,83
2026-09-22T03:51:09.709028+00:00,0,32560,0
2026-09-22T03:51:09.709028+00:00,1,32568,88
2026-09-22T03:51:09.709028+00:00,2,32540,86
2026-09-22T03:51:09.709028+00:00,3,32574,85
2026-09-22T03:51:14.777634+00:00,0,32560,0
2026-09-22T03:51:14.777634+00:00,1,32568,0
2026-09-22T03:51:14.777634+00:00,2,32540,83
2026-09-22T03:51:14.777634+00:00,3,32574,0
2026-09-22T03:51:19.838424+00:00,0,12234,100
2026-09-22T03:51:19.838424+00:00,1,11994,99
2026-09-22T03:51:19.838424+00:00,2,12174,96
2026-09-22T03:51:19.838424+00:00,3,12134,99
2026-09-22T03:51:24.908524+00:00,0,12420,99
2026-09-22T03:51:24.908524+00:00,1,12380,99
2026-09-22T03:51:24.908524+00:00,2,12360,99
2026-09-22T03:51:24.908524+00:00,3,12440,99
2026-09-22T03:51:29.977392+00:00,0,12426,100
2026-09-22T03:51:29.977392+00:00,1,12386,99
2026-09-22T03:51:29.977392+00:00,2,12466,98
2026-09-22T03:51:29.977392+00:00,3,12446,98
2026-09-22T03:51:35.042232+00:00,0,25346,98
2026-09-22T03:51:35.042232+00:00,1,25344,99
2026-09-22T03:51:35.042232+00:00,2,25344,99
2026-09-22T03:51:35.042232+00:00,3,25344,99
2026-09-22T03:51:40.114160+00:00,0,27408,99
2026-09-22T03:51:40.114160+00:00,1,26368,99
2026-09-22T03:51:40.114160+00:00,2,27188,99
2026-09-22T03:51:40.114160+00:00,3,26986,100
2026-09-22T03:51:45.187880+00:00,0,27788,99
2026-09-22T03:51:45.187880+00:00,1,27948,99
2026-09-22T03:51:45.187880+00:00,2,27608,89
2026-09-22T03:51:45.187880+00:00,3,27648,91
2026-09-22T03:51:50.262050+00:00,0,28250,99
2026-09-22T03:51:50.262050+00:00,1,27950,99
2026-09-22T03:51:50.262050+00:00,2,27970,99
2026-09-22T03:51:50.262050+00:00,3,28350,99
2026-09-22T03:51:55.334258+00:00,0,28252,99
2026-09-22T03:51:55.334258+00:00,1,28052,98
2026-09-22T03:51:55.334258+00:00,2,28452,99
2026-09-22T03:51:55.334258+00:00,3,28352,99
2026-09-22T03:52:00.394624+00:00,0,28254,99
2026-09-22T03:52:00.394624+00:00,1,28054,99
2026-09-22T03:52:00.394624+00:00,2,28454,99
2026-09-22T03:52:00.394624+00:00,3,28354,99
2026-09-22T03:52:05.470559+00:00,0,28256,98
2026-09-22T03:52:05.470559+00:00,1,28056,98
2026-09-22T03:52:05.470559+00:00,2,28456,98
2026-09-22T03:52:05.470559+00:00,3,28356,98
2026-09-22T03:52:10.550939+00:00,0,28258,99
2026-09-22T03:52:10.550939+00:00,1,28058,100
2026-09-22T03:52:10.550939+00:00,2,28458,99
2026-09-22T03:52:10.550939+00:00,3,28358,99
2026-09-22T03:52:15.623745+00:00,0,9722,36
2026-09-22T03:52:15.623745+00:00,1,9722,5
2026-09-22T03:52:15.623745+00:00,2,9722,15
2026-09-22T03:52:15.623745+00:00,3,9722,41
2026-09-22T03:52:20.680584+00:00,0,10868,7
2026-09-22T03:52:20.680584+00:00,1,10726,8
2026-09-22T03:52:20.680584+00:00,2,10928,7
2026-09-22T03:52:20.680584+00:00,3,11050,8
2026-09-22T03:52:25.738388+00:00,0,16518,32
2026-09-22T03:52:25.738388+00:00,1,16518,34
2026-09-22T03:52:25.738388+00:00,2,16518,31
2026-09-22T03:52:25.738388+00:00,3,16518,32
2026-09-22T03:52:30.800393+00:00,0,32576,74
2026-09-22T03:52:30.800393+00:00,1,32548,73
2026-09-22T03:52:30.800393+00:00,2,32578,79
2026-09-22T03:52:30.800393+00:00,3,32570,72
2026-09-22T03:52:35.860758+00:00,0,32576,77
2026-09-22T03:52:35.860758+00:00,1,32548,77
2026-09-22T03:52:35.860758+00:00,2,32578,75
2026-09-22T03:52:35.860758+00:00,3,32570,75
2026-09-22T03:52:40.923529+00:00,0,32576,80
2026-09-22T03:52:40.923529+00:00,1,32548,78
2026-09-22T03:52:40.923529+00:00,2,32578,77
2026-09-22T03:52:40.923529+00:00,3,32570,76
2026-09-22T03:52:45.990723+00:00,0,32576,77
2026-09-22T03:52:45.990723+00:00,1,32548,77
2026-09-22T03:52:45.990723+00:00,2,32578,78
2026-09-22T03:52:45.990723+00:00,3,32570,79
2026-09-22T03:52:51.056351+00:00,0,32576,76
2026-09-22T03:52:51.056351+00:00,1,32548,80
2026-09-22T03:52:51.056351+00:00,2,32578,79
2026-09-22T03:52:51.056351+00:00,3,32570,81
2026-09-22T03:52:56.120643+00:00,0,32576,85
2026-09-22T03:52:56.120643+00:00,1,32548,83
2026-09-22T03:52:56.120643+00:00,2,32578,81
2026-09-22T03:52:56.120643+00:00,3,32570,80
2026-09-22T03:53:01.186400+00:00,0,32576,79
2026-09-22T03:53:01.186400+00:00,1,32548,78
2026-09-22T03:53:01.186400+00:00,2,32578,85
2026-09-22T03:53:01.186400+00:00,3,32570,83
2026-09-22T03:53:06.251975+00:00,0,32576,79
2026-09-22T03:53:06.251975+00:00,1,32548,85
2026-09-22T03:53:06.251975+00:00,2,32578,81
2026-09-22T03:53:06.251975+00:00,3,32570,80
2026-09-22T03:53:11.314502+00:00,0,32576,80
2026-09-22T03:53:11.314502+00:00,1,32548,79
2026-09-22T03:53:11.314502+00:00,2,32578,81
2026-09-22T03:53:11.314502+00:00,3,32570,81
2026-09-22T03:53:16.381220+00:00,0,32576,81
2026-09-22T03:53:16.381220+00:00,1,32548,77
2026-09-22T03:53:16.381220+00:00,2,32578,80
2026-09-22T03:53:16.381220+00:00,3,32570,80
2026-09-22T03:53:21.448743+00:00,0,32576,78
2026-09-22T03:53:21.448743+00:00,1,32548,79
2026-09-22T03:53:21.448743+00:00,2,32578,82
2026-09-22T03:53:21.448743+00:00,3,32570,80
2026-09-22T03:53:26.517743+00:00,0,32576,81
2026-09-22T03:53:26.517743+00:00,1,32548,76
2026-09-22T03:53:26.517743+00:00,2,32578,80
2026-09-22T03:53:26.517743+00:00,3,32570,79
2026-09-22T03:53:31.584776+00:00,0,32576,79
2026-09-22T03:53:31.584776+00:00,1,32548,77
2026-09-22T03:53:31.584776+00:00,2,32578,79
2026-09-22T03:53:31.584776+00:00,3,32570,77
2026-09-22T03:53:36.650783+00:00,0,32576,80
2026-09-22T03:53:36.650783+00:00,1,32548,81
2026-09-22T03:53:36.650783+00:00,2,32578,82
2026-09-22T03:53:36.650783+00:00,3,32570,87
2026-09-22T03:53:41.750677+00:00,0,32576,82
2026-09-22T03:53:41.750677+00:00,1,32548,82
2026-09-22T03:53:41.750677+00:00,2,32578,82
2026-09-22T03:53:41.750677+00:00,3,32570,85
2026-09-22T03:53:46.832412+00:00,0,32576,84
2026-09-22T03:53:46.832412+00:00,1,32548,80
2026-09-22T03:53:46.832412+00:00,2,32578,85
2026-09-22T03:53:46.832412+00:00,3,32570,84
2026-09-22T03:53:51.902392+00:00,0,32576,79
2026-09-22T03:53:51.902392+00:00,1,32548,80
2026-09-22T03:53:51.902392+00:00,2,32578,83
2026-09-22T03:53:51.902392+00:00,3,32570,81
2026-09-22T03:53:56.969527+00:00,0,32576,84
2026-09-22T03:53:56.969527+00:00,1,32548,85
2026-09-22T03:53:56.969527+00:00,2,32578,83
2026-09-22T03:53:56.969527+00:00,3,32570,84
2026-09-22T03:54:02.030689+00:00,0,32576,78
2026-09-22T03:54:02.030689+00:00,1,32548,81
2026-09-22T03:54:02.030689+00:00,2,32578,79
2026-09-22T03:54:02.030689+00:00,3,32570,81
2026-09-22T03:54:07.101462+00:00,0,32576,82
2026-09-22T03:54:07.101462+00:00,1,32548,80
2026-09-22T03:54:07.101462+00:00,2,32578,79
2026-09-22T03:54:07.101462+00:00,3,32570,83
2026-09-22T03:54:12.166768+00:00,0,32576,81
2026-09-22T03:54:12.166768+00:00,1,32548,82
2026-09-22T03:54:12.166768+00:00,2,32578,83
2026-09-22T03:54:12.166768+00:00,3,32570,84
2026-09-22T03:54:17.244502+00:00,0,32576,81
2026-09-22T03:54:17.244502+00:00,1,32548,75
2026-09-22T03:54:17.244502+00:00,2,32578,79
2026-09-22T03:54:17.244502+00:00,3,32570,79
2026-09-22T03:54:22.306735+00:00,0,32576,80
2026-09-22T03:54:22.306735+00:00,1,32548,82
2026-09-22T03:54:22.306735+00:00,2,32578,81
2026-09-22T03:54:22.306735+00:00,3,32570,82
2026-09-22T03:54:27.377540+00:00,0,32576,81
2026-09-22T03:54:27.377540+00:00,1,32548,80
2026-09-22T03:54:27.377540+00:00,2,32578,80
2026-09-22T03:54:27.377540+00:00,3,32570,81
2026-09-22T03:54:32.447509+00:00,0,32576,80
2026-09-22T03:54:32.447509+00:00,1,32548,0
2026-09-22T03:54:32.447509+00:00,2,32578,78
2026-09-22T03:54:32.447509+00:00,3,32570,0
2026-09-22T03:54:37.512715+00:00,0,12094,96
2026-09-22T03:54:37.512715+00:00,1,12034,99
2026-09-22T03:54:37.512715+00:00,2,12074,95
2026-09-22T03:54:37.512715+00:00,3,12054,95
2026-09-22T03:54:42.583021+00:00,0,12220,99
2026-09-22T03:54:42.583021+00:00,1,12240,99
2026-09-22T03:54:42.583021+00:00,2,12240,99
2026-09-22T03:54:42.583021+00:00,3,12260,99
2026-09-22T03:54:47.655792+00:00,0,5626,98
2026-09-22T03:54:47.655792+00:00,1,5486,100
2026-09-22T03:54:47.655792+00:00,2,5446,91
2026-09-22T03:54:47.655792+00:00,3,5306,90
2026-09-22T03:54:52.718897+00:00,0,25404,98
2026-09-22T03:54:52.718897+00:00,1,25424,95
2026-09-22T03:54:52.718897+00:00,2,25426,99
2026-09-22T03:54:52.718897+00:00,3,25426,99
2026-09-22T03:54:57.795379+00:00,0,27148,99
2026-09-22T03:54:57.795379+00:00,1,27168,99
2026-09-22T03:54:57.795379+00:00,2,27148,99
2026-09-22T03:54:57.795379+00:00,3,26686,99
2026-09-22T03:55:02.869763+00:00,0,27368,100
2026-09-22T03:55:02.869763+00:00,1,27508,99
2026-09-22T03:55:02.869763+00:00,2,27408,99
2026-09-22T03:55:02.869763+00:00,3,27408,100
2026-09-22T03:55:07.945069+00:00,0,27370,99
2026-09-22T03:55:07.945069+00:00,1,27510,99
2026-09-22T03:55:07.945069+00:00,2,27452,99
2026-09-22T03:55:07.945069+00:00,3,27510,99
2026-09-22T03:55:13.008406+00:00,0,27572,99
2026-09-22T03:55:13.008406+00:00,1,27512,99
2026-09-22T03:55:13.008406+00:00,2,27452,100
2026-09-22T03:55:13.008406+00:00,3,27692,99
2026-09-22T03:55:18.079154+00:00,0,27574,99
2026-09-22T03:55:18.079154+00:00,1,27514,99
2026-09-22T03:55:18.079154+00:00,2,27454,99
2026-09-22T03:55:18.079154+00:00,3,27694,99
2026-09-22T03:55:23.154786+00:00,0,27576,99
2026-09-22T03:55:23.154786+00:00,1,27516,99
2026-09-22T03:55:23.154786+00:00,2,27456,99
2026-09-22T03:55:23.154786+00:00,3,27696,100
2026-09-22T03:55:28.229331+00:00,0,1220,84
2026-09-22T03:55:28.229331+00:00,1,1220,84
2026-09-22T03:55:28.229331+00:00,2,1222,80
2026-09-22T03:55:28.229331+00:00,3,1222,84
2026-09-22T03:55:33.285933+00:00,0,9722,6
2026-09-22T03:55:33.285933+00:00,1,9722,7
2026-09-22T03:55:33.285933+00:00,2,9722,5
2026-09-22T03:55:33.285933+00:00,3,9722,8
2026-09-22T03:55:38.346281+00:00,0,10848,7
2026-09-22T03:55:38.346281+00:00,1,11052,100
2026-09-22T03:55:38.346281+00:00,2,11052,100
2026-09-22T03:55:38.346281+00:00,3,11050,100
2026-09-22T03:55:43.400183+00:00,0,11692,36
2026-09-22T03:55:43.400183+00:00,1,12132,45
2026-09-22T03:55:43.400183+00:00,2,12172,42
2026-09-22T03:55:43.400183+00:00,3,12170,47
2026-09-22T03:55:48.452889+00:00,0,32556,74
2026-09-22T03:55:48.452889+00:00,1,32558,75
2026-09-22T03:55:48.452889+00:00,2,32554,80
2026-09-22T03:55:48.452889+00:00,3,32554,76
2026-09-22T03:55:53.518329+00:00,0,32556,74
2026-09-22T03:55:53.518329+00:00,1,32558,82
2026-09-22T03:55:53.518329+00:00,2,32554,75
2026-09-22T03:55:53.518329+00:00,3,32554,78
2026-09-22T03:55:58.573436+00:00,0,32556,81
2026-09-22T03:55:58.573436+00:00,1,32558,81
2026-09-22T03:55:58.573436+00:00,2,32554,79
2026-09-22T03:55:58.573436+00:00,3,32554,76
2026-09-22T03:56:03.635599+00:00,0,32556,79
2026-09-22T03:56:03.635599+00:00,1,32558,78
2026-09-22T03:56:03.635599+00:00,2,32554,80
2026-09-22T03:56:03.635599+00:00,3,32554,77
2026-09-22T03:56:08.691009+00:00,0,32556,79
2026-09-22T03:56:08.691009+00:00,1,32558,82
2026-09-22T03:56:08.691009+00:00,2,32554,79
2026-09-22T03:56:08.691009+00:00,3,32554,79
2026-09-22T03:56:13.754963+00:00,0,32556,85
2026-09-22T03:56:13.754963+00:00,1,32558,81
2026-09-22T03:56:13.754963+00:00,2,32554,83
2026-09-22T03:56:13.754963+00:00,3,32554,82
2026-09-22T03:56:18.819797+00:00,0,32556,80
2026-09-22T03:56:18.819797+00:00,1,32558,81
2026-09-22T03:56:18.819797+00:00,2,32554,84
2026-09-22T03:56:18.819797+00:00,3,32554,79
2026-09-22T03:56:23.885111+00:00,0,32556,78
2026-09-22T03:56:23.885111+00:00,1,32558,78
2026-09-22T03:56:23.885111+00:00,2,32554,76
2026-09-22T03:56:23.885111+00:00,3,32554,81
2026-09-22T03:56:28.948904+00:00,0,32556,79
2026-09-22T03:56:28.948904+00:00,1,32558,82
2026-09-22T03:56:28.948904+00:00,2,32554,81
2026-09-22T03:56:28.948904+00:00,3,32554,80
2026-09-22T03:56:34.014531+00:00,0,32556,83
2026-09-22T03:56:34.014531+00:00,1,32558,81
2026-09-22T03:56:34.014531+00:00,2,32554,81
2026-09-22T03:56:34.014531+00:00,3,32554,80
2026-09-22T03:56:39.081373+00:00,0,32556,78
2026-09-22T03:56:39.081373+00:00,1,32558,81
2026-09-22T03:56:39.081373+00:00,2,32554,77
2026-09-22T03:56:39.081373+00:00,3,32554,78
2026-09-22T03:56:44.140626+00:00,0,32556,79
2026-09-22T03:56:44.140626+00:00,1,32558,78
2026-09-22T03:56:44.140626+00:00,2,32554,77
2026-09-22T03:56:44.140626+00:00,3,32554,81
2026-09-22T03:56:49.207353+00:00,0,32556,82
2026-09-22T03:56:49.207353+00:00,1,32558,82
2026-09-22T03:56:49.207353+00:00,2,32554,81
2026-09-22T03:56:49.207353+00:00,3,32554,82
2026-09-22T03:56:54.275477+00:00,0,32556,80
2026-09-22T03:56:54.275477+00:00,1,32558,80
2026-09-22T03:56:54.275477+00:00,2,32554,81
2026-09-22T03:56:54.275477+00:00,3,32554,80
2026-09-22T03:56:59.339804+00:00,0,32556,83
2026-09-22T03:56:59.339804+00:00,1,32558,81
2026-09-22T03:56:59.339804+00:00,2,32554,81
2026-09-22T03:56:59.339804+00:00,3,32554,83
2026-09-22T03:57:04.395916+00:00,0,32556,85
2026-09-22T03:57:04.395916+00:00,1,32558,83
2026-09-22T03:57:04.395916+00:00,2,32554,83
2026-09-22T03:57:04.395916+00:00,3,32554,82
2026-09-22T03:57:09.464572+00:00,0,32556,86
2026-09-22T03:57:09.464572+00:00,1,32558,83
2026-09-22T03:57:09.464572+00:00,2,32554,86
2026-09-22T03:57:09.464572+00:00,3,32554,81
2026-09-22T03:57:14.535519+00:00,0,32556,84
2026-09-22T03:57:14.535519+00:00,1,32558,84
2026-09-22T03:57:14.535519+00:00,2,32554,83
2026-09-22T03:57:14.535519+00:00,3,32554,78
2026-09-22T03:57:19.605175+00:00,0,32556,84
2026-09-22T03:57:19.605175+00:00,1,32558,83
2026-09-22T03:57:19.605175+00:00,2,32554,86
2026-09-22T03:57:19.605175+00:00,3,32554,83
2026-09-22T03:57:24.659596+00:00,0,32556,84
2026-09-22T03:57:24.659596+00:00,1,32558,80
2026-09-22T03:57:24.659596+00:00,2,32554,82
2026-09-22T03:57:24.659596+00:00,3,32554,82
2026-09-22T03:57:29.724751+00:00,0,32556,82
2026-09-22T03:57:29.724751+00:00,1,32558,81
2026-09-22T03:57:29.724751+00:00,2,32554,84
2026-09-22T03:57:29.724751+00:00,3,32554,83
2026-09-22T03:57:34.791659+00:00,0,32556,85
2026-09-22T03:57:34.791659+00:00,1,32558,84
2026-09-22T03:57:34.791659+00:00,2,32554,83
2026-09-22T03:57:34.791659+00:00,3,32554,85
2026-09-22T03:57:39.858633+00:00,0,32556,83
2026-09-22T03:57:39.858633+00:00,1,32558,81
2026-09-22T03:57:39.858633+00:00,2,32554,82
2026-09-22T03:57:39.858633+00:00,3,32554,85
2026-09-22T03:57:44.928457+00:00,0,32556,84
2026-09-22T03:57:44.928457+00:00,1,32558,82
2026-09-22T03:57:44.928457+00:00,2,32554,81
2026-09-22T03:57:44.928457+00:00,3,32554,78
2026-09-22T03:57:49.998084+00:00,0,32556,83
2026-09-22T03:57:49.998084+00:00,1,32558,0
2026-09-22T03:57:49.998084+00:00,2,32554,81
2026-09-22T03:57:49.998084+00:00,3,32554,83
2026-09-22T03:57:55.066539+00:00,0,32556,0
2026-09-22T03:57:55.066539+00:00,1,32558,0
2026-09-22T03:57:55.066539+00:00,2,32554,0
2026-09-22T03:57:55.066539+00:00,3,32554,79
2026-09-22T03:58:00.126477+00:00,0,32556,0
2026-09-22T03:58:00.126477+00:00,1,32558,0
2026-09-22T03:58:00.126477+00:00,2,32554,0
2026-09-22T03:58:00.126477+00:00,3,32554,76
2026-09-22T03:58:05.184852+00:00,0,12294,99
2026-09-22T03:58:05.184852+00:00,1,12254,99
2026-09-22T03:58:05.184852+00:00,2,12334,99
2026-09-22T03:58:05.184852+00:00,3,12074,99
2026-09-22T03:58:10.254872+00:00,0,12700,99
2026-09-22T03:58:10.254872+00:00,1,12580,99
2026-09-22T03:58:10.254872+00:00,2,12580,99
2026-09-22T03:58:10.254872+00:00,3,12660,99
2026-09-22T03:58:15.319994+00:00,0,6010,97
2026-09-22T03:58:15.319994+00:00,1,6010,99
2026-09-22T03:58:15.319994+00:00,2,6010,96
2026-09-22T03:58:15.319994+00:00,3,6050,99
2026-09-22T03:58:20.384961+00:00,0,25486,99
2026-09-22T03:58:20.384961+00:00,1,25486,99
2026-09-22T03:58:20.384961+00:00,2,25486,99
2026-09-22T03:58:20.384961+00:00,3,25486,99
2026-09-22T03:58:25.454602+00:00,0,26288,99
2026-09-22T03:58:25.454602+00:00,1,26566,99
2026-09-22T03:58:25.454602+00:00,2,26626,99
2026-09-22T03:58:25.454602+00:00,3,26846,99
2026-09-22T03:58:30.526423+00:00,0,28550,99
2026-09-22T03:58:30.526423+00:00,1,28508,99
2026-09-22T03:58:30.526423+00:00,2,28508,99
2026-09-22T03:58:30.526423+00:00,3,28648,100
2026-09-22T03:58:35.602031+00:00,0,29450,98
2026-09-22T03:58:35.602031+00:00,1,28850,99
2026-09-22T03:58:35.602031+00:00,2,28910,98
2026-09-22T03:58:35.602031+00:00,3,29190,99
2026-09-22T03:58:40.664579+00:00,0,29452,99
2026-09-22T03:58:40.664579+00:00,1,28892,99
2026-09-22T03:58:40.664579+00:00,2,28912,99
2026-09-22T03:58:40.664579+00:00,3,29192,99
2026-09-22T03:58:45.737662+00:00,0,29454,98
2026-09-22T03:58:45.737662+00:00,1,28894,98
2026-09-22T03:58:45.737662+00:00,2,28914,98
2026-09-22T03:58:45.737662+00:00,3,29194,98
2026-09-22T03:58:50.808747+00:00,0,29456,99
2026-09-22T03:58:50.808747+00:00,1,28896,99
2026-09-22T03:58:50.808747+00:00,2,28916,99
2026-09-22T03:58:50.808747+00:00,3,29196,99
2026-09-22T03:58:55.876185+00:00,0,1220,75
2026-09-22T03:58:55.876185+00:00,1,1220,2
2026-09-22T03:58:55.876185+00:00,2,1220,22
2026-09-22T03:58:55.876185+00:00,3,1220,18
2026-09-22T03:59:00.926480+00:00,0,9722,7
2026-09-22T03:59:00.926480+00:00,1,9722,7
2026-09-22T03:59:00.926480+00:00,2,9722,5
2026-09-22T03:59:00.926480+00:00,3,9722,6
2026-09-22T03:59:05.984236+00:00,0,11052,100
2026-09-22T03:59:05.984236+00:00,1,11052,100
2026-09-22T03:59:05.984236+00:00,2,11052,8
2026-09-22T03:59:05.984236+00:00,3,11050,8
2026-09-22T03:59:11.034902+00:00,0,1386,88
2026-09-22T03:59:11.034902+00:00,1,4130,95
2026-09-22T03:59:11.034902+00:00,2,4834,87
2026-09-22T03:59:11.034902+00:00,3,4834,90
2026-09-22T03:59:16.098442+00:00,0,32558,76
2026-09-22T03:59:16.098442+00:00,1,32552,79
2026-09-22T03:59:16.098442+00:00,2,32546,73
2026-09-22T03:59:16.098442+00:00,3,32588,73
2026-09-22T03:59:21.158316+00:00,0,32558,75
2026-09-22T03:59:21.158316+00:00,1,32552,77
2026-09-22T03:59:21.158316+00:00,2,32546,76
2026-09-22T03:59:21.158316+00:00,3,32588,76
2026-09-22T03:59:26.217919+00:00,0,32558,75
2026-09-22T03:59:26.217919+00:00,1,32552,77
2026-09-22T03:59:26.217919+00:00,2,32546,73
2026-09-22T03:59:26.217919+00:00,3,32588,78
2026-09-22T03:59:31.283567+00:00,0,32558,78
2026-09-22T03:59:31.283567+00:00,1,32552,77
2026-09-22T03:59:31.283567+00:00,2,32546,78
2026-09-22T03:59:31.283567+00:00,3,32588,75
2026-09-22T03:59:36.347898+00:00,0,32558,80
2026-09-22T03:59:36.347898+00:00,1,32552,78
2026-09-22T03:59:36.347898+00:00,2,32546,76
2026-09-22T03:59:36.347898+00:00,3,32588,82
2026-09-22T03:59:41.409954+00:00,0,32558,76
2026-09-22T03:59:41.409954+00:00,1,32552,76
2026-09-22T03:59:41.409954+00:00,2,32546,77
2026-09-22T03:59:41.409954+00:00,3,32588,75
2026-09-22T03:59:46.479359+00:00,0,32558,80
2026-09-22T03:59:46.479359+00:00,1,32552,77
2026-09-22T03:59:46.479359+00:00,2,32546,79
2026-09-22T03:59:46.479359+00:00,3,32588,83
2026-09-22T03:59:51.535784+00:00,0,32558,78
2026-09-22T03:59:51.535784+00:00,1,32552,78
2026-09-22T03:59:51.535784+00:00,2,32546,80
2026-09-22T03:59:51.535784+00:00,3,32588,80
2026-09-22T03:59:56.605923+00:00,0,32558,80
2026-09-22T03:59:56.605923+00:00,1,32552,73
2026-09-22T03:59:56.605923+00:00,2,32546,80
2026-09-22T03:59:56.605923+00:00,3,32588,78
2026-09-22T04:00:01.677171+00:00,0,32558,75
2026-09-22T04:00:01.677171+00:00,1,32552,76
2026-09-22T04:00:01.677171+00:00,2,32546,77
2026-09-22T04:00:01.677171+00:00,3,32588,74
2026-09-22T04:00:06.756717+00:00,0,32558,82
2026-09-22T04:00:06.756717+00:00,1,32552,80
2026-09-22T04:00:06.756717+00:00,2,32546,78
2026-09-22T04:00:06.756717+00:00,3,32588,82
2026-09-22T04:00:11.825549+00:00,0,32558,84
2026-09-22T04:00:11.825549+00:00,1,32552,80
2026-09-22T04:00:11.825549+00:00,2,32546,81
2026-09-22T04:00:11.825549+00:00,3,32588,79
2026-09-22T04:00:16.892213+00:00,0,32558,81
2026-09-22T04:00:16.892213+00:00,1,32552,82
2026-09-22T04:00:16.892213+00:00,2,32546,79
2026-09-22T04:00:16.892213+00:00,3,32588,81
2026-09-22T04:00:21.959181+00:00,0,32558,82
2026-09-22T04:00:21.959181+00:00,1,32552,79
2026-09-22T04:00:21.959181+00:00,2,32546,78
2026-09-22T04:00:21.959181+00:00,3,32588,81
2026-09-22T04:00:27.028017+00:00,0,32558,80
2026-09-22T04:00:27.028017+00:00,1,32552,82
2026-09-22T04:00:27.028017+00:00,2,32546,82
2026-09-22T04:00:27.028017+00:00,3,32588,82
2026-09-22T04:00:32.094593+00:00,0,32558,82
2026-09-22T04:00:32.094593+00:00,1,32552,83
2026-09-22T04:00:32.094593+00:00,2,32546,80
2026-09-22T04:00:32.094593+00:00,3,32588,83
2026-09-22T04:00:37.162549+00:00,0,32558,80
2026-09-22T04:00:37.162549+00:00,1,32552,80
2026-09-22T04:00:37.162549+00:00,2,32546,80
2026-09-22T04:00:37.162549+00:00,3,32588,82
2026-09-22T04:00:42.230621+00:00,0,32558,84
2026-09-22T04:00:42.230621+00:00,1,32552,83
2026-09-22T04:00:42.230621+00:00,2,32546,81
2026-09-22T04:00:42.230621+00:00,3,32588,81
2026-09-22T04:00:47.304291+00:00,0,32558,82
2026-09-22T04:00:47.304291+00:00,1,32552,80
2026-09-22T04:00:47.304291+00:00,2,32546,79
2026-09-22T04:00:47.304291+00:00,3,32588,81
2026-09-22T04:00:52.385541+00:00,0,32558,78
2026-09-22T04:00:52.385541+00:00,1,32552,83
2026-09-22T04:00:52.385541+00:00,2,32546,81
2026-09-22T04:00:52.385541+00:00,3,32588,81
2026-09-22T04:00:57.453159+00:00,0,32558,82
2026-09-22T04:00:57.453159+00:00,1,32552,79
2026-09-22T04:00:57.453159+00:00,2,32546,80
2026-09-22T04:00:57.453159+00:00,3,32588,83
2026-09-22T04:01:02.520973+00:00,0,32558,79
2026-09-22T04:01:02.520973+00:00,1,32552,81
2026-09-22T04:01:02.520973+00:00,2,32546,83
2026-09-22T04:01:02.520973+00:00,3,32588,80
2026-09-22T04:01:07.590529+00:00,0,32558,82
2026-09-22T04:01:07.590529+00:00,1,32552,83
2026-09-22T04:01:07.590529+00:00,2,32546,63
2026-09-22T04:01:07.590529+00:00,3,32588,82
2026-09-22T04:01:12.658354+00:00,0,32558,82
2026-09-22T04:01:12.658354+00:00,1,32552,83
2026-09-22T04:01:12.658354+00:00,2,32546,76
2026-09-22T04:01:12.658354+00:00,3,32588,83
2026-09-22T04:01:17.731532+00:00,0,32558,80
2026-09-22T04:01:17.731532+00:00,1,32552,82
2026-09-22T04:01:17.731532+00:00,2,32546,80
2026-09-22T04:01:17.731532+00:00,3,32588,83
2026-09-22T04:01:22.802195+00:00,0,32558,0
2026-09-22T04:01:22.802195+00:00,1,32552,80
2026-09-22T04:01:22.802195+00:00,2,32546,0
2026-09-22T04:01:22.802195+00:00,3,32590,0
2026-09-22T04:01:27.863573+00:00,0,12134,96
2026-09-22T04:01:27.863573+00:00,1,12154,96
2026-09-22T04:01:27.863573+00:00,2,12134,95
2026-09-22T04:01:27.863573+00:00,3,12134,99
2026-09-22T04:01:32.933481+00:00,0,12580,99
2026-09-22T04:01:32.933481+00:00,1,12540,99
2026-09-22T04:01:32.933481+00:00,2,12600,99
2026-09-22T04:01:32.933481+00:00,3,12860,99
2026-09-22T04:01:38.004737+00:00,0,12586,100
2026-09-22T04:01:38.004737+00:00,1,12546,100
2026-09-22T04:01:38.004737+00:00,2,12606,100
2026-09-22T04:01:38.004737+00:00,3,12866,99
2026-09-22T04:01:43.075033+00:00,0,25304,98
2026-09-22T04:01:43.075033+00:00,1,25306,99
2026-09-22T04:01:43.075033+00:00,2,25304,99
2026-09-22T04:01:43.075033+00:00,3,25306,99
2026-09-22T04:01:48.145686+00:00,0,26986,99
2026-09-22T04:01:48.145686+00:00,1,27066,99
2026-09-22T04:01:48.145686+00:00,2,27026,99
2026-09-22T04:01:48.145686+00:00,3,26986,99
2026-09-22T04:01:53.218200+00:00,0,27548,100
2026-09-22T04:01:53.218200+00:00,1,27248,100
2026-09-22T04:01:53.218200+00:00,2,27508,99
2026-09-22T04:01:53.218200+00:00,3,28088,90
2026-09-22T04:01:58.294247+00:00,0,28970,99
2026-09-22T04:01:58.294247+00:00,1,28710,99
2026-09-22T04:01:58.294247+00:00,2,28910,99
2026-09-22T04:01:58.294247+00:00,3,30212,99
2026-09-22T04:02:03.367393+00:00,0,28972,98
2026-09-22T04:02:03.367393+00:00,1,28712,99
2026-09-22T04:02:03.367393+00:00,2,28912,99
2026-09-22T04:02:03.367393+00:00,3,30212,99
2026-09-22T04:02:08.427811+00:00,0,28974,100
2026-09-22T04:02:08.427811+00:00,1,28714,99
2026-09-22T04:02:08.427811+00:00,2,28914,99
2026-09-22T04:02:08.427811+00:00,3,30214,99
2026-09-22T04:02:13.501932+00:00,0,28976,99
2026-09-22T04:02:13.501932+00:00,1,28716,99
2026-09-22T04:02:13.501932+00:00,2,28916,90
2026-09-22T04:02:13.501932+00:00,3,30216,100
2026-09-22T04:02:18.578667+00:00,0,28980,64
2026-09-22T04:02:18.578667+00:00,1,28720,84
2026-09-22T04:02:18.578667+00:00,2,28920,99
2026-09-22T04:02:18.578667+00:00,3,30220,98
2026-09-22T04:02:23.646185+00:00,0,9722,7
2026-09-22T04:02:23.646185+00:00,1,9722,8
2026-09-22T04:02:23.646185+00:00,2,9722,7
2026-09-22T04:02:23.646185+00:00,3,9722,38
2026-09-22T04:02:28.705604+00:00,0,10928,7
2026-09-22T04:02:28.705604+00:00,1,11052,8
2026-09-22T04:02:28.705604+00:00,2,11052,6
2026-09-22T04:02:28.705604+00:00,3,11050,100
2026-09-22T04:02:33.765586+00:00,0,11058,41
2026-09-22T04:02:33.765586+00:00,1,9038,53
2026-09-22T04:02:33.765586+00:00,2,9658,40
2026-09-22T04:02:33.765586+00:00,3,7878,57
2026-09-22T04:02:38.830756+00:00,0,32572,73
2026-09-22T04:02:38.830756+00:00,1,32586,75
2026-09-22T04:02:38.830756+00:00,2,32568,80
2026-09-22T04:02:38.830756+00:00,3,32564,77
2026-09-22T04:02:43.892090+00:00,0,32572,78
2026-09-22T04:02:43.892090+00:00,1,32586,78
2026-09-22T04:02:43.892090+00:00,2,32568,79
2026-09-22T04:02:43.892090+00:00,3,32564,77
2026-09-22T04:02:48.956502+00:00,0,32572,75
2026-09-22T04:02:48.956502+00:00,1,32586,79
2026-09-22T04:02:48.956502+00:00,2,32568,77
2026-09-22T04:02:48.956502+00:00,3,32564,75
2026-09-22T04:02:54.022774+00:00,0,32572,78
2026-09-22T04:02:54.022774+00:00,1,32586,77
2026-09-22T04:02:54.022774+00:00,2,32568,81
2026-09-22T04:02:54.022774+00:00,3,32564,79
2026-09-22T04:02:59.088971+00:00,0,32572,81
2026-09-22T04:02:59.088971+00:00,1,32586,80
2026-09-22T04:02:59.088971+00:00,2,32568,75
2026-09-22T04:02:59.088971+00:00,3,32564,79
2026-09-22T04:03:04.145145+00:00,0,32572,77
2026-09-22T04:03:04.145145+00:00,1,32586,80
2026-09-22T04:03:04.145145+00:00,2,32568,82
2026-09-22T04:03:04.145145+00:00,3,32564,85
2026-09-22T04:03:09.210190+00:00,0,32572,79
2026-09-22T04:03:09.210190+00:00,1,32586,84
2026-09-22T04:03:09.210190+00:00,2,32568,76
2026-09-22T04:03:09.210190+00:00,3,32564,82
2026-09-22T04:03:14.275155+00:00,0,32572,77
2026-09-22T04:03:14.275155+00:00,1,32586,84
2026-09-22T04:03:14.275155+00:00,2,32568,80
2026-09-22T04:03:14.275155+00:00,3,32564,78
2026-09-22T04:03:19.338723+00:00,0,32572,84
2026-09-22T04:03:19.338723+00:00,1,32586,81
2026-09-22T04:03:19.338723+00:00,2,32568,80
2026-09-22T04:03:19.338723+00:00,3,32564,79
2026-09-22T04:03:24.404827+00:00,0,32572,80
2026-09-22T04:03:24.404827+00:00,1,32586,83
2026-09-22T04:03:24.404827+00:00,2,32568,82
2026-09-22T04:03:24.404827+00:00,3,32564,81
2026-09-22T04:03:29.466585+00:00,0,32572,79
2026-09-22T04:03:29.466585+00:00,1,32586,83
2026-09-22T04:03:29.466585+00:00,2,32568,83
2026-09-22T04:03:29.466585+00:00,3,32564,79
2026-09-22T04:03:34.530425+00:00,0,32572,80
2026-09-22T04:03:34.530425+00:00,1,32586,86
2026-09-22T04:03:34.530425+00:00,2,32568,81
2026-09-22T04:03:34.530425+00:00,3,32564,84
2026-09-22T04:03:39.599506+00:00,0,32572,82
2026-09-22T04:03:39.599506+00:00,1,32586,81
2026-09-22T04:03:39.599506+00:00,2,32568,81
2026-09-22T04:03:39.599506+00:00,3,32564,87
2026-09-22T04:03:44.661909+00:00,0,32572,81
2026-09-22T04:03:44.661909+00:00,1,32586,80
2026-09-22T04:03:44.661909+00:00,2,32568,85
2026-09-22T04:03:44.661909+00:00,3,32564,82
2026-09-22T04:03:49.730382+00:00,0,32572,82
2026-09-22T04:03:49.730382+00:00,1,32586,86
2026-09-22T04:03:49.730382+00:00,2,32568,81
2026-09-22T04:03:49.730382+00:00,3,32564,82
2026-09-22T04:03:54.795110+00:00,0,32572,85
2026-09-22T04:03:54.795110+00:00,1,32586,80
2026-09-22T04:03:54.795110+00:00,2,32568,81
2026-09-22T04:03:54.795110+00:00,3,32564,80
2026-09-22T04:03:59.857760+00:00,0,32572,83
2026-09-22T04:03:59.857760+00:00,1,32586,79
2026-09-22T04:03:59.857760+00:00,2,32568,82
2026-09-22T04:03:59.857760+00:00,3,32564,84
2026-09-22T04:04:04.922300+00:00,0,32572,82
2026-09-22T04:04:04.922300+00:00,1,32586,85
2026-09-22T04:04:04.922300+00:00,2,32568,84
2026-09-22T04:04:04.922300+00:00,3,32564,83
2026-09-22T04:04:09.989220+00:00,0,32572,83
2026-09-22T04:04:09.989220+00:00,1,32586,81
2026-09-22T04:04:09.989220+00:00,2,32568,84
2026-09-22T04:04:09.989220+00:00,3,32564,85
2026-09-22T04:04:15.048280+00:00,0,32572,81
2026-09-22T04:04:15.048280+00:00,1,32586,80
2026-09-22T04:04:15.048280+00:00,2,32568,81
2026-09-22T04:04:15.048280+00:00,3,32564,79
2026-09-22T04:04:20.115511+00:00,0,32572,84
2026-09-22T04:04:20.115511+00:00,1,32586,84
2026-09-22T04:04:20.115511+00:00,2,32568,86
2026-09-22T04:04:20.115511+00:00,3,32564,84
2026-09-22T04:04:25.181386+00:00,0,32572,84
2026-09-22T04:04:25.181386+00:00,1,32586,86
2026-09-22T04:04:25.181386+00:00,2,32568,83
2026-09-22T04:04:25.181386+00:00,3,32564,82
2026-09-22T04:04:30.243009+00:00,0,32572,87
2026-09-22T04:04:30.243009+00:00,1,32586,83
2026-09-22T04:04:30.243009+00:00,2,32568,83
2026-09-22T04:04:30.243009+00:00,3,32564,86
2026-09-22T04:04:35.311727+00:00,0,32572,82
2026-09-22T04:04:35.311727+00:00,1,32586,84
2026-09-22T04:04:35.311727+00:00,2,32568,82
2026-09-22T04:04:35.311727+00:00,3,32564,86
2026-09-22T04:04:40.377538+00:00,0,32572,0
2026-09-22T04:04:40.377538+00:00,1,32586,87
2026-09-22T04:04:40.377538+00:00,2,32568,79
2026-09-22T04:04:40.377538+00:00,3,32564,0
2026-09-22T04:04:45.436185+00:00,0,6634,99
2026-09-22T04:04:45.436185+00:00,1,6674,100
2026-09-22T04:04:45.436185+00:00,2,6614,76
2026-09-22T04:04:45.436185+00:00,3,6654,83
2026-09-22T04:04:50.502945+00:00,0,12358,99
2026-09-22T04:04:50.502945+00:00,1,12318,99
2026-09-22T04:04:50.502945+00:00,2,12338,99
2026-09-22T04:04:50.502945+00:00,3,12378,99
2026-09-22T04:04:55.573026+00:00,0,12442,99
2026-09-22T04:04:55.573026+00:00,1,12382,99
2026-09-22T04:04:55.573026+00:00,2,12382,99
2026-09-22T04:04:55.573026+00:00,3,12402,99
2026-09-22T04:05:00.645463+00:00,0,25382,100
2026-09-22T04:05:00.645463+00:00,1,25382,99
2026-09-22T04:05:00.645463+00:00,2,25380,99
2026-09-22T04:05:00.645463+00:00,3,25380,100
2026-09-22T04:05:05.714390+00:00,0,25486,99
2026-09-22T04:05:05.714390+00:00,1,25526,98
2026-09-22T04:05:05.714390+00:00,2,26726,99
2026-09-22T04:05:05.714390+00:00,3,27386,99
2026-09-22T04:05:10.810826+00:00,0,27768,99
2026-09-22T04:05:10.810826+00:00,1,27688,99
2026-09-22T04:05:10.810826+00:00,2,27768,99
2026-09-22T04:05:10.810826+00:00,3,27388,99
2026-09-22T04:05:15.886337+00:00,0,28370,99
2026-09-22T04:05:15.886337+00:00,1,28090,99
2026-09-22T04:05:15.886337+00:00,2,28130,99
2026-09-22T04:05:15.886337+00:00,3,28010,99
2026-09-22T04:05:20.952042+00:00,0,28372,98
2026-09-22T04:05:20.952042+00:00,1,28092,99
2026-09-22T04:05:20.952042+00:00,2,28132,99
2026-09-22T04:05:20.952042+00:00,3,28092,99
2026-09-22T04:05:26.036464+00:00,0,28374,99
2026-09-22T04:05:26.036464+00:00,1,28094,99
2026-09-22T04:05:26.036464+00:00,2,28134,99
2026-09-22T04:05:26.036464+00:00,3,28094,99
2026-09-22T04:05:31.108622+00:00,0,28376,99
2026-09-22T04:05:31.108622+00:00,1,28096,99
2026-09-22T04:05:31.108622+00:00,2,28136,100
2026-09-22T04:05:31.108622+00:00,3,28096,99
2026-09-22T04:05:36.178814+00:00,0,28376,100
2026-09-22T04:05:36.178814+00:00,1,28096,100
2026-09-22T04:05:36.178814+00:00,2,28136,99
2026-09-22T04:05:36.178814+00:00,3,28096,99
2026-09-22T04:05:41.252844+00:00,0,4686,85
2026-09-22T04:05:41.252844+00:00,1,4686,67
2026-09-22T04:05:41.252844+00:00,2,4686,81
2026-09-22T04:05:41.252844+00:00,3,4686,83
2026-09-22T04:05:46.315569+00:00,0,10150,8
2026-09-22T04:05:46.315569+00:00,1,10150,7
2026-09-22T04:05:46.315569+00:00,2,10232,8
2026-09-22T04:05:46.315569+00:00,3,10396,8
2026-09-22T04:05:51.374065+00:00,0,11052,22
2026-09-22T04:05:51.374065+00:00,1,11052,25
2026-09-22T04:05:51.374065+00:00,2,11052,19
2026-09-22T04:05:51.374065+00:00,3,11050,28
2026-09-22T04:05:56.433261+00:00,0,32574,84
2026-09-22T04:05:56.433261+00:00,1,32614,74
2026-09-22T04:05:56.433261+00:00,2,32562,76
2026-09-22T04:05:56.433261+00:00,3,32582,75
2026-09-22T04:06:01.510415+00:00,0,32574,79
2026-09-22T04:06:01.510415+00:00,1,32614,78
2026-09-22T04:06:01.510415+00:00,2,32562,79
2026-09-22T04:06:01.510415+00:00,3,32582,73
2026-09-22T04:06:06.573858+00:00,0,32574,80
2026-09-22T04:06:06.573858+00:00,1,32614,77
2026-09-22T04:06:06.573858+00:00,2,32562,75
2026-09-22T04:06:06.573858+00:00,3,32582,79
2026-09-22T04:06:11.634426+00:00,0,32574,79
2026-09-22T04:06:11.634426+00:00,1,32614,77
2026-09-22T04:06:11.634426+00:00,2,32562,75
2026-09-22T04:06:11.634426+00:00,3,32582,78
2026-09-22T04:06:16.689285+00:00,0,32574,78
2026-09-22T04:06:16.689285+00:00,1,32614,81
2026-09-22T04:06:16.689285+00:00,2,32562,81
2026-09-22T04:06:16.689285+00:00,3,32582,77
2026-09-22T04:06:21.752706+00:00,0,32574,78
2026-09-22T04:06:21.752706+00:00,1,32614,81
2026-09-22T04:06:21.752706+00:00,2,32562,80
2026-09-22T04:06:21.752706+00:00,3,32582,80
2026-09-22T04:06:26.817145+00:00,0,32574,78
2026-09-22T04:06:26.817145+00:00,1,32614,75
2026-09-22T04:06:26.817145+00:00,2,32562,81
2026-09-22T04:06:26.817145+00:00,3,32582,78
2026-09-22T04:06:31.881705+00:00,0,32574,78
2026-09-22T04:06:31.881705+00:00,1,32614,79
2026-09-22T04:06:31.881705+00:00,2,32562,83
2026-09-22T04:06:31.881705+00:00,3,32582,77
2026-09-22T04:06:36.944191+00:00,0,32574,79
2026-09-22T04:06:36.944191+00:00,1,32614,77
2026-09-22T04:06:36.944191+00:00,2,32562,77
2026-09-22T04:06:36.944191+00:00,3,32582,79
2026-09-22T04:06:42.007346+00:00,0,32574,79
2026-09-22T04:06:42.007346+00:00,1,32614,79
2026-09-22T04:06:42.007346+00:00,2,32562,79
2026-09-22T04:06:42.007346+00:00,3,32582,80
2026-09-22T04:06:47.072856+00:00,0,32574,73
2026-09-22T04:06:47.072856+00:00,1,32614,69
2026-09-22T04:06:47.072856+00:00,2,32562,82
2026-09-22T04:06:47.072856+00:00,3,32582,66
2026-09-22T04:06:52.140029+00:00,0,32574,81
2026-09-22T04:06:52.140029+00:00,1,32614,81
2026-09-22T04:06:52.140029+00:00,2,32562,83
2026-09-22T04:06:52.140029+00:00,3,32582,81
2026-09-22T04:06:57.206987+00:00,0,32574,82
2026-09-22T04:06:57.206987+00:00,1,32614,81
2026-09-22T04:06:57.206987+00:00,2,32562,82
2026-09-22T04:06:57.206987+00:00,3,32582,86
2026-09-22T04:07:02.275899+00:00,0,32574,84
2026-09-22T04:07:02.275899+00:00,1,32614,83
2026-09-22T04:07:02.275899+00:00,2,32562,81
2026-09-22T04:07:02.275899+00:00,3,32582,81
2026-09-22T04:07:07.344690+00:00,0,32574,82
2026-09-22T04:07:07.344690+00:00,1,32614,83
2026-09-22T04:07:07.344690+00:00,2,32562,86
2026-09-22T04:07:07.344690+00:00,3,32582,80
2026-09-22T04:07:12.411250+00:00,0,32574,80
2026-09-22T04:07:12.411250+00:00,1,32614,83
2026-09-22T04:07:12.411250+00:00,2,32562,82
2026-09-22T04:07:12.411250+00:00,3,32582,80
2026-09-22T04:07:17.477008+00:00,0,32574,84
2026-09-22T04:07:17.477008+00:00,1,32614,81
2026-09-22T04:07:17.477008+00:00,2,32562,80
2026-09-22T04:07:17.477008+00:00,3,32582,82
2026-09-22T04:07:22.542643+00:00,0,32574,82
2026-09-22T04:07:22.542643+00:00,1,32614,85
2026-09-22T04:07:22.542643+00:00,2,32562,81
2026-09-22T04:07:22.542643+00:00,3,32582,82
2026-09-22T04:07:27.610738+00:00,0,32574,85
2026-09-22T04:07:27.610738+00:00,1,32614,82
2026-09-22T04:07:27.610738+00:00,2,32562,83
2026-09-22T04:07:27.610738+00:00,3,32582,83
2026-09-22T04:07:32.675717+00:00,0,32574,83
2026-09-22T04:07:32.675717+00:00,1,32614,84
2026-09-22T04:07:32.675717+00:00,2,32562,81
2026-09-22T04:07:32.675717+00:00,3,32582,85
2026-09-22T04:07:37.739357+00:00,0,32574,85
2026-09-22T04:07:37.739357+00:00,1,32614,79
2026-09-22T04:07:37.739357+00:00,2,32562,84
2026-09-22T04:07:37.739357+00:00,3,32582,85
2026-09-22T04:07:42.808648+00:00,0,32574,85
2026-09-22T04:07:42.808648+00:00,1,32614,83
2026-09-22T04:07:42.808648+00:00,2,32562,83
2026-09-22T04:07:42.808648+00:00,3,32582,85
2026-09-22T04:07:47.877603+00:00,0,32574,87
2026-09-22T04:07:47.877603+00:00,1,32614,84
2026-09-22T04:07:47.877603+00:00,2,32562,82
2026-09-22T04:07:47.877603+00:00,3,32582,82
2026-09-22T04:07:52.943967+00:00,0,32574,83
2026-09-22T04:07:52.943967+00:00,1,32614,84
2026-09-22T04:07:52.943967+00:00,2,32562,78
2026-09-22T04:07:52.943967+00:00,3,32582,81
2026-09-22T04:07:58.012926+00:00,0,32574,78
2026-09-22T04:07:58.012926+00:00,1,32614,82
2026-09-22T04:07:58.012926+00:00,2,32562,80
2026-09-22T04:07:58.012926+00:00,3,32582,83
2026-09-22T04:08:03.079866+00:00,0,32574,77
2026-09-22T04:08:03.079866+00:00,1,32614,0
2026-09-22T04:08:03.079866+00:00,2,32562,0
2026-09-22T04:08:03.079866+00:00,3,32582,0
2026-09-22T04:08:08.142033+00:00,0,11954,99
2026-09-22T04:08:08.142033+00:00,1,12114,99
2026-09-22T04:08:08.142033+00:00,2,12134,99
2026-09-22T04:08:08.142033+00:00,3,12034,99
2026-09-22T04:08:13.230541+00:00,0,12820,98
2026-09-22T04:08:13.230541+00:00,1,12840,100
2026-09-22T04:08:13.230541+00:00,2,12680,97
2026-09-22T04:08:13.230541+00:00,3,12720,99
2026-09-22T04:08:18.300505+00:00,0,4510,15
2026-09-22T04:08:18.300505+00:00,1,4530,59
2026-09-22T04:08:18.300505+00:00,2,4510,68
2026-09-22T04:08:18.300505+00:00,3,4510,75
2026-09-22T04:08:23.372687+00:00,0,25484,99
2026-09-22T04:08:23.372687+00:00,1,25746,99
2026-09-22T04:08:23.372687+00:00,2,25504,99
2026-09-22T04:08:23.372687+00:00,3,25524,99
2026-09-22T04:08:28.449261+00:00,0,26226,99
2026-09-22T04:08:28.449261+00:00,1,26948,98
2026-09-22T04:08:28.449261+00:00,2,27066,99
2026-09-22T04:08:28.449261+00:00,3,26606,99
2026-09-22T04:08:33.523910+00:00,0,28688,99
2026-09-22T04:08:33.523910+00:00,1,28788,99
2026-09-22T04:08:33.523910+00:00,2,28788,99
2026-09-22T04:08:33.523910+00:00,3,28728,99
2026-09-22T04:08:38.596197+00:00,0,29992,98
2026-09-22T04:08:38.596197+00:00,1,30012,100
2026-09-22T04:08:38.596197+00:00,2,29250,99
2026-09-22T04:08:38.596197+00:00,3,29510,100
2026-09-22T04:08:43.672023+00:00,0,29992,100
2026-09-22T04:08:43.672023+00:00,1,30012,89
2026-09-22T04:08:43.672023+00:00,2,29292,100
2026-09-22T04:08:43.672023+00:00,3,29512,99
2026-09-22T04:08:48.747568+00:00,0,29994,100
2026-09-22T04:08:48.747568+00:00,1,30014,100
2026-09-22T04:08:48.747568+00:00,2,29294,99
2026-09-22T04:08:48.747568+00:00,3,29514,99
2026-09-22T04:08:53.823434+00:00,0,29996,99
2026-09-22T04:08:53.823434+00:00,1,30016,99
2026-09-22T04:08:53.823434+00:00,2,29296,99
2026-09-22T04:08:53.823434+00:00,3,29516,99
2026-09-22T04:08:58.897972+00:00,0,21060,96
2026-09-22T04:08:58.897972+00:00,1,21080,83
2026-09-22T04:08:58.897972+00:00,2,19900,96
2026-09-22T04:08:58.897972+00:00,3,20120,83
2026-09-22T04:09:03.966197+00:00,0,3088,70
2026-09-22T04:09:03.966197+00:00,1,3086,56
2026-09-22T04:09:03.966197+00:00,2,3086,54
2026-09-22T04:09:03.966197+00:00,3,3086,65
