timestamp_utc,gpu_index,used_mib,utilization_percent
2026-09-22T04:34:47.558824+00:00,0,655,0
2026-09-22T04:34:47.558824+00:00,1,655,0
2026-09-22T04:34:47.558824+00:00,2,655,0
2026-09-22T04:34:47.558824+00:00,3,655,0
2026-09-22T04:34:52.605218+00:00,0,655,0
2026-09-22T04:34:52.605218+00:00,1,655,0
2026-09-22T04:34:52.605218+00:00,2,655,0
2026-09-22T04:34:52.605218+00:00,3,655,0
2026-09-22T04:34:57.655851+00:00,0,655,0
2026-09-22T04:34:57.655851+00:00,1,655,0
2026-09-22T04:34:57.655851+00:00,2,655,0
2026-09-22T04:34:57.655851+00:00,3,655,0
2026-09-22T04:35:02.710335+00:00,0,655,0
2026-09-22T04:35:02.710335+00:00,1,655,0
2026-09-22T04:35:02.710335+00:00,2,655,0
2026-09-22T04:35:02.710335+00:00,3,655,0
2026-09-22T04:35:07.758219+00:00,0,655,0
2026-09-22T04:35:07.758219+00:00,1,655,0
2026-09-22T04:35:07.758219+00:00,2,655,0
2026-09-22T04:35:07.758219+00:00,3,655,0
2026-09-22T04:35:12.810794+00:00,0,655,0
2026-09-22T04:35:12.810794+00:00,1,655,0
2026-09-22T04:35:12.810794+00:00,2,655,0
2026-09-22T04:35:12.810794+00:00,3,655,0
2026-09-22T04:35:17.866669+00:00,0,4337,0
2026-09-22T04:35:17.866669+00:00,1,4337,0
2026-09-22T04:35:17.866669+00:00,2,4337,0
2026-09-22T04:35:17.866669+00:00,3,4337,0
2026-09-22T04:35:22.913361+00:00,0,4337,0
2026-09-22T04:35:22.913361+00:00,1,4337,0
2026-09-22T04:35:22.913361+00:00,2,4337,0
2026-09-22T04:35:22.913361+00:00,3,4337,0
2026-09-22T04:35:27.968165+00:00,0,5123,38
2026-09-22T04:35:27.968165+00:00,1,31435,21
2026-09-22T04:35:27.968165+00:00,2,4351,36
2026-09-22T04:35:27.968165+00:00,3,31231,0
2026-09-22T04:35:33.024588+00:00,0,31649,13
2026-09-22T04:35:33.024588+00:00,1,32007,14
2026-09-22T04:35:33.024588+00:00,2,31799,13
2026-09-22T04:35:33.024588+00:00,3,31893,18
2026-09-22T04:35:38.078918+00:00,0,33453,0
2026-09-22T04:35:38.078918+00:00,1,33453,0
2026-09-22T04:35:38.078918+00:00,2,33453,0
2026-09-22T04:35:38.078918+00:00,3,33453,0
2026-09-22T04:35:43.133062+00:00,0,10046,5
2026-09-22T04:35:43.133062+00:00,1,10046,6
2026-09-22T04:35:43.133062+00:00,2,10046,6
2026-09-22T04:35:43.133062+00:00,3,10046,6
2026-09-22T04:35:48.185074+00:00,0,10352,5
2026-09-22T04:35:48.185074+00:00,1,10658,6
2026-09-22T04:35:48.185074+00:00,2,10660,8
2026-09-22T04:35:48.185074+00:00,3,10760,7
2026-09-22T04:35:53.237945+00:00,0,11396,23
2026-09-22T04:35:53.237945+00:00,1,11396,17
2026-09-22T04:35:53.237945+00:00,2,11396,25
2026-09-22T04:35:53.237945+00:00,3,11396,22
2026-09-22T04:35:58.295627+00:00,0,10046,19
2026-09-22T04:35:58.295627+00:00,1,10046,14
2026-09-22T04:35:58.295627+00:00,2,10046,6
2026-09-22T04:35:58.295627+00:00,3,10046,6
2026-09-22T04:36:03.348394+00:00,0,10926,8
2026-09-22T04:36:03.348394+00:00,1,10924,8
2026-09-22T04:36:03.348394+00:00,2,10986,9
2026-09-22T04:36:03.348394+00:00,3,10986,8
2026-09-22T04:36:08.409181+00:00,0,11396,20
2026-09-22T04:36:08.409181+00:00,1,11396,18
2026-09-22T04:36:08.409181+00:00,2,11396,22
2026-09-22T04:36:08.409181+00:00,3,11396,17
2026-09-22T04:36:13.472183+00:00,0,5156,11
2026-09-22T04:36:13.472183+00:00,1,5156,13
2026-09-22T04:36:13.472183+00:00,2,5156,12
2026-09-22T04:36:13.472183+00:00,3,5156,13
2026-09-22T04:36:18.530567+00:00,0,32636,63
2026-09-22T04:36:18.530567+00:00,1,32500,63
2026-09-22T04:36:18.530567+00:00,2,32684,63
2026-09-22T04:36:18.530567+00:00,3,32638,70
2026-09-22T04:36:23.601936+00:00,0,32636,65
2026-09-22T04:36:23.601936+00:00,1,32500,66
2026-09-22T04:36:23.601936+00:00,2,32684,67
2026-09-22T04:36:23.601936+00:00,3,32638,75
2026-09-22T04:36:28.671141+00:00,0,32636,66
2026-09-22T04:36:28.671141+00:00,1,32500,66
2026-09-22T04:36:28.671141+00:00,2,32684,68
2026-09-22T04:36:28.671141+00:00,3,32638,70
2026-09-22T04:36:33.741575+00:00,0,32636,65
2026-09-22T04:36:33.741575+00:00,1,32500,68
2026-09-22T04:36:33.741575+00:00,2,32684,69
2026-09-22T04:36:33.741575+00:00,3,32638,67
2026-09-22T04:36:38.805911+00:00,0,32636,73
2026-09-22T04:36:38.805911+00:00,1,32500,67
2026-09-22T04:36:38.805911+00:00,2,32684,74
2026-09-22T04:36:38.805911+00:00,3,32638,71
2026-09-22T04:36:43.876909+00:00,0,32636,81
2026-09-22T04:36:43.876909+00:00,1,32500,68
2026-09-22T04:36:43.876909+00:00,2,32684,72
2026-09-22T04:36:43.876909+00:00,3,32638,70
2026-09-22T04:36:48.948641+00:00,0,32636,75
2026-09-22T04:36:48.948641+00:00,1,32500,74
2026-09-22T04:36:48.948641+00:00,2,32684,71
2026-09-22T04:36:48.948641+00:00,3,32638,72
2026-09-22T04:36:54.016726+00:00,0,32636,76
2026-09-22T04:36:54.016726+00:00,1,32500,74
2026-09-22T04:36:54.016726+00:00,2,32684,78
2026-09-22T04:36:54.016726+00:00,3,32638,79
2026-09-22T04:36:59.093572+00:00,0,32636,73
2026-09-22T04:36:59.093572+00:00,1,32500,77
2026-09-22T04:36:59.093572+00:00,2,32684,80
2026-09-22T04:36:59.093572+00:00,3,32638,74
2026-09-22T04:37:04.163990+00:00,0,32636,77
2026-09-22T04:37:04.163990+00:00,1,32500,72
2026-09-22T04:37:04.163990+00:00,2,32684,76
2026-09-22T04:37:04.163990+00:00,3,32638,76
2026-09-22T04:37:09.234414+00:00,0,32636,80
2026-09-22T04:37:09.234414+00:00,1,32500,82
2026-09-22T04:37:09.234414+00:00,2,32684,78
2026-09-22T04:37:09.234414+00:00,3,32638,80
2026-09-22T04:37:14.305155+00:00,0,32636,84
2026-09-22T04:37:14.305155+00:00,1,32500,74
2026-09-22T04:37:14.305155+00:00,2,32684,75
2026-09-22T04:37:14.305155+00:00,3,32638,78
2026-09-22T04:37:19.380755+00:00,0,32636,77
2026-09-22T04:37:19.380755+00:00,1,32500,77
2026-09-22T04:37:19.380755+00:00,2,32684,81
2026-09-22T04:37:19.380755+00:00,3,32638,80
2026-09-22T04:37:24.456752+00:00,0,32636,82
2026-09-22T04:37:24.456752+00:00,1,32500,82
2026-09-22T04:37:24.456752+00:00,2,32684,81
2026-09-22T04:37:24.456752+00:00,3,32638,90
2026-09-22T04:37:29.535178+00:00,0,32636,87
2026-09-22T04:37:29.535178+00:00,1,32500,85
2026-09-22T04:37:29.535178+00:00,2,32684,83
2026-09-22T04:37:29.535178+00:00,3,32638,78
2026-09-22T04:37:34.609328+00:00,0,32636,83
2026-09-22T04:37:34.609328+00:00,1,32500,82
2026-09-22T04:37:34.609328+00:00,2,32684,84
2026-09-22T04:37:34.609328+00:00,3,32638,84
2026-09-22T04:37:39.688545+00:00,0,32636,82
2026-09-22T04:37:39.688545+00:00,1,32500,83
2026-09-22T04:37:39.688545+00:00,2,32684,82
2026-09-22T04:37:39.688545+00:00,3,32638,87
2026-09-22T04:37:44.762509+00:00,0,32636,87
2026-09-22T04:37:44.762509+00:00,1,32500,83
2026-09-22T04:37:44.762509+00:00,2,32684,82
2026-09-22T04:37:44.762509+00:00,3,32638,80
2026-09-22T04:37:49.831840+00:00,0,32636,88
2026-09-22T04:37:49.831840+00:00,1,32500,83
2026-09-22T04:37:49.831840+00:00,2,32684,85
2026-09-22T04:37:49.831840+00:00,3,32638,82
2026-09-22T04:37:54.904995+00:00,0,32636,84
2026-09-22T04:37:54.904995+00:00,1,32500,82
2026-09-22T04:37:54.904995+00:00,2,32684,81
2026-09-22T04:37:54.904995+00:00,3,32638,82
2026-09-22T04:38:00.004527+00:00,0,32636,89
2026-09-22T04:38:00.004527+00:00,1,32500,82
2026-09-22T04:38:00.004527+00:00,2,32684,84
2026-09-22T04:38:00.004527+00:00,3,32638,77
2026-09-22T04:38:05.083105+00:00,0,32636,87
2026-09-22T04:38:05.083105+00:00,1,32500,82
2026-09-22T04:38:05.083105+00:00,2,32684,85
2026-09-22T04:38:05.083105+00:00,3,32638,83
2026-09-22T04:38:10.153574+00:00,0,32636,86
2026-09-22T04:38:10.153574+00:00,1,32500,84
2026-09-22T04:38:10.153574+00:00,2,32684,82
2026-09-22T04:38:10.153574+00:00,3,32638,83
2026-09-22T04:38:15.223994+00:00,0,32636,85
2026-09-22T04:38:15.223994+00:00,1,32500,87
2026-09-22T04:38:15.223994+00:00,2,32684,85
2026-09-22T04:38:15.223994+00:00,3,32638,84
2026-09-22T04:38:20.294296+00:00,0,32636,84
2026-09-22T04:38:20.294296+00:00,1,32500,81
2026-09-22T04:38:20.294296+00:00,2,32684,85
2026-09-22T04:38:20.294296+00:00,3,32638,83
2026-09-22T04:38:25.368301+00:00,0,32636,86
2026-09-22T04:38:25.368301+00:00,1,32500,82
2026-09-22T04:38:25.368301+00:00,2,32684,87
2026-09-22T04:38:25.368301+00:00,3,32638,82
2026-09-22T04:38:30.437472+00:00,0,32636,82
2026-09-22T04:38:30.437472+00:00,1,32500,81
2026-09-22T04:38:30.437472+00:00,2,32684,89
2026-09-22T04:38:30.437472+00:00,3,32638,83
2026-09-22T04:38:35.513791+00:00,0,32636,88
2026-09-22T04:38:35.513791+00:00,1,32500,85
2026-09-22T04:38:35.513791+00:00,2,32684,79
2026-09-22T04:38:35.513791+00:00,3,32638,84
2026-09-22T04:38:40.589208+00:00,0,32636,88
2026-09-22T04:38:40.589208+00:00,1,32500,86
2026-09-22T04:38:40.589208+00:00,2,32684,83
2026-09-22T04:38:40.589208+00:00,3,32638,88
2026-09-22T04:38:45.662425+00:00,0,32636,87
2026-09-22T04:38:45.662425+00:00,1,32500,83
2026-09-22T04:38:45.662425+00:00,2,32684,88
2026-09-22T04:38:45.662425+00:00,3,32638,86
2026-09-22T04:38:50.731509+00:00,0,32636,87
2026-09-22T04:38:50.731509+00:00,1,32500,80
2026-09-22T04:38:50.731509+00:00,2,32684,86
2026-09-22T04:38:50.731509+00:00,3,32638,86
2026-09-22T04:38:55.793371+00:00,0,32636,84
2026-09-22T04:38:55.793371+00:00,1,32500,81
2026-09-22T04:38:55.793371+00:00,2,32684,86
2026-09-22T04:38:55.793371+00:00,3,32638,83
2026-09-22T04:39:00.866528+00:00,0,32636,86
2026-09-22T04:39:00.866528+00:00,1,32500,84
2026-09-22T04:39:00.866528+00:00,2,32684,88
2026-09-22T04:39:00.866528+00:00,3,32638,87
2026-09-22T04:39:05.940728+00:00,0,32636,86
2026-09-22T04:39:05.940728+00:00,1,32500,84
2026-09-22T04:39:05.940728+00:00,2,32684,86
2026-09-22T04:39:05.940728+00:00,3,32638,85
2026-09-22T04:39:11.015939+00:00,0,32636,72
2026-09-22T04:39:11.015939+00:00,1,32500,80
2026-09-22T04:39:11.015939+00:00,2,32684,86
2026-09-22T04:39:11.015939+00:00,3,32638,84
2026-09-22T04:39:16.089109+00:00,0,32636,88
2026-09-22T04:39:16.089109+00:00,1,32500,89
2026-09-22T04:39:16.089109+00:00,2,32684,86
2026-09-22T04:39:16.089109+00:00,3,32638,84
2026-09-22T04:39:21.161734+00:00,0,32636,87
2026-09-22T04:39:21.161734+00:00,1,32500,85
2026-09-22T04:39:21.161734+00:00,2,32684,86
2026-09-22T04:39:21.161734+00:00,3,32638,85
2026-09-22T04:39:26.236072+00:00,0,32636,82
2026-09-22T04:39:26.236072+00:00,1,32500,88
2026-09-22T04:39:26.236072+00:00,2,32684,84
2026-09-22T04:39:26.236072+00:00,3,32638,84
2026-09-22T04:39:31.316320+00:00,0,32636,88
2026-09-22T04:39:31.316320+00:00,1,32500,87
2026-09-22T04:39:31.316320+00:00,2,32684,89
2026-09-22T04:39:31.316320+00:00,3,32638,85
2026-09-22T04:39:36.392811+00:00,0,32636,85
2026-09-22T04:39:36.392811+00:00,1,32500,85
2026-09-22T04:39:36.392811+00:00,2,32684,85
2026-09-22T04:39:36.392811+00:00,3,32638,87
2026-09-22T04:39:41.463577+00:00,0,32636,86
2026-09-22T04:39:41.463577+00:00,1,32500,87
2026-09-22T04:39:41.463577+00:00,2,32684,85
2026-09-22T04:39:41.463577+00:00,3,32638,86
2026-09-22T04:39:46.542186+00:00,0,32636,85
2026-09-22T04:39:46.542186+00:00,1,32500,85
2026-09-22T04:39:46.542186+00:00,2,32684,87
2026-09-22T04:39:46.542186+00:00,3,32638,84
2026-09-22T04:39:51.614299+00:00,0,32636,90
2026-09-22T04:39:51.614299+00:00,1,32500,85
2026-09-22T04:39:51.614299+00:00,2,32684,86
2026-09-22T04:39:51.614299+00:00,3,32638,86
2026-09-22T04:39:56.697875+00:00,0,32636,85
2026-09-22T04:39:56.697875+00:00,1,32500,81
2026-09-22T04:39:56.697875+00:00,2,32684,90
2026-09-22T04:39:56.697875+00:00,3,32638,87
2026-09-22T04:40:01.773834+00:00,0,32636,89
2026-09-22T04:40:01.773834+00:00,1,32500,90
2026-09-22T04:40:01.773834+00:00,2,32684,86
2026-09-22T04:40:01.773834+00:00,3,32638,86
2026-09-22T04:40:06.845894+00:00,0,32636,89
2026-09-22T04:40:06.845894+00:00,1,32500,86
2026-09-22T04:40:06.845894+00:00,2,32684,85
2026-09-22T04:40:06.845894+00:00,3,32638,88
2026-09-22T04:40:11.924653+00:00,0,32636,87
2026-09-22T04:40:11.924653+00:00,1,32500,84
2026-09-22T04:40:11.924653+00:00,2,32684,84
2026-09-22T04:40:11.924653+00:00,3,32638,87
2026-09-22T04:40:17.001409+00:00,0,32636,88
2026-09-22T04:40:17.001409+00:00,1,32500,86
2026-09-22T04:40:17.001409+00:00,2,32684,89
2026-09-22T04:40:17.001409+00:00,3,32638,85
2026-09-22T04:40:22.073191+00:00,0,32636,83
2026-09-22T04:40:22.073191+00:00,1,32500,86
2026-09-22T04:40:22.073191+00:00,2,32684,84
2026-09-22T04:40:22.073191+00:00,3,32638,88
2026-09-22T04:40:27.141924+00:00,0,32636,0
2026-09-22T04:40:27.141924+00:00,1,32500,0
2026-09-22T04:40:27.141924+00:00,2,32684,0
2026-09-22T04:40:27.141924+00:00,3,32638,84
2026-09-22T04:40:32.206615+00:00,0,2124,80
2026-09-22T04:40:32.206615+00:00,1,1988,0
2026-09-22T04:40:32.206615+00:00,2,2172,52
2026-09-22T04:40:32.206615+00:00,3,2126,91
2026-09-22T04:40:37.265025+00:00,0,7098,94
2026-09-22T04:40:37.265025+00:00,1,7098,97
2026-09-22T04:40:37.265025+00:00,2,7098,99
2026-09-22T04:40:37.265025+00:00,3,7100,93
2026-09-22T04:40:42.326794+00:00,0,7744,99
2026-09-22T04:40:42.326794+00:00,1,7744,98
2026-09-22T04:40:42.326794+00:00,2,7744,99
2026-09-22T04:40:42.326794+00:00,3,7744,98
2026-09-22T04:40:47.393701+00:00,0,8330,96
2026-09-22T04:40:47.393701+00:00,1,8330,99
2026-09-22T04:40:47.393701+00:00,2,8330,95
2026-09-22T04:40:47.393701+00:00,3,8350,99
2026-09-22T04:40:52.461702+00:00,0,8774,96
2026-09-22T04:40:52.461702+00:00,1,8794,99
2026-09-22T04:40:52.461702+00:00,2,8774,98
2026-09-22T04:40:52.461702+00:00,3,8794,99
2026-09-22T04:40:57.530256+00:00,0,9258,99
2026-09-22T04:40:57.530256+00:00,1,9278,99
2026-09-22T04:40:57.530256+00:00,2,9278,98
2026-09-22T04:40:57.530256+00:00,3,9238,99
2026-09-22T04:41:02.588156+00:00,0,9522,96
2026-09-22T04:41:02.588156+00:00,1,9562,99
2026-09-22T04:41:02.588156+00:00,2,9542,99
2026-09-22T04:41:02.588156+00:00,3,9562,99
2026-09-22T04:41:07.656620+00:00,0,9526,99
2026-09-22T04:41:07.656620+00:00,1,9566,99
2026-09-22T04:41:07.656620+00:00,2,9546,99
2026-09-22T04:41:07.656620+00:00,3,9566,99
2026-09-22T04:41:12.722521+00:00,0,9530,99
2026-09-22T04:41:12.722521+00:00,1,9570,98
2026-09-22T04:41:12.722521+00:00,2,9550,98
2026-09-22T04:41:12.722521+00:00,3,9570,99
2026-09-22T04:41:17.787624+00:00,0,9534,99
2026-09-22T04:41:17.787624+00:00,1,9574,99
2026-09-22T04:41:17.787624+00:00,2,9554,99
2026-09-22T04:41:17.787624+00:00,3,9574,99
2026-09-22T04:41:22.854636+00:00,0,9540,98
2026-09-22T04:41:22.854636+00:00,1,9580,99
2026-09-22T04:41:22.854636+00:00,2,9560,98
2026-09-22T04:41:22.854636+00:00,3,9580,98
2026-09-22T04:41:27.922250+00:00,0,9542,99
2026-09-22T04:41:27.922250+00:00,1,9582,99
2026-09-22T04:41:27.922250+00:00,2,9562,99
2026-09-22T04:41:27.922250+00:00,3,9582,98
2026-09-22T04:41:32.991534+00:00,0,18418,97
2026-09-22T04:41:32.991534+00:00,1,18298,99
2026-09-22T04:41:32.991534+00:00,2,18400,99
2026-09-22T04:41:32.991534+00:00,3,18398,100
2026-09-22T04:41:38.065530+00:00,0,18420,97
2026-09-22T04:41:38.065530+00:00,1,18300,99
2026-09-22T04:41:38.065530+00:00,2,18800,99
2026-09-22T04:41:38.065530+00:00,3,18740,99
2026-09-22T04:41:43.138835+00:00,0,19862,96
2026-09-22T04:41:43.138835+00:00,1,19562,98
2026-09-22T04:41:43.138835+00:00,2,19504,100
2026-09-22T04:41:43.138835+00:00,3,19602,97
2026-09-22T04:41:48.198787+00:00,0,20606,95
2026-09-22T04:41:48.198787+00:00,1,20686,95
2026-09-22T04:41:48.198787+00:00,2,20766,98
2026-09-22T04:41:48.198787+00:00,3,20946,97
2026-09-22T04:41:53.269055+00:00,0,20608,95
2026-09-22T04:41:53.269055+00:00,1,20688,95
2026-09-22T04:41:53.269055+00:00,2,20768,99
2026-09-22T04:41:53.269055+00:00,3,20948,94
2026-09-22T04:41:58.339287+00:00,0,20610,97
2026-09-22T04:41:58.339287+00:00,1,20690,95
2026-09-22T04:41:58.339287+00:00,2,20770,98
2026-09-22T04:41:58.339287+00:00,3,20950,97
2026-09-22T04:42:03.407328+00:00,0,20634,91
2026-09-22T04:42:03.407328+00:00,1,20714,91
2026-09-22T04:42:03.407328+00:00,2,20794,92
2026-09-22T04:42:03.407328+00:00,3,20974,96
2026-09-22T04:42:08.468493+00:00,0,20634,99
2026-09-22T04:42:08.468493+00:00,1,20714,95
2026-09-22T04:42:08.468493+00:00,2,20794,93
2026-09-22T04:42:08.468493+00:00,3,20974,93
2026-09-22T04:42:13.536742+00:00,0,25734,99
2026-09-22T04:42:13.536742+00:00,1,25714,99
2026-09-22T04:42:13.536742+00:00,2,25674,99
2026-09-22T04:42:13.536742+00:00,3,25734,99
2026-09-22T04:42:18.608179+00:00,0,25794,98
2026-09-22T04:42:18.608179+00:00,1,25794,98
2026-09-22T04:42:18.608179+00:00,2,25834,98
2026-09-22T04:42:18.608179+00:00,3,25794,98
2026-09-22T04:42:23.669539+00:00,0,25854,99
2026-09-22T04:42:23.669539+00:00,1,25814,99
2026-09-22T04:42:23.669539+00:00,2,25834,99
2026-09-22T04:42:23.669539+00:00,3,25834,100
2026-09-22T04:42:28.741460+00:00,0,25854,99
2026-09-22T04:42:28.741460+00:00,1,25834,85
2026-09-22T04:42:28.741460+00:00,2,25834,99
2026-09-22T04:42:28.741460+00:00,3,25834,98
2026-09-22T04:42:33.816362+00:00,0,25854,98
2026-09-22T04:42:33.816362+00:00,1,25834,99
2026-09-22T04:42:33.816362+00:00,2,25834,99
2026-09-22T04:42:33.816362+00:00,3,25834,98
2026-09-22T04:42:38.879198+00:00,0,25854,99
2026-09-22T04:42:38.879198+00:00,1,25834,99
2026-09-22T04:42:38.879198+00:00,2,25834,99
2026-09-22T04:42:38.879198+00:00,3,25834,99
2026-09-22T04:42:43.947197+00:00,0,25854,99
2026-09-22T04:42:43.947197+00:00,1,25834,87
2026-09-22T04:42:43.947197+00:00,2,25834,97
2026-09-22T04:42:43.947197+00:00,3,25834,100
2026-09-22T04:42:49.018575+00:00,0,25854,88
2026-09-22T04:42:49.018575+00:00,1,25834,94
2026-09-22T04:42:49.018575+00:00,2,25834,89
2026-09-22T04:42:49.018575+00:00,3,25834,94
2026-09-22T04:42:54.087637+00:00,0,25854,96
2026-09-22T04:42:54.087637+00:00,1,25834,45
2026-09-22T04:42:54.087637+00:00,2,25834,98
2026-09-22T04:42:54.087637+00:00,3,25834,72
2026-09-22T04:42:59.158037+00:00,0,25854,96
2026-09-22T04:42:59.158037+00:00,1,25834,87
2026-09-22T04:42:59.158037+00:00,2,25834,98
2026-09-22T04:42:59.158037+00:00,3,25834,98
2026-09-22T04:43:04.230956+00:00,0,25854,91
2026-09-22T04:43:04.230956+00:00,1,25834,94
2026-09-22T04:43:04.230956+00:00,2,25834,94
2026-09-22T04:43:04.230956+00:00,3,25834,92
2026-09-22T04:43:09.302176+00:00,0,25854,99
2026-09-22T04:43:09.302176+00:00,1,25834,98
2026-09-22T04:43:09.302176+00:00,2,25834,99
2026-09-22T04:43:09.302176+00:00,3,25834,99
2026-09-22T04:43:14.373972+00:00,0,25854,99
2026-09-22T04:43:14.373972+00:00,1,25834,99
2026-09-22T04:43:14.373972+00:00,2,25874,100
2026-09-22T04:43:14.373972+00:00,3,25854,99
2026-09-22T04:43:19.444487+00:00,0,25854,98
2026-09-22T04:43:19.444487+00:00,1,25834,99
2026-09-22T04:43:19.444487+00:00,2,25874,98
2026-09-22T04:43:19.444487+00:00,3,25854,98
2026-09-22T04:43:24.508174+00:00,0,25914,99
2026-09-22T04:43:24.508174+00:00,1,25834,99
2026-09-22T04:43:24.508174+00:00,2,25874,100
2026-09-22T04:43:24.508174+00:00,3,25854,99
2026-09-22T04:43:29.581159+00:00,0,25914,99
2026-09-22T04:43:29.581159+00:00,1,25834,99
2026-09-22T04:43:29.581159+00:00,2,25874,100
2026-09-22T04:43:29.581159+00:00,3,25854,100
2026-09-22T04:43:34.656151+00:00,0,25914,98
2026-09-22T04:43:34.656151+00:00,1,25834,98
2026-09-22T04:43:34.656151+00:00,2,25874,98
2026-09-22T04:43:34.656151+00:00,3,25854,98
2026-09-22T04:43:39.719174+00:00,0,25914,91
2026-09-22T04:43:39.719174+00:00,1,25834,92
2026-09-22T04:43:39.719174+00:00,2,25874,95
2026-09-22T04:43:39.719174+00:00,3,25854,90
2026-09-22T04:43:44.781586+00:00,0,25914,98
2026-09-22T04:43:44.781586+00:00,1,25834,90
2026-09-22T04:43:44.781586+00:00,2,25874,97
2026-09-22T04:43:44.781586+00:00,3,25854,100
2026-09-22T04:43:49.853442+00:00,0,25914,96
2026-09-22T04:43:49.853442+00:00,1,25834,96
2026-09-22T04:43:49.853442+00:00,2,25874,86
2026-09-22T04:43:49.853442+00:00,3,25854,94
2026-09-22T04:43:54.920553+00:00,0,25914,99
2026-09-22T04:43:54.920553+00:00,1,25834,98
2026-09-22T04:43:54.920553+00:00,2,25874,98
2026-09-22T04:43:54.920553+00:00,3,25854,97
2026-09-22T04:43:59.991451+00:00,0,25914,99
2026-09-22T04:43:59.991451+00:00,1,25834,99
2026-09-22T04:43:59.991451+00:00,2,25874,99
2026-09-22T04:43:59.991451+00:00,3,25854,99
2026-09-22T04:44:05.060908+00:00,0,25914,98
2026-09-22T04:44:05.060908+00:00,1,25834,99
2026-09-22T04:44:05.060908+00:00,2,25874,99
2026-09-22T04:44:05.060908+00:00,3,25854,99
2026-09-22T04:44:10.129671+00:00,0,25914,99
2026-09-22T04:44:10.129671+00:00,1,25834,99
2026-09-22T04:44:10.129671+00:00,2,25874,97
2026-09-22T04:44:10.129671+00:00,3,25854,99
2026-09-22T04:44:15.200047+00:00,0,25914,99
2026-09-22T04:44:15.200047+00:00,1,25834,99
2026-09-22T04:44:15.200047+00:00,2,25874,97
2026-09-22T04:44:15.200047+00:00,3,25854,99
2026-09-22T04:44:20.299467+00:00,0,8474,78
2026-09-22T04:44:20.299467+00:00,1,8434,78
2026-09-22T04:44:20.299467+00:00,2,7974,80
2026-09-22T04:44:20.299467+00:00,3,8294,83
2026-09-22T04:44:25.374816+00:00,0,10096,40
2026-09-22T04:44:25.374816+00:00,1,10096,7
2026-09-22T04:44:25.374816+00:00,2,10076,58
2026-09-22T04:44:25.374816+00:00,3,10096,6
2026-09-22T04:44:30.434259+00:00,0,11180,7
2026-09-22T04:44:30.434259+00:00,1,11304,8
2026-09-22T04:44:30.434259+00:00,2,10648,5
2026-09-22T04:44:30.434259+00:00,3,11058,8
2026-09-22T04:44:35.495157+00:00,0,11426,31
2026-09-22T04:44:35.495157+00:00,1,11406,39
2026-09-22T04:44:35.495157+00:00,2,11406,13
2026-09-22T04:44:35.495157+00:00,3,11426,15
2026-09-22T04:44:40.554333+00:00,0,5208,0
2026-09-22T04:44:40.554333+00:00,1,32088,0
2026-09-22T04:44:40.554333+00:00,2,5188,17
2026-09-22T04:44:40.554333+00:00,3,5208,3
2026-09-22T04:44:45.611315+00:00,0,33066,68
2026-09-22T04:44:45.611315+00:00,1,32782,67
2026-09-22T04:44:45.611315+00:00,2,32632,65
2026-09-22T04:44:45.611315+00:00,3,33008,65
2026-09-22T04:44:50.669551+00:00,0,33066,67
2026-09-22T04:44:50.669551+00:00,1,32782,72
2026-09-22T04:44:50.669551+00:00,2,32632,66
2026-09-22T04:44:50.669551+00:00,3,33008,68
2026-09-22T04:44:55.736182+00:00,0,33066,70
2026-09-22T04:44:55.736182+00:00,1,32782,73
2026-09-22T04:44:55.736182+00:00,2,32632,70
2026-09-22T04:44:55.736182+00:00,3,33008,71
2026-09-22T04:45:00.805104+00:00,0,33066,72
2026-09-22T04:45:00.805104+00:00,1,32782,73
2026-09-22T04:45:00.805104+00:00,2,32632,72
2026-09-22T04:45:00.805104+00:00,3,33008,76
2026-09-22T04:45:05.871995+00:00,0,33066,71
2026-09-22T04:45:05.871995+00:00,1,32782,72
2026-09-22T04:45:05.871995+00:00,2,32632,76
2026-09-22T04:45:05.871995+00:00,3,33008,70
2026-09-22T04:45:10.939870+00:00,0,33066,74
2026-09-22T04:45:10.939870+00:00,1,32782,72
2026-09-22T04:45:10.939870+00:00,2,32632,76
2026-09-22T04:45:10.939870+00:00,3,33008,73
2026-09-22T04:45:16.006172+00:00,0,33066,75
2026-09-22T04:45:16.006172+00:00,1,32782,74
2026-09-22T04:45:16.006172+00:00,2,32632,73
2026-09-22T04:45:16.006172+00:00,3,33008,76
2026-09-22T04:45:21.072031+00:00,0,33066,78
2026-09-22T04:45:21.072031+00:00,1,32782,78
2026-09-22T04:45:21.072031+00:00,2,32632,78
2026-09-22T04:45:21.072031+00:00,3,33008,75
2026-09-22T04:45:26.139529+00:00,0,33066,76
2026-09-22T04:45:26.139529+00:00,1,32782,76
2026-09-22T04:45:26.139529+00:00,2,32632,76
2026-09-22T04:45:26.139529+00:00,3,33008,77
2026-09-22T04:45:31.207928+00:00,0,33066,76
2026-09-22T04:45:31.207928+00:00,1,32782,74
2026-09-22T04:45:31.207928+00:00,2,32632,77
2026-09-22T04:45:31.207928+00:00,3,33008,85
2026-09-22T04:45:36.275740+00:00,0,33066,75
2026-09-22T04:45:36.275740+00:00,1,32782,75
2026-09-22T04:45:36.275740+00:00,2,32632,77
2026-09-22T04:45:36.275740+00:00,3,33008,78
2026-09-22T04:45:41.347358+00:00,0,33066,84
2026-09-22T04:45:41.347358+00:00,1,32782,82
2026-09-22T04:45:41.347358+00:00,2,32632,80
2026-09-22T04:45:41.347358+00:00,3,33008,81
2026-09-22T04:45:46.416187+00:00,0,33066,75
2026-09-22T04:45:46.416187+00:00,1,32782,81
2026-09-22T04:45:46.416187+00:00,2,32632,81
2026-09-22T04:45:46.416187+00:00,3,33008,78
2026-09-22T04:45:51.475983+00:00,0,33066,79
2026-09-22T04:45:51.475983+00:00,1,32782,78
2026-09-22T04:45:51.475983+00:00,2,32632,76
2026-09-22T04:45:51.475983+00:00,3,33008,79
2026-09-22T04:45:56.546591+00:00,0,33066,82
2026-09-22T04:45:56.546591+00:00,1,32782,80
2026-09-22T04:45:56.546591+00:00,2,32632,77
2026-09-22T04:45:56.546591+00:00,3,33008,78
2026-09-22T04:46:01.608410+00:00,0,33066,81
2026-09-22T04:46:01.608410+00:00,1,32782,86
2026-09-22T04:46:01.608410+00:00,2,32632,83
2026-09-22T04:46:01.608410+00:00,3,33008,75
2026-09-22T04:46:06.673977+00:00,0,33066,84
2026-09-22T04:46:06.673977+00:00,1,32782,83
2026-09-22T04:46:06.673977+00:00,2,32632,80
2026-09-22T04:46:06.673977+00:00,3,33008,84
2026-09-22T04:46:11.739844+00:00,0,33066,78
2026-09-22T04:46:11.739844+00:00,1,32782,86
2026-09-22T04:46:11.739844+00:00,2,32632,87
2026-09-22T04:46:11.739844+00:00,3,33008,81
2026-09-22T04:46:16.813811+00:00,0,33066,80
2026-09-22T04:46:16.813811+00:00,1,32782,93
2026-09-22T04:46:16.813811+00:00,2,32632,85
2026-09-22T04:46:16.813811+00:00,3,33008,78
2026-09-22T04:46:21.883841+00:00,0,33066,82
2026-09-22T04:46:21.883841+00:00,1,32782,82
2026-09-22T04:46:21.883841+00:00,2,32632,83
2026-09-22T04:46:21.883841+00:00,3,33008,83
2026-09-22T04:46:26.953911+00:00,0,33066,89
2026-09-22T04:46:26.953911+00:00,1,32782,89
2026-09-22T04:46:26.953911+00:00,2,32632,83
2026-09-22T04:46:26.953911+00:00,3,33008,89
2026-09-22T04:46:32.022109+00:00,0,33066,83
2026-09-22T04:46:32.022109+00:00,1,32782,84
2026-09-22T04:46:32.022109+00:00,2,32632,86
2026-09-22T04:46:32.022109+00:00,3,33008,86
2026-09-22T04:46:37.093331+00:00,0,33066,84
2026-09-22T04:46:37.093331+00:00,1,32782,84
2026-09-22T04:46:37.093331+00:00,2,32632,85
2026-09-22T04:46:37.093331+00:00,3,33008,83
2026-09-22T04:46:42.158650+00:00,0,33066,84
2026-09-22T04:46:42.158650+00:00,1,32782,84
2026-09-22T04:46:42.158650+00:00,2,32632,86
2026-09-22T04:46:42.158650+00:00,3,33008,81
2026-09-22T04:46:47.229894+00:00,0,33066,82
2026-09-22T04:46:47.229894+00:00,1,32782,86
2026-09-22T04:46:47.229894+00:00,2,32632,84
2026-09-22T04:46:47.229894+00:00,3,33008,90
2026-09-22T04:46:52.292095+00:00,0,33066,87
2026-09-22T04:46:52.292095+00:00,1,32782,86
2026-09-22T04:46:52.292095+00:00,2,32632,86
2026-09-22T04:46:52.292095+00:00,3,33008,86
2026-09-22T04:46:57.355051+00:00,0,33066,80
2026-09-22T04:46:57.355051+00:00,1,32782,82
2026-09-22T04:46:57.355051+00:00,2,32632,86
2026-09-22T04:46:57.355051+00:00,3,33008,86
2026-09-22T04:47:02.424462+00:00,0,33066,88
2026-09-22T04:47:02.424462+00:00,1,32782,93
2026-09-22T04:47:02.424462+00:00,2,32632,87
2026-09-22T04:47:02.424462+00:00,3,33008,85
2026-09-22T04:47:07.497741+00:00,0,33066,87
2026-09-22T04:47:07.497741+00:00,1,32782,90
2026-09-22T04:47:07.497741+00:00,2,32632,84
2026-09-22T04:47:07.497741+00:00,3,33008,83
2026-09-22T04:47:12.566103+00:00,0,33066,84
2026-09-22T04:47:12.566103+00:00,1,32782,83
2026-09-22T04:47:12.566103+00:00,2,32632,83
2026-09-22T04:47:12.566103+00:00,3,33008,84
2026-09-22T04:47:17.626771+00:00,0,33066,89
2026-09-22T04:47:17.626771+00:00,1,32782,88
2026-09-22T04:47:17.626771+00:00,2,32632,83
2026-09-22T04:47:17.626771+00:00,3,33008,84
2026-09-22T04:47:22.690287+00:00,0,33066,86
2026-09-22T04:47:22.690287+00:00,1,32782,89
2026-09-22T04:47:22.690287+00:00,2,32632,84
2026-09-22T04:47:22.690287+00:00,3,33008,88
2026-09-22T04:47:27.766881+00:00,0,33066,81
2026-09-22T04:47:27.766881+00:00,1,32782,83
2026-09-22T04:47:27.766881+00:00,2,32632,88
2026-09-22T04:47:27.766881+00:00,3,33008,84
2026-09-22T04:47:32.837343+00:00,0,33066,86
2026-09-22T04:47:32.837343+00:00,1,32782,84
2026-09-22T04:47:32.837343+00:00,2,32632,85
2026-09-22T04:47:32.837343+00:00,3,33008,85
2026-09-22T04:47:37.908664+00:00,0,33066,84
2026-09-22T04:47:37.908664+00:00,1,32782,88
2026-09-22T04:47:37.908664+00:00,2,32632,86
2026-09-22T04:47:37.908664+00:00,3,33008,84
2026-09-22T04:47:42.978462+00:00,0,33066,87
2026-09-22T04:47:42.978462+00:00,1,32782,94
2026-09-22T04:47:42.978462+00:00,2,32632,85
2026-09-22T04:47:42.978462+00:00,3,33008,85
2026-09-22T04:47:48.050310+00:00,0,33066,83
2026-09-22T04:47:48.050310+00:00,1,32782,86
2026-09-22T04:47:48.050310+00:00,2,32632,90
2026-09-22T04:47:48.050310+00:00,3,33008,88
2026-09-22T04:47:53.132878+00:00,0,33066,85
2026-09-22T04:47:53.132878+00:00,1,32782,88
2026-09-22T04:47:53.132878+00:00,2,32632,86
2026-09-22T04:47:53.132878+00:00,3,33008,86
2026-09-22T04:47:58.201096+00:00,0,33066,89
2026-09-22T04:47:58.201096+00:00,1,32782,87
2026-09-22T04:47:58.201096+00:00,2,32632,86
2026-09-22T04:47:58.201096+00:00,3,33008,88
2026-09-22T04:48:03.288104+00:00,0,33066,86
2026-09-22T04:48:03.288104+00:00,1,32782,88
2026-09-22T04:48:03.288104+00:00,2,32632,91
2026-09-22T04:48:03.288104+00:00,3,33008,85
2026-09-22T04:48:08.353324+00:00,0,33066,84
2026-09-22T04:48:08.353324+00:00,1,32782,86
2026-09-22T04:48:08.353324+00:00,2,32632,87
2026-09-22T04:48:08.353324+00:00,3,33008,85
2026-09-22T04:48:13.435571+00:00,0,33066,84
2026-09-22T04:48:13.435571+00:00,1,32782,87
2026-09-22T04:48:13.435571+00:00,2,32632,89
2026-09-22T04:48:13.435571+00:00,3,33008,85
2026-09-22T04:48:18.516139+00:00,0,33066,90
2026-09-22T04:48:18.516139+00:00,1,32782,89
2026-09-22T04:48:18.516139+00:00,2,32632,85
2026-09-22T04:48:18.516139+00:00,3,33008,89
2026-09-22T04:48:23.608082+00:00,0,33066,88
2026-09-22T04:48:23.608082+00:00,1,32782,90
2026-09-22T04:48:23.608082+00:00,2,32632,89
2026-09-22T04:48:23.608082+00:00,3,33008,87
2026-09-22T04:48:28.677704+00:00,0,33066,88
2026-09-22T04:48:28.677704+00:00,1,32782,89
2026-09-22T04:48:28.677704+00:00,2,32632,91
2026-09-22T04:48:28.677704+00:00,3,33008,91
2026-09-22T04:48:33.754776+00:00,0,33066,86
2026-09-22T04:48:33.754776+00:00,1,32782,87
2026-09-22T04:48:33.754776+00:00,2,32632,86
2026-09-22T04:48:33.754776+00:00,3,33008,93
2026-09-22T04:48:38.828434+00:00,0,33066,90
2026-09-22T04:48:38.828434+00:00,1,32782,86
2026-09-22T04:48:38.828434+00:00,2,32632,85
2026-09-22T04:48:38.828434+00:00,3,33008,86
2026-09-22T04:48:43.903092+00:00,0,33066,88
2026-09-22T04:48:43.903092+00:00,1,32782,90
2026-09-22T04:48:43.903092+00:00,2,32632,85
2026-09-22T04:48:43.903092+00:00,3,33008,87
2026-09-22T04:48:48.981636+00:00,0,33066,88
2026-09-22T04:48:48.981636+00:00,1,32782,88
2026-09-22T04:48:48.981636+00:00,2,32632,88
2026-09-22T04:48:48.981636+00:00,3,33008,87
2026-09-22T04:48:54.053309+00:00,0,33066,85
2026-09-22T04:48:54.053309+00:00,1,32782,85
2026-09-22T04:48:54.053309+00:00,2,32632,90
2026-09-22T04:48:54.053309+00:00,3,33008,88
2026-09-22T04:48:59.129772+00:00,0,33066,91
2026-09-22T04:48:59.129772+00:00,1,32782,79
2026-09-22T04:48:59.129772+00:00,2,32632,86
2026-09-22T04:48:59.129772+00:00,3,33008,89
2026-09-22T04:49:04.194513+00:00,0,33066,0
2026-09-22T04:49:04.194513+00:00,1,32782,0
2026-09-22T04:49:04.194513+00:00,2,32632,0
2026-09-22T04:49:04.194513+00:00,3,33008,84
2026-09-22T04:49:09.256323+00:00,0,7826,96
2026-09-22T04:49:09.256323+00:00,1,7126,95
2026-09-22T04:49:09.256323+00:00,2,7806,93
2026-09-22T04:49:09.256323+00:00,3,7826,97
2026-09-22T04:49:14.325842+00:00,0,8412,99
2026-09-22T04:49:14.325842+00:00,1,7752,98
2026-09-22T04:49:14.325842+00:00,2,8392,99
2026-09-22T04:49:14.325842+00:00,3,8412,98
2026-09-22T04:49:19.393633+00:00,0,8876,99
2026-09-22T04:49:19.393633+00:00,1,8196,99
2026-09-22T04:49:19.393633+00:00,2,8836,99
2026-09-22T04:49:19.393633+00:00,3,8856,99
2026-09-22T04:49:24.462923+00:00,0,9202,99
2026-09-22T04:49:24.462923+00:00,1,8562,99
2026-09-22T04:49:24.462923+00:00,2,9182,99
2026-09-22T04:49:24.462923+00:00,3,9222,99
2026-09-22T04:49:29.530728+00:00,0,9626,99
2026-09-22T04:49:29.530728+00:00,1,9026,99
2026-09-22T04:49:29.530728+00:00,2,9626,99
2026-09-22T04:49:29.530728+00:00,3,9626,99
2026-09-22T04:49:34.596172+00:00,0,10050,97
2026-09-22T04:49:34.596172+00:00,1,9430,97
2026-09-22T04:49:34.596172+00:00,2,10030,96
2026-09-22T04:49:34.596172+00:00,3,10030,98
2026-09-22T04:49:39.665968+00:00,0,10054,99
2026-09-22T04:49:39.665968+00:00,1,9434,99
2026-09-22T04:49:39.665968+00:00,2,10034,99
2026-09-22T04:49:39.665968+00:00,3,10034,98
2026-09-22T04:49:44.731648+00:00,0,10058,97
2026-09-22T04:49:44.731648+00:00,1,9438,99
2026-09-22T04:49:44.731648+00:00,2,10038,98
2026-09-22T04:49:44.731648+00:00,3,10038,99
2026-09-22T04:49:49.798358+00:00,0,10062,99
2026-09-22T04:49:49.798358+00:00,1,9442,99
2026-09-22T04:49:49.798358+00:00,2,10042,99
2026-09-22T04:49:49.798358+00:00,3,10042,97
2026-09-22T04:49:54.863239+00:00,0,10066,99
2026-09-22T04:49:54.863239+00:00,1,9446,98
2026-09-22T04:49:54.863239+00:00,2,10046,99
2026-09-22T04:49:54.863239+00:00,3,10046,99
2026-09-22T04:49:59.930959+00:00,0,10070,97
2026-09-22T04:49:59.930959+00:00,1,9450,97
2026-09-22T04:49:59.930959+00:00,2,10050,99
2026-09-22T04:49:59.930959+00:00,3,10050,98
2026-09-22T04:50:04.988580+00:00,0,18496,85
2026-09-22T04:50:04.988580+00:00,1,18396,87
2026-09-22T04:50:04.988580+00:00,2,18876,95
2026-09-22T04:50:04.988580+00:00,3,18436,88
2026-09-22T04:50:10.050745+00:00,0,20200,96
2026-09-22T04:50:10.050745+00:00,1,20140,99
2026-09-22T04:50:10.050745+00:00,2,20240,97
2026-09-22T04:50:10.050745+00:00,3,20160,97
2026-09-22T04:50:15.121877+00:00,0,20642,96
2026-09-22T04:50:15.121877+00:00,1,20722,97
2026-09-22T04:50:15.121877+00:00,2,20862,99
2026-09-22T04:50:15.121877+00:00,3,20842,97
2026-09-22T04:50:20.194674+00:00,0,20644,98
2026-09-22T04:50:20.194674+00:00,1,20724,99
2026-09-22T04:50:20.194674+00:00,2,20864,98
2026-09-22T04:50:20.194674+00:00,3,20844,97
2026-09-22T04:50:25.257342+00:00,0,20646,97
2026-09-22T04:50:25.257342+00:00,1,20726,99
2026-09-22T04:50:25.257342+00:00,2,20866,98
2026-09-22T04:50:25.257342+00:00,3,20846,97
2026-09-22T04:50:30.328565+00:00,0,20654,92
2026-09-22T04:50:30.328565+00:00,1,20734,99
2026-09-22T04:50:30.328565+00:00,2,20874,93
2026-09-22T04:50:30.328565+00:00,3,20854,99
2026-09-22T04:50:35.390549+00:00,0,20654,99
2026-09-22T04:50:35.390549+00:00,1,20734,95
2026-09-22T04:50:35.390549+00:00,2,20874,92
2026-09-22T04:50:35.390549+00:00,3,20854,98
2026-09-22T04:50:40.452197+00:00,0,20654,88
2026-09-22T04:50:40.452197+00:00,1,20734,90
2026-09-22T04:50:40.452197+00:00,2,20874,89
2026-09-22T04:50:40.452197+00:00,3,20854,95
2026-09-22T04:50:45.510599+00:00,0,25694,97
2026-09-22T04:50:45.510599+00:00,1,25714,98
2026-09-22T04:50:45.510599+00:00,2,25734,98
2026-09-22T04:50:45.510599+00:00,3,25754,98
2026-09-22T04:50:50.575044+00:00,0,25854,99
2026-09-22T04:50:50.575044+00:00,1,25814,99
2026-09-22T04:50:50.575044+00:00,2,25834,99
2026-09-22T04:50:50.575044+00:00,3,25854,99
2026-09-22T04:50:55.658916+00:00,0,25914,88
2026-09-22T04:50:55.658916+00:00,1,25834,98
2026-09-22T04:50:55.658916+00:00,2,25834,99
2026-09-22T04:50:55.658916+00:00,3,25854,99
2026-09-22T04:51:00.736549+00:00,0,25914,99
2026-09-22T04:51:00.736549+00:00,1,25834,99
2026-09-22T04:51:00.736549+00:00,2,25834,100
2026-09-22T04:51:00.736549+00:00,3,25854,99
2026-09-22T04:51:05.796518+00:00,0,25914,100
2026-09-22T04:51:05.796518+00:00,1,25834,99
2026-09-22T04:51:05.796518+00:00,2,25834,99
2026-09-22T04:51:05.796518+00:00,3,25854,99
2026-09-22T04:51:10.868803+00:00,0,25914,97
2026-09-22T04:51:10.868803+00:00,1,25834,98
2026-09-22T04:51:10.868803+00:00,2,25834,98
2026-09-22T04:51:10.868803+00:00,3,25854,98
2026-09-22T04:51:15.939844+00:00,0,25914,84
2026-09-22T04:51:15.939844+00:00,1,25834,94
2026-09-22T04:51:15.939844+00:00,2,25834,87
2026-09-22T04:51:15.939844+00:00,3,25854,88
2026-09-22T04:51:21.009688+00:00,0,25914,98
2026-09-22T04:51:21.009688+00:00,1,25834,92
2026-09-22T04:51:21.009688+00:00,2,25834,98
2026-09-22T04:51:21.009688+00:00,3,25854,86
2026-09-22T04:51:26.077752+00:00,0,25914,100
2026-09-22T04:51:26.077752+00:00,1,25834,95
2026-09-22T04:51:26.077752+00:00,2,25834,99
2026-09-22T04:51:26.077752+00:00,3,25854,93
2026-09-22T04:51:31.139518+00:00,0,25914,90
2026-09-22T04:51:31.139518+00:00,1,25834,93
2026-09-22T04:51:31.139518+00:00,2,25834,93
2026-09-22T04:51:31.139518+00:00,3,25854,99
2026-09-22T04:51:36.215784+00:00,0,25914,99
2026-09-22T04:51:36.215784+00:00,1,25834,100
2026-09-22T04:51:36.215784+00:00,2,25834,100
2026-09-22T04:51:36.215784+00:00,3,25854,99
2026-09-22T04:51:41.288530+00:00,0,25914,99
2026-09-22T04:51:41.288530+00:00,1,25834,100
2026-09-22T04:51:41.288530+00:00,2,25894,99
2026-09-22T04:51:41.288530+00:00,3,25854,99
2026-09-22T04:51:46.353088+00:00,0,25914,98
2026-09-22T04:51:46.353088+00:00,1,25834,98
2026-09-22T04:51:46.353088+00:00,2,25894,99
2026-09-22T04:51:46.353088+00:00,3,25854,98
2026-09-22T04:51:51.416069+00:00,0,25914,99
2026-09-22T04:51:51.416069+00:00,1,25854,99
2026-09-22T04:51:51.416069+00:00,2,25894,99
2026-09-22T04:51:51.416069+00:00,3,25854,99
2026-09-22T04:51:56.490508+00:00,0,25914,88
2026-09-22T04:51:56.490508+00:00,1,25854,90
2026-09-22T04:51:56.490508+00:00,2,25894,100
2026-09-22T04:51:56.490508+00:00,3,25854,87
2026-09-22T04:52:01.563009+00:00,0,25914,100
2026-09-22T04:52:01.563009+00:00,1,25854,99
2026-09-22T04:52:01.563009+00:00,2,25894,99
2026-09-22T04:52:01.563009+00:00,3,25854,98
2026-09-22T04:52:06.633006+00:00,0,25914,99
2026-09-22T04:52:06.633006+00:00,1,25854,99
2026-09-22T04:52:06.633006+00:00,2,25894,99
2026-09-22T04:52:06.633006+00:00,3,25854,99
2026-09-22T04:52:11.698859+00:00,0,25914,93
2026-09-22T04:52:11.698859+00:00,1,25854,96
2026-09-22T04:52:11.698859+00:00,2,25894,92
2026-09-22T04:52:11.698859+00:00,3,25854,98
2026-09-22T04:52:16.759327+00:00,0,25914,99
2026-09-22T04:52:16.759327+00:00,1,25854,99
2026-09-22T04:52:16.759327+00:00,2,25894,100
2026-09-22T04:52:16.759327+00:00,3,25854,93
2026-09-22T04:52:21.821001+00:00,0,25914,93
2026-09-22T04:52:21.821001+00:00,1,25854,95
2026-09-22T04:52:21.821001+00:00,2,25894,95
2026-09-22T04:52:21.821001+00:00,3,25854,95
2026-09-22T04:52:26.890895+00:00,0,25914,95
2026-09-22T04:52:26.890895+00:00,1,25854,95
2026-09-22T04:52:26.890895+00:00,2,25894,96
2026-09-22T04:52:26.890895+00:00,3,25854,95
2026-09-22T04:52:31.963045+00:00,0,25914,86
2026-09-22T04:52:31.963045+00:00,1,25854,96
2026-09-22T04:52:31.963045+00:00,2,25894,86
2026-09-22T04:52:31.963045+00:00,3,25854,99
2026-09-22T04:52:37.034377+00:00,0,25914,100
2026-09-22T04:52:37.034377+00:00,1,25854,99
2026-09-22T04:52:37.034377+00:00,2,25894,89
2026-09-22T04:52:37.034377+00:00,3,25854,99
2026-09-22T04:52:42.105856+00:00,0,25914,99
2026-09-22T04:52:42.105856+00:00,1,25854,0
2026-09-22T04:52:42.105856+00:00,2,25894,0
2026-09-22T04:52:42.105856+00:00,3,25854,0
2026-09-22T04:52:47.180686+00:00,0,25914,97
2026-09-22T04:52:47.180686+00:00,1,25854,99
2026-09-22T04:52:47.180686+00:00,2,25894,98
2026-09-22T04:52:47.180686+00:00,3,25854,99
2026-09-22T04:52:52.247069+00:00,0,9370,75
2026-09-22T04:52:52.247069+00:00,1,9550,71
2026-09-22T04:52:52.247069+00:00,2,9550,64
2026-09-22T04:52:52.247069+00:00,3,9550,60
2026-09-22T04:52:57.317725+00:00,0,10096,6
2026-09-22T04:52:57.317725+00:00,1,10464,9
2026-09-22T04:52:57.317725+00:00,2,10320,6
2026-09-22T04:52:57.317725+00:00,3,10526,9
2026-09-22T04:53:02.379015+00:00,0,11426,16
2026-09-22T04:53:02.379015+00:00,1,11406,33
2026-09-22T04:53:02.379015+00:00,2,11406,19
2026-09-22T04:53:02.379015+00:00,3,11426,30
2026-09-22T04:53:07.440114+00:00,0,9912,20
2026-09-22T04:53:07.440114+00:00,1,3280,85
2026-09-22T04:53:07.440114+00:00,2,5992,20
2026-09-22T04:53:07.440114+00:00,3,3280,86
2026-09-22T04:53:12.505339+00:00,0,32884,76
2026-09-22T04:53:12.505339+00:00,1,32994,67
2026-09-22T04:53:12.505339+00:00,2,32900,62
2026-09-22T04:53:12.505339+00:00,3,33096,68
2026-09-22T04:53:17.566780+00:00,0,32884,64
2026-09-22T04:53:17.566780+00:00,1,32994,70
2026-09-22T04:53:17.566780+00:00,2,32900,65
2026-09-22T04:53:17.566780+00:00,3,33096,67
2026-09-22T04:53:22.631737+00:00,0,32884,71
2026-09-22T04:53:22.631737+00:00,1,32994,67
2026-09-22T04:53:22.631737+00:00,2,32900,70
2026-09-22T04:53:22.631737+00:00,3,33096,71
2026-09-22T04:53:27.699806+00:00,0,32884,66
2026-09-22T04:53:27.699806+00:00,1,32994,67
2026-09-22T04:53:27.699806+00:00,2,32900,70
2026-09-22T04:53:27.699806+00:00,3,33096,75
2026-09-22T04:53:32.761268+00:00,0,32884,77
2026-09-22T04:53:32.761268+00:00,1,32994,67
2026-09-22T04:53:32.761268+00:00,2,32900,70
2026-09-22T04:53:32.761268+00:00,3,33096,78
2026-09-22T04:53:37.829468+00:00,0,32884,68
2026-09-22T04:53:37.829468+00:00,1,32994,73
2026-09-22T04:53:37.829468+00:00,2,32900,67
2026-09-22T04:53:37.829468+00:00,3,33096,69
2026-09-22T04:53:42.909233+00:00,0,32884,74
2026-09-22T04:53:42.909233+00:00,1,32994,72
2026-09-22T04:53:42.909233+00:00,2,32900,75
2026-09-22T04:53:42.909233+00:00,3,33096,69
2026-09-22T04:53:47.984649+00:00,0,32884,69
2026-09-22T04:53:47.984649+00:00,1,32994,75
2026-09-22T04:53:47.984649+00:00,2,32900,72
2026-09-22T04:53:47.984649+00:00,3,33096,70
2026-09-22T04:53:53.082287+00:00,0,32884,77
2026-09-22T04:53:53.082287+00:00,1,32994,69
2026-09-22T04:53:53.082287+00:00,2,32900,71
2026-09-22T04:53:53.082287+00:00,3,33096,79
2026-09-22T04:53:58.162647+00:00,0,32884,75
2026-09-22T04:53:58.162647+00:00,1,32994,72
2026-09-22T04:53:58.162647+00:00,2,32900,72
2026-09-22T04:53:58.162647+00:00,3,33096,71
2026-09-22T04:54:03.255850+00:00,0,32884,77
2026-09-22T04:54:03.255850+00:00,1,32994,79
2026-09-22T04:54:03.255850+00:00,2,32900,76
2026-09-22T04:54:03.255850+00:00,3,33096,73
2026-09-22T04:54:08.347455+00:00,0,32884,78
2026-09-22T04:54:08.347455+00:00,1,32994,75
2026-09-22T04:54:08.347455+00:00,2,32900,70
2026-09-22T04:54:08.347455+00:00,3,33096,75
2026-09-22T04:54:13.428195+00:00,0,32884,79
2026-09-22T04:54:13.428195+00:00,1,32994,74
2026-09-22T04:54:13.428195+00:00,2,32900,74
2026-09-22T04:54:13.428195+00:00,3,33096,79
2026-09-22T04:54:18.501500+00:00,0,32884,82
2026-09-22T04:54:18.501500+00:00,1,32994,77
2026-09-22T04:54:18.501500+00:00,2,32900,79
2026-09-22T04:54:18.501500+00:00,3,33096,78
2026-09-22T04:54:23.570022+00:00,0,32884,78
2026-09-22T04:54:23.570022+00:00,1,32994,75
2026-09-22T04:54:23.570022+00:00,2,32900,80
2026-09-22T04:54:23.570022+00:00,3,33096,72
2026-09-22T04:54:28.658724+00:00,0,32884,79
2026-09-22T04:54:28.658724+00:00,1,32994,83
2026-09-22T04:54:28.658724+00:00,2,32900,79
2026-09-22T04:54:28.658724+00:00,3,33096,85
2026-09-22T04:54:33.727301+00:00,0,32884,83
2026-09-22T04:54:33.727301+00:00,1,32994,79
2026-09-22T04:54:33.727301+00:00,2,32900,76
2026-09-22T04:54:33.727301+00:00,3,33096,76
2026-09-22T04:54:38.790575+00:00,0,32884,83
2026-09-22T04:54:38.790575+00:00,1,32994,82
2026-09-22T04:54:38.790575+00:00,2,32900,85
2026-09-22T04:54:38.790575+00:00,3,33096,83
2026-09-22T04:54:43.867815+00:00,0,32884,83
2026-09-22T04:54:43.867815+00:00,1,32994,77
2026-09-22T04:54:43.867815+00:00,2,32900,82
2026-09-22T04:54:43.867815+00:00,3,33096,79
2026-09-22T04:54:48.936689+00:00,0,32884,81
2026-09-22T04:54:48.936689+00:00,1,32994,83
2026-09-22T04:54:48.936689+00:00,2,32900,84
2026-09-22T04:54:48.936689+00:00,3,33096,79
2026-09-22T04:54:54.010475+00:00,0,32884,79
2026-09-22T04:54:54.010475+00:00,1,32994,81
2026-09-22T04:54:54.010475+00:00,2,32900,81
2026-09-22T04:54:54.010475+00:00,3,33096,79
2026-09-22T04:54:59.099530+00:00,0,32884,80
2026-09-22T04:54:59.099530+00:00,1,32994,81
2026-09-22T04:54:59.099530+00:00,2,32900,85
2026-09-22T04:54:59.099530+00:00,3,33096,85
2026-09-22T04:55:04.174233+00:00,0,32884,83
2026-09-22T04:55:04.174233+00:00,1,32994,88
2026-09-22T04:55:04.174233+00:00,2,32900,86
2026-09-22T04:55:04.174233+00:00,3,33096,83
2026-09-22T04:55:09.248077+00:00,0,32884,79
2026-09-22T04:55:09.248077+00:00,1,32994,88
2026-09-22T04:55:09.248077+00:00,2,32900,81
2026-09-22T04:55:09.248077+00:00,3,33096,78
2026-09-22T04:55:14.324210+00:00,0,32884,83
2026-09-22T04:55:14.324210+00:00,1,32994,83
2026-09-22T04:55:14.324210+00:00,2,32900,81
2026-09-22T04:55:14.324210+00:00,3,33096,84
2026-09-22T04:55:19.390420+00:00,0,32884,84
2026-09-22T04:55:19.390420+00:00,1,32994,84
2026-09-22T04:55:19.390420+00:00,2,32900,83
2026-09-22T04:55:19.390420+00:00,3,33096,88
2026-09-22T04:55:24.460319+00:00,0,32884,83
2026-09-22T04:55:24.460319+00:00,1,32994,79
2026-09-22T04:55:24.460319+00:00,2,32900,83
2026-09-22T04:55:24.460319+00:00,3,33096,81
2026-09-22T04:55:29.540620+00:00,0,32884,87
2026-09-22T04:55:29.540620+00:00,1,32994,84
2026-09-22T04:55:29.540620+00:00,2,32900,82
2026-09-22T04:55:29.540620+00:00,3,33096,89
2026-09-22T04:55:34.614793+00:00,0,32884,83
2026-09-22T04:55:34.614793+00:00,1,32994,81
2026-09-22T04:55:34.614793+00:00,2,32900,82
2026-09-22T04:55:34.614793+00:00,3,33096,79
2026-09-22T04:55:39.705344+00:00,0,32884,82
2026-09-22T04:55:39.705344+00:00,1,32994,80
2026-09-22T04:55:39.705344+00:00,2,32900,79
2026-09-22T04:55:39.705344+00:00,3,33096,83
2026-09-22T04:55:44.789012+00:00,0,32884,84
2026-09-22T04:55:44.789012+00:00,1,32994,83
2026-09-22T04:55:44.789012+00:00,2,32900,82
2026-09-22T04:55:44.789012+00:00,3,33096,90
2026-09-22T04:55:49.859171+00:00,0,32884,88
2026-09-22T04:55:49.859171+00:00,1,32994,83
2026-09-22T04:55:49.859171+00:00,2,32900,83
2026-09-22T04:55:49.859171+00:00,3,33096,86
2026-09-22T04:55:54.931146+00:00,0,32884,91
2026-09-22T04:55:54.931146+00:00,1,32994,84
2026-09-22T04:55:54.931146+00:00,2,32900,87
2026-09-22T04:55:54.931146+00:00,3,33096,84
2026-09-22T04:56:00.000410+00:00,0,32884,83
2026-09-22T04:56:00.000410+00:00,1,32994,90
2026-09-22T04:56:00.000410+00:00,2,32900,84
2026-09-22T04:56:00.000410+00:00,3,33096,86
2026-09-22T04:56:05.068921+00:00,0,32884,85
2026-09-22T04:56:05.068921+00:00,1,32994,86
2026-09-22T04:56:05.068921+00:00,2,32900,87
2026-09-22T04:56:05.068921+00:00,3,33096,87
2026-09-22T04:56:10.136612+00:00,0,32884,87
2026-09-22T04:56:10.136612+00:00,1,32994,88
2026-09-22T04:56:10.136612+00:00,2,32900,87
2026-09-22T04:56:10.136612+00:00,3,33096,89
2026-09-22T04:56:15.205174+00:00,0,32884,86
2026-09-22T04:56:15.205174+00:00,1,32994,87
2026-09-22T04:56:15.205174+00:00,2,32900,87
2026-09-22T04:56:15.205174+00:00,3,33096,93
2026-09-22T04:56:20.278467+00:00,0,32884,85
2026-09-22T04:56:20.278467+00:00,1,32994,92
2026-09-22T04:56:20.278467+00:00,2,32900,89
2026-09-22T04:56:20.278467+00:00,3,33096,91
2026-09-22T04:56:25.341910+00:00,0,32884,82
2026-09-22T04:56:25.341910+00:00,1,32994,82
2026-09-22T04:56:25.341910+00:00,2,32900,85
2026-09-22T04:56:25.341910+00:00,3,33096,87
2026-09-22T04:56:30.407854+00:00,0,32884,86
2026-09-22T04:56:30.407854+00:00,1,32994,91
2026-09-22T04:56:30.407854+00:00,2,32900,85
2026-09-22T04:56:30.407854+00:00,3,33096,89
2026-09-22T04:56:35.472186+00:00,0,32884,89
2026-09-22T04:56:35.472186+00:00,1,32994,91
2026-09-22T04:56:35.472186+00:00,2,32900,87
2026-09-22T04:56:35.472186+00:00,3,33096,86
2026-09-22T04:56:40.538697+00:00,0,32884,87
2026-09-22T04:56:40.538697+00:00,1,32994,86
2026-09-22T04:56:40.538697+00:00,2,32900,86
2026-09-22T04:56:40.538697+00:00,3,33096,85
2026-09-22T04:56:45.611183+00:00,0,32884,90
2026-09-22T04:56:45.611183+00:00,1,32994,86
2026-09-22T04:56:45.611183+00:00,2,32900,87
2026-09-22T04:56:45.611183+00:00,3,33096,86
2026-09-22T04:56:50.683093+00:00,0,32884,86
2026-09-22T04:56:50.683093+00:00,1,32994,83
2026-09-22T04:56:50.683093+00:00,2,32900,94
2026-09-22T04:56:50.683093+00:00,3,33096,88
2026-09-22T04:56:55.758822+00:00,0,32884,88
2026-09-22T04:56:55.758822+00:00,1,32994,83
2026-09-22T04:56:55.758822+00:00,2,32900,85
2026-09-22T04:56:55.758822+00:00,3,33096,84
2026-09-22T04:57:00.834681+00:00,0,32884,81
2026-09-22T04:57:00.834681+00:00,1,32994,87
2026-09-22T04:57:00.834681+00:00,2,32900,87
2026-09-22T04:57:00.834681+00:00,3,33096,82
2026-09-22T04:57:05.907967+00:00,0,32884,83
2026-09-22T04:57:05.907967+00:00,1,32994,84
2026-09-22T04:57:05.907967+00:00,2,32900,81
2026-09-22T04:57:05.907967+00:00,3,33096,83
2026-09-22T04:57:10.992161+00:00,0,32884,85
2026-09-22T04:57:10.992161+00:00,1,32994,85
2026-09-22T04:57:10.992161+00:00,2,32900,86
2026-09-22T04:57:10.992161+00:00,3,33096,89
2026-09-22T04:57:16.052622+00:00,0,32884,85
2026-09-22T04:57:16.052622+00:00,1,32994,85
2026-09-22T04:57:16.052622+00:00,2,32900,84
2026-09-22T04:57:16.052622+00:00,3,33096,89
2026-09-22T04:57:21.128888+00:00,0,32884,86
2026-09-22T04:57:21.128888+00:00,1,32994,86
2026-09-22T04:57:21.128888+00:00,2,32900,87
2026-09-22T04:57:21.128888+00:00,3,33096,88
2026-09-22T04:57:26.204180+00:00,0,32884,88
2026-09-22T04:57:26.204180+00:00,1,32994,85
2026-09-22T04:57:26.204180+00:00,2,32900,92
2026-09-22T04:57:26.204180+00:00,3,33096,84
2026-09-22T04:57:31.280329+00:00,0,32884,92
2026-09-22T04:57:31.280329+00:00,1,32994,89
2026-09-22T04:57:31.280329+00:00,2,32900,94
2026-09-22T04:57:31.280329+00:00,3,33096,80
2026-09-22T04:57:36.373872+00:00,0,32884,90
2026-09-22T04:57:36.373872+00:00,1,32994,89
2026-09-22T04:57:36.373872+00:00,2,32900,92
2026-09-22T04:57:36.373872+00:00,3,33096,0
2026-09-22T04:57:41.443742+00:00,0,32884,89
2026-09-22T04:57:41.443742+00:00,1,32994,0
2026-09-22T04:57:41.443742+00:00,2,32900,79
2026-09-22T04:57:41.443742+00:00,3,33096,0
2026-09-22T04:57:46.496431+00:00,0,32884,67
2026-09-22T04:57:46.496431+00:00,1,32994,0
2026-09-22T04:57:46.496431+00:00,2,32900,0
2026-09-22T04:57:46.496431+00:00,3,33096,0
2026-09-22T04:57:51.573363+00:00,0,7786,94
2026-09-22T04:57:51.573363+00:00,1,7126,94
2026-09-22T04:57:51.573363+00:00,2,7786,95
2026-09-22T04:57:51.573363+00:00,3,7786,95
2026-09-22T04:57:56.639682+00:00,0,8130,99
2026-09-22T04:57:56.639682+00:00,1,7510,95
2026-09-22T04:57:56.639682+00:00,2,8150,96
2026-09-22T04:57:56.639682+00:00,3,8190,96
2026-09-22T04:58:01.706597+00:00,0,8856,99
2026-09-22T04:58:01.706597+00:00,1,8196,99
2026-09-22T04:58:01.706597+00:00,2,8856,99
2026-09-22T04:58:01.706597+00:00,3,8856,97
2026-09-22T04:58:06.762442+00:00,0,9140,98
2026-09-22T04:58:06.762442+00:00,1,8540,97
2026-09-22T04:58:06.762442+00:00,2,9160,97
2026-09-22T04:58:06.762442+00:00,3,9120,99
2026-09-22T04:58:11.821664+00:00,0,9564,99
2026-09-22T04:58:11.821664+00:00,1,9004,98
2026-09-22T04:58:11.821664+00:00,2,9604,98
2026-09-22T04:58:11.821664+00:00,3,9584,100
2026-09-22T04:58:16.887861+00:00,0,9868,99
2026-09-22T04:58:16.887861+00:00,1,9288,99
2026-09-22T04:58:16.887861+00:00,2,9888,99
2026-09-22T04:58:16.887861+00:00,3,9888,99
2026-09-22T04:58:21.954903+00:00,0,9932,99
2026-09-22T04:58:21.954903+00:00,1,9352,99
2026-09-22T04:58:21.954903+00:00,2,9952,99
2026-09-22T04:58:21.954903+00:00,3,9932,100
2026-09-22T04:58:27.014734+00:00,0,9936,99
2026-09-22T04:58:27.014734+00:00,1,9356,99
2026-09-22T04:58:27.014734+00:00,2,9956,98
2026-09-22T04:58:27.014734+00:00,3,9936,99
2026-09-22T04:58:32.081737+00:00,0,9940,99
2026-09-22T04:58:32.081737+00:00,1,9360,99
2026-09-22T04:58:32.081737+00:00,2,9962,99
2026-09-22T04:58:32.081737+00:00,3,9940,99
2026-09-22T04:58:37.147611+00:00,0,9946,99
2026-09-22T04:58:37.147611+00:00,1,9366,99
2026-09-22T04:58:37.147611+00:00,2,9966,98
2026-09-22T04:58:37.147611+00:00,3,9946,99
2026-09-22T04:58:42.215523+00:00,0,9950,99
2026-09-22T04:58:42.215523+00:00,1,9370,99
2026-09-22T04:58:42.215523+00:00,2,9970,94
2026-09-22T04:58:42.215523+00:00,3,9950,100
2026-09-22T04:58:47.272577+00:00,0,18428,98
2026-09-22T04:58:47.272577+00:00,1,18288,95
2026-09-22T04:58:47.272577+00:00,2,18268,86
2026-09-22T04:58:47.272577+00:00,3,18428,51
2026-09-22T04:58:52.332584+00:00,0,18718,96
2026-09-22T04:58:52.332584+00:00,1,18578,98
2026-09-22T04:58:52.332584+00:00,2,18738,97
2026-09-22T04:58:52.332584+00:00,3,18578,96
2026-09-22T04:58:57.396446+00:00,0,19420,99
2026-09-22T04:58:57.396446+00:00,1,18718,97
2026-09-22T04:58:57.396446+00:00,2,19460,99
2026-09-22T04:58:57.396446+00:00,3,18700,99
2026-09-22T04:59:02.466714+00:00,0,21422,99
2026-09-22T04:59:02.466714+00:00,1,21322,100
2026-09-22T04:59:02.466714+00:00,2,21082,97
2026-09-22T04:59:02.466714+00:00,3,21282,98
2026-09-22T04:59:07.536375+00:00,0,21424,95
2026-09-22T04:59:07.536375+00:00,1,21324,94
2026-09-22T04:59:07.536375+00:00,2,21084,95
2026-09-22T04:59:07.536375+00:00,3,21284,95
2026-09-22T04:59:12.595193+00:00,0,21428,97
2026-09-22T04:59:12.595193+00:00,1,21328,94
2026-09-22T04:59:12.595193+00:00,2,21088,87
2026-09-22T04:59:12.595193+00:00,3,21286,89
2026-09-22T04:59:17.657642+00:00,0,21434,99
2026-09-22T04:59:17.657642+00:00,1,21334,99
2026-09-22T04:59:17.657642+00:00,2,21094,97
2026-09-22T04:59:17.657642+00:00,3,21294,89
2026-09-22T04:59:22.726680+00:00,0,21434,92
2026-09-22T04:59:22.726680+00:00,1,21334,92
2026-09-22T04:59:22.726680+00:00,2,21094,99
2026-09-22T04:59:22.726680+00:00,3,21294,91
2026-09-22T04:59:27.793568+00:00,0,21434,97
2026-09-22T04:59:27.793568+00:00,1,21334,95
2026-09-22T04:59:27.793568+00:00,2,21094,96
2026-09-22T04:59:27.793568+00:00,3,21294,98
2026-09-22T04:59:32.865570+00:00,0,25714,89
2026-09-22T04:59:32.865570+00:00,1,25754,99
2026-09-22T04:59:32.865570+00:00,2,25754,99
2026-09-22T04:59:32.865570+00:00,3,25774,99
2026-09-22T04:59:37.935723+00:00,0,25714,98
2026-09-22T04:59:37.935723+00:00,1,25754,99
2026-09-22T04:59:37.935723+00:00,2,25814,98
2026-09-22T04:59:37.935723+00:00,3,25874,98
2026-09-22T04:59:42.999719+00:00,0,25874,99
2026-09-22T04:59:42.999719+00:00,1,25794,100
2026-09-22T04:59:42.999719+00:00,2,25814,99
2026-09-22T04:59:42.999719+00:00,3,25874,99
2026-09-22T04:59:48.071191+00:00,0,25874,98
2026-09-22T04:59:48.071191+00:00,1,25794,87
2026-09-22T04:59:48.071191+00:00,2,25814,99
2026-09-22T04:59:48.071191+00:00,3,25874,94
2026-09-22T04:59:53.145387+00:00,0,25874,99
2026-09-22T04:59:53.145387+00:00,1,25794,99
2026-09-22T04:59:53.145387+00:00,2,25814,99
2026-09-22T04:59:53.145387+00:00,3,25874,99
2026-09-22T04:59:58.216574+00:00,0,25874,99
2026-09-22T04:59:58.216574+00:00,1,25794,99
2026-09-22T04:59:58.216574+00:00,2,25814,99
2026-09-22T04:59:58.216574+00:00,3,25874,99
2026-09-22T05:00:03.285954+00:00,0,25874,100
2026-09-22T05:00:03.285954+00:00,1,25794,91
2026-09-22T05:00:03.285954+00:00,2,25814,99
2026-09-22T05:00:03.285954+00:00,3,25874,98
2026-09-22T05:00:08.357755+00:00,0,25874,99
2026-09-22T05:00:08.357755+00:00,1,25794,93
2026-09-22T05:00:08.357755+00:00,2,25814,92
2026-09-22T05:00:08.357755+00:00,3,25874,99
2026-09-22T05:00:13.430415+00:00,0,25874,91
2026-09-22T05:00:13.430415+00:00,1,25794,99
2026-09-22T05:00:13.430415+00:00,2,25814,93
2026-09-22T05:00:13.430415+00:00,3,25874,92
2026-09-22T05:00:18.499508+00:00,0,25874,95
2026-09-22T05:00:18.499508+00:00,1,25794,95
2026-09-22T05:00:18.499508+00:00,2,25814,97
2026-09-22T05:00:18.499508+00:00,3,25874,100
2026-09-22T05:00:23.573480+00:00,0,25874,99
2026-09-22T05:00:23.573480+00:00,1,25794,99
2026-09-22T05:00:23.573480+00:00,2,25814,87
2026-09-22T05:00:23.573480+00:00,3,25874,98
2026-09-22T05:00:28.645709+00:00,0,25874,99
2026-09-22T05:00:28.645709+00:00,1,25794,99
2026-09-22T05:00:28.645709+00:00,2,25814,99
2026-09-22T05:00:28.645709+00:00,3,25874,100
2026-09-22T05:00:33.718602+00:00,0,25874,99
2026-09-22T05:00:33.718602+00:00,1,25794,99
2026-09-22T05:00:33.718602+00:00,2,25854,99
2026-09-22T05:00:33.718602+00:00,3,25874,99
2026-09-22T05:00:38.782722+00:00,0,25874,98
2026-09-22T05:00:38.782722+00:00,1,25794,98
2026-09-22T05:00:38.782722+00:00,2,25854,99
2026-09-22T05:00:38.782722+00:00,3,25874,98
2026-09-22T05:00:43.846113+00:00,0,25874,99
2026-09-22T05:00:43.846113+00:00,1,25794,99
2026-09-22T05:00:43.846113+00:00,2,25854,99
2026-09-22T05:00:43.846113+00:00,3,25874,99
2026-09-22T05:00:48.919834+00:00,0,25874,99
2026-09-22T05:00:48.919834+00:00,1,25794,88
2026-09-22T05:00:48.919834+00:00,2,25854,99
2026-09-22T05:00:48.919834+00:00,3,25874,89
2026-09-22T05:00:53.991153+00:00,0,25874,100
2026-09-22T05:00:53.991153+00:00,1,25794,99
2026-09-22T05:00:53.991153+00:00,2,25854,99
2026-09-22T05:00:53.991153+00:00,3,25874,99
2026-09-22T05:00:59.062688+00:00,0,25874,94
2026-09-22T05:00:59.062688+00:00,1,25794,92
2026-09-22T05:00:59.062688+00:00,2,25854,99
2026-09-22T05:00:59.062688+00:00,3,25874,99
2026-09-22T05:01:04.125421+00:00,0,25874,90
2026-09-22T05:01:04.125421+00:00,1,25794,95
2026-09-22T05:01:04.125421+00:00,2,25854,96
2026-09-22T05:01:04.125421+00:00,3,25874,89
2026-09-22T05:01:09.203177+00:00,0,25874,97
2026-09-22T05:01:09.203177+00:00,1,25794,96
2026-09-22T05:01:09.203177+00:00,2,25854,98
2026-09-22T05:01:09.203177+00:00,3,25874,99
2026-09-22T05:01:14.273603+00:00,0,25874,97
2026-09-22T05:01:14.273603+00:00,1,25794,96
2026-09-22T05:01:14.273603+00:00,2,25854,98
2026-09-22T05:01:14.273603+00:00,3,25874,99
2026-09-22T05:01:19.344238+00:00,0,25874,96
2026-09-22T05:01:19.344238+00:00,1,25794,97
2026-09-22T05:01:19.344238+00:00,2,25854,100
2026-09-22T05:01:19.344238+00:00,3,25874,97
2026-09-22T05:01:24.412293+00:00,0,25874,99
2026-09-22T05:01:24.412293+00:00,1,25794,100
2026-09-22T05:01:24.412293+00:00,2,25854,96
2026-09-22T05:01:24.412293+00:00,3,25874,97
2026-09-22T05:01:29.480761+00:00,0,25874,99
2026-09-22T05:01:29.480761+00:00,1,25794,98
2026-09-22T05:01:29.480761+00:00,2,25854,99
2026-09-22T05:01:29.480761+00:00,3,25874,99
2026-09-22T05:01:34.553622+00:00,0,25874,94
2026-09-22T05:01:34.553622+00:00,1,25794,94
2026-09-22T05:01:34.553622+00:00,2,25854,99
2026-09-22T05:01:34.553622+00:00,3,25874,91
2026-09-22T05:01:39.626672+00:00,0,3426,38
2026-09-22T05:01:39.626672+00:00,1,5060,59
2026-09-22T05:01:39.626672+00:00,2,3486,77
2026-09-22T05:01:39.626672+00:00,3,5060,83
2026-09-22T05:01:44.683740+00:00,0,10178,6
2026-09-22T05:01:44.683740+00:00,1,10322,8
2026-09-22T05:01:44.683740+00:00,2,10198,5
2026-09-22T05:01:44.683740+00:00,3,10096,6
2026-09-22T05:01:49.744106+00:00,0,11426,29
2026-09-22T05:01:49.744106+00:00,1,11406,27
2026-09-22T05:01:49.744106+00:00,2,11406,33
2026-09-22T05:01:49.744106+00:00,3,11426,17
2026-09-22T05:01:54.804234+00:00,0,5208,59
2026-09-22T05:01:54.804234+00:00,1,5208,0
2026-09-22T05:01:54.804234+00:00,2,5188,0
2026-09-22T05:01:54.804234+00:00,3,5208,85
2026-09-22T05:01:59.854340+00:00,0,32632,59
2026-09-22T05:01:59.854340+00:00,1,32722,67
2026-09-22T05:01:59.854340+00:00,2,32570,67
2026-09-22T05:01:59.854340+00:00,3,32642,64
2026-09-22T05:02:04.917841+00:00,0,32632,70
2026-09-22T05:02:04.917841+00:00,1,32722,68
2026-09-22T05:02:04.917841+00:00,2,32570,65
2026-09-22T05:02:04.917841+00:00,3,32642,61
2026-09-22T05:02:09.981443+00:00,0,32632,71
2026-09-22T05:02:09.981443+00:00,1,32722,73
2026-09-22T05:02:09.981443+00:00,2,32570,69
2026-09-22T05:02:09.981443+00:00,3,32642,68
2026-09-22T05:02:15.044297+00:00,0,32632,68
2026-09-22T05:02:15.044297+00:00,1,32722,68
2026-09-22T05:02:15.044297+00:00,2,32570,68
2026-09-22T05:02:15.044297+00:00,3,32642,62
2026-09-22T05:02:20.124216+00:00,0,32632,73
2026-09-22T05:02:20.124216+00:00,1,32722,65
2026-09-22T05:02:20.124216+00:00,2,32570,69
2026-09-22T05:02:20.124216+00:00,3,32642,63
2026-09-22T05:02:25.205408+00:00,0,32632,71
2026-09-22T05:02:25.205408+00:00,1,32722,69
2026-09-22T05:02:25.205408+00:00,2,32570,70
2026-09-22T05:02:25.205408+00:00,3,32642,69
2026-09-22T05:02:30.285858+00:00,0,32632,70
2026-09-22T05:02:30.285858+00:00,1,32722,72
2026-09-22T05:02:30.285858+00:00,2,32570,66
2026-09-22T05:02:30.285858+00:00,3,32642,75
2026-09-22T05:02:35.369406+00:00,0,32632,72
2026-09-22T05:02:35.369406+00:00,1,32722,73
2026-09-22T05:02:35.369406+00:00,2,32570,73
2026-09-22T05:02:35.369406+00:00,3,32642,70
2026-09-22T05:02:40.448505+00:00,0,32632,78
2026-09-22T05:02:40.448505+00:00,1,32722,75
2026-09-22T05:02:40.448505+00:00,2,32570,75
2026-09-22T05:02:40.448505+00:00,3,32642,70
2026-09-22T05:02:45.539567+00:00,0,32632,74
2026-09-22T05:02:45.539567+00:00,1,32722,69
2026-09-22T05:02:45.539567+00:00,2,32570,78
2026-09-22T05:02:45.539567+00:00,3,32642,77
2026-09-22T05:02:50.625468+00:00,0,32632,77
2026-09-22T05:02:50.625468+00:00,1,32722,76
2026-09-22T05:02:50.625468+00:00,2,32570,72
2026-09-22T05:02:50.625468+00:00,3,32642,76
2026-09-22T05:02:55.706615+00:00,0,32632,79
2026-09-22T05:02:55.706615+00:00,1,32722,77
2026-09-22T05:02:55.706615+00:00,2,32570,79
2026-09-22T05:02:55.706615+00:00,3,32642,74
2026-09-22T05:03:00.789135+00:00,0,32632,82
2026-09-22T05:03:00.789135+00:00,1,32722,73
2026-09-22T05:03:00.789135+00:00,2,32570,75
2026-09-22T05:03:00.789135+00:00,3,32642,75
2026-09-22T05:03:05.870920+00:00,0,32632,72
2026-09-22T05:03:05.870920+00:00,1,32722,75
2026-09-22T05:03:05.870920+00:00,2,32570,75
2026-09-22T05:03:05.870920+00:00,3,32642,74
2026-09-22T05:03:10.956693+00:00,0,32632,74
2026-09-22T05:03:10.956693+00:00,1,32722,81
2026-09-22T05:03:10.956693+00:00,2,32570,74
2026-09-22T05:03:10.956693+00:00,3,32642,73
2026-09-22T05:03:16.035745+00:00,0,32632,79
2026-09-22T05:03:16.035745+00:00,1,32722,83
2026-09-22T05:03:16.035745+00:00,2,32570,81
2026-09-22T05:03:16.035745+00:00,3,32642,74
2026-09-22T05:03:21.109634+00:00,0,32632,80
2026-09-22T05:03:21.109634+00:00,1,32722,77
2026-09-22T05:03:21.109634+00:00,2,32570,82
2026-09-22T05:03:21.109634+00:00,3,32642,78
2026-09-22T05:03:26.178381+00:00,0,32632,81
2026-09-22T05:03:26.178381+00:00,1,32722,76
2026-09-22T05:03:26.178381+00:00,2,32570,77
2026-09-22T05:03:26.178381+00:00,3,32642,79
2026-09-22T05:03:31.265447+00:00,0,32632,79
2026-09-22T05:03:31.265447+00:00,1,32722,81
2026-09-22T05:03:31.265447+00:00,2,32570,79
2026-09-22T05:03:31.265447+00:00,3,32642,81
2026-09-22T05:03:36.348521+00:00,0,32632,79
2026-09-22T05:03:36.348521+00:00,1,32722,80
2026-09-22T05:03:36.348521+00:00,2,32570,80
2026-09-22T05:03:36.348521+00:00,3,32642,80
2026-09-22T05:03:41.441040+00:00,0,32632,80
2026-09-22T05:03:41.441040+00:00,1,32722,82
2026-09-22T05:03:41.441040+00:00,2,32570,83
2026-09-22T05:03:41.441040+00:00,3,32642,83
2026-09-22T05:03:46.515207+00:00,0,32632,83
2026-09-22T05:03:46.515207+00:00,1,32722,82
2026-09-22T05:03:46.515207+00:00,2,32570,89
2026-09-22T05:03:46.515207+00:00,3,32642,81
2026-09-22T05:03:51.589116+00:00,0,32632,80
2026-09-22T05:03:51.589116+00:00,1,32722,82
2026-09-22T05:03:51.589116+00:00,2,32570,85
2026-09-22T05:03:51.589116+00:00,3,32642,82
2026-09-22T05:03:56.666431+00:00,0,32632,82
2026-09-22T05:03:56.666431+00:00,1,32722,81
2026-09-22T05:03:56.666431+00:00,2,32570,86
2026-09-22T05:03:56.666431+00:00,3,32642,84
2026-09-22T05:04:01.767062+00:00,0,32632,86
2026-09-22T05:04:01.767062+00:00,1,32722,81
2026-09-22T05:04:01.767062+00:00,2,32570,81
2026-09-22T05:04:01.767062+00:00,3,32642,79
2026-09-22T05:04:06.867352+00:00,0,32632,85
2026-09-22T05:04:06.867352+00:00,1,32722,83
2026-09-22T05:04:06.867352+00:00,2,32570,83
2026-09-22T05:04:06.867352+00:00,3,32642,81
2026-09-22T05:04:11.939222+00:00,0,32632,80
2026-09-22T05:04:11.939222+00:00,1,32722,78
2026-09-22T05:04:11.939222+00:00,2,32570,84
2026-09-22T05:04:11.939222+00:00,3,32642,79
2026-09-22T05:04:17.025364+00:00,0,32632,87
2026-09-22T05:04:17.025364+00:00,1,32722,81
2026-09-22T05:04:17.025364+00:00,2,32570,82
2026-09-22T05:04:17.025364+00:00,3,32642,83
2026-09-22T05:04:22.100715+00:00,0,32632,80
2026-09-22T05:04:22.100715+00:00,1,32722,76
2026-09-22T05:04:22.100715+00:00,2,32570,82
2026-09-22T05:04:22.100715+00:00,3,32642,72
2026-09-22T05:04:27.162442+00:00,0,32632,87
2026-09-22T05:04:27.162442+00:00,1,32722,87
2026-09-22T05:04:27.162442+00:00,2,32570,83
2026-09-22T05:04:27.162442+00:00,3,32642,81
2026-09-22T05:04:32.240098+00:00,0,32632,86
2026-09-22T05:04:32.240098+00:00,1,32722,83
2026-09-22T05:04:32.240098+00:00,2,32570,86
2026-09-22T05:04:32.240098+00:00,3,32642,84
2026-09-22T05:04:37.312510+00:00,0,32632,83
2026-09-22T05:04:37.312510+00:00,1,32722,81
2026-09-22T05:04:37.312510+00:00,2,32570,85
2026-09-22T05:04:37.312510+00:00,3,32642,80
2026-09-22T05:04:42.386701+00:00,0,32632,80
2026-09-22T05:04:42.386701+00:00,1,32722,82
2026-09-22T05:04:42.386701+00:00,2,32570,81
2026-09-22T05:04:42.386701+00:00,3,32642,82
2026-09-22T05:04:47.465198+00:00,0,32632,88
2026-09-22T05:04:47.465198+00:00,1,32722,88
2026-09-22T05:04:47.465198+00:00,2,32570,81
2026-09-22T05:04:47.465198+00:00,3,32642,86
2026-09-22T05:04:52.541644+00:00,0,32632,88
2026-09-22T05:04:52.541644+00:00,1,32722,86
2026-09-22T05:04:52.541644+00:00,2,32570,90
2026-09-22T05:04:52.541644+00:00,3,32642,84
2026-09-22T05:04:57.603377+00:00,0,32632,90
2026-09-22T05:04:57.603377+00:00,1,32722,86
2026-09-22T05:04:57.603377+00:00,2,32570,91
2026-09-22T05:04:57.603377+00:00,3,32642,86
2026-09-22T05:05:02.675708+00:00,0,32632,84
2026-09-22T05:05:02.675708+00:00,1,32722,86
2026-09-22T05:05:02.675708+00:00,2,32570,83
2026-09-22T05:05:02.675708+00:00,3,32642,86
2026-09-22T05:05:07.747193+00:00,0,32632,84
2026-09-22T05:05:07.747193+00:00,1,32722,80
2026-09-22T05:05:07.747193+00:00,2,32570,83
2026-09-22T05:05:07.747193+00:00,3,32642,87
2026-09-22T05:05:12.822015+00:00,0,32632,81
2026-09-22T05:05:12.822015+00:00,1,32722,86
2026-09-22T05:05:12.822015+00:00,2,32570,86
2026-09-22T05:05:12.822015+00:00,3,32642,87
2026-09-22T05:05:17.894268+00:00,0,32632,82
2026-09-22T05:05:17.894268+00:00,1,32722,84
2026-09-22T05:05:17.894268+00:00,2,32570,91
2026-09-22T05:05:17.894268+00:00,3,32642,84
2026-09-22T05:05:22.966332+00:00,0,32632,84
2026-09-22T05:05:22.966332+00:00,1,32722,89
2026-09-22T05:05:22.966332+00:00,2,32570,87
2026-09-22T05:05:22.966332+00:00,3,32642,87
2026-09-22T05:05:28.044645+00:00,0,32632,87
2026-09-22T05:05:28.044645+00:00,1,32722,87
2026-09-22T05:05:28.044645+00:00,2,32570,81
2026-09-22T05:05:28.044645+00:00,3,32642,86
2026-09-22T05:05:33.120016+00:00,0,32632,87
2026-09-22T05:05:33.120016+00:00,1,32722,87
2026-09-22T05:05:33.120016+00:00,2,32570,82
2026-09-22T05:05:33.120016+00:00,3,32642,88
2026-09-22T05:05:38.197742+00:00,0,32632,83
2026-09-22T05:05:38.197742+00:00,1,32722,81
2026-09-22T05:05:38.197742+00:00,2,32570,87
2026-09-22T05:05:38.197742+00:00,3,32642,88
2026-09-22T05:05:43.288974+00:00,0,32632,81
2026-09-22T05:05:43.288974+00:00,1,32722,87
2026-09-22T05:05:43.288974+00:00,2,32570,82
2026-09-22T05:05:43.288974+00:00,3,32642,79
2026-09-22T05:05:48.376075+00:00,0,32632,88
2026-09-22T05:05:48.376075+00:00,1,32722,85
2026-09-22T05:05:48.376075+00:00,2,32570,81
2026-09-22T05:05:48.376075+00:00,3,32642,94
2026-09-22T05:05:53.458941+00:00,0,32632,83
2026-09-22T05:05:53.458941+00:00,1,32722,91
2026-09-22T05:05:53.458941+00:00,2,32570,89
2026-09-22T05:05:53.458941+00:00,3,32642,85
2026-09-22T05:05:58.524512+00:00,0,32632,90
2026-09-22T05:05:58.524512+00:00,1,32722,88
2026-09-22T05:05:58.524512+00:00,2,32570,92
2026-09-22T05:05:58.524512+00:00,3,32642,89
2026-09-22T05:06:03.613386+00:00,0,32632,87
2026-09-22T05:06:03.613386+00:00,1,32722,84
2026-09-22T05:06:03.613386+00:00,2,32570,90
2026-09-22T05:06:03.613386+00:00,3,32642,85
2026-09-22T05:06:08.688544+00:00,0,32632,87
2026-09-22T05:06:08.688544+00:00,1,32722,89
2026-09-22T05:06:08.688544+00:00,2,32570,85
2026-09-22T05:06:08.688544+00:00,3,32642,86
2026-09-22T05:06:13.769514+00:00,0,32632,89
2026-09-22T05:06:13.769514+00:00,1,32722,86
2026-09-22T05:06:13.769514+00:00,2,32570,91
2026-09-22T05:06:13.769514+00:00,3,32642,86
2026-09-22T05:06:18.843770+00:00,0,32632,89
2026-09-22T05:06:18.843770+00:00,1,32722,87
2026-09-22T05:06:18.843770+00:00,2,32570,89
2026-09-22T05:06:18.843770+00:00,3,32642,89
2026-09-22T05:06:23.928531+00:00,0,32632,84
2026-09-22T05:06:23.928531+00:00,1,32722,86
2026-09-22T05:06:23.928531+00:00,2,32570,87
2026-09-22T05:06:23.928531+00:00,3,32642,85
2026-09-22T05:06:28.995517+00:00,0,32632,88
2026-09-22T05:06:28.995517+00:00,1,32722,89
2026-09-22T05:06:28.995517+00:00,2,32570,89
2026-09-22T05:06:28.995517+00:00,3,32642,86
2026-09-22T05:06:34.063821+00:00,0,32632,89
2026-09-22T05:06:34.063821+00:00,1,32722,87
2026-09-22T05:06:34.063821+00:00,2,32570,87
2026-09-22T05:06:34.063821+00:00,3,32642,86
2026-09-22T05:06:39.130773+00:00,0,32632,83
2026-09-22T05:06:39.130773+00:00,1,32722,84
2026-09-22T05:06:39.130773+00:00,2,32570,89
2026-09-22T05:06:39.130773+00:00,3,32642,0
2026-09-22T05:06:44.209382+00:00,0,32632,84
2026-09-22T05:06:44.209382+00:00,1,32722,0
2026-09-22T05:06:44.209382+00:00,2,32570,83
2026-09-22T05:06:44.209382+00:00,3,32642,0
2026-09-22T05:06:49.267851+00:00,0,32632,0
2026-09-22T05:06:49.267851+00:00,1,32722,0
2026-09-22T05:06:49.267851+00:00,2,32570,82
2026-09-22T05:06:49.267851+00:00,3,32642,0
2026-09-22T05:06:54.329430+00:00,0,7786,99
2026-09-22T05:06:54.329430+00:00,1,7106,95
2026-09-22T05:06:54.329430+00:00,2,7786,78
2026-09-22T05:06:54.329430+00:00,3,7786,75
2026-09-22T05:06:59.385970+00:00,0,8070,99
2026-09-22T05:06:59.385970+00:00,1,7410,96
2026-09-22T05:06:59.385970+00:00,2,8090,93
2026-09-22T05:06:59.385970+00:00,3,8070,99
2026-09-22T05:07:04.453326+00:00,0,8834,99
2026-09-22T05:07:04.453326+00:00,1,8214,99
2026-09-22T05:07:04.453326+00:00,2,8894,97
2026-09-22T05:07:04.453326+00:00,3,8974,99
2026-09-22T05:07:09.524388+00:00,0,9240,96
2026-09-22T05:07:09.524388+00:00,1,8600,97
2026-09-22T05:07:09.524388+00:00,2,9240,98
2026-09-22T05:07:09.524388+00:00,3,9240,99
2026-09-22T05:07:14.592679+00:00,0,9622,99
2026-09-22T05:07:14.592679+00:00,1,9042,99
2026-09-22T05:07:14.592679+00:00,2,9622,98
2026-09-22T05:07:14.592679+00:00,3,9622,99
2026-09-22T05:07:19.658547+00:00,0,9928,99
2026-09-22T05:07:19.658547+00:00,1,9328,99
2026-09-22T05:07:19.658547+00:00,2,9928,99
2026-09-22T05:07:19.658547+00:00,3,9928,99
2026-09-22T05:07:24.725434+00:00,0,10110,99
2026-09-22T05:07:24.725434+00:00,1,9550,99
2026-09-22T05:07:24.725434+00:00,2,10110,99
2026-09-22T05:07:24.725434+00:00,3,10110,99
2026-09-22T05:07:29.792394+00:00,0,10116,99
2026-09-22T05:07:29.792394+00:00,1,9556,99
2026-09-22T05:07:29.792394+00:00,2,10116,98
2026-09-22T05:07:29.792394+00:00,3,10116,98
2026-09-22T05:07:34.857360+00:00,0,10120,99
2026-09-22T05:07:34.857360+00:00,1,9560,99
2026-09-22T05:07:34.857360+00:00,2,10120,97
2026-09-22T05:07:34.857360+00:00,3,10120,97
2026-09-22T05:07:39.924313+00:00,0,10124,99
2026-09-22T05:07:39.924313+00:00,1,9564,99
2026-09-22T05:07:39.924313+00:00,2,10124,99
2026-09-22T05:07:39.924313+00:00,3,10124,98
2026-09-22T05:07:44.991318+00:00,0,10128,99
2026-09-22T05:07:44.991318+00:00,1,9568,99
2026-09-22T05:07:44.991318+00:00,2,10128,99
2026-09-22T05:07:44.991318+00:00,3,10128,99
2026-09-22T05:07:50.058056+00:00,0,10130,99
2026-09-22T05:07:50.058056+00:00,1,9570,99
2026-09-22T05:07:50.058056+00:00,2,10130,99
2026-09-22T05:07:50.058056+00:00,3,10130,99
2026-09-22T05:07:55.124182+00:00,0,19096,94
2026-09-22T05:07:55.124182+00:00,1,19136,99
2026-09-22T05:07:55.124182+00:00,2,19136,98
2026-09-22T05:07:55.124182+00:00,3,18776,99
2026-09-22T05:08:00.194148+00:00,0,19278,98
2026-09-22T05:08:00.194148+00:00,1,19540,99
2026-09-22T05:08:00.194148+00:00,2,19318,99
2026-09-22T05:08:00.194148+00:00,3,19238,98
2026-09-22T05:08:05.256084+00:00,0,19520,98
2026-09-22T05:08:05.256084+00:00,1,19540,97
2026-09-22T05:08:05.256084+00:00,2,19900,97
2026-09-22T05:08:05.256084+00:00,3,19500,98
2026-09-22T05:08:10.319725+00:00,0,19642,99
2026-09-22T05:08:10.319725+00:00,1,19702,98
2026-09-22T05:08:10.319725+00:00,2,19902,94
2026-09-22T05:08:10.319725+00:00,3,19502,98
2026-09-22T05:08:15.380632+00:00,0,19644,94
2026-09-22T05:08:15.380632+00:00,1,19704,96
2026-09-22T05:08:15.380632+00:00,2,19904,95
2026-09-22T05:08:15.380632+00:00,3,19564,95
2026-09-22T05:08:20.442728+00:00,0,19846,99
2026-09-22T05:08:20.442728+00:00,1,19706,89
2026-09-22T05:08:20.442728+00:00,2,19906,99
2026-09-22T05:08:20.442728+00:00,3,19726,87
2026-09-22T05:08:25.514053+00:00,0,19848,96
2026-09-22T05:08:25.514053+00:00,1,19708,98
2026-09-22T05:08:25.514053+00:00,2,19908,99
2026-09-22T05:08:25.514053+00:00,3,19728,97
2026-09-22T05:08:30.587102+00:00,0,19854,91
2026-09-22T05:08:30.587102+00:00,1,19714,93
2026-09-22T05:08:30.587102+00:00,2,19914,91
2026-09-22T05:08:30.587102+00:00,3,19734,94
2026-09-22T05:08:35.654428+00:00,0,19854,95
2026-09-22T05:08:35.654428+00:00,1,19714,96
2026-09-22T05:08:35.654428+00:00,2,19914,98
2026-09-22T05:08:35.654428+00:00,3,19734,97
2026-09-22T05:08:40.713838+00:00,0,25734,99
2026-09-22T05:08:40.713838+00:00,1,25734,100
2026-09-22T05:08:40.713838+00:00,2,25674,99
2026-09-22T05:08:40.713838+00:00,3,25734,98
2026-09-22T05:08:45.785049+00:00,0,25834,100
2026-09-22T05:08:45.785049+00:00,1,25794,100
2026-09-22T05:08:45.785049+00:00,2,25774,99
2026-09-22T05:08:45.785049+00:00,3,25774,92
2026-09-22T05:08:50.861572+00:00,0,25834,97
2026-09-22T05:08:50.861572+00:00,1,25794,98
2026-09-22T05:08:50.861572+00:00,2,25774,98
2026-09-22T05:08:50.861572+00:00,3,25774,99
2026-09-22T05:08:55.931984+00:00,0,25834,99
2026-09-22T05:08:55.931984+00:00,1,25814,99
2026-09-22T05:08:55.931984+00:00,2,25814,100
2026-09-22T05:08:55.931984+00:00,3,25834,99
2026-09-22T05:09:01.004680+00:00,0,25834,98
2026-09-22T05:09:01.004680+00:00,1,25814,98
2026-09-22T05:09:01.004680+00:00,2,25814,98
2026-09-22T05:09:01.004680+00:00,3,25834,99
2026-09-22T05:09:06.065787+00:00,0,25834,99
2026-09-22T05:09:06.065787+00:00,1,25814,100
2026-09-22T05:09:06.065787+00:00,2,25814,100
2026-09-22T05:09:06.065787+00:00,3,25834,99
2026-09-22T05:09:11.138787+00:00,0,25834,99
2026-09-22T05:09:11.138787+00:00,1,25814,100
2026-09-22T05:09:11.138787+00:00,2,25814,99
2026-09-22T05:09:11.138787+00:00,3,25834,98
2026-09-22T05:09:16.209715+00:00,0,25834,100
2026-09-22T05:09:16.209715+00:00,1,25814,99
2026-09-22T05:09:16.209715+00:00,2,25814,99
2026-09-22T05:09:16.209715+00:00,3,25834,99
2026-09-22T05:09:21.278862+00:00,0,25834,81
2026-09-22T05:09:21.278862+00:00,1,25814,85
2026-09-22T05:09:21.278862+00:00,2,25814,89
2026-09-22T05:09:21.278862+00:00,3,25834,95
2026-09-22T05:09:26.351103+00:00,0,25834,85
2026-09-22T05:09:26.351103+00:00,1,25814,97
2026-09-22T05:09:26.351103+00:00,2,25814,86
2026-09-22T05:09:26.351103+00:00,3,25834,92
2026-09-22T05:09:31.420974+00:00,0,25834,98
2026-09-22T05:09:31.420974+00:00,1,25814,99
2026-09-22T05:09:31.420974+00:00,2,25814,97
2026-09-22T05:09:31.420974+00:00,3,25834,95
2026-09-22T05:09:36.494892+00:00,0,25834,99
2026-09-22T05:09:36.494892+00:00,1,25814,98
2026-09-22T05:09:36.494892+00:00,2,25814,98
2026-09-22T05:09:36.494892+00:00,3,25834,98
2026-09-22T05:09:41.563789+00:00,0,25834,99
2026-09-22T05:09:41.563789+00:00,1,25814,100
2026-09-22T05:09:41.563789+00:00,2,25814,99
2026-09-22T05:09:41.563789+00:00,3,25834,99
2026-09-22T05:09:46.636539+00:00,0,25854,99
2026-09-22T05:09:46.636539+00:00,1,25814,99
2026-09-22T05:09:46.636539+00:00,2,25874,99
2026-09-22T05:09:46.636539+00:00,3,25834,100
2026-09-22T05:09:51.708299+00:00,0,25854,99
2026-09-22T05:09:51.708299+00:00,1,25814,98
2026-09-22T05:09:51.708299+00:00,2,25874,98
2026-09-22T05:09:51.708299+00:00,3,25834,98
2026-09-22T05:09:56.779281+00:00,0,25854,99
2026-09-22T05:09:56.779281+00:00,1,25814,99
2026-09-22T05:09:56.779281+00:00,2,25874,100
2026-09-22T05:09:56.779281+00:00,3,25834,99
2026-09-22T05:10:01.847651+00:00,0,25854,99
2026-09-22T05:10:01.847651+00:00,1,25814,99
2026-09-22T05:10:01.847651+00:00,2,25874,99
2026-09-22T05:10:01.847651+00:00,3,25834,99
2026-09-22T05:10:06.916744+00:00,0,25854,99
2026-09-22T05:10:06.916744+00:00,1,25814,100
2026-09-22T05:10:06.916744+00:00,2,25874,99
2026-09-22T05:10:06.916744+00:00,3,25834,84
2026-09-22T05:10:11.977520+00:00,0,25854,99
2026-09-22T05:10:11.977520+00:00,1,25814,93
2026-09-22T05:10:11.977520+00:00,2,25874,87
2026-09-22T05:10:11.977520+00:00,3,25834,100
2026-09-22T05:10:17.047461+00:00,0,25854,99
2026-09-22T05:10:17.047461+00:00,1,25814,96
2026-09-22T05:10:17.047461+00:00,2,25874,97
2026-09-22T05:10:17.047461+00:00,3,25834,97
2026-09-22T05:10:22.107935+00:00,0,25854,100
2026-09-22T05:10:22.107935+00:00,1,25814,99
2026-09-22T05:10:22.107935+00:00,2,25874,96
2026-09-22T05:10:22.107935+00:00,3,25834,100
2026-09-22T05:10:27.177982+00:00,0,25854,99
2026-09-22T05:10:27.177982+00:00,1,25814,96
2026-09-22T05:10:27.177982+00:00,2,25874,96
2026-09-22T05:10:27.177982+00:00,3,25834,94
2026-09-22T05:10:32.249076+00:00,0,25854,89
2026-09-22T05:10:32.249076+00:00,1,25814,87
2026-09-22T05:10:32.249076+00:00,2,25874,90
2026-09-22T05:10:32.249076+00:00,3,25834,86
2026-09-22T05:10:37.321939+00:00,0,25854,95
2026-09-22T05:10:37.321939+00:00,1,25814,96
2026-09-22T05:10:37.321939+00:00,2,25874,95
2026-09-22T05:10:37.321939+00:00,3,25834,96
2026-09-22T05:10:42.406431+00:00,0,25854,98
2026-09-22T05:10:42.406431+00:00,1,25814,88
2026-09-22T05:10:42.406431+00:00,2,25874,95
2026-09-22T05:10:42.406431+00:00,3,25834,87
2026-09-22T05:10:47.519035+00:00,0,25854,98
2026-09-22T05:10:47.519035+00:00,1,25814,99
2026-09-22T05:10:47.519035+00:00,2,25874,99
2026-09-22T05:10:47.519035+00:00,3,25834,98
2026-09-22T05:10:52.592994+00:00,0,6852,68
2026-09-22T05:10:52.592994+00:00,1,6852,68
2026-09-22T05:10:52.592994+00:00,2,6852,83
2026-09-22T05:10:52.592994+00:00,3,6852,71
2026-09-22T05:10:57.658578+00:00,0,10096,6
2026-09-22T05:10:57.658578+00:00,1,10096,6
2026-09-22T05:10:57.658578+00:00,2,10076,6
2026-09-22T05:10:57.658578+00:00,3,10096,5
2026-09-22T05:11:02.718901+00:00,0,11426,66
2026-09-22T05:11:02.718901+00:00,1,11406,68
2026-09-22T05:11:02.718901+00:00,2,11406,36
2026-09-22T05:11:02.718901+00:00,3,11426,8
2026-09-22T05:11:07.780175+00:00,0,14546,28
2026-09-22T05:11:07.780175+00:00,1,14726,28
2026-09-22T05:11:07.780175+00:00,2,15226,31
2026-09-22T05:11:07.780175+00:00,3,15086,29
2026-09-22T05:11:12.843289+00:00,0,32936,65
2026-09-22T05:11:12.843289+00:00,1,32970,68
2026-09-22T05:11:12.843289+00:00,2,32858,71
2026-09-22T05:11:12.843289+00:00,3,33074,69
2026-09-22T05:11:17.905845+00:00,0,32936,69
2026-09-22T05:11:17.905845+00:00,1,32970,65
2026-09-22T05:11:17.905845+00:00,2,32858,63
2026-09-22T05:11:17.905845+00:00,3,33074,72
2026-09-22T05:11:22.977301+00:00,0,32936,69
2026-09-22T05:11:22.977301+00:00,1,32970,68
2026-09-22T05:11:22.977301+00:00,2,32858,72
2026-09-22T05:11:22.977301+00:00,3,33074,69
2026-09-22T05:11:28.046809+00:00,0,32936,73
2026-09-22T05:11:28.046809+00:00,1,32970,68
2026-09-22T05:11:28.046809+00:00,2,32858,73
2026-09-22T05:11:28.046809+00:00,3,33074,69
2026-09-22T05:11:33.115805+00:00,0,32936,72
2026-09-22T05:11:33.115805+00:00,1,32970,68
2026-09-22T05:11:33.115805+00:00,2,32858,75
2026-09-22T05:11:33.115805+00:00,3,33074,80
2026-09-22T05:11:38.179338+00:00,0,32936,66
2026-09-22T05:11:38.179338+00:00,1,32970,70
2026-09-22T05:11:38.179338+00:00,2,32858,68
2026-09-22T05:11:38.179338+00:00,3,33074,70
2026-09-22T05:11:43.258819+00:00,0,32936,71
2026-09-22T05:11:43.258819+00:00,1,32970,68
2026-09-22T05:11:43.258819+00:00,2,32858,71
2026-09-22T05:11:43.258819+00:00,3,33074,72
2026-09-22T05:11:48.341838+00:00,0,32936,70
2026-09-22T05:11:48.341838+00:00,1,32970,71
2026-09-22T05:11:48.341838+00:00,2,32858,72
2026-09-22T05:11:48.341838+00:00,3,33074,72
2026-09-22T05:11:53.432587+00:00,0,32936,54
2026-09-22T05:11:53.432587+00:00,1,32970,50
2026-09-22T05:11:53.432587+00:00,2,32858,67
2026-09-22T05:11:53.432587+00:00,3,33074,72
2026-09-22T05:11:58.524310+00:00,0,32936,75
2026-09-22T05:11:58.524310+00:00,1,32970,80
2026-09-22T05:11:58.524310+00:00,2,32858,72
2026-09-22T05:11:58.524310+00:00,3,33074,75
2026-09-22T05:12:03.593922+00:00,0,32936,76
2026-09-22T05:12:03.593922+00:00,1,32970,76
2026-09-22T05:12:03.593922+00:00,2,32858,79
2026-09-22T05:12:03.593922+00:00,3,33074,78
2026-09-22T05:12:08.660247+00:00,0,32936,79
2026-09-22T05:12:08.660247+00:00,1,32970,84
2026-09-22T05:12:08.660247+00:00,2,32858,77
2026-09-22T05:12:08.660247+00:00,3,33074,75
2026-09-22T05:12:13.730516+00:00,0,32936,79
2026-09-22T05:12:13.730516+00:00,1,32970,80
2026-09-22T05:12:13.730516+00:00,2,32858,72
2026-09-22T05:12:13.730516+00:00,3,33074,80
2026-09-22T05:12:18.799262+00:00,0,32936,77
2026-09-22T05:12:18.799262+00:00,1,32970,83
2026-09-22T05:12:18.799262+00:00,2,32858,76
2026-09-22T05:12:18.799262+00:00,3,33074,80
2026-09-22T05:12:23.869882+00:00,0,32936,82
2026-09-22T05:12:23.869882+00:00,1,32970,76
2026-09-22T05:12:23.869882+00:00,2,32858,83
2026-09-22T05:12:23.869882+00:00,3,33074,77
2026-09-22T05:12:28.937117+00:00,0,32936,75
2026-09-22T05:12:28.937117+00:00,1,32970,82
2026-09-22T05:12:28.937117+00:00,2,32858,81
2026-09-22T05:12:28.937117+00:00,3,33074,81
2026-09-22T05:12:34.004830+00:00,0,32936,79
2026-09-22T05:12:34.004830+00:00,1,32970,85
2026-09-22T05:12:34.004830+00:00,2,32858,83
2026-09-22T05:12:34.004830+00:00,3,33074,82
2026-09-22T05:12:39.072443+00:00,0,32936,82
2026-09-22T05:12:39.072443+00:00,1,32970,81
2026-09-22T05:12:39.072443+00:00,2,32858,82
2026-09-22T05:12:39.072443+00:00,3,33074,84
2026-09-22T05:12:44.148306+00:00,0,32936,80
2026-09-22T05:12:44.148306+00:00,1,32970,81
2026-09-22T05:12:44.148306+00:00,2,32858,82
2026-09-22T05:12:44.148306+00:00,3,33074,81
2026-09-22T05:12:49.218771+00:00,0,32936,75
2026-09-22T05:12:49.218771+00:00,1,32970,74
2026-09-22T05:12:49.218771+00:00,2,32858,78
2026-09-22T05:12:49.218771+00:00,3,33074,79
2026-09-22T05:12:54.303995+00:00,0,32936,80
2026-09-22T05:12:54.303995+00:00,1,32970,80
2026-09-22T05:12:54.303995+00:00,2,32858,80
2026-09-22T05:12:54.303995+00:00,3,33074,80
2026-09-22T05:12:59.388481+00:00,0,32936,72
2026-09-22T05:12:59.388481+00:00,1,32970,80
2026-09-22T05:12:59.388481+00:00,2,32858,81
2026-09-22T05:12:59.388481+00:00,3,33074,78
2026-09-22T05:13:04.472789+00:00,0,32936,79
2026-09-22T05:13:04.472789+00:00,1,32970,83
2026-09-22T05:13:04.472789+00:00,2,32858,84
2026-09-22T05:13:04.472789+00:00,3,33074,82
2026-09-22T05:13:09.552250+00:00,0,32936,75
2026-09-22T05:13:09.552250+00:00,1,32970,79
2026-09-22T05:13:09.552250+00:00,2,32858,81
2026-09-22T05:13:09.552250+00:00,3,33074,79
2026-09-22T05:13:14.638710+00:00,0,32936,81
2026-09-22T05:13:14.638710+00:00,1,32970,81
2026-09-22T05:13:14.638710+00:00,2,32858,80
2026-09-22T05:13:14.638710+00:00,3,33074,81
2026-09-22T05:13:19.725259+00:00,0,32936,84
2026-09-22T05:13:19.725259+00:00,1,32970,86
2026-09-22T05:13:19.725259+00:00,2,32858,85
2026-09-22T05:13:19.725259+00:00,3,33074,84
2026-09-22T05:13:24.797354+00:00,0,32936,75
2026-09-22T05:13:24.797354+00:00,1,32970,81
2026-09-22T05:13:24.797354+00:00,2,32858,81
2026-09-22T05:13:24.797354+00:00,3,33074,86
2026-09-22T05:13:29.881737+00:00,0,32936,81
2026-09-22T05:13:29.881737+00:00,1,32970,83
2026-09-22T05:13:29.881737+00:00,2,32858,79
2026-09-22T05:13:29.881737+00:00,3,33074,85
2026-09-22T05:13:34.967798+00:00,0,32936,87
2026-09-22T05:13:34.967798+00:00,1,32970,81
2026-09-22T05:13:34.967798+00:00,2,32858,83
2026-09-22T05:13:34.967798+00:00,3,33074,82
2026-09-22T05:13:40.043083+00:00,0,32936,80
2026-09-22T05:13:40.043083+00:00,1,32970,86
2026-09-22T05:13:40.043083+00:00,2,32858,82
2026-09-22T05:13:40.043083+00:00,3,33074,81
2026-09-22T05:13:45.114230+00:00,0,32936,81
2026-09-22T05:13:45.114230+00:00,1,32970,81
2026-09-22T05:13:45.114230+00:00,2,32858,81
2026-09-22T05:13:45.114230+00:00,3,33074,81
2026-09-22T05:13:50.203301+00:00,0,32936,84
2026-09-22T05:13:50.203301+00:00,1,32970,85
2026-09-22T05:13:50.203301+00:00,2,32858,83
2026-09-22T05:13:50.203301+00:00,3,33074,83
2026-09-22T05:13:55.285924+00:00,0,32936,87
2026-09-22T05:13:55.285924+00:00,1,32970,85
2026-09-22T05:13:55.285924+00:00,2,32858,83
2026-09-22T05:13:55.285924+00:00,3,33074,85
2026-09-22T05:14:00.355652+00:00,0,32936,83
2026-09-22T05:14:00.355652+00:00,1,32970,86
2026-09-22T05:14:00.355652+00:00,2,32858,85
2026-09-22T05:14:00.355652+00:00,3,33074,86
2026-09-22T05:14:05.424319+00:00,0,32936,85
2026-09-22T05:14:05.424319+00:00,1,32970,87
2026-09-22T05:14:05.424319+00:00,2,32858,85
2026-09-22T05:14:05.424319+00:00,3,33074,82
2026-09-22T05:14:10.498435+00:00,0,32936,86
2026-09-22T05:14:10.498435+00:00,1,32970,83
2026-09-22T05:14:10.498435+00:00,2,32858,84
2026-09-22T05:14:10.498435+00:00,3,33074,78
2026-09-22T05:14:15.586169+00:00,0,32936,79
2026-09-22T05:14:15.586169+00:00,1,32970,87
2026-09-22T05:14:15.586169+00:00,2,32858,86
2026-09-22T05:14:15.586169+00:00,3,33074,82
2026-09-22T05:14:20.653926+00:00,0,32936,90
2026-09-22T05:14:20.653926+00:00,1,32970,87
2026-09-22T05:14:20.653926+00:00,2,32858,84
2026-09-22T05:14:20.653926+00:00,3,33074,83
2026-09-22T05:14:25.721793+00:00,0,32936,86
2026-09-22T05:14:25.721793+00:00,1,32970,84
2026-09-22T05:14:25.721793+00:00,2,32858,84
2026-09-22T05:14:25.721793+00:00,3,33074,84
2026-09-22T05:14:30.793090+00:00,0,32936,84
2026-09-22T05:14:30.793090+00:00,1,32970,85
2026-09-22T05:14:30.793090+00:00,2,32858,84
2026-09-22T05:14:30.793090+00:00,3,33074,82
2026-09-22T05:14:35.865340+00:00,0,32936,89
2026-09-22T05:14:35.865340+00:00,1,32970,89
2026-09-22T05:14:35.865340+00:00,2,32858,85
2026-09-22T05:14:35.865340+00:00,3,33074,89
2026-09-22T05:14:40.935783+00:00,0,32936,88
2026-09-22T05:14:40.935783+00:00,1,32970,87
2026-09-22T05:14:40.935783+00:00,2,32858,84
2026-09-22T05:14:40.935783+00:00,3,33074,90
2026-09-22T05:14:46.011857+00:00,0,32936,88
2026-09-22T05:14:46.011857+00:00,1,32970,87
2026-09-22T05:14:46.011857+00:00,2,32858,88
2026-09-22T05:14:46.011857+00:00,3,33074,85
2026-09-22T05:14:51.080263+00:00,0,32936,90
2026-09-22T05:14:51.080263+00:00,1,32970,90
2026-09-22T05:14:51.080263+00:00,2,32858,85
2026-09-22T05:14:51.080263+00:00,3,33074,92
2026-09-22T05:14:56.141089+00:00,0,32936,87
2026-09-22T05:14:56.141089+00:00,1,32970,86
2026-09-22T05:14:56.141089+00:00,2,32858,85
2026-09-22T05:14:56.141089+00:00,3,33074,84
2026-09-22T05:15:01.216114+00:00,0,32936,84
2026-09-22T05:15:01.216114+00:00,1,32970,84
2026-09-22T05:15:01.216114+00:00,2,32858,88
2026-09-22T05:15:01.216114+00:00,3,33074,83
2026-09-22T05:15:06.287219+00:00,0,32936,89
2026-09-22T05:15:06.287219+00:00,1,32970,85
2026-09-22T05:15:06.287219+00:00,2,32858,83
2026-09-22T05:15:06.287219+00:00,3,33074,94
2026-09-22T05:15:11.367634+00:00,0,32936,88
2026-09-22T05:15:11.367634+00:00,1,32970,87
2026-09-22T05:15:11.367634+00:00,2,32858,87
2026-09-22T05:15:11.367634+00:00,3,33074,86
2026-09-22T05:15:16.427597+00:00,0,32936,87
2026-09-22T05:15:16.427597+00:00,1,32970,85
2026-09-22T05:15:16.427597+00:00,2,32858,89
2026-09-22T05:15:16.427597+00:00,3,33074,84
2026-09-22T05:15:21.498902+00:00,0,32936,88
2026-09-22T05:15:21.498902+00:00,1,32970,88
2026-09-22T05:15:21.498902+00:00,2,32858,84
2026-09-22T05:15:21.498902+00:00,3,33074,93
2026-09-22T05:15:26.573592+00:00,0,32936,85
2026-09-22T05:15:26.573592+00:00,1,32970,85
2026-09-22T05:15:26.573592+00:00,2,32858,87
2026-09-22T05:15:26.573592+00:00,3,33074,84
2026-09-22T05:15:31.649791+00:00,0,32936,89
2026-09-22T05:15:31.649791+00:00,1,32970,87
2026-09-22T05:15:31.649791+00:00,2,32858,89
2026-09-22T05:15:31.649791+00:00,3,33074,84
2026-09-22T05:15:36.727219+00:00,0,32936,81
2026-09-22T05:15:36.727219+00:00,1,32970,86
2026-09-22T05:15:36.727219+00:00,2,32858,82
2026-09-22T05:15:36.727219+00:00,3,33074,87
2026-09-22T05:15:41.810185+00:00,0,32936,85
2026-09-22T05:15:41.810185+00:00,1,32970,84
2026-09-22T05:15:41.810185+00:00,2,32858,70
2026-09-22T05:15:41.810185+00:00,3,33074,86
2026-09-22T05:15:46.895414+00:00,0,32936,84
2026-09-22T05:15:46.895414+00:00,1,32970,0
2026-09-22T05:15:46.895414+00:00,2,32858,0
2026-09-22T05:15:46.895414+00:00,3,33074,84
2026-09-22T05:15:51.977688+00:00,0,32936,0
2026-09-22T05:15:51.977688+00:00,1,32970,0
2026-09-22T05:15:51.977688+00:00,2,32858,0
2026-09-22T05:15:51.977688+00:00,3,33074,21
2026-09-22T05:15:57.045609+00:00,0,7786,91
2026-09-22T05:15:57.045609+00:00,1,7106,81
2026-09-22T05:15:57.045609+00:00,2,7786,96
2026-09-22T05:15:57.045609+00:00,3,7786,66
2026-09-22T05:16:02.112888+00:00,0,8290,99
2026-09-22T05:16:02.112888+00:00,1,7630,95
2026-09-22T05:16:02.112888+00:00,2,8290,99
2026-09-22T05:16:02.112888+00:00,3,8310,99
2026-09-22T05:16:07.180739+00:00,0,8834,99
2026-09-22T05:16:07.180739+00:00,1,8174,99
2026-09-22T05:16:07.180739+00:00,2,8834,98
2026-09-22T05:16:07.180739+00:00,3,8834,99
2026-09-22T05:16:12.246667+00:00,0,9220,99
2026-09-22T05:16:12.246667+00:00,1,8600,99
2026-09-22T05:16:12.246667+00:00,2,9220,99
2026-09-22T05:16:12.246667+00:00,3,9220,97
2026-09-22T05:16:17.310600+00:00,0,9644,97
2026-09-22T05:16:17.310600+00:00,1,9044,97
2026-09-22T05:16:17.310600+00:00,2,9664,97
2026-09-22T05:16:17.310600+00:00,3,9624,99
2026-09-22T05:16:22.376706+00:00,0,9928,99
2026-09-22T05:16:22.376706+00:00,1,9348,99
2026-09-22T05:16:22.376706+00:00,2,9948,99
2026-09-22T05:16:22.376706+00:00,3,9948,99
2026-09-22T05:16:27.443338+00:00,0,9972,97
2026-09-22T05:16:27.443338+00:00,1,9412,96
2026-09-22T05:16:27.443338+00:00,2,9972,99
2026-09-22T05:16:27.443338+00:00,3,9992,99
2026-09-22T05:16:32.510159+00:00,0,9976,98
2026-09-22T05:16:32.510159+00:00,1,9416,99
2026-09-22T05:16:32.510159+00:00,2,9976,99
2026-09-22T05:16:32.510159+00:00,3,9996,99
2026-09-22T05:16:37.577045+00:00,0,9980,98
2026-09-22T05:16:37.577045+00:00,1,9420,99
2026-09-22T05:16:37.577045+00:00,2,9980,99
2026-09-22T05:16:37.577045+00:00,3,10000,99
2026-09-22T05:16:42.642948+00:00,0,9984,99
2026-09-22T05:16:42.642948+00:00,1,9424,99
2026-09-22T05:16:42.642948+00:00,2,9984,99
2026-09-22T05:16:42.642948+00:00,3,10006,96
2026-09-22T05:16:47.710337+00:00,0,9990,99
2026-09-22T05:16:47.710337+00:00,1,9430,99
2026-09-22T05:16:47.710337+00:00,2,9990,94
2026-09-22T05:16:47.710337+00:00,3,10010,99
2026-09-22T05:16:52.777017+00:00,0,6144,94
2026-09-22T05:16:52.777017+00:00,1,5984,99
2026-09-22T05:16:52.777017+00:00,2,6104,94
2026-09-22T05:16:52.777017+00:00,3,6144,94
2026-09-22T05:16:57.845382+00:00,0,18976,99
2026-09-22T05:16:57.845382+00:00,1,18956,95
2026-09-22T05:16:57.845382+00:00,2,19096,96
2026-09-22T05:16:57.845382+00:00,3,19056,95
2026-09-22T05:17:02.921084+00:00,0,20480,97
2026-09-22T05:17:02.921084+00:00,1,20400,97
2026-09-22T05:17:02.921084+00:00,2,20420,99
2026-09-22T05:17:02.921084+00:00,3,20520,99
2026-09-22T05:17:08.024472+00:00,0,21722,97
2026-09-22T05:17:08.024472+00:00,1,21822,98
2026-09-22T05:17:08.024472+00:00,2,21882,99
2026-09-22T05:17:08.024472+00:00,3,21702,98
2026-09-22T05:17:13.110625+00:00,0,21724,98
2026-09-22T05:17:13.110625+00:00,1,21824,98
2026-09-22T05:17:13.110625+00:00,2,21884,99
2026-09-22T05:17:13.110625+00:00,3,21804,97
2026-09-22T05:17:18.188918+00:00,0,21726,96
2026-09-22T05:17:18.188918+00:00,1,21826,98
2026-09-22T05:17:18.188918+00:00,2,21886,99
2026-09-22T05:17:18.188918+00:00,3,21806,99
2026-09-22T05:17:23.268802+00:00,0,21728,96
2026-09-22T05:17:23.268802+00:00,1,21828,97
2026-09-22T05:17:23.268802+00:00,2,21888,99
2026-09-22T05:17:23.268802+00:00,3,21808,99
2026-09-22T05:17:28.346033+00:00,0,21734,90
2026-09-22T05:17:28.346033+00:00,1,21834,92
2026-09-22T05:17:28.346033+00:00,2,21894,99
2026-09-22T05:17:28.346033+00:00,3,21814,99
2026-09-22T05:17:33.418057+00:00,0,21734,99
2026-09-22T05:17:33.418057+00:00,1,21834,93
2026-09-22T05:17:33.418057+00:00,2,21894,94
2026-09-22T05:17:33.418057+00:00,3,21814,92
2026-09-22T05:17:38.481522+00:00,0,25734,99
2026-09-22T05:17:38.481522+00:00,1,25694,98
2026-09-22T05:17:38.481522+00:00,2,25694,98
2026-09-22T05:17:38.481522+00:00,3,25694,98
2026-09-22T05:17:43.552369+00:00,0,25854,99
2026-09-22T05:17:43.552369+00:00,1,25814,99
2026-09-22T05:17:43.552369+00:00,2,25814,99
2026-09-22T05:17:43.552369+00:00,3,25854,100
2026-09-22T05:17:48.625563+00:00,0,25854,98
2026-09-22T05:17:48.625563+00:00,1,25814,97
2026-09-22T05:17:48.625563+00:00,2,25814,98
2026-09-22T05:17:48.625563+00:00,3,25854,98
2026-09-22T05:17:53.687899+00:00,0,25854,99
2026-09-22T05:17:53.687899+00:00,1,25834,99
2026-09-22T05:17:53.687899+00:00,2,25814,99
2026-09-22T05:17:53.687899+00:00,3,25854,99
2026-09-22T05:17:58.763187+00:00,0,25854,98
2026-09-22T05:17:58.763187+00:00,1,25834,99
2026-09-22T05:17:58.763187+00:00,2,25814,98
2026-09-22T05:17:58.763187+00:00,3,25854,89
2026-09-22T05:18:03.844399+00:00,0,25854,99
2026-09-22T05:18:03.844399+00:00,1,25834,100
2026-09-22T05:18:03.844399+00:00,2,25814,99
2026-09-22T05:18:03.844399+00:00,3,25854,100
2026-09-22T05:18:08.918133+00:00,0,25854,94
2026-09-22T05:18:08.918133+00:00,1,25834,94
2026-09-22T05:18:08.918133+00:00,2,25814,100
2026-09-22T05:18:08.918133+00:00,3,25854,100
2026-09-22T05:18:13.988664+00:00,0,25854,96
2026-09-22T05:18:13.988664+00:00,1,25834,95
2026-09-22T05:18:13.988664+00:00,2,25814,99
2026-09-22T05:18:13.988664+00:00,3,25854,91
2026-09-22T05:18:19.058200+00:00,0,25854,92
2026-09-22T05:18:19.058200+00:00,1,25834,99
2026-09-22T05:18:19.058200+00:00,2,25814,93
2026-09-22T05:18:19.058200+00:00,3,25854,93
2026-09-22T05:18:24.128299+00:00,0,25854,99
2026-09-22T05:18:24.128299+00:00,1,25834,89
2026-09-22T05:18:24.128299+00:00,2,25814,94
2026-09-22T05:18:24.128299+00:00,3,25854,99
2026-09-22T05:18:29.198943+00:00,0,25854,97
2026-09-22T05:18:29.198943+00:00,1,25834,96
2026-09-22T05:18:29.198943+00:00,2,25814,98
2026-09-22T05:18:29.198943+00:00,3,25854,100
2026-09-22T05:18:34.271326+00:00,0,25854,100
2026-09-22T05:18:34.271326+00:00,1,25834,0
2026-09-22T05:18:34.271326+00:00,2,25814,99
2026-09-22T05:18:34.271326+00:00,3,25854,0
2026-09-22T05:18:39.333117+00:00,0,25854,99
2026-09-22T05:18:39.333117+00:00,1,25834,99
2026-09-22T05:18:39.333117+00:00,2,25874,99
2026-09-22T05:18:39.333117+00:00,3,25854,99
2026-09-22T05:18:44.403775+00:00,0,25854,98
2026-09-22T05:18:44.403775+00:00,1,25834,98
2026-09-22T05:18:44.403775+00:00,2,25874,99
2026-09-22T05:18:44.403775+00:00,3,25854,99
2026-09-22T05:18:49.481286+00:00,0,25854,99
2026-09-22T05:18:49.481286+00:00,1,25834,99
2026-09-22T05:18:49.481286+00:00,2,25874,99
2026-09-22T05:18:49.481286+00:00,3,25854,99
2026-09-22T05:18:54.558525+00:00,0,25854,99
2026-09-22T05:18:54.558525+00:00,1,25834,99
2026-09-22T05:18:54.558525+00:00,2,25874,100
2026-09-22T05:18:54.558525+00:00,3,25854,99
2026-09-22T05:18:59.628511+00:00,0,25854,98
2026-09-22T05:18:59.628511+00:00,1,25834,99
2026-09-22T05:18:59.628511+00:00,2,25874,99
2026-09-22T05:18:59.628511+00:00,3,25854,98
2026-09-22T05:19:04.698008+00:00,0,25854,87
2026-09-22T05:19:04.698008+00:00,1,25834,89
2026-09-22T05:19:04.698008+00:00,2,25874,99
2026-09-22T05:19:04.698008+00:00,3,25854,91
2026-09-22T05:19:09.768175+00:00,0,25854,88
2026-09-22T05:19:09.768175+00:00,1,25834,98
2026-09-22T05:19:09.768175+00:00,2,25874,90
2026-09-22T05:19:09.768175+00:00,3,25854,97
2026-09-22T05:19:14.837169+00:00,0,25854,98
2026-09-22T05:19:14.837169+00:00,1,25834,97
2026-09-22T05:19:14.837169+00:00,2,25874,96
2026-09-22T05:19:14.837169+00:00,3,25854,94
2026-09-22T05:19:19.909323+00:00,0,25854,98
2026-09-22T05:19:19.909323+00:00,1,25834,97
2026-09-22T05:19:19.909323+00:00,2,25874,96
2026-09-22T05:19:19.909323+00:00,3,25854,97
2026-09-22T05:19:24.984765+00:00,0,25854,89
2026-09-22T05:19:24.984765+00:00,1,25834,93
2026-09-22T05:19:24.984765+00:00,2,25874,92
2026-09-22T05:19:24.984765+00:00,3,25854,74
2026-09-22T05:19:30.055281+00:00,0,25854,98
2026-09-22T05:19:30.055281+00:00,1,25834,99
2026-09-22T05:19:30.055281+00:00,2,25874,95
2026-09-22T05:19:30.055281+00:00,3,25854,94
2026-09-22T05:19:35.123535+00:00,0,25854,98
2026-09-22T05:19:35.123535+00:00,1,25834,98
2026-09-22T05:19:35.123535+00:00,2,25874,99
2026-09-22T05:19:35.123535+00:00,3,25854,97
2026-09-22T05:19:40.193030+00:00,0,25854,97
2026-09-22T05:19:40.193030+00:00,1,25834,97
2026-09-22T05:19:40.193030+00:00,2,25874,97
2026-09-22T05:19:40.193030+00:00,3,25854,97
2026-09-22T05:19:45.265173+00:00,0,25854,95
2026-09-22T05:19:45.265173+00:00,1,25834,95
2026-09-22T05:19:45.265173+00:00,2,25874,94
2026-09-22T05:19:45.265173+00:00,3,25854,95
2026-09-22T05:19:50.334048+00:00,0,5060,77
2026-09-22T05:19:50.334048+00:00,1,5060,68
2026-09-22T05:19:50.334048+00:00,2,5040,47
2026-09-22T05:19:50.334048+00:00,3,5060,84
2026-09-22T05:19:55.401381+00:00,0,10424,8
2026-09-22T05:19:55.401381+00:00,1,10464,8
2026-09-22T05:19:55.401381+00:00,2,10464,8
2026-09-22T05:19:55.401381+00:00,3,10096,5
2026-09-22T05:20:00.460927+00:00,0,11426,29
2026-09-22T05:20:00.460927+00:00,1,11406,22
2026-09-22T05:20:00.460927+00:00,2,11406,35
2026-09-22T05:20:00.460927+00:00,3,11426,16
2026-09-22T05:20:05.521954+00:00,0,5208,11
2026-09-22T05:20:05.521954+00:00,1,5208,11
2026-09-22T05:20:05.521954+00:00,2,5188,12
2026-09-22T05:20:05.521954+00:00,3,5208,11
2026-09-22T05:20:10.579699+00:00,0,33216,65
2026-09-22T05:20:10.579699+00:00,1,33166,69
2026-09-22T05:20:10.579699+00:00,2,33122,63
2026-09-22T05:20:10.579699+00:00,3,33070,68
2026-09-22T05:20:15.641835+00:00,0,33216,64
2026-09-22T05:20:15.641835+00:00,1,33166,67
2026-09-22T05:20:15.641835+00:00,2,33122,70
2026-09-22T05:20:15.641835+00:00,3,33070,69
2026-09-22T05:20:20.708046+00:00,0,33216,69
2026-09-22T05:20:20.708046+00:00,1,33166,67
2026-09-22T05:20:20.708046+00:00,2,33122,73
2026-09-22T05:20:20.708046+00:00,3,33070,66
2026-09-22T05:20:25.774506+00:00,0,33216,66
2026-09-22T05:20:25.774506+00:00,1,33166,69
2026-09-22T05:20:25.774506+00:00,2,33122,72
2026-09-22T05:20:25.774506+00:00,3,33070,70
2026-09-22T05:20:30.842749+00:00,0,33216,72
2026-09-22T05:20:30.842749+00:00,1,33166,69
2026-09-22T05:20:30.842749+00:00,2,33122,68
2026-09-22T05:20:30.842749+00:00,3,33070,70
2026-09-22T05:20:35.912052+00:00,0,33216,66
2026-09-22T05:20:35.912052+00:00,1,33166,70
2026-09-22T05:20:35.912052+00:00,2,33122,66
2026-09-22T05:20:35.912052+00:00,3,33070,65
2026-09-22T05:20:40.995523+00:00,0,33216,73
2026-09-22T05:20:40.995523+00:00,1,33166,67
2026-09-22T05:20:40.995523+00:00,2,33122,69
2026-09-22T05:20:40.995523+00:00,3,33070,72
2026-09-22T05:20:46.081408+00:00,0,33216,71
2026-09-22T05:20:46.081408+00:00,1,33166,74
2026-09-22T05:20:46.081408+00:00,2,33122,68
2026-09-22T05:20:46.081408+00:00,3,33070,69
2026-09-22T05:20:51.164829+00:00,0,33216,75
2026-09-22T05:20:51.164829+00:00,1,33166,76
2026-09-22T05:20:51.164829+00:00,2,33122,76
2026-09-22T05:20:51.164829+00:00,3,33070,75
2026-09-22T05:20:56.233685+00:00,0,33216,79
2026-09-22T05:20:56.233685+00:00,1,33166,77
2026-09-22T05:20:56.233685+00:00,2,33122,74
2026-09-22T05:20:56.233685+00:00,3,33070,77
2026-09-22T05:21:01.305290+00:00,0,33216,79
2026-09-22T05:21:01.305290+00:00,1,33166,79
2026-09-22T05:21:01.305290+00:00,2,33122,78
2026-09-22T05:21:01.305290+00:00,3,33070,80
2026-09-22T05:21:06.374178+00:00,0,33216,79
2026-09-22T05:21:06.374178+00:00,1,33166,76
2026-09-22T05:21:06.374178+00:00,2,33122,79
2026-09-22T05:21:06.374178+00:00,3,33070,64
2026-09-22T05:21:11.448294+00:00,0,33216,79
2026-09-22T05:21:11.448294+00:00,1,33166,77
2026-09-22T05:21:11.448294+00:00,2,33122,80
2026-09-22T05:21:11.448294+00:00,3,33070,77
2026-09-22T05:21:16.532448+00:00,0,33216,76
2026-09-22T05:21:16.532448+00:00,1,33166,75
2026-09-22T05:21:16.532448+00:00,2,33122,81
2026-09-22T05:21:16.532448+00:00,3,33070,80
2026-09-22T05:21:21.618300+00:00,0,33216,82
2026-09-22T05:21:21.618300+00:00,1,33166,80
2026-09-22T05:21:21.618300+00:00,2,33122,74
2026-09-22T05:21:21.618300+00:00,3,33070,80
2026-09-22T05:21:26.689166+00:00,0,33216,71
2026-09-22T05:21:26.689166+00:00,1,33166,80
2026-09-22T05:21:26.689166+00:00,2,33122,80
2026-09-22T05:21:26.689166+00:00,3,33070,75
2026-09-22T05:21:31.772078+00:00,0,33216,77
2026-09-22T05:21:31.772078+00:00,1,33166,77
2026-09-22T05:21:31.772078+00:00,2,33122,79
2026-09-22T05:21:31.772078+00:00,3,33070,76
2026-09-22T05:21:36.858909+00:00,0,33216,78
2026-09-22T05:21:36.858909+00:00,1,33166,73
2026-09-22T05:21:36.858909+00:00,2,33122,77
2026-09-22T05:21:36.858909+00:00,3,33070,80
2026-09-22T05:21:41.942938+00:00,0,33216,76
2026-09-22T05:21:41.942938+00:00,1,33166,79
2026-09-22T05:21:41.942938+00:00,2,33122,82
2026-09-22T05:21:41.942938+00:00,3,33070,81
2026-09-22T05:21:47.011508+00:00,0,33216,81
2026-09-22T05:21:47.011508+00:00,1,33166,82
2026-09-22T05:21:47.011508+00:00,2,33122,82
2026-09-22T05:21:47.011508+00:00,3,33070,84
2026-09-22T05:21:52.083532+00:00,0,33216,80
2026-09-22T05:21:52.083532+00:00,1,33166,79
2026-09-22T05:21:52.083532+00:00,2,33122,85
2026-09-22T05:21:52.083532+00:00,3,33070,83
2026-09-22T05:21:57.155692+00:00,0,33216,78
2026-09-22T05:21:57.155692+00:00,1,33166,86
2026-09-22T05:21:57.155692+00:00,2,33122,80
2026-09-22T05:21:57.155692+00:00,3,33070,78
2026-09-22T05:22:02.230812+00:00,0,33216,84
2026-09-22T05:22:02.230812+00:00,1,33166,81
2026-09-22T05:22:02.230812+00:00,2,33122,84
2026-09-22T05:22:02.230812+00:00,3,33070,81
2026-09-22T05:22:07.300571+00:00,0,33216,88
2026-09-22T05:22:07.300571+00:00,1,33166,86
2026-09-22T05:22:07.300571+00:00,2,33122,84
2026-09-22T05:22:07.300571+00:00,3,33070,81
2026-09-22T05:22:12.376739+00:00,0,33216,84
2026-09-22T05:22:12.376739+00:00,1,33166,85
2026-09-22T05:22:12.376739+00:00,2,33122,83
2026-09-22T05:22:12.376739+00:00,3,33070,80
2026-09-22T05:22:17.442156+00:00,0,33216,81
2026-09-22T05:22:17.442156+00:00,1,33166,85
2026-09-22T05:22:17.442156+00:00,2,33122,92
2026-09-22T05:22:17.442156+00:00,3,33070,81
2026-09-22T05:22:22.518165+00:00,0,33216,81
2026-09-22T05:22:22.518165+00:00,1,33166,82
2026-09-22T05:22:22.518165+00:00,2,33122,81
2026-09-22T05:22:22.518165+00:00,3,33070,80
2026-09-22T05:22:27.596324+00:00,0,33216,87
2026-09-22T05:22:27.596324+00:00,1,33166,82
2026-09-22T05:22:27.596324+00:00,2,33122,83
2026-09-22T05:22:27.596324+00:00,3,33070,82
2026-09-22T05:22:32.668177+00:00,0,33216,81
2026-09-22T05:22:32.668177+00:00,1,33166,80
2026-09-22T05:22:32.668177+00:00,2,33122,78
2026-09-22T05:22:32.668177+00:00,3,33070,85
2026-09-22T05:22:37.754513+00:00,0,33216,85
2026-09-22T05:22:37.754513+00:00,1,33166,86
2026-09-22T05:22:37.754513+00:00,2,33122,85
2026-09-22T05:22:37.754513+00:00,3,33070,89
2026-09-22T05:22:42.835292+00:00,0,33216,86
2026-09-22T05:22:42.835292+00:00,1,33166,83
2026-09-22T05:22:42.835292+00:00,2,33122,85
2026-09-22T05:22:42.835292+00:00,3,33070,82
2026-09-22T05:22:47.909407+00:00,0,33216,80
2026-09-22T05:22:47.909407+00:00,1,33166,83
2026-09-22T05:22:47.909407+00:00,2,33122,83
2026-09-22T05:22:47.909407+00:00,3,33070,86
2026-09-22T05:22:53.004186+00:00,0,33216,83
2026-09-22T05:22:53.004186+00:00,1,33166,83
2026-09-22T05:22:53.004186+00:00,2,33122,84
2026-09-22T05:22:53.004186+00:00,3,33070,79
2026-09-22T05:22:58.091685+00:00,0,33216,86
2026-09-22T05:22:58.091685+00:00,1,33166,86
2026-09-22T05:22:58.091685+00:00,2,33122,87
2026-09-22T05:22:58.091685+00:00,3,33070,85
2026-09-22T05:23:03.163952+00:00,0,33216,83
2026-09-22T05:23:03.163952+00:00,1,33166,94
2026-09-22T05:23:03.163952+00:00,2,33122,84
2026-09-22T05:23:03.163952+00:00,3,33070,92
2026-09-22T05:23:08.230605+00:00,0,33216,84
2026-09-22T05:23:08.230605+00:00,1,33166,85
2026-09-22T05:23:08.230605+00:00,2,33122,85
2026-09-22T05:23:08.230605+00:00,3,33070,87
2026-09-22T05:23:13.304960+00:00,0,33216,84
2026-09-22T05:23:13.304960+00:00,1,33166,84
2026-09-22T05:23:13.304960+00:00,2,33122,84
2026-09-22T05:23:13.304960+00:00,3,33070,86
2026-09-22T05:23:18.365643+00:00,0,33216,87
2026-09-22T05:23:18.365643+00:00,1,33166,89
2026-09-22T05:23:18.365643+00:00,2,33122,88
2026-09-22T05:23:18.365643+00:00,3,33070,88
2026-09-22T05:23:23.435596+00:00,0,33216,84
2026-09-22T05:23:23.435596+00:00,1,33166,89
2026-09-22T05:23:23.435596+00:00,2,33122,85
2026-09-22T05:23:23.435596+00:00,3,33070,89
2026-09-22T05:23:28.504350+00:00,0,33216,85
2026-09-22T05:23:28.504350+00:00,1,33166,91
2026-09-22T05:23:28.504350+00:00,2,33122,86
2026-09-22T05:23:28.504350+00:00,3,33070,87
2026-09-22T05:23:33.591933+00:00,0,33216,83
2026-09-22T05:23:33.591933+00:00,1,33166,83
2026-09-22T05:23:33.591933+00:00,2,33122,82
2026-09-22T05:23:33.591933+00:00,3,33070,83
2026-09-22T05:23:38.723344+00:00,0,33216,86
2026-09-22T05:23:38.723344+00:00,1,33166,82
2026-09-22T05:23:38.723344+00:00,2,33122,88
2026-09-22T05:23:38.723344+00:00,3,33070,85
2026-09-22T05:23:43.814750+00:00,0,33216,85
2026-09-22T05:23:43.814750+00:00,1,33166,83
2026-09-22T05:23:43.814750+00:00,2,33122,87
2026-09-22T05:23:43.814750+00:00,3,33070,80
2026-09-22T05:23:48.902375+00:00,0,33216,82
2026-09-22T05:23:48.902375+00:00,1,33166,82
2026-09-22T05:23:48.902375+00:00,2,33122,86
2026-09-22T05:23:48.902375+00:00,3,33070,83
2026-09-22T05:23:53.984379+00:00,0,33216,85
2026-09-22T05:23:53.984379+00:00,1,33166,88
2026-09-22T05:23:53.984379+00:00,2,33122,86
2026-09-22T05:23:53.984379+00:00,3,33070,82
2026-09-22T05:23:59.075509+00:00,0,33216,87
2026-09-22T05:23:59.075509+00:00,1,33166,86
2026-09-22T05:23:59.075509+00:00,2,33122,90
2026-09-22T05:23:59.075509+00:00,3,33070,82
2026-09-22T05:24:04.147920+00:00,0,33216,84
2026-09-22T05:24:04.147920+00:00,1,33166,83
2026-09-22T05:24:04.147920+00:00,2,33122,87
2026-09-22T05:24:04.147920+00:00,3,33070,86
2026-09-22T05:24:09.215460+00:00,0,33216,91
2026-09-22T05:24:09.215460+00:00,1,33166,85
2026-09-22T05:24:09.215460+00:00,2,33122,83
2026-09-22T05:24:09.215460+00:00,3,33070,93
2026-09-22T05:24:14.288579+00:00,0,33216,81
2026-09-22T05:24:14.288579+00:00,1,33166,81
2026-09-22T05:24:14.288579+00:00,2,33122,80
2026-09-22T05:24:14.288579+00:00,3,33070,82
2026-09-22T05:24:19.376004+00:00,0,33216,87
2026-09-22T05:24:19.376004+00:00,1,33166,89
2026-09-22T05:24:19.376004+00:00,2,33122,89
2026-09-22T05:24:19.376004+00:00,3,33070,88
2026-09-22T05:24:24.450257+00:00,0,33216,87
2026-09-22T05:24:24.450257+00:00,1,33166,86
2026-09-22T05:24:24.450257+00:00,2,33122,91
2026-09-22T05:24:24.450257+00:00,3,33070,89
2026-09-22T05:24:29.524272+00:00,0,33216,91
2026-09-22T05:24:29.524272+00:00,1,33166,84
2026-09-22T05:24:29.524272+00:00,2,33122,83
2026-09-22T05:24:29.524272+00:00,3,33070,89
2026-09-22T05:24:34.601112+00:00,0,33216,86
2026-09-22T05:24:34.601112+00:00,1,33166,85
2026-09-22T05:24:34.601112+00:00,2,33122,86
2026-09-22T05:24:34.601112+00:00,3,33070,89
2026-09-22T05:24:39.672345+00:00,0,33216,77
2026-09-22T05:24:39.672345+00:00,1,33166,84
2026-09-22T05:24:39.672345+00:00,2,33122,87
2026-09-22T05:24:39.672345+00:00,3,33070,84
2026-09-22T05:24:44.743713+00:00,0,33216,0
2026-09-22T05:24:44.743713+00:00,1,33166,0
2026-09-22T05:24:44.743713+00:00,2,33122,87
2026-09-22T05:24:44.743713+00:00,3,33070,87
2026-09-22T05:24:49.808781+00:00,0,33216,0
2026-09-22T05:24:49.808781+00:00,1,33166,0
2026-09-22T05:24:49.808781+00:00,2,33122,74
2026-09-22T05:24:49.808781+00:00,3,33070,70
2026-09-22T05:24:54.873927+00:00,0,5386,86
2026-09-22T05:24:54.873927+00:00,1,5366,91
2026-09-22T05:24:54.873927+00:00,2,5366,96
2026-09-22T05:24:54.873927+00:00,3,5386,95
2026-09-22T05:24:59.940336+00:00,0,8170,97
2026-09-22T05:24:59.940336+00:00,1,7470,99
2026-09-22T05:24:59.940336+00:00,2,8150,97
2026-09-22T05:24:59.940336+00:00,3,8150,96
2026-09-22T05:25:05.005762+00:00,0,8796,99
2026-09-22T05:25:05.005762+00:00,1,8096,99
2026-09-22T05:25:05.005762+00:00,2,8776,99
2026-09-22T05:25:05.005762+00:00,3,8796,99
2026-09-22T05:25:10.072273+00:00,0,9220,97
2026-09-22T05:25:10.072273+00:00,1,8580,99
2026-09-22T05:25:10.072273+00:00,2,9160,99
2026-09-22T05:25:10.072273+00:00,3,9180,99
2026-09-22T05:25:15.137346+00:00,0,9644,99
2026-09-22T05:25:15.137346+00:00,1,9024,99
2026-09-22T05:25:15.137346+00:00,2,9604,97
2026-09-22T05:25:15.137346+00:00,3,9644,99
2026-09-22T05:25:20.203526+00:00,0,10048,99
2026-09-22T05:25:20.203526+00:00,1,9448,99
2026-09-22T05:25:20.203526+00:00,2,10028,99
2026-09-22T05:25:20.203526+00:00,3,10048,99
2026-09-22T05:25:25.270680+00:00,0,10212,99
2026-09-22T05:25:25.270680+00:00,1,9612,99
2026-09-22T05:25:25.270680+00:00,2,10192,99
2026-09-22T05:25:25.270680+00:00,3,10192,99
2026-09-22T05:25:30.339361+00:00,0,10216,99
2026-09-22T05:25:30.339361+00:00,1,9616,99
2026-09-22T05:25:30.339361+00:00,2,10196,99
2026-09-22T05:25:30.339361+00:00,3,10196,99
2026-09-22T05:25:35.405700+00:00,0,10220,99
2026-09-22T05:25:35.405700+00:00,1,9620,99
2026-09-22T05:25:35.405700+00:00,2,10200,98
2026-09-22T05:25:35.405700+00:00,3,10200,99
2026-09-22T05:25:40.473342+00:00,0,10224,99
2026-09-22T05:25:40.473342+00:00,1,9624,99
2026-09-22T05:25:40.473342+00:00,2,10204,99
2026-09-22T05:25:40.473342+00:00,3,10204,99
2026-09-22T05:25:45.541834+00:00,0,10230,99
2026-09-22T05:25:45.541834+00:00,1,9630,99
2026-09-22T05:25:45.541834+00:00,2,10210,97
2026-09-22T05:25:45.541834+00:00,3,10210,98
2026-09-22T05:25:50.608447+00:00,0,5944,97
2026-09-22T05:25:50.608447+00:00,1,5844,97
2026-09-22T05:25:50.608447+00:00,2,5944,87
2026-09-22T05:25:50.608447+00:00,3,5944,97
2026-09-22T05:25:55.673463+00:00,0,19296,96
2026-09-22T05:25:55.673463+00:00,1,19376,95
2026-09-22T05:25:55.673463+00:00,2,19236,99
2026-09-22T05:25:55.673463+00:00,3,18976,95
2026-09-22T05:26:00.744347+00:00,0,20200,90
2026-09-22T05:26:00.744347+00:00,1,20260,89
2026-09-22T05:26:00.744347+00:00,2,20220,99
2026-09-22T05:26:00.744347+00:00,3,20340,89
2026-09-22T05:26:05.815370+00:00,0,20762,98
2026-09-22T05:26:05.815370+00:00,1,20762,98
2026-09-22T05:26:05.815370+00:00,2,20782,98
2026-09-22T05:26:05.815370+00:00,3,21522,98
2026-09-22T05:26:10.885404+00:00,0,21044,98
2026-09-22T05:26:10.885404+00:00,1,21024,99
2026-09-22T05:26:10.885404+00:00,2,21126,97
2026-09-22T05:26:10.885404+00:00,3,21524,97
2026-09-22T05:26:15.956295+00:00,0,21046,98
2026-09-22T05:26:15.956295+00:00,1,21026,96
2026-09-22T05:26:15.956295+00:00,2,21126,97
2026-09-22T05:26:15.956295+00:00,3,21526,97
2026-09-22T05:26:21.027052+00:00,0,21048,98
2026-09-22T05:26:21.027052+00:00,1,21028,98
2026-09-22T05:26:21.027052+00:00,2,21128,98
2026-09-22T05:26:21.027052+00:00,3,21528,97
2026-09-22T05:26:26.098776+00:00,0,21054,90
2026-09-22T05:26:26.098776+00:00,1,21034,96
2026-09-22T05:26:26.098776+00:00,2,21134,93
2026-09-22T05:26:26.098776+00:00,3,21534,94
2026-09-22T05:26:31.163923+00:00,0,21054,89
2026-09-22T05:26:31.163923+00:00,1,21034,87
2026-09-22T05:26:31.163923+00:00,2,21134,94
2026-09-22T05:26:31.163923+00:00,3,21534,94
2026-09-22T05:26:36.232417+00:00,0,25734,97
2026-09-22T05:26:36.232417+00:00,1,25754,99
2026-09-22T05:26:36.232417+00:00,2,25734,98
2026-09-22T05:26:36.232417+00:00,3,25734,99
2026-09-22T05:26:41.303429+00:00,0,25834,99
2026-09-22T05:26:41.303429+00:00,1,25794,99
2026-09-22T05:26:41.303429+00:00,2,25774,99
2026-09-22T05:26:41.303429+00:00,3,25794,99
2026-09-22T05:26:46.385840+00:00,0,25834,98
2026-09-22T05:26:46.385840+00:00,1,25814,98
2026-09-22T05:26:46.385840+00:00,2,25774,99
2026-09-22T05:26:46.385840+00:00,3,25834,99
2026-09-22T05:26:51.460169+00:00,0,25834,99
2026-09-22T05:26:51.460169+00:00,1,25814,99
2026-09-22T05:26:51.460169+00:00,2,25774,99
2026-09-22T05:26:51.460169+00:00,3,25854,99
2026-09-22T05:26:56.532870+00:00,0,25834,98
2026-09-22T05:26:56.532870+00:00,1,25814,87
2026-09-22T05:26:56.532870+00:00,2,25774,81
2026-09-22T05:26:56.532870+00:00,3,25854,99
2026-09-22T05:27:01.605149+00:00,0,25834,100
2026-09-22T05:27:01.605149+00:00,1,25814,99
2026-09-22T05:27:01.605149+00:00,2,25774,98
2026-09-22T05:27:01.605149+00:00,3,25854,99
2026-09-22T05:27:06.674432+00:00,0,25834,98
2026-09-22T05:27:06.674432+00:00,1,25814,94
2026-09-22T05:27:06.674432+00:00,2,25774,98
2026-09-22T05:27:06.674432+00:00,3,25854,86
2026-09-22T05:27:11.747492+00:00,0,25834,99
2026-09-22T05:27:11.747492+00:00,1,25814,93
2026-09-22T05:27:11.747492+00:00,2,25774,99
2026-09-22T05:27:11.747492+00:00,3,25854,94
2026-09-22T05:27:16.816599+00:00,0,25834,91
2026-09-22T05:27:16.816599+00:00,1,25814,92
2026-09-22T05:27:16.816599+00:00,2,25774,94
2026-09-22T05:27:16.816599+00:00,3,25854,93
2026-09-22T05:27:21.887786+00:00,0,25834,98
2026-09-22T05:27:21.887786+00:00,1,25814,87
2026-09-22T05:27:21.887786+00:00,2,25774,94
2026-09-22T05:27:21.887786+00:00,3,25854,96
2026-09-22T05:27:26.957729+00:00,0,25834,97
2026-09-22T05:27:26.957729+00:00,1,25814,94
2026-09-22T05:27:26.957729+00:00,2,25774,88
2026-09-22T05:27:26.957729+00:00,3,25854,100
2026-09-22T05:27:32.031621+00:00,0,25834,99
2026-09-22T05:27:32.031621+00:00,1,25814,98
2026-09-22T05:27:32.031621+00:00,2,25774,96
2026-09-22T05:27:32.031621+00:00,3,25854,99
2026-09-22T05:27:37.093284+00:00,0,25834,99
2026-09-22T05:27:37.093284+00:00,1,25814,100
2026-09-22T05:27:37.093284+00:00,2,25774,99
2026-09-22T05:27:37.093284+00:00,3,25854,99
2026-09-22T05:27:42.167638+00:00,0,25894,99
2026-09-22T05:27:42.167638+00:00,1,25814,99
2026-09-22T05:27:42.167638+00:00,2,25834,91
2026-09-22T05:27:42.167638+00:00,3,25854,99
2026-09-22T05:27:47.240885+00:00,0,25894,100
2026-09-22T05:27:47.240885+00:00,1,25834,98
2026-09-22T05:27:47.240885+00:00,2,25834,98
2026-09-22T05:27:47.240885+00:00,3,25854,98
2026-09-22T05:27:52.309708+00:00,0,25894,99
2026-09-22T05:27:52.309708+00:00,1,25834,100
2026-09-22T05:27:52.309708+00:00,2,25834,99
2026-09-22T05:27:52.309708+00:00,3,25854,100
2026-09-22T05:27:57.380379+00:00,0,25894,99
2026-09-22T05:27:57.380379+00:00,1,25834,99
2026-09-22T05:27:57.380379+00:00,2,25834,98
2026-09-22T05:27:57.380379+00:00,3,25854,98
2026-09-22T05:28:02.473000+00:00,0,25894,96
2026-09-22T05:28:02.473000+00:00,1,25834,93
2026-09-22T05:28:02.473000+00:00,2,25834,95
2026-09-22T05:28:02.473000+00:00,3,25854,100
2026-09-22T05:28:07.542268+00:00,0,25894,92
2026-09-22T05:28:07.542268+00:00,1,25834,92
2026-09-22T05:28:07.542268+00:00,2,25834,91
2026-09-22T05:28:07.542268+00:00,3,25854,99
2026-09-22T05:28:12.619003+00:00,0,25894,99
2026-09-22T05:28:12.619003+00:00,1,25834,97
2026-09-22T05:28:12.619003+00:00,2,25834,97
2026-09-22T05:28:12.619003+00:00,3,25854,98
2026-09-22T05:28:17.694055+00:00,0,25894,99
2026-09-22T05:28:17.694055+00:00,1,25834,97
2026-09-22T05:28:17.694055+00:00,2,25834,98
2026-09-22T05:28:17.694055+00:00,3,25854,98
2026-09-22T05:28:22.764451+00:00,0,25894,96
2026-09-22T05:28:22.764451+00:00,1,25834,99
2026-09-22T05:28:22.764451+00:00,2,25834,97
2026-09-22T05:28:22.764451+00:00,3,25854,99
2026-09-22T05:28:27.833824+00:00,0,25894,97
2026-09-22T05:28:27.833824+00:00,1,25834,97
2026-09-22T05:28:27.833824+00:00,2,25834,98
2026-09-22T05:28:27.833824+00:00,3,25854,98
2026-09-22T05:28:32.901786+00:00,0,25894,99
2026-09-22T05:28:32.901786+00:00,1,25834,98
2026-09-22T05:28:32.901786+00:00,2,25834,98
2026-09-22T05:28:32.901786+00:00,3,25854,99
2026-09-22T05:28:37.974511+00:00,0,25894,97
2026-09-22T05:28:37.974511+00:00,1,25834,98
2026-09-22T05:28:37.974511+00:00,2,25834,99
2026-09-22T05:28:37.974511+00:00,3,25854,97
2026-09-22T05:28:43.046283+00:00,0,21574,91
2026-09-22T05:28:43.046283+00:00,1,21394,94
2026-09-22T05:28:43.046283+00:00,2,21674,85
2026-09-22T05:28:43.046283+00:00,3,21714,57
2026-09-22T05:28:48.126339+00:00,0,10096,5
2026-09-22T05:28:48.126339+00:00,1,10096,6
2026-09-22T05:28:48.126339+00:00,2,10076,5
2026-09-22T05:28:48.126339+00:00,3,10096,6
2026-09-22T05:28:53.178868+00:00,0,10402,8
2026-09-22T05:28:53.178868+00:00,1,10096,6
2026-09-22T05:28:53.178868+00:00,2,10322,8
2026-09-22T05:28:53.178868+00:00,3,10096,6
2026-09-22T05:28:58.239020+00:00,0,11426,34
2026-09-22T05:28:58.239020+00:00,1,11406,15
2026-09-22T05:28:58.239020+00:00,2,11406,44
2026-09-22T05:28:58.239020+00:00,3,11426,17
2026-09-22T05:29:03.296463+00:00,0,5208,13
2026-09-22T05:29:03.296463+00:00,1,5208,9
2026-09-22T05:29:03.296463+00:00,2,5188,12
2026-09-22T05:29:03.296463+00:00,3,5208,20
2026-09-22T05:29:08.354405+00:00,0,32934,63
2026-09-22T05:29:08.354405+00:00,1,32842,63
2026-09-22T05:29:08.354405+00:00,2,32560,73
2026-09-22T05:29:08.354405+00:00,3,33006,61
2026-09-22T05:29:13.419854+00:00,0,32934,69
2026-09-22T05:29:13.419854+00:00,1,32842,66
2026-09-22T05:29:13.419854+00:00,2,32560,68
2026-09-22T05:29:13.419854+00:00,3,33006,64
2026-09-22T05:29:18.485906+00:00,0,32934,69
2026-09-22T05:29:18.485906+00:00,1,32842,66
2026-09-22T05:29:18.485906+00:00,2,32560,69
2026-09-22T05:29:18.485906+00:00,3,33006,71
2026-09-22T05:29:23.550983+00:00,0,32934,71
2026-09-22T05:29:23.550983+00:00,1,32842,67
2026-09-22T05:29:23.550983+00:00,2,32560,73
2026-09-22T05:29:23.550983+00:00,3,33006,71
2026-09-22T05:29:28.619184+00:00,0,32934,76
2026-09-22T05:29:28.619184+00:00,1,32842,75
2026-09-22T05:29:28.619184+00:00,2,32560,69
2026-09-22T05:29:28.619184+00:00,3,33006,73
2026-09-22T05:29:33.689436+00:00,0,32934,74
2026-09-22T05:29:33.689436+00:00,1,32842,72
2026-09-22T05:29:33.689436+00:00,2,32560,70
2026-09-22T05:29:33.689436+00:00,3,33006,74
2026-09-22T05:29:38.757094+00:00,0,32934,74
2026-09-22T05:29:38.757094+00:00,1,32842,75
2026-09-22T05:29:38.757094+00:00,2,32560,72
2026-09-22T05:29:38.757094+00:00,3,33006,75
2026-09-22T05:29:43.827096+00:00,0,32934,76
2026-09-22T05:29:43.827096+00:00,1,32842,77
2026-09-22T05:29:43.827096+00:00,2,32560,73
2026-09-22T05:29:43.827096+00:00,3,33006,80
2026-09-22T05:29:48.897952+00:00,0,32934,74
2026-09-22T05:29:48.897952+00:00,1,32842,79
2026-09-22T05:29:48.897952+00:00,2,32560,73
2026-09-22T05:29:48.897952+00:00,3,33006,86
2026-09-22T05:29:53.967035+00:00,0,32934,76
2026-09-22T05:29:53.967035+00:00,1,32842,75
2026-09-22T05:29:53.967035+00:00,2,32560,79
2026-09-22T05:29:53.967035+00:00,3,33006,76
2026-09-22T05:29:59.039709+00:00,0,32934,76
2026-09-22T05:29:59.039709+00:00,1,32842,80
2026-09-22T05:29:59.039709+00:00,2,32560,73
2026-09-22T05:29:59.039709+00:00,3,33006,74
2026-09-22T05:30:04.112115+00:00,0,32934,82
2026-09-22T05:30:04.112115+00:00,1,32842,74
2026-09-22T05:30:04.112115+00:00,2,32560,76
2026-09-22T05:30:04.112115+00:00,3,33006,83
2026-09-22T05:30:09.177607+00:00,0,32934,77
2026-09-22T05:30:09.177607+00:00,1,32842,79
2026-09-22T05:30:09.177607+00:00,2,32560,84
2026-09-22T05:30:09.177607+00:00,3,33006,77
2026-09-22T05:30:14.242452+00:00,0,32934,83
2026-09-22T05:30:14.242452+00:00,1,32842,80
2026-09-22T05:30:14.242452+00:00,2,32560,77
2026-09-22T05:30:14.242452+00:00,3,33006,84
2026-09-22T05:30:19.320867+00:00,0,32934,80
2026-09-22T05:30:19.320867+00:00,1,32842,84
2026-09-22T05:30:19.320867+00:00,2,32560,84
2026-09-22T05:30:19.320867+00:00,3,33006,85
2026-09-22T05:30:24.405660+00:00,0,32934,79
2026-09-22T05:30:24.405660+00:00,1,32842,81
2026-09-22T05:30:24.405660+00:00,2,32560,77
2026-09-22T05:30:24.405660+00:00,3,33006,80
2026-09-22T05:30:29.473538+00:00,0,32934,79
2026-09-22T05:30:29.473538+00:00,1,32842,81
2026-09-22T05:30:29.473538+00:00,2,32560,80
2026-09-22T05:30:29.473538+00:00,3,33006,83
2026-09-22T05:30:34.545854+00:00,0,32934,86
2026-09-22T05:30:34.545854+00:00,1,32842,83
2026-09-22T05:30:34.545854+00:00,2,32560,81
2026-09-22T05:30:34.545854+00:00,3,33006,81
2026-09-22T05:30:39.617203+00:00,0,32934,79
2026-09-22T05:30:39.617203+00:00,1,32842,81
2026-09-22T05:30:39.617203+00:00,2,32560,82
2026-09-22T05:30:39.617203+00:00,3,33006,85
2026-09-22T05:30:44.686751+00:00,0,32934,86
2026-09-22T05:30:44.686751+00:00,1,32842,82
2026-09-22T05:30:44.686751+00:00,2,32560,81
2026-09-22T05:30:44.686751+00:00,3,33006,83
2026-09-22T05:30:49.757175+00:00,0,32934,85
2026-09-22T05:30:49.757175+00:00,1,32842,81
2026-09-22T05:30:49.757175+00:00,2,32560,89
2026-09-22T05:30:49.757175+00:00,3,33006,84
2026-09-22T05:30:54.831704+00:00,0,32934,79
2026-09-22T05:30:54.831704+00:00,1,32842,85
2026-09-22T05:30:54.831704+00:00,2,32560,84
2026-09-22T05:30:54.831704+00:00,3,33006,84
2026-09-22T05:30:59.902109+00:00,0,32934,85
2026-09-22T05:30:59.902109+00:00,1,32842,83
2026-09-22T05:30:59.902109+00:00,2,32560,81
2026-09-22T05:30:59.902109+00:00,3,33006,86
2026-09-22T05:31:04.971575+00:00,0,32934,82
2026-09-22T05:31:04.971575+00:00,1,32842,82
2026-09-22T05:31:04.971575+00:00,2,32560,79
2026-09-22T05:31:04.971575+00:00,3,33006,88
2026-09-22T05:31:10.041204+00:00,0,32934,82
2026-09-22T05:31:10.041204+00:00,1,32842,83
2026-09-22T05:31:10.041204+00:00,2,32560,80
2026-09-22T05:31:10.041204+00:00,3,33006,85
2026-09-22T05:31:15.109327+00:00,0,32934,83
2026-09-22T05:31:15.109327+00:00,1,32842,81
2026-09-22T05:31:15.109327+00:00,2,32560,81
2026-09-22T05:31:15.109327+00:00,3,33006,83
2026-09-22T05:31:20.180421+00:00,0,32934,85
2026-09-22T05:31:20.180421+00:00,1,32842,85
2026-09-22T05:31:20.180421+00:00,2,32560,82
2026-09-22T05:31:20.180421+00:00,3,33006,81
2026-09-22T05:31:25.257727+00:00,0,32934,83
2026-09-22T05:31:25.257727+00:00,1,32842,82
2026-09-22T05:31:25.257727+00:00,2,32560,81
2026-09-22T05:31:25.257727+00:00,3,33006,76
2026-09-22T05:31:30.341928+00:00,0,32934,84
2026-09-22T05:31:30.341928+00:00,1,32842,85
2026-09-22T05:31:30.341928+00:00,2,32560,81
2026-09-22T05:31:30.341928+00:00,3,33006,80
2026-09-22T05:31:35.416791+00:00,0,32934,85
2026-09-22T05:31:35.416791+00:00,1,32842,85
2026-09-22T05:31:35.416791+00:00,2,32560,85
2026-09-22T05:31:35.416791+00:00,3,33006,79
2026-09-22T05:31:40.488769+00:00,0,32934,83
2026-09-22T05:31:40.488769+00:00,1,32842,84
2026-09-22T05:31:40.488769+00:00,2,32560,85
2026-09-22T05:31:40.488769+00:00,3,33006,83
2026-09-22T05:31:45.554702+00:00,0,32934,84
2026-09-22T05:31:45.554702+00:00,1,32842,90
2026-09-22T05:31:45.554702+00:00,2,32560,87
2026-09-22T05:31:45.554702+00:00,3,33006,90
2026-09-22T05:31:50.618138+00:00,0,32934,88
2026-09-22T05:31:50.618138+00:00,1,32842,88
2026-09-22T05:31:50.618138+00:00,2,32560,88
2026-09-22T05:31:50.618138+00:00,3,33006,88
2026-09-22T05:31:55.679638+00:00,0,32934,82
2026-09-22T05:31:55.679638+00:00,1,32842,85
2026-09-22T05:31:55.679638+00:00,2,32560,84
2026-09-22T05:31:55.679638+00:00,3,33006,79
2026-09-22T05:32:00.761277+00:00,0,32934,83
2026-09-22T05:32:00.761277+00:00,1,32842,84
2026-09-22T05:32:00.761277+00:00,2,32560,81
2026-09-22T05:32:00.761277+00:00,3,33006,80
2026-09-22T05:32:05.850166+00:00,0,32934,85
2026-09-22T05:32:05.850166+00:00,1,32842,83
2026-09-22T05:32:05.850166+00:00,2,32560,86
2026-09-22T05:32:05.850166+00:00,3,33006,83
2026-09-22T05:32:10.922769+00:00,0,32934,82
2026-09-22T05:32:10.922769+00:00,1,32842,83
2026-09-22T05:32:10.922769+00:00,2,32560,82
2026-09-22T05:32:10.922769+00:00,3,33006,84
2026-09-22T05:32:16.008628+00:00,0,32934,81
2026-09-22T05:32:16.008628+00:00,1,32842,82
2026-09-22T05:32:16.008628+00:00,2,32560,84
2026-09-22T05:32:16.008628+00:00,3,33006,81
2026-09-22T05:32:21.097097+00:00,0,32934,82
2026-09-22T05:32:21.097097+00:00,1,32842,84
2026-09-22T05:32:21.097097+00:00,2,32560,86
2026-09-22T05:32:21.097097+00:00,3,33006,77
2026-09-22T05:32:26.185279+00:00,0,32934,82
2026-09-22T05:32:26.185279+00:00,1,32842,81
2026-09-22T05:32:26.185279+00:00,2,32560,81
2026-09-22T05:32:26.185279+00:00,3,33006,84
2026-09-22T05:32:31.273706+00:00,0,32934,85
2026-09-22T05:32:31.273706+00:00,1,32842,83
2026-09-22T05:32:31.273706+00:00,2,32560,87
2026-09-22T05:32:31.273706+00:00,3,33006,88
2026-09-22T05:32:36.344693+00:00,0,32934,83
2026-09-22T05:32:36.344693+00:00,1,32842,75
2026-09-22T05:32:36.344693+00:00,2,32560,83
2026-09-22T05:32:36.344693+00:00,3,33006,87
2026-09-22T05:32:41.432447+00:00,0,32934,80
2026-09-22T05:32:41.432447+00:00,1,32842,84
2026-09-22T05:32:41.432447+00:00,2,32560,81
2026-09-22T05:32:41.432447+00:00,3,33006,79
2026-09-22T05:32:46.524422+00:00,0,32934,88
2026-09-22T05:32:46.524422+00:00,1,32842,88
2026-09-22T05:32:46.524422+00:00,2,32560,85
2026-09-22T05:32:46.524422+00:00,3,33006,89
2026-09-22T05:32:51.597818+00:00,0,32934,84
2026-09-22T05:32:51.597818+00:00,1,32842,85
2026-09-22T05:32:51.597818+00:00,2,32560,89
2026-09-22T05:32:51.597818+00:00,3,33006,92
2026-09-22T05:32:56.666325+00:00,0,32934,88
2026-09-22T05:32:56.666325+00:00,1,32842,85
2026-09-22T05:32:56.666325+00:00,2,32560,83
2026-09-22T05:32:56.666325+00:00,3,33006,87
2026-09-22T05:33:01.742498+00:00,0,32934,86
2026-09-22T05:33:01.742498+00:00,1,32842,86
2026-09-22T05:33:01.742498+00:00,2,32560,82
2026-09-22T05:33:01.742498+00:00,3,33006,89
2026-09-22T05:33:06.806844+00:00,0,32934,83
2026-09-22T05:33:06.806844+00:00,1,32842,87
2026-09-22T05:33:06.806844+00:00,2,32560,89
2026-09-22T05:33:06.806844+00:00,3,33006,87
2026-09-22T05:33:11.883265+00:00,0,32934,87
2026-09-22T05:33:11.883265+00:00,1,32842,85
2026-09-22T05:33:11.883265+00:00,2,32560,88
2026-09-22T05:33:11.883265+00:00,3,33006,86
2026-09-22T05:33:16.957428+00:00,0,32934,87
2026-09-22T05:33:16.957428+00:00,1,32842,87
2026-09-22T05:33:16.957428+00:00,2,32560,87
2026-09-22T05:33:16.957428+00:00,3,33006,0
2026-09-22T05:33:22.020401+00:00,0,32934,84
2026-09-22T05:33:22.020401+00:00,1,32842,85
2026-09-22T05:33:22.020401+00:00,2,32562,0
2026-09-22T05:33:22.020401+00:00,3,33006,0
2026-09-22T05:33:27.087451+00:00,0,32934,84
2026-09-22T05:33:27.087451+00:00,1,32842,86
2026-09-22T05:33:27.087451+00:00,2,32562,0
2026-09-22T05:33:27.087451+00:00,3,33006,0
2026-09-22T05:33:32.144483+00:00,0,32934,86
2026-09-22T05:33:32.144483+00:00,1,32842,0
2026-09-22T05:33:32.144483+00:00,2,32562,0
2026-09-22T05:33:32.144483+00:00,3,33006,0
2026-09-22T05:33:37.211238+00:00,0,1576,0
2026-09-22T05:33:37.211238+00:00,1,1576,0
2026-09-22T05:33:37.211238+00:00,2,1556,0
2026-09-22T05:33:37.211238+00:00,3,1576,0
2026-09-22T05:33:42.266482+00:00,0,8108,98
2026-09-22T05:33:42.266482+00:00,1,7408,97
2026-09-22T05:33:42.266482+00:00,2,8108,94
2026-09-22T05:33:42.266482+00:00,3,8128,99
2026-09-22T05:33:47.332323+00:00,0,8834,97
2026-09-22T05:33:47.332323+00:00,1,8174,97
2026-09-22T05:33:47.332323+00:00,2,8814,98
2026-09-22T05:33:47.332323+00:00,3,8834,99
2026-09-22T05:33:52.398046+00:00,0,9098,99
2026-09-22T05:33:52.398046+00:00,1,8458,99
2026-09-22T05:33:52.398046+00:00,2,9078,99
2026-09-22T05:33:52.398046+00:00,3,9098,99
2026-09-22T05:33:57.456700+00:00,0,9302,99
2026-09-22T05:33:57.456700+00:00,1,8662,99
2026-09-22T05:33:57.456700+00:00,2,9282,99
2026-09-22T05:33:57.456700+00:00,3,9302,99
2026-09-22T05:34:02.523624+00:00,0,9506,99
2026-09-22T05:34:02.523624+00:00,1,8906,98
2026-09-22T05:34:02.523624+00:00,2,9486,99
2026-09-22T05:34:02.523624+00:00,3,9508,99
2026-09-22T05:34:07.589253+00:00,0,9572,98
2026-09-22T05:34:07.589253+00:00,1,8950,99
2026-09-22T05:34:07.589253+00:00,2,9570,99
2026-09-22T05:34:07.589253+00:00,3,9572,99
2026-09-22T05:34:12.662418+00:00,0,9576,99
2026-09-22T05:34:12.662418+00:00,1,8956,99
2026-09-22T05:34:12.662418+00:00,2,9576,99
2026-09-22T05:34:12.662418+00:00,3,9576,99
2026-09-22T05:34:17.729652+00:00,0,9580,99
2026-09-22T05:34:17.729652+00:00,1,8960,98
2026-09-22T05:34:17.729652+00:00,2,9580,99
2026-09-22T05:34:17.729652+00:00,3,9580,97
2026-09-22T05:34:22.802568+00:00,0,9584,98
2026-09-22T05:34:22.802568+00:00,1,8964,99
2026-09-22T05:34:22.802568+00:00,2,9584,99
2026-09-22T05:34:22.802568+00:00,3,9584,99
2026-09-22T05:34:27.870430+00:00,0,9588,98
2026-09-22T05:34:27.870430+00:00,1,8968,99
2026-09-22T05:34:27.870430+00:00,2,9588,99
2026-09-22T05:34:27.870430+00:00,3,9588,99
2026-09-22T05:34:32.937350+00:00,0,5744,53
2026-09-22T05:34:32.937350+00:00,1,5664,48
2026-09-22T05:34:32.937350+00:00,2,5704,70
2026-09-22T05:34:32.937350+00:00,3,5744,96
2026-09-22T05:34:37.993898+00:00,0,20058,99
2026-09-22T05:34:37.993898+00:00,1,19216,99
2026-09-22T05:34:37.993898+00:00,2,19878,93
2026-09-22T05:34:37.993898+00:00,3,19136,94
2026-09-22T05:34:43.063338+00:00,0,20200,99
2026-09-22T05:34:43.063338+00:00,1,20140,94
2026-09-22T05:34:43.063338+00:00,2,20240,95
2026-09-22T05:34:43.063338+00:00,3,20200,96
2026-09-22T05:34:48.134683+00:00,0,20862,95
2026-09-22T05:34:48.134683+00:00,1,20322,94
2026-09-22T05:34:48.134683+00:00,2,20842,95
2026-09-22T05:34:48.134683+00:00,3,20942,94
2026-09-22T05:34:53.203330+00:00,0,20866,98
2026-09-22T05:34:53.203330+00:00,1,20384,99
2026-09-22T05:34:53.203330+00:00,2,20846,90
2026-09-22T05:34:53.203330+00:00,3,20946,86
2026-09-22T05:34:58.273109+00:00,0,20868,96
2026-09-22T05:34:58.273109+00:00,1,20386,97
2026-09-22T05:34:58.273109+00:00,2,20848,99
2026-09-22T05:34:58.273109+00:00,3,20946,97
2026-09-22T05:35:03.344720+00:00,0,20874,96
2026-09-22T05:35:03.344720+00:00,1,20394,98
2026-09-22T05:35:03.344720+00:00,2,20854,99
2026-09-22T05:35:03.344720+00:00,3,20954,97
2026-09-22T05:35:08.415405+00:00,0,20874,97
2026-09-22T05:35:08.415405+00:00,1,20394,96
2026-09-22T05:35:08.415405+00:00,2,20854,100
2026-09-22T05:35:08.415405+00:00,3,20954,92
2026-09-22T05:35:13.484963+00:00,0,20874,99
2026-09-22T05:35:13.484963+00:00,1,20394,98
2026-09-22T05:35:13.484963+00:00,2,20854,98
2026-09-22T05:35:13.484963+00:00,3,20954,97
2026-09-22T05:35:18.555888+00:00,0,25434,99
2026-09-22T05:35:18.555888+00:00,1,25494,99
2026-09-22T05:35:18.555888+00:00,2,25614,100
2026-09-22T05:35:18.555888+00:00,3,25394,99
2026-09-22T05:35:23.630543+00:00,0,25714,99
2026-09-22T05:35:23.630543+00:00,1,25694,98
2026-09-22T05:35:23.630543+00:00,2,25654,98
2026-09-22T05:35:23.630543+00:00,3,25714,98
2026-09-22T05:35:28.705365+00:00,0,25714,99
2026-09-22T05:35:28.705365+00:00,1,25734,99
2026-09-22T05:35:28.705365+00:00,2,25754,99
2026-09-22T05:35:28.705365+00:00,3,25754,99
2026-09-22T05:35:33.776248+00:00,0,25714,99
2026-09-22T05:35:33.776248+00:00,1,25734,99
2026-09-22T05:35:33.776248+00:00,2,25754,99
2026-09-22T05:35:33.776248+00:00,3,25754,99
2026-09-22T05:35:38.851104+00:00,0,25714,99
2026-09-22T05:35:38.851104+00:00,1,25734,98
2026-09-22T05:35:38.851104+00:00,2,25754,98
2026-09-22T05:35:38.851104+00:00,3,25754,98
2026-09-22T05:35:43.923853+00:00,0,25714,99
2026-09-22T05:35:43.923853+00:00,1,25734,99
2026-09-22T05:35:43.923853+00:00,2,25754,99
2026-09-22T05:35:43.923853+00:00,3,25754,100
2026-09-22T05:35:48.996497+00:00,0,25714,94
2026-09-22T05:35:48.996497+00:00,1,25734,89
2026-09-22T05:35:48.996497+00:00,2,25754,99
2026-09-22T05:35:48.996497+00:00,3,25754,96
2026-09-22T05:35:54.065570+00:00,0,25714,94
2026-09-22T05:35:54.065570+00:00,1,25734,95
2026-09-22T05:35:54.065570+00:00,2,25754,97
2026-09-22T05:35:54.065570+00:00,3,25754,95
2026-09-22T05:35:59.135169+00:00,0,25714,96
2026-09-22T05:35:59.135169+00:00,1,25734,96
2026-09-22T05:35:59.135169+00:00,2,25754,99
2026-09-22T05:35:59.135169+00:00,3,25754,84
2026-09-22T05:36:04.203515+00:00,0,25714,98
2026-09-22T05:36:04.203515+00:00,1,25734,98
2026-09-22T05:36:04.203515+00:00,2,25754,89
2026-09-22T05:36:04.203515+00:00,3,25754,90
2026-09-22T05:36:09.277502+00:00,0,25714,99
2026-09-22T05:36:09.277502+00:00,1,25734,99
2026-09-22T05:36:09.277502+00:00,2,25754,99
2026-09-22T05:36:09.277502+00:00,3,25754,99
2026-09-22T05:36:14.350992+00:00,0,25714,98
2026-09-22T05:36:14.350992+00:00,1,25734,98
2026-09-22T05:36:14.350992+00:00,2,25754,98
2026-09-22T05:36:14.350992+00:00,3,25754,98
2026-09-22T05:36:19.426617+00:00,0,25714,87
2026-09-22T05:36:19.426617+00:00,1,25754,99
2026-09-22T05:36:19.426617+00:00,2,25754,99
2026-09-22T05:36:19.426617+00:00,3,25814,91
2026-09-22T05:36:24.501916+00:00,0,25774,100
2026-09-22T05:36:24.501916+00:00,1,25754,99
2026-09-22T05:36:24.501916+00:00,2,25774,98
2026-09-22T05:36:24.501916+00:00,3,25814,99
2026-09-22T05:36:29.571007+00:00,0,25774,99
2026-09-22T05:36:29.571007+00:00,1,25754,99
2026-09-22T05:36:29.571007+00:00,2,25774,100
2026-09-22T05:36:29.571007+00:00,3,25814,99
2026-09-22T05:36:34.639079+00:00,0,25774,90
2026-09-22T05:36:34.639079+00:00,1,25754,89
2026-09-22T05:36:34.639079+00:00,2,25774,90
2026-09-22T05:36:34.639079+00:00,3,25814,99
2026-09-22T05:36:39.749754+00:00,0,25774,99
2026-09-22T05:36:39.749754+00:00,1,25754,98
2026-09-22T05:36:39.749754+00:00,2,25774,95
2026-09-22T05:36:39.749754+00:00,3,25814,100
2026-09-22T05:36:44.811426+00:00,0,25774,95
2026-09-22T05:36:44.811426+00:00,1,25754,93
2026-09-22T05:36:44.811426+00:00,2,25774,100
2026-09-22T05:36:44.811426+00:00,3,25814,99
2026-09-22T05:36:49.883080+00:00,0,25774,91
2026-09-22T05:36:49.883080+00:00,1,25754,99
2026-09-22T05:36:49.883080+00:00,2,25774,85
2026-09-22T05:36:49.883080+00:00,3,25814,91
2026-09-22T05:36:54.962326+00:00,0,25774,97
2026-09-22T05:36:54.962326+00:00,1,25754,99
2026-09-22T05:36:54.962326+00:00,2,25774,98
2026-09-22T05:36:54.962326+00:00,3,25814,98
2026-09-22T05:37:00.034029+00:00,0,25774,99
2026-09-22T05:37:00.034029+00:00,1,25754,99
2026-09-22T05:37:00.034029+00:00,2,25774,96
2026-09-22T05:37:00.034029+00:00,3,25814,99
2026-09-22T05:37:05.106148+00:00,0,25774,100
2026-09-22T05:37:05.106148+00:00,1,25754,99
2026-09-22T05:37:05.106148+00:00,2,25774,97
2026-09-22T05:37:05.106148+00:00,3,25814,99
2026-09-22T05:37:10.177710+00:00,0,25774,99
2026-09-22T05:37:10.177710+00:00,1,25754,99
2026-09-22T05:37:10.177710+00:00,2,25774,97
2026-09-22T05:37:10.177710+00:00,3,25814,99
2026-09-22T05:37:15.248963+00:00,0,25774,0
2026-09-22T05:37:15.248963+00:00,1,25754,87
2026-09-22T05:37:15.248963+00:00,2,25774,99
2026-09-22T05:37:15.248963+00:00,3,25814,99
2026-09-22T05:37:20.321390+00:00,0,25774,97
2026-09-22T05:37:20.321390+00:00,1,25754,99
2026-09-22T05:37:20.321390+00:00,2,25774,98
2026-09-22T05:37:20.321390+00:00,3,25814,97
2026-09-22T05:37:25.395550+00:00,0,8664,84
2026-09-22T05:37:25.395550+00:00,1,8644,72
2026-09-22T05:37:25.395550+00:00,2,8646,81
2026-09-22T05:37:25.395550+00:00,3,8666,64
2026-09-22T05:37:30.465803+00:00,0,10730,9
2026-09-22T05:37:30.465803+00:00,1,10096,5
2026-09-22T05:37:30.465803+00:00,2,10812,8
2026-09-22T05:37:30.465803+00:00,3,10278,6
2026-09-22T05:37:35.525799+00:00,0,11426,17
2026-09-22T05:37:35.525799+00:00,1,11406,25
2026-09-22T05:37:35.525799+00:00,2,11406,32
2026-09-22T05:37:35.525799+00:00,3,11426,18
2026-09-22T05:37:40.586216+00:00,0,5208,9
2026-09-22T05:37:40.586216+00:00,1,5208,9
2026-09-22T05:37:40.586216+00:00,2,5188,11
2026-09-22T05:37:40.586216+00:00,3,5208,10
2026-09-22T05:37:45.644200+00:00,0,32930,64
2026-09-22T05:37:45.644200+00:00,1,32980,62
2026-09-22T05:37:45.644200+00:00,2,32646,62
2026-09-22T05:37:45.644200+00:00,3,32682,72
2026-09-22T05:37:50.707358+00:00,0,32930,65
2026-09-22T05:37:50.707358+00:00,1,32980,67
2026-09-22T05:37:50.707358+00:00,2,32646,64
2026-09-22T05:37:50.707358+00:00,3,32682,70
2026-09-22T05:37:55.761691+00:00,0,32930,69
2026-09-22T05:37:55.761691+00:00,1,32980,66
2026-09-22T05:37:55.761691+00:00,2,32646,75
2026-09-22T05:37:55.761691+00:00,3,32682,72
2026-09-22T05:38:00.824915+00:00,0,32930,69
2026-09-22T05:38:00.824915+00:00,1,32980,71
2026-09-22T05:38:00.824915+00:00,2,32646,71
2026-09-22T05:38:00.824915+00:00,3,32682,72
2026-09-22T05:38:05.888951+00:00,0,32930,68
2026-09-22T05:38:05.888951+00:00,1,32980,73
2026-09-22T05:38:05.888951+00:00,2,32646,67
2026-09-22T05:38:05.888951+00:00,3,32682,82
2026-09-22T05:38:10.951811+00:00,0,32930,72
2026-09-22T05:38:10.951811+00:00,1,32980,71
2026-09-22T05:38:10.951811+00:00,2,32646,73
2026-09-22T05:38:10.951811+00:00,3,32682,67
2026-09-22T05:38:16.024262+00:00,0,32930,71
2026-09-22T05:38:16.024262+00:00,1,32980,67
2026-09-22T05:38:16.024262+00:00,2,32646,70
2026-09-22T05:38:16.024262+00:00,3,32682,72
2026-09-22T05:38:21.108282+00:00,0,32930,72
2026-09-22T05:38:21.108282+00:00,1,32980,71
2026-09-22T05:38:21.108282+00:00,2,32646,73
2026-09-22T05:38:21.108282+00:00,3,32682,72
2026-09-22T05:38:26.188320+00:00,0,32930,73
2026-09-22T05:38:26.188320+00:00,1,32980,75
2026-09-22T05:38:26.188320+00:00,2,32646,78
2026-09-22T05:38:26.188320+00:00,3,32682,72
2026-09-22T05:38:31.258643+00:00,0,32930,82
2026-09-22T05:38:31.258643+00:00,1,32980,84
2026-09-22T05:38:31.258643+00:00,2,32646,79
2026-09-22T05:38:31.258643+00:00,3,32682,75
2026-09-22T05:38:36.329155+00:00,0,32930,80
2026-09-22T05:38:36.329155+00:00,1,32980,80
2026-09-22T05:38:36.329155+00:00,2,32646,80
2026-09-22T05:38:36.329155+00:00,3,32682,82
2026-09-22T05:38:41.399732+00:00,0,32930,78
2026-09-22T05:38:41.399732+00:00,1,32980,82
2026-09-22T05:38:41.399732+00:00,2,32646,76
2026-09-22T05:38:41.399732+00:00,3,32682,83
2026-09-22T05:38:46.470974+00:00,0,32930,82
2026-09-22T05:38:46.470974+00:00,1,32980,80
2026-09-22T05:38:46.470974+00:00,2,32646,75
2026-09-22T05:38:46.470974+00:00,3,32682,86
2026-09-22T05:38:51.539571+00:00,0,32930,79
2026-09-22T05:38:51.539571+00:00,1,32980,83
2026-09-22T05:38:51.539571+00:00,2,32646,79
2026-09-22T05:38:51.539571+00:00,3,32682,83
2026-09-22T05:38:56.605835+00:00,0,32930,76
2026-09-22T05:38:56.605835+00:00,1,32980,82
2026-09-22T05:38:56.605835+00:00,2,32646,82
2026-09-22T05:38:56.605835+00:00,3,32682,83
2026-09-22T05:39:01.703514+00:00,0,32930,84
2026-09-22T05:39:01.703514+00:00,1,32980,83
2026-09-22T05:39:01.703514+00:00,2,32646,89
2026-09-22T05:39:01.703514+00:00,3,32682,82
2026-09-22T05:39:06.773091+00:00,0,32930,81
2026-09-22T05:39:06.773091+00:00,1,32980,86
2026-09-22T05:39:06.773091+00:00,2,32646,85
2026-09-22T05:39:06.773091+00:00,3,32682,79
2026-09-22T05:39:11.850243+00:00,0,32930,84
2026-09-22T05:39:11.850243+00:00,1,32980,81
2026-09-22T05:39:11.850243+00:00,2,32646,83
2026-09-22T05:39:11.850243+00:00,3,32682,80
2026-09-22T05:39:16.928448+00:00,0,32930,72
2026-09-22T05:39:16.928448+00:00,1,32980,76
2026-09-22T05:39:16.928448+00:00,2,32646,79
2026-09-22T05:39:16.928448+00:00,3,32682,84
2026-09-22T05:39:21.998444+00:00,0,32930,78
2026-09-22T05:39:21.998444+00:00,1,32980,86
2026-09-22T05:39:21.998444+00:00,2,32646,81
2026-09-22T05:39:21.998444+00:00,3,32682,80
2026-09-22T05:39:27.068417+00:00,0,32930,84
2026-09-22T05:39:27.068417+00:00,1,32980,84
2026-09-22T05:39:27.068417+00:00,2,32646,80
2026-09-22T05:39:27.068417+00:00,3,32682,85
2026-09-22T05:39:32.143370+00:00,0,32930,85
2026-09-22T05:39:32.143370+00:00,1,32980,82
2026-09-22T05:39:32.143370+00:00,2,32646,85
2026-09-22T05:39:32.143370+00:00,3,32682,81
2026-09-22T05:39:37.212566+00:00,0,32930,80
2026-09-22T05:39:37.212566+00:00,1,32980,76
2026-09-22T05:39:37.212566+00:00,2,32646,80
2026-09-22T05:39:37.212566+00:00,3,32682,81
2026-09-22T05:39:42.300928+00:00,0,32930,82
2026-09-22T05:39:42.300928+00:00,1,32980,82
2026-09-22T05:39:42.300928+00:00,2,32646,80
2026-09-22T05:39:42.300928+00:00,3,32682,81
2026-09-22T05:39:47.390293+00:00,0,32930,75
2026-09-22T05:39:47.390293+00:00,1,32980,78
2026-09-22T05:39:47.390293+00:00,2,32646,82
2026-09-22T05:39:47.390293+00:00,3,32682,79
2026-09-22T05:39:52.474834+00:00,0,32930,83
2026-09-22T05:39:52.474834+00:00,1,32980,80
2026-09-22T05:39:52.474834+00:00,2,32646,82
2026-09-22T05:39:52.474834+00:00,3,32682,78
2026-09-22T05:39:57.562395+00:00,0,32930,83
2026-09-22T05:39:57.562395+00:00,1,32980,80
2026-09-22T05:39:57.562395+00:00,2,32646,79
2026-09-22T05:39:57.562395+00:00,3,32682,79
2026-09-22T05:40:02.652690+00:00,0,32930,80
2026-09-22T05:40:02.652690+00:00,1,32980,80
2026-09-22T05:40:02.652690+00:00,2,32646,83
2026-09-22T05:40:02.652690+00:00,3,32682,81
2026-09-22T05:40:07.747834+00:00,0,32930,84
2026-09-22T05:40:07.747834+00:00,1,32980,82
2026-09-22T05:40:07.747834+00:00,2,32646,84
2026-09-22T05:40:07.747834+00:00,3,32682,83
2026-09-22T05:40:12.826277+00:00,0,32930,83
2026-09-22T05:40:12.826277+00:00,1,32980,82
2026-09-22T05:40:12.826277+00:00,2,32646,83
2026-09-22T05:40:12.826277+00:00,3,32682,81
2026-09-22T05:40:17.891193+00:00,0,32930,84
2026-09-22T05:40:17.891193+00:00,1,32980,85
2026-09-22T05:40:17.891193+00:00,2,32646,86
2026-09-22T05:40:17.891193+00:00,3,32682,85
2026-09-22T05:40:22.961961+00:00,0,32930,81
2026-09-22T05:40:22.961961+00:00,1,32980,81
2026-09-22T05:40:22.961961+00:00,2,32646,83
2026-09-22T05:40:22.961961+00:00,3,32682,80
2026-09-22T05:40:28.051671+00:00,0,32930,87
2026-09-22T05:40:28.051671+00:00,1,32980,88
2026-09-22T05:40:28.051671+00:00,2,32646,86
2026-09-22T05:40:28.051671+00:00,3,32682,84
2026-09-22T05:40:33.122104+00:00,0,32930,82
2026-09-22T05:40:33.122104+00:00,1,32980,86
2026-09-22T05:40:33.122104+00:00,2,32646,88
2026-09-22T05:40:33.122104+00:00,3,32682,84
2026-09-22T05:40:38.195012+00:00,0,32930,87
2026-09-22T05:40:38.195012+00:00,1,32980,86
2026-09-22T05:40:38.195012+00:00,2,32646,86
2026-09-22T05:40:38.195012+00:00,3,32682,87
2026-09-22T05:40:43.265899+00:00,0,32930,83
2026-09-22T05:40:43.265899+00:00,1,32980,83
2026-09-22T05:40:43.265899+00:00,2,32646,86
2026-09-22T05:40:43.265899+00:00,3,32682,85
2026-09-22T05:40:48.337027+00:00,0,32930,87
2026-09-22T05:40:48.337027+00:00,1,32980,83
2026-09-22T05:40:48.337027+00:00,2,32646,84
2026-09-22T05:40:48.337027+00:00,3,32682,86
2026-09-22T05:40:53.404772+00:00,0,32930,85
2026-09-22T05:40:53.404772+00:00,1,32980,88
2026-09-22T05:40:53.404772+00:00,2,32646,84
2026-09-22T05:40:53.404772+00:00,3,32682,76
2026-09-22T05:40:58.474622+00:00,0,32930,83
2026-09-22T05:40:58.474622+00:00,1,32980,83
2026-09-22T05:40:58.474622+00:00,2,32646,92
2026-09-22T05:40:58.474622+00:00,3,32682,88
2026-09-22T05:41:03.551529+00:00,0,32930,84
2026-09-22T05:41:03.551529+00:00,1,32980,85
2026-09-22T05:41:03.551529+00:00,2,32646,93
2026-09-22T05:41:03.551529+00:00,3,32682,88
2026-09-22T05:41:08.628425+00:00,0,32930,84
2026-09-22T05:41:08.628425+00:00,1,32980,87
2026-09-22T05:41:08.628425+00:00,2,32646,85
2026-09-22T05:41:08.628425+00:00,3,32682,87
2026-09-22T05:41:13.701675+00:00,0,32930,86
2026-09-22T05:41:13.701675+00:00,1,32980,84
2026-09-22T05:41:13.701675+00:00,2,32646,84
2026-09-22T05:41:13.701675+00:00,3,32682,88
2026-09-22T05:41:18.778082+00:00,0,32930,89
2026-09-22T05:41:18.778082+00:00,1,32980,85
2026-09-22T05:41:18.778082+00:00,2,32646,89
2026-09-22T05:41:18.778082+00:00,3,32682,85
2026-09-22T05:41:23.845975+00:00,0,32930,89
2026-09-22T05:41:23.845975+00:00,1,32980,84
2026-09-22T05:41:23.845975+00:00,2,32646,85
2026-09-22T05:41:23.845975+00:00,3,32682,90
2026-09-22T05:41:28.918002+00:00,0,32930,85
2026-09-22T05:41:28.918002+00:00,1,32980,88
2026-09-22T05:41:28.918002+00:00,2,32646,86
2026-09-22T05:41:28.918002+00:00,3,32682,88
2026-09-22T05:41:33.994371+00:00,0,32930,84
2026-09-22T05:41:33.994371+00:00,1,32980,81
2026-09-22T05:41:33.994371+00:00,2,32646,84
2026-09-22T05:41:33.994371+00:00,3,32682,83
2026-09-22T05:41:39.081824+00:00,0,32930,87
2026-09-22T05:41:39.081824+00:00,1,32980,87
2026-09-22T05:41:39.081824+00:00,2,32646,83
2026-09-22T05:41:39.081824+00:00,3,32682,89
2026-09-22T05:41:44.159054+00:00,0,32930,86
2026-09-22T05:41:44.159054+00:00,1,32980,83
2026-09-22T05:41:44.159054+00:00,2,32646,86
2026-09-22T05:41:44.159054+00:00,3,32682,83
2026-09-22T05:41:49.254269+00:00,0,32930,84
2026-09-22T05:41:49.254269+00:00,1,32980,87
2026-09-22T05:41:49.254269+00:00,2,32646,87
2026-09-22T05:41:49.254269+00:00,3,32682,83
2026-09-22T05:41:54.321790+00:00,0,32930,86
2026-09-22T05:41:54.321790+00:00,1,32980,87
2026-09-22T05:41:54.321790+00:00,2,32646,85
2026-09-22T05:41:54.321790+00:00,3,32682,86
2026-09-22T05:41:59.385119+00:00,0,32930,86
2026-09-22T05:41:59.385119+00:00,1,32980,89
2026-09-22T05:41:59.385119+00:00,2,32646,90
2026-09-22T05:41:59.385119+00:00,3,32682,89
2026-09-22T05:42:04.456161+00:00,0,32930,86
2026-09-22T05:42:04.456161+00:00,1,32980,93
2026-09-22T05:42:04.456161+00:00,2,32646,89
2026-09-22T05:42:04.456161+00:00,3,32682,89
2026-09-22T05:42:09.520891+00:00,0,32930,0
2026-09-22T05:42:09.520891+00:00,1,32980,85
2026-09-22T05:42:09.520891+00:00,2,32646,88
2026-09-22T05:42:09.520891+00:00,3,32682,87
2026-09-22T05:42:14.593327+00:00,0,32930,0
2026-09-22T05:42:14.593327+00:00,1,32980,0
2026-09-22T05:42:14.593327+00:00,2,32646,0
2026-09-22T05:42:14.593327+00:00,3,32682,78
2026-09-22T05:42:19.653308+00:00,0,7806,95
2026-09-22T05:42:19.653308+00:00,1,7126,96
2026-09-22T05:42:19.653308+00:00,2,7806,94
2026-09-22T05:42:19.653308+00:00,3,7806,95
2026-09-22T05:42:24.719839+00:00,0,8572,99
2026-09-22T05:42:24.719839+00:00,1,7872,99
2026-09-22T05:42:24.719839+00:00,2,8552,93
2026-09-22T05:42:24.719839+00:00,3,8512,99
2026-09-22T05:42:29.785525+00:00,0,8936,93
2026-09-22T05:42:29.785525+00:00,1,8276,97
2026-09-22T05:42:29.785525+00:00,2,8936,99
2026-09-22T05:42:29.785525+00:00,3,8896,99
2026-09-22T05:42:34.852493+00:00,0,9220,99
2026-09-22T05:42:34.852493+00:00,1,8580,99
2026-09-22T05:42:34.852493+00:00,2,9220,99
2026-09-22T05:42:34.852493+00:00,3,9200,99
2026-09-22T05:42:39.919577+00:00,0,9586,99
2026-09-22T05:42:39.919577+00:00,1,8986,99
2026-09-22T05:42:39.919577+00:00,2,9606,99
2026-09-22T05:42:39.919577+00:00,3,9586,99
2026-09-22T05:42:44.984250+00:00,0,9930,99
2026-09-22T05:42:44.984250+00:00,1,9350,99
2026-09-22T05:42:44.984250+00:00,2,9928,99
2026-09-22T05:42:44.984250+00:00,3,9930,99
2026-09-22T05:42:50.051399+00:00,0,9934,99
2026-09-22T05:42:50.051399+00:00,1,9354,99
2026-09-22T05:42:50.051399+00:00,2,9934,99
2026-09-22T05:42:50.051399+00:00,3,9934,99
2026-09-22T05:42:55.121576+00:00,0,9938,99
2026-09-22T05:42:55.121576+00:00,1,9358,99
2026-09-22T05:42:55.121576+00:00,2,9938,99
2026-09-22T05:42:55.121576+00:00,3,9938,96
2026-09-22T05:43:00.194893+00:00,0,9942,99
2026-09-22T05:43:00.194893+00:00,1,9362,99
2026-09-22T05:43:00.194893+00:00,2,9942,99
2026-09-22T05:43:00.194893+00:00,3,9942,99
2026-09-22T05:43:05.292979+00:00,0,9946,98
2026-09-22T05:43:05.292979+00:00,1,9366,99
2026-09-22T05:43:05.292979+00:00,2,9946,99
2026-09-22T05:43:05.292979+00:00,3,9946,99
2026-09-22T05:43:10.360373+00:00,0,9950,97
2026-09-22T05:43:10.360373+00:00,1,9370,97
2026-09-22T05:43:10.360373+00:00,2,9950,97
2026-09-22T05:43:10.360373+00:00,3,9950,99
2026-09-22T05:43:15.429540+00:00,0,18276,93
2026-09-22T05:43:15.429540+00:00,1,18276,98
2026-09-22T05:43:15.429540+00:00,2,18376,98
2026-09-22T05:43:15.429540+00:00,3,18316,99
2026-09-22T05:43:20.499527+00:00,0,19718,96
2026-09-22T05:43:20.499527+00:00,1,19198,96
2026-09-22T05:43:20.499527+00:00,2,18958,89
2026-09-22T05:43:20.499527+00:00,3,18998,99
2026-09-22T05:43:25.569516+00:00,0,20962,97
2026-09-22T05:43:25.569516+00:00,1,20820,99
2026-09-22T05:43:25.569516+00:00,2,20820,97
2026-09-22T05:43:25.569516+00:00,3,20860,80
2026-09-22T05:43:30.669865+00:00,0,21564,99
2026-09-22T05:43:30.669865+00:00,1,21384,99
2026-09-22T05:43:30.669865+00:00,2,21484,97
2026-09-22T05:43:30.669865+00:00,3,21404,97
2026-09-22T05:43:35.739608+00:00,0,21566,97
2026-09-22T05:43:35.739608+00:00,1,21386,99
2026-09-22T05:43:35.739608+00:00,2,21484,99
2026-09-22T05:43:35.739608+00:00,3,21404,98
2026-09-22T05:43:40.807655+00:00,0,21568,95
2026-09-22T05:43:40.807655+00:00,1,21386,99
2026-09-22T05:43:40.807655+00:00,2,21488,95
2026-09-22T05:43:40.807655+00:00,3,21408,97
2026-09-22T05:43:45.877351+00:00,0,21574,91
2026-09-22T05:43:45.877351+00:00,1,21394,94
2026-09-22T05:43:45.877351+00:00,2,21494,93
2026-09-22T05:43:45.877351+00:00,3,21414,95
2026-09-22T05:43:50.954934+00:00,0,21574,94
2026-09-22T05:43:50.954934+00:00,1,21394,94
2026-09-22T05:43:50.954934+00:00,2,21494,96
2026-09-22T05:43:50.954934+00:00,3,21414,93
2026-09-22T05:43:56.023359+00:00,0,25694,99
2026-09-22T05:43:56.023359+00:00,1,25654,99
2026-09-22T05:43:56.023359+00:00,2,25694,98
2026-09-22T05:43:56.023359+00:00,3,25694,87
2026-09-22T05:44:01.110661+00:00,0,25754,99
2026-09-22T05:44:01.110661+00:00,1,25754,99
2026-09-22T05:44:01.110661+00:00,2,25734,99
2026-09-22T05:44:01.110661+00:00,3,25754,99
2026-09-22T05:44:06.190453+00:00,0,25814,99
2026-09-22T05:44:06.190453+00:00,1,25754,99
2026-09-22T05:44:06.190453+00:00,2,25794,99
2026-09-22T05:44:06.190453+00:00,3,25754,99
2026-09-22T05:44:11.269168+00:00,0,25814,98
2026-09-22T05:44:11.269168+00:00,1,25774,98
2026-09-22T05:44:11.269168+00:00,2,25794,99
2026-09-22T05:44:11.269168+00:00,3,25814,98
2026-09-22T05:44:16.341955+00:00,0,25814,99
2026-09-22T05:44:16.341955+00:00,1,25774,99
2026-09-22T05:44:16.341955+00:00,2,25794,99
2026-09-22T05:44:16.341955+00:00,3,25814,99
2026-09-22T05:44:21.411347+00:00,0,25814,86
2026-09-22T05:44:21.411347+00:00,1,25774,88
2026-09-22T05:44:21.411347+00:00,2,25794,100
2026-09-22T05:44:21.411347+00:00,3,25814,100
2026-09-22T05:44:26.482377+00:00,0,25814,97
2026-09-22T05:44:26.482377+00:00,1,25774,92
2026-09-22T05:44:26.482377+00:00,2,25794,98
2026-09-22T05:44:26.482377+00:00,3,25814,98
2026-09-22T05:44:31.546463+00:00,0,25814,94
2026-09-22T05:44:31.546463+00:00,1,25774,92
2026-09-22T05:44:31.546463+00:00,2,25794,96
2026-09-22T05:44:31.546463+00:00,3,25814,99
2026-09-22T05:44:36.617078+00:00,0,25814,92
2026-09-22T05:44:36.617078+00:00,1,25774,93
2026-09-22T05:44:36.617078+00:00,2,25794,93
2026-09-22T05:44:36.617078+00:00,3,25814,93
2026-09-22T05:44:41.693216+00:00,0,25814,98
2026-09-22T05:44:41.693216+00:00,1,25774,80
2026-09-22T05:44:41.693216+00:00,2,25794,99
2026-09-22T05:44:41.693216+00:00,3,25814,92
2026-09-22T05:44:46.760989+00:00,0,25814,99
2026-09-22T05:44:46.760989+00:00,1,25774,87
2026-09-22T05:44:46.760989+00:00,2,25794,99
2026-09-22T05:44:46.760989+00:00,3,25814,95
2026-09-22T05:44:51.843939+00:00,0,25814,99
2026-09-22T05:44:51.843939+00:00,1,25774,99
2026-09-22T05:44:51.843939+00:00,2,25794,100
2026-09-22T05:44:51.843939+00:00,3,25814,99
2026-09-22T05:44:56.915515+00:00,0,25814,99
2026-09-22T05:44:56.915515+00:00,1,25774,98
2026-09-22T05:44:56.915515+00:00,2,25794,98
2026-09-22T05:44:56.915515+00:00,3,25814,98
2026-09-22T05:45:01.977476+00:00,0,25814,99
2026-09-22T05:45:01.977476+00:00,1,25794,99
2026-09-22T05:45:01.977476+00:00,2,25794,99
2026-09-22T05:45:01.977476+00:00,3,25814,99
2026-09-22T05:45:07.045833+00:00,0,25814,99
2026-09-22T05:45:07.045833+00:00,1,25794,99
2026-09-22T05:45:07.045833+00:00,2,25794,100
2026-09-22T05:45:07.045833+00:00,3,25814,99
2026-09-22T05:45:12.118409+00:00,0,25814,98
2026-09-22T05:45:12.118409+00:00,1,25794,99
2026-09-22T05:45:12.118409+00:00,2,25794,98
2026-09-22T05:45:12.118409+00:00,3,25814,98
2026-09-22T05:45:17.183750+00:00,0,25814,99
2026-09-22T05:45:17.183750+00:00,1,25794,100
2026-09-22T05:45:17.183750+00:00,2,25794,100
2026-09-22T05:45:17.183750+00:00,3,25814,99
2026-09-22T05:45:22.248665+00:00,0,25814,91
2026-09-22T05:45:22.248665+00:00,1,25794,100
2026-09-22T05:45:22.248665+00:00,2,25794,99
2026-09-22T05:45:22.248665+00:00,3,25814,100
2026-09-22T05:45:27.314829+00:00,0,25814,90
2026-09-22T05:45:27.314829+00:00,1,25794,96
2026-09-22T05:45:27.314829+00:00,2,25794,99
2026-09-22T05:45:27.314829+00:00,3,25814,100
2026-09-22T05:45:32.377056+00:00,0,25814,99
2026-09-22T05:45:32.377056+00:00,1,25794,100
2026-09-22T05:45:32.377056+00:00,2,25794,97
2026-09-22T05:45:32.377056+00:00,3,25814,86
2026-09-22T05:45:37.447322+00:00,0,25814,93
2026-09-22T05:45:37.447322+00:00,1,25794,95
2026-09-22T05:45:37.447322+00:00,2,25794,95
2026-09-22T05:45:37.447322+00:00,3,25814,96
2026-09-22T05:45:42.523166+00:00,0,25814,97
2026-09-22T05:45:42.523166+00:00,1,25794,97
2026-09-22T05:45:42.523166+00:00,2,25794,100
2026-09-22T05:45:42.523166+00:00,3,25814,97
2026-09-22T05:45:47.596914+00:00,0,25814,99
2026-09-22T05:45:47.596914+00:00,1,25794,97
2026-09-22T05:45:47.596914+00:00,2,25794,99
2026-09-22T05:45:47.596914+00:00,3,25814,99
2026-09-22T05:45:52.669730+00:00,0,25814,94
2026-09-22T05:45:52.669730+00:00,1,25794,82
2026-09-22T05:45:52.669730+00:00,2,25794,95
2026-09-22T05:45:52.669730+00:00,3,25814,95
2026-09-22T05:45:57.733070+00:00,0,25814,86
2026-09-22T05:45:57.733070+00:00,1,25794,88
2026-09-22T05:45:57.733070+00:00,2,25794,95
2026-09-22T05:45:57.733070+00:00,3,25814,85
2026-09-22T05:46:02.804844+00:00,0,25814,97
2026-09-22T05:46:02.804844+00:00,1,25794,99
2026-09-22T05:46:02.804844+00:00,2,25794,97
2026-09-22T05:46:02.804844+00:00,3,25814,99
2026-09-22T05:46:07.874002+00:00,0,9370,75
2026-09-22T05:46:07.874002+00:00,1,9370,64
2026-09-22T05:46:07.874002+00:00,2,9370,80
2026-09-22T05:46:07.874002+00:00,3,9370,74
2026-09-22T05:46:12.940308+00:00,0,10872,9
2026-09-22T05:46:12.940308+00:00,1,10382,7
2026-09-22T05:46:12.940308+00:00,2,10546,8
2026-09-22T05:46:12.940308+00:00,3,10832,8
2026-09-22T05:46:17.999872+00:00,0,11426,41
2026-09-22T05:46:17.999872+00:00,1,11406,27
2026-09-22T05:46:17.999872+00:00,2,11406,28
2026-09-22T05:46:17.999872+00:00,3,11426,30
2026-09-22T05:46:23.059966+00:00,0,5208,0
2026-09-22T05:46:23.059966+00:00,1,5208,0
2026-09-22T05:46:23.059966+00:00,2,5188,0
2026-09-22T05:46:23.059966+00:00,3,5208,0
2026-09-22T05:46:28.120392+00:00,0,33046,62
2026-09-22T05:46:28.120392+00:00,1,32752,68
2026-09-22T05:46:28.120392+00:00,2,32986,64
2026-09-22T05:46:28.120392+00:00,3,32954,63
2026-09-22T05:46:33.180823+00:00,0,33046,62
2026-09-22T05:46:33.180823+00:00,1,32752,70
2026-09-22T05:46:33.180823+00:00,2,32986,67
2026-09-22T05:46:33.180823+00:00,3,32954,71
2026-09-22T05:46:38.242575+00:00,0,33046,71
2026-09-22T05:46:38.242575+00:00,1,32752,68
2026-09-22T05:46:38.242575+00:00,2,32986,67
2026-09-22T05:46:38.242575+00:00,3,32954,68
2026-09-22T05:46:43.313498+00:00,0,33046,66
2026-09-22T05:46:43.313498+00:00,1,32752,74
2026-09-22T05:46:43.313498+00:00,2,32986,67
2026-09-22T05:46:43.313498+00:00,3,32954,77
2026-09-22T05:46:48.382707+00:00,0,33046,65
2026-09-22T05:46:48.382707+00:00,1,32752,74
2026-09-22T05:46:48.382707+00:00,2,32986,71
2026-09-22T05:46:48.382707+00:00,3,32954,70
2026-09-22T05:46:53.466965+00:00,0,33046,73
2026-09-22T05:46:53.466965+00:00,1,32752,83
2026-09-22T05:46:53.466965+00:00,2,32986,72
2026-09-22T05:46:53.466965+00:00,3,32954,71
2026-09-22T05:46:58.535666+00:00,0,33046,73
2026-09-22T05:46:58.535666+00:00,1,32752,77
2026-09-22T05:46:58.535666+00:00,2,32986,74
2026-09-22T05:46:58.535666+00:00,3,32954,76
2026-09-22T05:47:03.603538+00:00,0,33046,73
2026-09-22T05:47:03.603538+00:00,1,32752,70
2026-09-22T05:47:03.603538+00:00,2,32986,76
2026-09-22T05:47:03.603538+00:00,3,32954,73
2026-09-22T05:47:08.679718+00:00,0,33046,73
2026-09-22T05:47:08.679718+00:00,1,32752,74
2026-09-22T05:47:08.679718+00:00,2,32986,72
2026-09-22T05:47:08.679718+00:00,3,32954,70
2026-09-22T05:47:13.761624+00:00,0,33046,83
2026-09-22T05:47:13.761624+00:00,1,32752,79
2026-09-22T05:47:13.761624+00:00,2,32986,80
2026-09-22T05:47:13.761624+00:00,3,32954,80
2026-09-22T05:47:18.830198+00:00,0,33046,76
2026-09-22T05:47:18.830198+00:00,1,32752,81
2026-09-22T05:47:18.830198+00:00,2,32986,81
2026-09-22T05:47:18.830198+00:00,3,32954,75
2026-09-22T05:47:23.901291+00:00,0,33046,76
2026-09-22T05:47:23.901291+00:00,1,32752,76
2026-09-22T05:47:23.901291+00:00,2,32986,74
2026-09-22T05:47:23.901291+00:00,3,32954,80
2026-09-22T05:47:28.967681+00:00,0,33046,77
2026-09-22T05:47:28.967681+00:00,1,32752,72
2026-09-22T05:47:28.967681+00:00,2,32986,78
2026-09-22T05:47:28.967681+00:00,3,32954,78
2026-09-22T05:47:34.053188+00:00,0,33046,74
2026-09-22T05:47:34.053188+00:00,1,32752,76
2026-09-22T05:47:34.053188+00:00,2,32986,75
2026-09-22T05:47:34.053188+00:00,3,32954,80
2026-09-22T05:47:39.135111+00:00,0,33046,81
2026-09-22T05:47:39.135111+00:00,1,32752,84
2026-09-22T05:47:39.135111+00:00,2,32986,82
2026-09-22T05:47:39.135111+00:00,3,32954,85
2026-09-22T05:47:44.204231+00:00,0,33046,84
2026-09-22T05:47:44.204231+00:00,1,32752,77
2026-09-22T05:47:44.204231+00:00,2,32986,79
2026-09-22T05:47:44.204231+00:00,3,32954,84
2026-09-22T05:47:49.280555+00:00,0,33046,86
2026-09-22T05:47:49.280555+00:00,1,32752,84
2026-09-22T05:47:49.280555+00:00,2,32986,82
2026-09-22T05:47:49.280555+00:00,3,32954,80
2026-09-22T05:47:54.351736+00:00,0,33046,76
2026-09-22T05:47:54.351736+00:00,1,32752,78
2026-09-22T05:47:54.351736+00:00,2,32986,83
2026-09-22T05:47:54.351736+00:00,3,32954,79
2026-09-22T05:47:59.421896+00:00,0,33046,82
2026-09-22T05:47:59.421896+00:00,1,32752,89
2026-09-22T05:47:59.421896+00:00,2,32986,83
2026-09-22T05:47:59.421896+00:00,3,32954,85
2026-09-22T05:48:04.493208+00:00,0,33046,82
2026-09-22T05:48:04.493208+00:00,1,32752,85
2026-09-22T05:48:04.493208+00:00,2,32986,82
2026-09-22T05:48:04.493208+00:00,3,32954,82
2026-09-22T05:48:09.567407+00:00,0,33046,84
2026-09-22T05:48:09.567407+00:00,1,32752,79
2026-09-22T05:48:09.567407+00:00,2,32986,81
2026-09-22T05:48:09.567407+00:00,3,32954,78
2026-09-22T05:48:14.654260+00:00,0,33046,81
2026-09-22T05:48:14.654260+00:00,1,32752,84
2026-09-22T05:48:14.654260+00:00,2,32986,86
2026-09-22T05:48:14.654260+00:00,3,32954,84
2026-09-22T05:48:19.722192+00:00,0,33046,82
2026-09-22T05:48:19.722192+00:00,1,32752,82
2026-09-22T05:48:19.722192+00:00,2,32986,80
2026-09-22T05:48:19.722192+00:00,3,32954,84
2026-09-22T05:48:24.787348+00:00,0,33046,85
2026-09-22T05:48:24.787348+00:00,1,32752,86
2026-09-22T05:48:24.787348+00:00,2,32986,82
2026-09-22T05:48:24.787348+00:00,3,32954,85
2026-09-22T05:48:29.864432+00:00,0,33046,83
2026-09-22T05:48:29.864432+00:00,1,32752,83
2026-09-22T05:48:29.864432+00:00,2,32986,81
2026-09-22T05:48:29.864432+00:00,3,32954,82
2026-09-22T05:48:34.937390+00:00,0,33046,84
2026-09-22T05:48:34.937390+00:00,1,32752,85
2026-09-22T05:48:34.937390+00:00,2,32986,85
2026-09-22T05:48:34.937390+00:00,3,32954,82
2026-09-22T05:48:40.009838+00:00,0,33046,84
2026-09-22T05:48:40.009838+00:00,1,32752,80
2026-09-22T05:48:40.009838+00:00,2,32986,79
2026-09-22T05:48:40.009838+00:00,3,32954,78
2026-09-22T05:48:45.086915+00:00,0,33046,81
2026-09-22T05:48:45.086915+00:00,1,32752,81
2026-09-22T05:48:45.086915+00:00,2,32986,82
2026-09-22T05:48:45.086915+00:00,3,32954,86
2026-09-22T05:48:50.161340+00:00,0,33046,80
2026-09-22T05:48:50.161340+00:00,1,32752,85
2026-09-22T05:48:50.161340+00:00,2,32986,85
2026-09-22T05:48:50.161340+00:00,3,32954,83
2026-09-22T05:48:55.225661+00:00,0,33046,82
2026-09-22T05:48:55.225661+00:00,1,32752,79
2026-09-22T05:48:55.225661+00:00,2,32986,81
2026-09-22T05:48:55.225661+00:00,3,32954,78
2026-09-22T05:49:00.315441+00:00,0,33046,89
2026-09-22T05:49:00.315441+00:00,1,32752,84
2026-09-22T05:49:00.315441+00:00,2,32986,86
2026-09-22T05:49:00.315441+00:00,3,32954,84
2026-09-22T05:49:05.393608+00:00,0,33046,86
2026-09-22T05:49:05.393608+00:00,1,32752,86
2026-09-22T05:49:05.393608+00:00,2,32986,82
2026-09-22T05:49:05.393608+00:00,3,32954,82
2026-09-22T05:49:10.465569+00:00,0,33046,80
2026-09-22T05:49:10.465569+00:00,1,32752,86
2026-09-22T05:49:10.465569+00:00,2,32986,84
2026-09-22T05:49:10.465569+00:00,3,32954,85
2026-09-22T05:49:15.545180+00:00,0,33046,84
2026-09-22T05:49:15.545180+00:00,1,32752,85
2026-09-22T05:49:15.545180+00:00,2,32986,84
2026-09-22T05:49:15.545180+00:00,3,32954,88
2026-09-22T05:49:20.616442+00:00,0,33046,86
2026-09-22T05:49:20.616442+00:00,1,32752,80
2026-09-22T05:49:20.616442+00:00,2,32986,81
2026-09-22T05:49:20.616442+00:00,3,32954,80
2026-09-22T05:49:25.704357+00:00,0,33046,88
2026-09-22T05:49:25.704357+00:00,1,32752,88
2026-09-22T05:49:25.704357+00:00,2,32986,87
2026-09-22T05:49:25.704357+00:00,3,32954,85
2026-09-22T05:49:30.773860+00:00,0,33046,85
2026-09-22T05:49:30.773860+00:00,1,32752,89
2026-09-22T05:49:30.773860+00:00,2,32986,90
2026-09-22T05:49:30.773860+00:00,3,32954,92
2026-09-22T05:49:35.842540+00:00,0,33046,88
2026-09-22T05:49:35.842540+00:00,1,32752,88
2026-09-22T05:49:35.842540+00:00,2,32986,90
2026-09-22T05:49:35.842540+00:00,3,32954,91
2026-09-22T05:49:40.941996+00:00,0,33046,89
2026-09-22T05:49:40.941996+00:00,1,32752,85
2026-09-22T05:49:40.941996+00:00,2,32986,85
2026-09-22T05:49:40.941996+00:00,3,32954,85
2026-09-22T05:49:46.040502+00:00,0,33046,83
2026-09-22T05:49:46.040502+00:00,1,32752,82
2026-09-22T05:49:46.040502+00:00,2,32986,87
2026-09-22T05:49:46.040502+00:00,3,32954,83
2026-09-22T05:49:51.112632+00:00,0,33046,88
2026-09-22T05:49:51.112632+00:00,1,32752,88
2026-09-22T05:49:51.112632+00:00,2,32986,87
2026-09-22T05:49:51.112632+00:00,3,32954,89
2026-09-22T05:49:56.189439+00:00,0,33046,86
2026-09-22T05:49:56.189439+00:00,1,32752,88
2026-09-22T05:49:56.189439+00:00,2,32986,89
2026-09-22T05:49:56.189439+00:00,3,32954,89
2026-09-22T05:50:01.265212+00:00,0,33046,86
2026-09-22T05:50:01.265212+00:00,1,32752,81
2026-09-22T05:50:01.265212+00:00,2,32986,89
2026-09-22T05:50:01.265212+00:00,3,32954,83
2026-09-22T05:50:06.338924+00:00,0,33046,90
2026-09-22T05:50:06.338924+00:00,1,32752,89
2026-09-22T05:50:06.338924+00:00,2,32986,88
2026-09-22T05:50:06.338924+00:00,3,32954,90
2026-09-22T05:50:11.406339+00:00,0,33046,89
2026-09-22T05:50:11.406339+00:00,1,32752,89
2026-09-22T05:50:11.406339+00:00,2,32986,85
2026-09-22T05:50:11.406339+00:00,3,32954,88
2026-09-22T05:50:16.476964+00:00,0,33046,86
2026-09-22T05:50:16.476964+00:00,1,32752,92
2026-09-22T05:50:16.476964+00:00,2,32986,88
2026-09-22T05:50:16.476964+00:00,3,32954,82
2026-09-22T05:50:21.569748+00:00,0,33046,86
2026-09-22T05:50:21.569748+00:00,1,32752,87
2026-09-22T05:50:21.569748+00:00,2,32986,86
2026-09-22T05:50:21.569748+00:00,3,32954,89
2026-09-22T05:50:26.643557+00:00,0,33046,85
2026-09-22T05:50:26.643557+00:00,1,32752,88
2026-09-22T05:50:26.643557+00:00,2,32986,85
2026-09-22T05:50:26.643557+00:00,3,32954,90
2026-09-22T05:50:31.733451+00:00,0,33046,86
2026-09-22T05:50:31.733451+00:00,1,32752,90
2026-09-22T05:50:31.733451+00:00,2,32986,89
2026-09-22T05:50:31.733451+00:00,3,32954,87
2026-09-22T05:50:36.806209+00:00,0,33046,84
2026-09-22T05:50:36.806209+00:00,1,32752,86
2026-09-22T05:50:36.806209+00:00,2,32986,88
2026-09-22T05:50:36.806209+00:00,3,32954,86
2026-09-22T05:50:41.877202+00:00,0,33046,81
2026-09-22T05:50:41.877202+00:00,1,32752,82
2026-09-22T05:50:41.877202+00:00,2,32986,82
2026-09-22T05:50:41.877202+00:00,3,32954,86
2026-09-22T05:50:46.962113+00:00,0,33046,87
2026-09-22T05:50:46.962113+00:00,1,32752,88
2026-09-22T05:50:46.962113+00:00,2,32986,88
2026-09-22T05:50:46.962113+00:00,3,32954,85
2026-09-22T05:50:52.047596+00:00,0,33046,88
2026-09-22T05:50:52.047596+00:00,1,32752,86
2026-09-22T05:50:52.047596+00:00,2,32986,85
2026-09-22T05:50:52.047596+00:00,3,32954,90
2026-09-22T05:50:57.120790+00:00,0,33046,89
2026-09-22T05:50:57.120790+00:00,1,32752,84
2026-09-22T05:50:57.120790+00:00,2,32986,89
2026-09-22T05:50:57.120790+00:00,3,32954,91
2026-09-22T05:51:02.197583+00:00,0,33046,82
2026-09-22T05:51:02.197583+00:00,1,32752,0
2026-09-22T05:51:02.197583+00:00,2,32986,85
2026-09-22T05:51:02.197583+00:00,3,32954,89
2026-09-22T05:51:07.266442+00:00,0,33046,0
2026-09-22T05:51:07.266442+00:00,1,32752,0
2026-09-22T05:51:07.266442+00:00,2,32986,0
2026-09-22T05:51:07.266442+00:00,3,32954,84
2026-09-22T05:51:12.326701+00:00,0,33046,0
2026-09-22T05:51:12.326701+00:00,1,32752,0
2026-09-22T05:51:12.326701+00:00,2,32986,0
2026-09-22T05:51:12.326701+00:00,3,32954,74
2026-09-22T05:51:17.385375+00:00,0,7786,97
2026-09-22T05:51:17.385375+00:00,1,7126,91
2026-09-22T05:51:17.385375+00:00,2,7786,97
2026-09-22T05:51:17.385375+00:00,3,7786,95
2026-09-22T05:51:22.453033+00:00,0,8350,96
2026-09-22T05:51:22.453033+00:00,1,7690,98
2026-09-22T05:51:22.453033+00:00,2,8350,99
2026-09-22T05:51:22.453033+00:00,3,8350,99
2026-09-22T05:51:27.521181+00:00,0,8776,98
2026-09-22T05:51:27.521181+00:00,1,8136,99
2026-09-22T05:51:27.521181+00:00,2,8796,96
2026-09-22T05:51:27.521181+00:00,3,8796,98
2026-09-22T05:51:32.583337+00:00,0,9280,99
2026-09-22T05:51:32.583337+00:00,1,8720,99
2026-09-22T05:51:32.583337+00:00,2,9300,99
2026-09-22T05:51:32.583337+00:00,3,9300,99
2026-09-22T05:51:37.650428+00:00,0,9664,98
2026-09-22T05:51:37.650428+00:00,1,9064,99
2026-09-22T05:51:37.650428+00:00,2,9684,99
2026-09-22T05:51:37.650428+00:00,3,9644,98
2026-09-22T05:51:42.719569+00:00,0,10008,99
2026-09-22T05:51:42.719569+00:00,1,9408,99
2026-09-22T05:51:42.719569+00:00,2,10008,99
2026-09-22T05:51:42.719569+00:00,3,9968,99
2026-09-22T05:51:47.787429+00:00,0,10132,97
2026-09-22T05:51:47.787429+00:00,1,9552,97
2026-09-22T05:51:47.787429+00:00,2,10132,95
2026-09-22T05:51:47.787429+00:00,3,10112,99
2026-09-22T05:51:52.855314+00:00,0,10136,99
2026-09-22T05:51:52.855314+00:00,1,9556,99
2026-09-22T05:51:52.855314+00:00,2,10136,99
2026-09-22T05:51:52.855314+00:00,3,10116,99
2026-09-22T05:51:57.922888+00:00,0,10140,97
2026-09-22T05:51:57.922888+00:00,1,9560,99
2026-09-22T05:51:57.922888+00:00,2,10140,99
2026-09-22T05:51:57.922888+00:00,3,10120,99
2026-09-22T05:52:02.990869+00:00,0,10144,99
2026-09-22T05:52:02.990869+00:00,1,9566,99
2026-09-22T05:52:02.990869+00:00,2,10146,99
2026-09-22T05:52:02.990869+00:00,3,10124,99
2026-09-22T05:52:08.059321+00:00,0,10148,99
2026-09-22T05:52:08.059321+00:00,1,9568,99
2026-09-22T05:52:08.059321+00:00,2,10150,99
2026-09-22T05:52:08.059321+00:00,3,10128,99
2026-09-22T05:52:13.125372+00:00,0,4720,51
2026-09-22T05:52:13.125372+00:00,1,4764,58
2026-09-22T05:52:13.125372+00:00,2,4784,59
2026-09-22T05:52:13.125372+00:00,3,4784,85
2026-09-22T05:52:18.217788+00:00,0,19376,93
2026-09-22T05:52:18.217788+00:00,1,19056,95
2026-09-22T05:52:18.217788+00:00,2,19496,98
2026-09-22T05:52:18.217788+00:00,3,19336,99
2026-09-22T05:52:23.287532+00:00,0,19418,94
2026-09-22T05:52:23.287532+00:00,1,19438,94
2026-09-22T05:52:23.287532+00:00,2,19498,99
2026-09-22T05:52:23.287532+00:00,3,19578,95
2026-09-22T05:52:28.357689+00:00,0,21660,86
2026-09-22T05:52:28.357689+00:00,1,21700,88
2026-09-22T05:52:28.357689+00:00,2,21680,96
2026-09-22T05:52:28.357689+00:00,3,21980,97
2026-09-22T05:52:33.433471+00:00,0,21804,95
2026-09-22T05:52:33.433471+00:00,1,21704,94
2026-09-22T05:52:33.433471+00:00,2,21684,96
2026-09-22T05:52:33.433471+00:00,3,21984,97
2026-09-22T05:52:38.502170+00:00,0,21806,99
2026-09-22T05:52:38.502170+00:00,1,21706,99
2026-09-22T05:52:38.502170+00:00,2,21686,97
2026-09-22T05:52:38.502170+00:00,3,21986,97
2026-09-22T05:52:43.574419+00:00,0,21808,99
2026-09-22T05:52:43.574419+00:00,1,21708,97
2026-09-22T05:52:43.574419+00:00,2,21688,97
2026-09-22T05:52:43.574419+00:00,3,21988,97
2026-09-22T05:52:48.647160+00:00,0,21814,88
2026-09-22T05:52:48.647160+00:00,1,21714,84
2026-09-22T05:52:48.647160+00:00,2,21694,87
2026-09-22T05:52:48.647160+00:00,3,21994,84
2026-09-22T05:52:53.717354+00:00,0,21814,93
2026-09-22T05:52:53.717354+00:00,1,21714,95
2026-09-22T05:52:53.717354+00:00,2,21694,94
2026-09-22T05:52:53.717354+00:00,3,21994,95
2026-09-22T05:52:58.791087+00:00,0,21814,98
2026-09-22T05:52:58.791087+00:00,1,21714,98
2026-09-22T05:52:58.791087+00:00,2,21694,98
2026-09-22T05:52:58.791087+00:00,3,21994,99
2026-09-22T05:53:03.864578+00:00,0,25794,99
2026-09-22T05:53:03.864578+00:00,1,25774,99
2026-09-22T05:53:03.864578+00:00,2,25834,99
2026-09-22T05:53:03.864578+00:00,3,25794,99
2026-09-22T05:53:08.938742+00:00,0,25794,98
2026-09-22T05:53:08.938742+00:00,1,25774,98
2026-09-22T05:53:08.938742+00:00,2,25834,98
2026-09-22T05:53:08.938742+00:00,3,25794,98
2026-09-22T05:53:14.002107+00:00,0,25794,99
2026-09-22T05:53:14.002107+00:00,1,25814,99
2026-09-22T05:53:14.002107+00:00,2,25834,99
2026-09-22T05:53:14.002107+00:00,3,25854,99
2026-09-22T05:53:19.074409+00:00,0,25854,99
2026-09-22T05:53:19.074409+00:00,1,25834,100
2026-09-22T05:53:19.074409+00:00,2,25834,99
2026-09-22T05:53:19.074409+00:00,3,25854,99
2026-09-22T05:53:24.148764+00:00,0,25854,98
2026-09-22T05:53:24.148764+00:00,1,25834,99
2026-09-22T05:53:24.148764+00:00,2,25834,98
2026-09-22T05:53:24.148764+00:00,3,25854,98
2026-09-22T05:53:29.219090+00:00,0,25854,99
2026-09-22T05:53:29.219090+00:00,1,25834,99
2026-09-22T05:53:29.219090+00:00,2,25834,100
2026-09-22T05:53:29.219090+00:00,3,25854,99
2026-09-22T05:53:34.295907+00:00,0,25854,94
2026-09-22T05:53:34.295907+00:00,1,25834,94
2026-09-22T05:53:34.295907+00:00,2,25834,93
2026-09-22T05:53:34.295907+00:00,3,25854,91
2026-09-22T05:53:39.362984+00:00,0,25854,95
2026-09-22T05:53:39.362984+00:00,1,25834,94
2026-09-22T05:53:39.362984+00:00,2,25834,93
2026-09-22T05:53:39.362984+00:00,3,25854,91
2026-09-22T05:53:44.435002+00:00,0,25854,95
2026-09-22T05:53:44.435002+00:00,1,25834,95
2026-09-22T05:53:44.435002+00:00,2,25834,97
2026-09-22T05:53:44.435002+00:00,3,25854,92
2026-09-22T05:53:49.507910+00:00,0,25854,91
2026-09-22T05:53:49.507910+00:00,1,25834,99
2026-09-22T05:53:49.507910+00:00,2,25834,91
2026-09-22T05:53:49.507910+00:00,3,25854,91
2026-09-22T05:53:54.579971+00:00,0,25854,100
2026-09-22T05:53:54.579971+00:00,1,25834,99
2026-09-22T05:53:54.579971+00:00,2,25834,99
2026-09-22T05:53:54.579971+00:00,3,25854,99
2026-09-22T05:53:59.653721+00:00,0,25854,100
2026-09-22T05:53:59.653721+00:00,1,25834,98
2026-09-22T05:53:59.653721+00:00,2,25834,98
2026-09-22T05:53:59.653721+00:00,3,25854,99
2026-09-22T05:54:04.723742+00:00,0,25854,99
2026-09-22T05:54:04.723742+00:00,1,25834,99
2026-09-22T05:54:04.723742+00:00,2,25834,100
2026-09-22T05:54:04.723742+00:00,3,25854,98
2026-09-22T05:54:09.793574+00:00,0,25854,98
2026-09-22T05:54:09.793574+00:00,1,25834,98
2026-09-22T05:54:09.793574+00:00,2,25834,98
2026-09-22T05:54:09.793574+00:00,3,25854,98
2026-09-22T05:54:14.866182+00:00,0,25854,99
2026-09-22T05:54:14.866182+00:00,1,25834,99
2026-09-22T05:54:14.866182+00:00,2,25834,99
2026-09-22T05:54:14.866182+00:00,3,25854,99
2026-09-22T05:54:19.937563+00:00,0,25854,99
2026-09-22T05:54:19.937563+00:00,1,25834,100
2026-09-22T05:54:19.937563+00:00,2,25834,99
2026-09-22T05:54:19.937563+00:00,3,25854,99
2026-09-22T05:54:25.010399+00:00,0,25854,84
2026-09-22T05:54:25.010399+00:00,1,25834,85
2026-09-22T05:54:25.010399+00:00,2,25834,96
2026-09-22T05:54:25.010399+00:00,3,25854,95
2026-09-22T05:54:30.074844+00:00,0,25854,92
2026-09-22T05:54:30.074844+00:00,1,25834,100
2026-09-22T05:54:30.074844+00:00,2,25834,97
2026-09-22T05:54:30.074844+00:00,3,25854,93
2026-09-22T05:54:35.147422+00:00,0,25854,98
2026-09-22T05:54:35.147422+00:00,1,25834,99
2026-09-22T05:54:35.147422+00:00,2,25834,99
2026-09-22T05:54:35.147422+00:00,3,25854,87
2026-09-22T05:54:40.215755+00:00,0,25854,97
2026-09-22T05:54:40.215755+00:00,1,25834,99
2026-09-22T05:54:40.215755+00:00,2,25834,98
2026-09-22T05:54:40.215755+00:00,3,25854,97
2026-09-22T05:54:45.287037+00:00,0,25854,94
2026-09-22T05:54:45.287037+00:00,1,25834,99
2026-09-22T05:54:45.287037+00:00,2,25834,96
2026-09-22T05:54:45.287037+00:00,3,25854,97
2026-09-22T05:54:50.356674+00:00,0,25854,97
2026-09-22T05:54:50.356674+00:00,1,25834,98
2026-09-22T05:54:50.356674+00:00,2,25834,98
2026-09-22T05:54:50.356674+00:00,3,25854,100
2026-09-22T05:54:55.427901+00:00,0,25854,96
2026-09-22T05:54:55.427901+00:00,1,25834,97
2026-09-22T05:54:55.427901+00:00,2,25834,97
2026-09-22T05:54:55.427901+00:00,3,25854,98
2026-09-22T05:55:00.500808+00:00,0,25854,98
2026-09-22T05:55:00.500808+00:00,1,25834,98
2026-09-22T05:55:00.500808+00:00,2,25834,96
2026-09-22T05:55:00.500808+00:00,3,25854,98
2026-09-22T05:55:05.571599+00:00,0,25854,99
2026-09-22T05:55:05.571599+00:00,1,25834,98
2026-09-22T05:55:05.571599+00:00,2,25834,97
2026-09-22T05:55:05.571599+00:00,3,25854,98
2026-09-22T05:55:10.654964+00:00,0,10254,83
2026-09-22T05:55:10.654964+00:00,1,9814,82
2026-09-22T05:55:10.654964+00:00,2,10054,82
2026-09-22T05:55:10.654964+00:00,3,9754,83
2026-09-22T05:55:15.724781+00:00,0,10096,77
2026-09-22T05:55:15.724781+00:00,1,10096,40
2026-09-22T05:55:15.724781+00:00,2,10076,15
2026-09-22T05:55:15.724781+00:00,3,10096,47
2026-09-22T05:55:20.783794+00:00,0,10956,7
2026-09-22T05:55:20.783794+00:00,1,10976,8
2026-09-22T05:55:20.783794+00:00,2,11222,8
2026-09-22T05:55:20.783794+00:00,3,10772,8
2026-09-22T05:55:25.837580+00:00,0,11426,18
2026-09-22T05:55:25.837580+00:00,1,11406,16
2026-09-22T05:55:25.837580+00:00,2,11406,38
2026-09-22T05:55:25.837580+00:00,3,11426,35
2026-09-22T05:55:30.896939+00:00,0,32088,0
2026-09-22T05:55:30.896939+00:00,1,32088,0
2026-09-22T05:55:30.896939+00:00,2,32068,0
2026-09-22T05:55:30.896939+00:00,3,32088,0
2026-09-22T05:55:35.948669+00:00,0,33022,75
2026-09-22T05:55:35.948669+00:00,1,33052,65
2026-09-22T05:55:35.948669+00:00,2,33204,66
2026-09-22T05:55:35.948669+00:00,3,33572,64
2026-09-22T05:55:41.013482+00:00,0,33022,69
2026-09-22T05:55:41.013482+00:00,1,33052,64
2026-09-22T05:55:41.013482+00:00,2,33204,70
2026-09-22T05:55:41.013482+00:00,3,33572,71
2026-09-22T05:55:46.081454+00:00,0,33022,65
2026-09-22T05:55:46.081454+00:00,1,33052,66
2026-09-22T05:55:46.081454+00:00,2,33204,77
2026-09-22T05:55:46.081454+00:00,3,33572,65
2026-09-22T05:55:51.148257+00:00,0,33022,69
2026-09-22T05:55:51.148257+00:00,1,33052,69
2026-09-22T05:55:51.148257+00:00,2,33204,72
2026-09-22T05:55:51.148257+00:00,3,33572,67
2026-09-22T05:55:56.225404+00:00,0,33022,66
2026-09-22T05:55:56.225404+00:00,1,33052,75
2026-09-22T05:55:56.225404+00:00,2,33204,74
2026-09-22T05:55:56.225404+00:00,3,33572,67
2026-09-22T05:56:01.324737+00:00,0,33022,77
2026-09-22T05:56:01.324737+00:00,1,33052,72
2026-09-22T05:56:01.324737+00:00,2,33204,74
2026-09-22T05:56:01.324737+00:00,3,33572,72
2026-09-22T05:56:06.395288+00:00,0,33022,79
2026-09-22T05:56:06.395288+00:00,1,33052,81
2026-09-22T05:56:06.395288+00:00,2,33204,72
2026-09-22T05:56:06.395288+00:00,3,33572,76
2026-09-22T05:56:11.460880+00:00,0,33022,80
2026-09-22T05:56:11.460880+00:00,1,33052,78
2026-09-22T05:56:11.460880+00:00,2,33204,73
2026-09-22T05:56:11.460880+00:00,3,33572,75
2026-09-22T05:56:16.533868+00:00,0,33022,74
2026-09-22T05:56:16.533868+00:00,1,33052,69
2026-09-22T05:56:16.533868+00:00,2,33204,71
2026-09-22T05:56:16.533868+00:00,3,33572,70
2026-09-22T05:56:21.610987+00:00,0,33022,81
2026-09-22T05:56:21.610987+00:00,1,33052,81
2026-09-22T05:56:21.610987+00:00,2,33204,81
2026-09-22T05:56:21.610987+00:00,3,33572,77
2026-09-22T05:56:26.676555+00:00,0,33022,78
2026-09-22T05:56:26.676555+00:00,1,33052,74
2026-09-22T05:56:26.676555+00:00,2,33204,77
2026-09-22T05:56:26.676555+00:00,3,33572,78
2026-09-22T05:56:31.744034+00:00,0,33022,77
2026-09-22T05:56:31.744034+00:00,1,33052,85
2026-09-22T05:56:31.744034+00:00,2,33204,80
2026-09-22T05:56:31.744034+00:00,3,33572,80
2026-09-22T05:56:36.815007+00:00,0,33022,76
2026-09-22T05:56:36.815007+00:00,1,33052,79
2026-09-22T05:56:36.815007+00:00,2,33204,75
2026-09-22T05:56:36.815007+00:00,3,33572,78
2026-09-22T05:56:41.891539+00:00,0,33022,84
2026-09-22T05:56:41.891539+00:00,1,33052,83
2026-09-22T05:56:41.891539+00:00,2,33204,78
2026-09-22T05:56:41.891539+00:00,3,33572,84
2026-09-22T05:56:46.960508+00:00,0,33022,79
2026-09-22T05:56:46.960508+00:00,1,33052,81
2026-09-22T05:56:46.960508+00:00,2,33204,80
2026-09-22T05:56:46.960508+00:00,3,33572,79
2026-09-22T05:56:52.036291+00:00,0,33022,82
2026-09-22T05:56:52.036291+00:00,1,33052,79
2026-09-22T05:56:52.036291+00:00,2,33204,82
2026-09-22T05:56:52.036291+00:00,3,33572,85
2026-09-22T05:56:57.105674+00:00,0,33022,81
2026-09-22T05:56:57.105674+00:00,1,33052,86
2026-09-22T05:56:57.105674+00:00,2,33204,77
2026-09-22T05:56:57.105674+00:00,3,33572,81
2026-09-22T05:57:02.176495+00:00,0,33022,82
2026-09-22T05:57:02.176495+00:00,1,33052,84
2026-09-22T05:57:02.176495+00:00,2,33204,78
2026-09-22T05:57:02.176495+00:00,3,33572,85
2026-09-22T05:57:07.247766+00:00,0,33022,82
2026-09-22T05:57:07.247766+00:00,1,33052,84
2026-09-22T05:57:07.247766+00:00,2,33204,82
2026-09-22T05:57:07.247766+00:00,3,33572,86
2026-09-22T05:57:12.319653+00:00,0,33022,86
2026-09-22T05:57:12.319653+00:00,1,33052,84
2026-09-22T05:57:12.319653+00:00,2,33204,85
2026-09-22T05:57:12.319653+00:00,3,33572,81
2026-09-22T05:57:17.394839+00:00,0,33022,85
2026-09-22T05:57:17.394839+00:00,1,33052,86
2026-09-22T05:57:17.394839+00:00,2,33204,88
2026-09-22T05:57:17.394839+00:00,3,33572,83
2026-09-22T05:57:22.468668+00:00,0,33022,79
2026-09-22T05:57:22.468668+00:00,1,33052,83
2026-09-22T05:57:22.468668+00:00,2,33204,80
2026-09-22T05:57:22.468668+00:00,3,33572,86
2026-09-22T05:57:27.541855+00:00,0,33022,81
2026-09-22T05:57:27.541855+00:00,1,33052,81
2026-09-22T05:57:27.541855+00:00,2,33204,82
2026-09-22T05:57:27.541855+00:00,3,33572,88
2026-09-22T05:57:32.614672+00:00,0,33022,82
2026-09-22T05:57:32.614672+00:00,1,33052,82
2026-09-22T05:57:32.614672+00:00,2,33204,81
2026-09-22T05:57:32.614672+00:00,3,33572,82
2026-09-22T05:57:37.679836+00:00,0,33022,91
2026-09-22T05:57:37.679836+00:00,1,33052,80
2026-09-22T05:57:37.679836+00:00,2,33204,83
2026-09-22T05:57:37.679836+00:00,3,33572,82
2026-09-22T05:57:42.755954+00:00,0,33022,91
2026-09-22T05:57:42.755954+00:00,1,33052,82
2026-09-22T05:57:42.755954+00:00,2,33204,82
2026-09-22T05:57:42.755954+00:00,3,33572,87
2026-09-22T05:57:47.829016+00:00,0,33022,80
2026-09-22T05:57:47.829016+00:00,1,33052,86
2026-09-22T05:57:47.829016+00:00,2,33204,88
2026-09-22T05:57:47.829016+00:00,3,33572,81
2026-09-22T05:57:52.905599+00:00,0,33022,82
2026-09-22T05:57:52.905599+00:00,1,33052,83
2026-09-22T05:57:52.905599+00:00,2,33204,89
2026-09-22T05:57:52.905599+00:00,3,33572,82
2026-09-22T05:57:57.977570+00:00,0,33022,82
2026-09-22T05:57:57.977570+00:00,1,33052,83
2026-09-22T05:57:57.977570+00:00,2,33204,81
2026-09-22T05:57:57.977570+00:00,3,33572,83
2026-09-22T05:58:03.045957+00:00,0,33022,88
2026-09-22T05:58:03.045957+00:00,1,33052,90
2026-09-22T05:58:03.045957+00:00,2,33204,92
2026-09-22T05:58:03.045957+00:00,3,33572,87
2026-09-22T05:58:08.120653+00:00,0,33022,83
2026-09-22T05:58:08.120653+00:00,1,33052,84
2026-09-22T05:58:08.120653+00:00,2,33204,82
2026-09-22T05:58:08.120653+00:00,3,33572,83
2026-09-22T05:58:13.197771+00:00,0,33022,85
2026-09-22T05:58:13.197771+00:00,1,33052,80
2026-09-22T05:58:13.197771+00:00,2,33204,88
2026-09-22T05:58:13.197771+00:00,3,33572,84
2026-09-22T05:58:18.275749+00:00,0,33022,86
2026-09-22T05:58:18.275749+00:00,1,33052,90
2026-09-22T05:58:18.275749+00:00,2,33204,85
2026-09-22T05:58:18.275749+00:00,3,33572,86
2026-09-22T05:58:23.347925+00:00,0,33022,82
2026-09-22T05:58:23.347925+00:00,1,33052,86
2026-09-22T05:58:23.347925+00:00,2,33204,89
2026-09-22T05:58:23.347925+00:00,3,33572,84
2026-09-22T05:58:28.418848+00:00,0,33022,84
2026-09-22T05:58:28.418848+00:00,1,33052,89
2026-09-22T05:58:28.418848+00:00,2,33204,85
2026-09-22T05:58:28.418848+00:00,3,33572,84
2026-09-22T05:58:33.492622+00:00,0,33022,87
2026-09-22T05:58:33.492622+00:00,1,33052,85
2026-09-22T05:58:33.492622+00:00,2,33204,84
2026-09-22T05:58:33.492622+00:00,3,33572,89
2026-09-22T05:58:38.560345+00:00,0,33022,89
2026-09-22T05:58:38.560345+00:00,1,33052,88
2026-09-22T05:58:38.560345+00:00,2,33204,81
2026-09-22T05:58:38.560345+00:00,3,33572,91
2026-09-22T05:58:43.634150+00:00,0,33022,93
2026-09-22T05:58:43.634150+00:00,1,33052,82
2026-09-22T05:58:43.634150+00:00,2,33204,80
2026-09-22T05:58:43.634150+00:00,3,33572,83
2026-09-22T05:58:48.700936+00:00,0,33022,91
2026-09-22T05:58:48.700936+00:00,1,33052,83
2026-09-22T05:58:48.700936+00:00,2,33204,92
2026-09-22T05:58:48.700936+00:00,3,33572,85
2026-09-22T05:58:53.767887+00:00,0,33022,87
2026-09-22T05:58:53.767887+00:00,1,33052,85
2026-09-22T05:58:53.767887+00:00,2,33204,92
2026-09-22T05:58:53.767887+00:00,3,33572,89
2026-09-22T05:58:58.841243+00:00,0,33022,90
2026-09-22T05:58:58.841243+00:00,1,33052,85
2026-09-22T05:58:58.841243+00:00,2,33204,85
2026-09-22T05:58:58.841243+00:00,3,33572,87
2026-09-22T05:59:03.915090+00:00,0,33022,85
2026-09-22T05:59:03.915090+00:00,1,33052,88
2026-09-22T05:59:03.915090+00:00,2,33204,88
2026-09-22T05:59:03.915090+00:00,3,33572,91
2026-09-22T05:59:08.979285+00:00,0,33022,89
2026-09-22T05:59:08.979285+00:00,1,33052,86
2026-09-22T05:59:08.979285+00:00,2,33204,84
2026-09-22T05:59:08.979285+00:00,3,33572,87
2026-09-22T05:59:14.051841+00:00,0,33022,85
2026-09-22T05:59:14.051841+00:00,1,33052,90
2026-09-22T05:59:14.051841+00:00,2,33204,89
2026-09-22T05:59:14.051841+00:00,3,33572,88
2026-09-22T05:59:19.128099+00:00,0,33022,94
2026-09-22T05:59:19.128099+00:00,1,33052,86
2026-09-22T05:59:19.128099+00:00,2,33204,88
2026-09-22T05:59:19.128099+00:00,3,33572,94
2026-09-22T05:59:24.202110+00:00,0,33022,89
2026-09-22T05:59:24.202110+00:00,1,33052,92
2026-09-22T05:59:24.202110+00:00,2,33204,89
2026-09-22T05:59:24.202110+00:00,3,33572,89
2026-09-22T05:59:29.269702+00:00,0,33022,92
2026-09-22T05:59:29.269702+00:00,1,33052,84
2026-09-22T05:59:29.269702+00:00,2,33204,84
2026-09-22T05:59:29.269702+00:00,3,33572,84
2026-09-22T05:59:34.341949+00:00,0,33022,87
2026-09-22T05:59:34.341949+00:00,1,33052,85
2026-09-22T05:59:34.341949+00:00,2,33204,85
2026-09-22T05:59:34.341949+00:00,3,33572,84
2026-09-22T05:59:39.423096+00:00,0,33022,86
2026-09-22T05:59:39.423096+00:00,1,33052,89
2026-09-22T05:59:39.423096+00:00,2,33204,83
2026-09-22T05:59:39.423096+00:00,3,33572,85
2026-09-22T05:59:44.490634+00:00,0,33022,89
2026-09-22T05:59:44.490634+00:00,1,33052,87
2026-09-22T05:59:44.490634+00:00,2,33204,85
2026-09-22T05:59:44.490634+00:00,3,33572,86
2026-09-22T05:59:49.560047+00:00,0,33022,86
2026-09-22T05:59:49.560047+00:00,1,33052,85
2026-09-22T05:59:49.560047+00:00,2,33204,91
2026-09-22T05:59:49.560047+00:00,3,33572,85
2026-09-22T05:59:54.629405+00:00,0,33022,79
2026-09-22T05:59:54.629405+00:00,1,33052,84
2026-09-22T05:59:54.629405+00:00,2,33204,89
2026-09-22T05:59:54.629405+00:00,3,33572,90
2026-09-22T05:59:59.697589+00:00,0,33022,0
2026-09-22T05:59:59.697589+00:00,1,33052,84
2026-09-22T05:59:59.697589+00:00,2,33204,89
2026-09-22T05:59:59.697589+00:00,3,33572,87
2026-09-22T06:00:04.764529+00:00,0,33022,0
2026-09-22T06:00:04.764529+00:00,1,33052,0
2026-09-22T06:00:04.764529+00:00,2,33204,0
2026-09-22T06:00:04.764529+00:00,3,33572,0
2026-09-22T06:00:09.831541+00:00,0,7786,95
2026-09-22T06:00:09.831541+00:00,1,7106,95
2026-09-22T06:00:09.831541+00:00,2,7786,96
2026-09-22T06:00:09.831541+00:00,3,7786,94
2026-09-22T06:00:14.887972+00:00,0,8232,99
2026-09-22T06:00:14.887972+00:00,1,7532,99
2026-09-22T06:00:14.887972+00:00,2,8232,99
2026-09-22T06:00:14.887972+00:00,3,8212,98
2026-09-22T06:00:19.953096+00:00,0,8856,99
2026-09-22T06:00:19.953096+00:00,1,8176,99
2026-09-22T06:00:19.953096+00:00,2,8876,99
2026-09-22T06:00:19.953096+00:00,3,8856,99
2026-09-22T06:00:25.021747+00:00,0,9262,99
2026-09-22T06:00:25.021747+00:00,1,8662,99
2026-09-22T06:00:25.021747+00:00,2,9222,99
2026-09-22T06:00:25.021747+00:00,3,9260,99
2026-09-22T06:00:30.087399+00:00,0,9726,97
2026-09-22T06:00:30.087399+00:00,1,9146,96
2026-09-22T06:00:30.087399+00:00,2,9706,97
2026-09-22T06:00:30.087399+00:00,3,9726,98
2026-09-22T06:00:35.153477+00:00,0,10070,99
2026-09-22T06:00:35.153477+00:00,1,9490,99
2026-09-22T06:00:35.153477+00:00,2,10070,99
2026-09-22T06:00:35.153477+00:00,3,10068,99
2026-09-22T06:00:40.221707+00:00,0,10112,99
2026-09-22T06:00:40.221707+00:00,1,9532,99
2026-09-22T06:00:40.221707+00:00,2,10132,99
2026-09-22T06:00:40.221707+00:00,3,10132,99
2026-09-22T06:00:45.288093+00:00,0,10116,99
2026-09-22T06:00:45.288093+00:00,1,9536,99
2026-09-22T06:00:45.288093+00:00,2,10136,99
2026-09-22T06:00:45.288093+00:00,3,10136,99
2026-09-22T06:00:50.357209+00:00,0,10122,99
2026-09-22T06:00:50.357209+00:00,1,9542,99
2026-09-22T06:00:50.357209+00:00,2,10140,99
2026-09-22T06:00:50.357209+00:00,3,10140,99
2026-09-22T06:00:55.423590+00:00,0,10126,98
2026-09-22T06:00:55.423590+00:00,1,9546,98
2026-09-22T06:00:55.423590+00:00,2,10146,99
2026-09-22T06:00:55.423590+00:00,3,10146,99
2026-09-22T06:01:00.488877+00:00,0,10130,99
2026-09-22T06:01:00.488877+00:00,1,9550,99
2026-09-22T06:01:00.488877+00:00,2,10150,99
2026-09-22T06:01:00.488877+00:00,3,10150,99
2026-09-22T06:01:05.554456+00:00,0,18754,97
2026-09-22T06:01:05.554456+00:00,1,18614,99
2026-09-22T06:01:05.554456+00:00,2,18494,98
2026-09-22T06:01:05.554456+00:00,3,18694,99
2026-09-22T06:01:10.617523+00:00,0,18758,99
2026-09-22T06:01:10.617523+00:00,1,18898,94
2026-09-22T06:01:10.617523+00:00,2,18798,97
2026-09-22T06:01:10.617523+00:00,3,18838,99
2026-09-22T06:01:15.688146+00:00,0,19840,99
2026-09-22T06:01:15.688146+00:00,1,19960,94
2026-09-22T06:01:15.688146+00:00,2,19820,95
2026-09-22T06:01:15.688146+00:00,3,19940,95
2026-09-22T06:01:20.760612+00:00,0,21024,99
2026-09-22T06:01:20.760612+00:00,1,21044,96
2026-09-22T06:01:20.760612+00:00,2,20844,87
2026-09-22T06:01:20.760612+00:00,3,20984,99
2026-09-22T06:01:25.828975+00:00,0,21026,97
2026-09-22T06:01:25.828975+00:00,1,21046,97
2026-09-22T06:01:25.828975+00:00,2,20846,97
2026-09-22T06:01:25.828975+00:00,3,20986,97
2026-09-22T06:01:30.899772+00:00,0,21026,99
2026-09-22T06:01:30.899772+00:00,1,21046,96
2026-09-22T06:01:30.899772+00:00,2,20846,98
2026-09-22T06:01:30.899772+00:00,3,20988,97
2026-09-22T06:01:35.973739+00:00,0,21034,92
2026-09-22T06:01:35.973739+00:00,1,21054,99
2026-09-22T06:01:35.973739+00:00,2,20854,92
2026-09-22T06:01:35.973739+00:00,3,20994,99
2026-09-22T06:01:41.043747+00:00,0,21034,94
2026-09-22T06:01:41.043747+00:00,1,21054,92
2026-09-22T06:01:41.043747+00:00,2,20854,100
2026-09-22T06:01:41.043747+00:00,3,20994,93
2026-09-22T06:01:46.107071+00:00,0,21034,98
2026-09-22T06:01:46.107071+00:00,1,21094,99
2026-09-22T06:01:46.107071+00:00,2,21654,98
2026-09-22T06:01:46.107071+00:00,3,25714,91
2026-09-22T06:01:51.228392+00:00,0,25774,99
2026-09-22T06:01:51.228392+00:00,1,25774,99
2026-09-22T06:01:51.228392+00:00,2,25754,100
2026-09-22T06:01:51.228392+00:00,3,25754,100
2026-09-22T06:01:56.298235+00:00,0,25814,99
2026-09-22T06:01:56.298235+00:00,1,25774,99
2026-09-22T06:01:56.298235+00:00,2,25754,99
2026-09-22T06:01:56.298235+00:00,3,25774,99
2026-09-22T06:02:01.370547+00:00,0,25814,99
2026-09-22T06:02:01.370547+00:00,1,25774,99
2026-09-22T06:02:01.370547+00:00,2,25754,98
2026-09-22T06:02:01.370547+00:00,3,25814,98
2026-09-22T06:02:06.434392+00:00,0,25814,99
2026-09-22T06:02:06.434392+00:00,1,25794,99
2026-09-22T06:02:06.434392+00:00,2,25754,99
2026-09-22T06:02:06.434392+00:00,3,25814,100
2026-09-22T06:02:11.499746+00:00,0,25814,99
2026-09-22T06:02:11.499746+00:00,1,25794,100
2026-09-22T06:02:11.499746+00:00,2,25754,100
2026-09-22T06:02:11.499746+00:00,3,25814,88
2026-09-22T06:02:16.569546+00:00,0,25814,98
2026-09-22T06:02:16.569546+00:00,1,25794,98
2026-09-22T06:02:16.569546+00:00,2,25754,98
2026-09-22T06:02:16.569546+00:00,3,25814,99
2026-09-22T06:02:21.629403+00:00,0,25814,94
2026-09-22T06:02:21.629403+00:00,1,25794,95
2026-09-22T06:02:21.629403+00:00,2,25754,100
2026-09-22T06:02:21.629403+00:00,3,25814,100
2026-09-22T06:02:26.696535+00:00,0,25814,99
2026-09-22T06:02:26.696535+00:00,1,25794,90
2026-09-22T06:02:26.696535+00:00,2,25754,93
2026-09-22T06:02:26.696535+00:00,3,25814,92
2026-09-22T06:02:31.771183+00:00,0,25814,99
2026-09-22T06:02:31.771183+00:00,1,25794,100
2026-09-22T06:02:31.771183+00:00,2,25754,99
2026-09-22T06:02:31.771183+00:00,3,25814,80
2026-09-22T06:02:36.846533+00:00,0,25814,97
2026-09-22T06:02:36.846533+00:00,1,25794,93
2026-09-22T06:02:36.846533+00:00,2,25754,99
2026-09-22T06:02:36.846533+00:00,3,25814,93
2026-09-22T06:02:41.917415+00:00,0,25814,100
2026-09-22T06:02:41.917415+00:00,1,25794,99
2026-09-22T06:02:41.917415+00:00,2,25754,99
2026-09-22T06:02:41.917415+00:00,3,25814,99
2026-09-22T06:02:46.989607+00:00,0,25814,98
2026-09-22T06:02:46.989607+00:00,1,25794,99
2026-09-22T06:02:46.989607+00:00,2,25754,98
2026-09-22T06:02:46.989607+00:00,3,25814,99
2026-09-22T06:02:52.059220+00:00,0,25814,99
2026-09-22T06:02:52.059220+00:00,1,25794,99
2026-09-22T06:02:52.059220+00:00,2,25754,100
2026-09-22T06:02:52.059220+00:00,3,25814,99
2026-09-22T06:02:57.131535+00:00,0,25814,99
2026-09-22T06:02:57.131535+00:00,1,25794,100
2026-09-22T06:02:57.131535+00:00,2,25774,100
2026-09-22T06:02:57.131535+00:00,3,25874,99
2026-09-22T06:03:02.201736+00:00,0,25814,98
2026-09-22T06:03:02.201736+00:00,1,25794,98
2026-09-22T06:03:02.201736+00:00,2,25774,99
2026-09-22T06:03:02.201736+00:00,3,25874,99
2026-09-22T06:03:07.262776+00:00,0,25814,99
2026-09-22T06:03:07.262776+00:00,1,25794,99
2026-09-22T06:03:07.262776+00:00,2,25774,100
2026-09-22T06:03:07.262776+00:00,3,25874,99
2026-09-22T06:03:12.333615+00:00,0,25814,99
2026-09-22T06:03:12.333615+00:00,1,25794,99
2026-09-22T06:03:12.333615+00:00,2,25774,99
2026-09-22T06:03:12.333615+00:00,3,25874,92
2026-09-22T06:03:17.439235+00:00,0,25814,92
2026-09-22T06:03:17.439235+00:00,1,25794,94
2026-09-22T06:03:17.439235+00:00,2,25774,93
2026-09-22T06:03:17.439235+00:00,3,25874,94
2026-09-22T06:03:22.514871+00:00,0,25814,51
2026-09-22T06:03:22.514871+00:00,1,25794,64
2026-09-22T06:03:22.514871+00:00,2,25774,46
2026-09-22T06:03:22.514871+00:00,3,25874,71
2026-09-22T06:03:27.583931+00:00,0,25814,94
2026-09-22T06:03:27.583931+00:00,1,25794,95
2026-09-22T06:03:27.583931+00:00,2,25774,95
2026-09-22T06:03:27.583931+00:00,3,25874,99
2026-09-22T06:03:32.655182+00:00,0,25814,86
2026-09-22T06:03:32.655182+00:00,1,25794,94
2026-09-22T06:03:32.655182+00:00,2,25774,90
2026-09-22T06:03:32.655182+00:00,3,25874,97
2026-09-22T06:03:37.718180+00:00,0,25814,98
2026-09-22T06:03:37.718180+00:00,1,25794,99
2026-09-22T06:03:37.718180+00:00,2,25774,98
2026-09-22T06:03:37.718180+00:00,3,25874,98
2026-09-22T06:03:42.791795+00:00,0,25814,94
2026-09-22T06:03:42.791795+00:00,1,25794,96
2026-09-22T06:03:42.791795+00:00,2,25774,95
2026-09-22T06:03:42.791795+00:00,3,25874,99
2026-09-22T06:03:47.864455+00:00,0,25814,99
2026-09-22T06:03:47.864455+00:00,1,25794,100
2026-09-22T06:03:47.864455+00:00,2,25774,87
2026-09-22T06:03:47.864455+00:00,3,25874,97
2026-09-22T06:03:52.935214+00:00,0,25814,97
2026-09-22T06:03:52.935214+00:00,1,25794,99
2026-09-22T06:03:52.935214+00:00,2,25774,98
2026-09-22T06:03:52.935214+00:00,3,25874,98
2026-09-22T06:03:58.000138+00:00,0,10096,65
2026-09-22T06:03:58.000138+00:00,1,10096,71
2026-09-22T06:03:58.000138+00:00,2,10076,64
2026-09-22T06:03:58.000138+00:00,3,10096,65
2026-09-22T06:04:03.060046+00:00,0,10444,6
2026-09-22T06:04:03.060046+00:00,1,10506,8
2026-09-22T06:04:03.060046+00:00,2,10546,10
2026-09-22T06:04:03.060046+00:00,3,10628,8
2026-09-22T06:04:08.120036+00:00,0,11426,32
2026-09-22T06:04:08.120036+00:00,1,11406,14
2026-09-22T06:04:08.120036+00:00,2,11406,32
2026-09-22T06:04:08.120036+00:00,3,11426,28
2026-09-22T06:04:13.179103+00:00,0,5208,12
2026-09-22T06:04:13.179103+00:00,1,5208,7
2026-09-22T06:04:13.179103+00:00,2,5188,17
2026-09-22T06:04:13.179103+00:00,3,5208,13
2026-09-22T06:04:18.236208+00:00,0,32896,63
2026-09-22T06:04:18.236208+00:00,1,32720,65
2026-09-22T06:04:18.236208+00:00,2,32628,64
2026-09-22T06:04:18.236208+00:00,3,32756,68
2026-09-22T06:04:23.302617+00:00,0,32896,63
2026-09-22T06:04:23.302617+00:00,1,32720,68
2026-09-22T06:04:23.302617+00:00,2,32628,68
2026-09-22T06:04:23.302617+00:00,3,32756,66
2026-09-22T06:04:28.369397+00:00,0,32896,71
2026-09-22T06:04:28.369397+00:00,1,32720,67
2026-09-22T06:04:28.369397+00:00,2,32628,68
2026-09-22T06:04:28.369397+00:00,3,32756,70
2026-09-22T06:04:33.433535+00:00,0,32896,69
2026-09-22T06:04:33.433535+00:00,1,32720,73
2026-09-22T06:04:33.433535+00:00,2,32628,73
2026-09-22T06:04:33.433535+00:00,3,32756,72
2026-09-22T06:04:38.499207+00:00,0,32896,68
2026-09-22T06:04:38.499207+00:00,1,32720,69
2026-09-22T06:04:38.499207+00:00,2,32628,68
2026-09-22T06:04:38.499207+00:00,3,32756,72
2026-09-22T06:04:43.564261+00:00,0,32896,69
2026-09-22T06:04:43.564261+00:00,1,32720,73
2026-09-22T06:04:43.564261+00:00,2,32628,73
2026-09-22T06:04:43.564261+00:00,3,32756,74
2026-09-22T06:04:48.629343+00:00,0,32896,69
2026-09-22T06:04:48.629343+00:00,1,32720,73
2026-09-22T06:04:48.629343+00:00,2,32628,75
2026-09-22T06:04:48.629343+00:00,3,32756,72
2026-09-22T06:04:53.710642+00:00,0,32896,72
2026-09-22T06:04:53.710642+00:00,1,32720,72
2026-09-22T06:04:53.710642+00:00,2,32628,73
2026-09-22T06:04:53.710642+00:00,3,32756,75
2026-09-22T06:04:58.777705+00:00,0,32896,76
2026-09-22T06:04:58.777705+00:00,1,32720,76
2026-09-22T06:04:58.777705+00:00,2,32628,71
2026-09-22T06:04:58.777705+00:00,3,32756,73
2026-09-22T06:05:03.850574+00:00,0,32896,76
2026-09-22T06:05:03.850574+00:00,1,32720,74
2026-09-22T06:05:03.850574+00:00,2,32628,75
2026-09-22T06:05:03.850574+00:00,3,32756,74
2026-09-22T06:05:08.923323+00:00,0,32896,78
2026-09-22T06:05:08.923323+00:00,1,32720,75
2026-09-22T06:05:08.923323+00:00,2,32628,66
2026-09-22T06:05:08.923323+00:00,3,32756,73
2026-09-22T06:05:14.007553+00:00,0,32896,78
2026-09-22T06:05:14.007553+00:00,1,32720,73
2026-09-22T06:05:14.007553+00:00,2,32628,80
2026-09-22T06:05:14.007553+00:00,3,32756,79
2026-09-22T06:05:19.075197+00:00,0,32896,81
2026-09-22T06:05:19.075197+00:00,1,32720,81
2026-09-22T06:05:19.075197+00:00,2,32628,77
2026-09-22T06:05:19.075197+00:00,3,32756,77
2026-09-22T06:05:24.149322+00:00,0,32896,82
2026-09-22T06:05:24.149322+00:00,1,32720,78
2026-09-22T06:05:24.149322+00:00,2,32628,78
2026-09-22T06:05:24.149322+00:00,3,32756,85
2026-09-22T06:05:29.222562+00:00,0,32896,79
2026-09-22T06:05:29.222562+00:00,1,32720,79
2026-09-22T06:05:29.222562+00:00,2,32628,80
2026-09-22T06:05:29.222562+00:00,3,32756,78
2026-09-22T06:05:34.295653+00:00,0,32896,82
2026-09-22T06:05:34.295653+00:00,1,32720,85
2026-09-22T06:05:34.295653+00:00,2,32628,72
2026-09-22T06:05:34.295653+00:00,3,32756,75
2026-09-22T06:05:39.364648+00:00,0,32896,83
2026-09-22T06:05:39.364648+00:00,1,32720,83
2026-09-22T06:05:39.364648+00:00,2,32628,78
2026-09-22T06:05:39.364648+00:00,3,32756,79
2026-09-22T06:05:44.434777+00:00,0,32896,83
2026-09-22T06:05:44.434777+00:00,1,32720,83
2026-09-22T06:05:44.434777+00:00,2,32628,81
2026-09-22T06:05:44.434777+00:00,3,32756,76
2026-09-22T06:05:49.506448+00:00,0,32896,83
2026-09-22T06:05:49.506448+00:00,1,32720,83
2026-09-22T06:05:49.506448+00:00,2,32628,82
2026-09-22T06:05:49.506448+00:00,3,32756,83
2026-09-22T06:05:54.580190+00:00,0,32896,79
2026-09-22T06:05:54.580190+00:00,1,32720,82
2026-09-22T06:05:54.580190+00:00,2,32628,80
2026-09-22T06:05:54.580190+00:00,3,32756,84
2026-09-22T06:05:59.655263+00:00,0,32896,83
2026-09-22T06:05:59.655263+00:00,1,32720,81
2026-09-22T06:05:59.655263+00:00,2,32628,81
2026-09-22T06:05:59.655263+00:00,3,32756,78
2026-09-22T06:06:04.727310+00:00,0,32896,81
2026-09-22T06:06:04.727310+00:00,1,32720,86
2026-09-22T06:06:04.727310+00:00,2,32628,81
2026-09-22T06:06:04.727310+00:00,3,32756,78
2026-09-22T06:06:09.801141+00:00,0,32896,79
2026-09-22T06:06:09.801141+00:00,1,32720,79
2026-09-22T06:06:09.801141+00:00,2,32628,81
2026-09-22T06:06:09.801141+00:00,3,32756,82
2026-09-22T06:06:14.871292+00:00,0,32896,85
2026-09-22T06:06:14.871292+00:00,1,32720,80
2026-09-22T06:06:14.871292+00:00,2,32628,82
2026-09-22T06:06:14.871292+00:00,3,32756,79
2026-09-22T06:06:19.952280+00:00,0,32896,81
2026-09-22T06:06:19.952280+00:00,1,32720,82
2026-09-22T06:06:19.952280+00:00,2,32628,83
2026-09-22T06:06:19.952280+00:00,3,32756,79
2026-09-22T06:06:25.026196+00:00,0,32896,84
2026-09-22T06:06:25.026196+00:00,1,32720,81
2026-09-22T06:06:25.026196+00:00,2,32628,80
2026-09-22T06:06:25.026196+00:00,3,32756,87
2026-09-22T06:06:30.102320+00:00,0,32896,84
2026-09-22T06:06:30.102320+00:00,1,32720,84
2026-09-22T06:06:30.102320+00:00,2,32628,83
2026-09-22T06:06:30.102320+00:00,3,32756,85
2026-09-22T06:06:35.176730+00:00,0,32896,87
2026-09-22T06:06:35.176730+00:00,1,32720,79
2026-09-22T06:06:35.176730+00:00,2,32628,82
2026-09-22T06:06:35.176730+00:00,3,32756,81
2026-09-22T06:06:40.250232+00:00,0,32896,82
2026-09-22T06:06:40.250232+00:00,1,32720,83
2026-09-22T06:06:40.250232+00:00,2,32628,84
2026-09-22T06:06:40.250232+00:00,3,32756,83
2026-09-22T06:06:45.337604+00:00,0,32896,82
2026-09-22T06:06:45.337604+00:00,1,32720,84
2026-09-22T06:06:45.337604+00:00,2,32628,82
2026-09-22T06:06:45.337604+00:00,3,32756,83
2026-09-22T06:06:50.405298+00:00,0,32896,86
2026-09-22T06:06:50.405298+00:00,1,32720,86
2026-09-22T06:06:50.405298+00:00,2,32628,88
2026-09-22T06:06:50.405298+00:00,3,32756,87
2026-09-22T06:06:55.478639+00:00,0,32896,83
2026-09-22T06:06:55.478639+00:00,1,32720,88
2026-09-22T06:06:55.478639+00:00,2,32628,84
2026-09-22T06:06:55.478639+00:00,3,32756,89
2026-09-22T06:07:00.562216+00:00,0,32896,83
2026-09-22T06:07:00.562216+00:00,1,32720,79
2026-09-22T06:07:00.562216+00:00,2,32628,84
2026-09-22T06:07:00.562216+00:00,3,32756,84
2026-09-22T06:07:05.636883+00:00,0,32896,87
2026-09-22T06:07:05.636883+00:00,1,32720,83
2026-09-22T06:07:05.636883+00:00,2,32628,82
2026-09-22T06:07:05.636883+00:00,3,32756,88
2026-09-22T06:07:10.718034+00:00,0,32896,81
2026-09-22T06:07:10.718034+00:00,1,32720,84
2026-09-22T06:07:10.718034+00:00,2,32628,86
2026-09-22T06:07:10.718034+00:00,3,32756,81
2026-09-22T06:07:15.786631+00:00,0,32896,81
2026-09-22T06:07:15.786631+00:00,1,32720,88
2026-09-22T06:07:15.786631+00:00,2,32628,88
2026-09-22T06:07:15.786631+00:00,3,32756,84
2026-09-22T06:07:20.866083+00:00,0,32896,85
2026-09-22T06:07:20.866083+00:00,1,32720,86
2026-09-22T06:07:20.866083+00:00,2,32628,85
2026-09-22T06:07:20.866083+00:00,3,32756,85
2026-09-22T06:07:25.931581+00:00,0,32896,85
2026-09-22T06:07:25.931581+00:00,1,32720,82
2026-09-22T06:07:25.931581+00:00,2,32628,84
2026-09-22T06:07:25.931581+00:00,3,32756,87
2026-09-22T06:07:31.026205+00:00,0,32896,85
2026-09-22T06:07:31.026205+00:00,1,32720,88
2026-09-22T06:07:31.026205+00:00,2,32628,86
2026-09-22T06:07:31.026205+00:00,3,32756,86
2026-09-22T06:07:36.096372+00:00,0,32896,86
2026-09-22T06:07:36.096372+00:00,1,32720,86
2026-09-22T06:07:36.096372+00:00,2,32628,88
2026-09-22T06:07:36.096372+00:00,3,32756,85
2026-09-22T06:07:41.176016+00:00,0,32896,86
2026-09-22T06:07:41.176016+00:00,1,32720,86
2026-09-22T06:07:41.176016+00:00,2,32628,88
2026-09-22T06:07:41.176016+00:00,3,32756,87
2026-09-22T06:07:46.249173+00:00,0,32896,88
2026-09-22T06:07:46.249173+00:00,1,32720,86
2026-09-22T06:07:46.249173+00:00,2,32628,89
2026-09-22T06:07:46.249173+00:00,3,32756,88
2026-09-22T06:07:51.324099+00:00,0,32896,86
2026-09-22T06:07:51.324099+00:00,1,32720,87
2026-09-22T06:07:51.324099+00:00,2,32628,87
2026-09-22T06:07:51.324099+00:00,3,32756,88
2026-09-22T06:07:56.396504+00:00,0,32896,85
2026-09-22T06:07:56.396504+00:00,1,32720,87
2026-09-22T06:07:56.396504+00:00,2,32628,84
2026-09-22T06:07:56.396504+00:00,3,32756,85
2026-09-22T06:08:01.465099+00:00,0,32896,82
2026-09-22T06:08:01.465099+00:00,1,32720,87
2026-09-22T06:08:01.465099+00:00,2,32628,86
2026-09-22T06:08:01.465099+00:00,3,32756,85
2026-09-22T06:08:06.534588+00:00,0,32896,92
2026-09-22T06:08:06.534588+00:00,1,32720,88
2026-09-22T06:08:06.534588+00:00,2,32628,86
2026-09-22T06:08:06.534588+00:00,3,32756,88
2026-09-22T06:08:11.604962+00:00,0,32896,88
2026-09-22T06:08:11.604962+00:00,1,32720,86
2026-09-22T06:08:11.604962+00:00,2,32628,86
2026-09-22T06:08:11.604962+00:00,3,32756,89
2026-09-22T06:08:16.672060+00:00,0,32896,81
2026-09-22T06:08:16.672060+00:00,1,32720,87
2026-09-22T06:08:16.672060+00:00,2,32628,87
2026-09-22T06:08:16.672060+00:00,3,32756,90
2026-09-22T06:08:21.750873+00:00,0,32896,89
2026-09-22T06:08:21.750873+00:00,1,32720,89
2026-09-22T06:08:21.750873+00:00,2,32628,86
2026-09-22T06:08:21.750873+00:00,3,32756,87
2026-09-22T06:08:26.818576+00:00,0,32896,88
2026-09-22T06:08:26.818576+00:00,1,32720,83
2026-09-22T06:08:26.818576+00:00,2,32628,83
2026-09-22T06:08:26.818576+00:00,3,32756,82
2026-09-22T06:08:31.890001+00:00,0,32896,85
2026-09-22T06:08:31.890001+00:00,1,32720,87
2026-09-22T06:08:31.890001+00:00,2,32628,86
2026-09-22T06:08:31.890001+00:00,3,32756,86
2026-09-22T06:08:36.963829+00:00,0,32896,84
2026-09-22T06:08:36.963829+00:00,1,32720,88
2026-09-22T06:08:36.963829+00:00,2,32628,86
2026-09-22T06:08:36.963829+00:00,3,32756,83
2026-09-22T06:08:42.039381+00:00,0,32896,0
2026-09-22T06:08:42.039381+00:00,1,32720,82
2026-09-22T06:08:42.039381+00:00,2,32628,87
2026-09-22T06:08:42.039381+00:00,3,32756,0
2026-09-22T06:08:47.094422+00:00,0,32896,0
2026-09-22T06:08:47.094422+00:00,1,32720,75
2026-09-22T06:08:47.094422+00:00,2,32628,0
2026-09-22T06:08:47.094422+00:00,3,32756,0
2026-09-22T06:08:52.154593+00:00,0,7886,99
2026-09-22T06:08:52.154593+00:00,1,7206,99
2026-09-22T06:08:52.154593+00:00,2,7886,99
2026-09-22T06:08:52.154593+00:00,3,7888,95
2026-09-22T06:08:57.219532+00:00,0,8612,99
2026-09-22T06:08:57.219532+00:00,1,7932,99
2026-09-22T06:08:57.219532+00:00,2,8612,99
2026-09-22T06:08:57.219532+00:00,3,8612,99
2026-09-22T06:09:02.286054+00:00,0,8896,99
2026-09-22T06:09:02.286054+00:00,1,8256,97
2026-09-22T06:09:02.286054+00:00,2,8896,98
2026-09-22T06:09:02.286054+00:00,3,8916,99
2026-09-22T06:09:07.352983+00:00,0,9302,99
2026-09-22T06:09:07.352983+00:00,1,8682,99
2026-09-22T06:09:07.352983+00:00,2,9262,99
2026-09-22T06:09:07.352983+00:00,3,9342,98
2026-09-22T06:09:12.418443+00:00,0,9726,99
2026-09-22T06:09:12.418443+00:00,1,9086,98
2026-09-22T06:09:12.418443+00:00,2,9706,99
2026-09-22T06:09:12.418443+00:00,3,9726,99
2026-09-22T06:09:17.486542+00:00,0,9930,99
2026-09-22T06:09:17.486542+00:00,1,9310,99
2026-09-22T06:09:17.486542+00:00,2,9910,99
2026-09-22T06:09:17.486542+00:00,3,9910,99
2026-09-22T06:09:22.551444+00:00,0,9934,99
2026-09-22T06:09:22.551444+00:00,1,9314,98
2026-09-22T06:09:22.551444+00:00,2,9914,99
2026-09-22T06:09:22.551444+00:00,3,9914,99
2026-09-22T06:09:27.621405+00:00,0,9938,99
2026-09-22T06:09:27.621405+00:00,1,9318,98
2026-09-22T06:09:27.621405+00:00,2,9918,97
2026-09-22T06:09:27.621405+00:00,3,9918,99
2026-09-22T06:09:32.687454+00:00,0,9942,99
2026-09-22T06:09:32.687454+00:00,1,9322,99
2026-09-22T06:09:32.687454+00:00,2,9922,99
2026-09-22T06:09:32.687454+00:00,3,9922,99
2026-09-22T06:09:37.753781+00:00,0,9948,98
2026-09-22T06:09:37.753781+00:00,1,9328,99
2026-09-22T06:09:37.753781+00:00,2,9926,99
2026-09-22T06:09:37.753781+00:00,3,9926,99
2026-09-22T06:09:42.819601+00:00,0,9950,98
2026-09-22T06:09:42.819601+00:00,1,9330,98
2026-09-22T06:09:42.819601+00:00,2,9930,99
2026-09-22T06:09:42.819601+00:00,3,9930,99
2026-09-22T06:09:47.897176+00:00,0,18216,99
2026-09-22T06:09:47.897176+00:00,1,18156,93
2026-09-22T06:09:47.897176+00:00,2,18136,98
2026-09-22T06:09:47.897176+00:00,3,18136,90
2026-09-22T06:09:52.978856+00:00,0,19198,97
2026-09-22T06:09:52.978856+00:00,1,18298,98
2026-09-22T06:09:52.978856+00:00,2,18958,97
2026-09-22T06:09:52.978856+00:00,3,18258,98
2026-09-22T06:09:58.043946+00:00,0,20462,96
2026-09-22T06:09:58.043946+00:00,1,20420,97
2026-09-22T06:09:58.043946+00:00,2,20482,98
2026-09-22T06:09:58.043946+00:00,3,20340,98
2026-09-22T06:10:03.111803+00:00,0,20624,97
2026-09-22T06:10:03.111803+00:00,1,20564,97
2026-09-22T06:10:03.111803+00:00,2,20604,97
2026-09-22T06:10:03.111803+00:00,3,20684,97
2026-09-22T06:10:08.182829+00:00,0,20626,94
2026-09-22T06:10:08.182829+00:00,1,20566,98
2026-09-22T06:10:08.182829+00:00,2,20606,94
2026-09-22T06:10:08.182829+00:00,3,20686,99
2026-09-22T06:10:13.244271+00:00,0,20628,99
2026-09-22T06:10:13.244271+00:00,1,20568,98
2026-09-22T06:10:13.244271+00:00,2,20608,99
2026-09-22T06:10:13.244271+00:00,3,20688,96
2026-09-22T06:10:18.305383+00:00,0,20634,93
2026-09-22T06:10:18.305383+00:00,1,20574,94
2026-09-22T06:10:18.305383+00:00,2,20614,99
2026-09-22T06:10:18.305383+00:00,3,20694,93
2026-09-22T06:10:23.373216+00:00,0,20634,99
2026-09-22T06:10:23.373216+00:00,1,20574,100
2026-09-22T06:10:23.373216+00:00,2,20614,99
2026-09-22T06:10:23.373216+00:00,3,20694,92
2026-09-22T06:10:28.439588+00:00,0,25594,99
2026-09-22T06:10:28.439588+00:00,1,25654,99
2026-09-22T06:10:28.439588+00:00,2,25674,100
2026-09-22T06:10:28.439588+00:00,3,25694,99
2026-09-22T06:10:33.508110+00:00,0,25774,99
2026-09-22T06:10:33.508110+00:00,1,25774,99
2026-09-22T06:10:33.508110+00:00,2,25754,98
2026-09-22T06:10:33.508110+00:00,3,25754,99
2026-09-22T06:10:38.570855+00:00,0,25834,99
2026-09-22T06:10:38.570855+00:00,1,25794,99
2026-09-22T06:10:38.570855+00:00,2,25814,99
2026-09-22T06:10:38.570855+00:00,3,25774,99
2026-09-22T06:10:43.635874+00:00,0,25834,99
2026-09-22T06:10:43.635874+00:00,1,25814,99
2026-09-22T06:10:43.635874+00:00,2,25814,99
2026-09-22T06:10:43.635874+00:00,3,25834,99
2026-09-22T06:10:48.710525+00:00,0,25834,99
2026-09-22T06:10:48.710525+00:00,1,25814,98
2026-09-22T06:10:48.710525+00:00,2,25814,98
2026-09-22T06:10:48.710525+00:00,3,25834,99
2026-09-22T06:10:53.781305+00:00,0,25834,99
2026-09-22T06:10:53.781305+00:00,1,25814,100
2026-09-22T06:10:53.781305+00:00,2,25814,98
2026-09-22T06:10:53.781305+00:00,3,25834,98
2026-09-22T06:10:58.860725+00:00,0,25834,100
2026-09-22T06:10:58.860725+00:00,1,25814,99
2026-09-22T06:10:58.860725+00:00,2,25814,97
2026-09-22T06:10:58.860725+00:00,3,25834,91
2026-09-22T06:11:03.921571+00:00,0,25834,93
2026-09-22T06:11:03.921571+00:00,1,25814,89
2026-09-22T06:11:03.921571+00:00,2,25814,94
2026-09-22T06:11:03.921571+00:00,3,25834,99
2026-09-22T06:11:08.991008+00:00,0,25834,93
2026-09-22T06:11:08.991008+00:00,1,25814,99
2026-09-22T06:11:08.991008+00:00,2,25814,95
2026-09-22T06:11:08.991008+00:00,3,25834,99
2026-09-22T06:11:14.055828+00:00,0,25834,100
2026-09-22T06:11:14.055828+00:00,1,25814,89
2026-09-22T06:11:14.055828+00:00,2,25814,99
2026-09-22T06:11:14.055828+00:00,3,25834,96
2026-09-22T06:11:19.126804+00:00,0,25834,96
2026-09-22T06:11:19.126804+00:00,1,25814,96
2026-09-22T06:11:19.126804+00:00,2,25814,95
2026-09-22T06:11:19.126804+00:00,3,25834,95
2026-09-22T06:11:24.197444+00:00,0,25834,98
2026-09-22T06:11:24.197444+00:00,1,25814,98
2026-09-22T06:11:24.197444+00:00,2,25814,98
2026-09-22T06:11:24.197444+00:00,3,25834,99
2026-09-22T06:11:29.272259+00:00,0,25834,94
2026-09-22T06:11:29.272259+00:00,1,25814,100
2026-09-22T06:11:29.272259+00:00,2,25814,100
2026-09-22T06:11:29.272259+00:00,3,25834,90
2026-09-22T06:11:34.336845+00:00,0,25834,98
2026-09-22T06:11:34.336845+00:00,1,25814,100
2026-09-22T06:11:34.336845+00:00,2,25814,98
2026-09-22T06:11:34.336845+00:00,3,25834,98
2026-09-22T06:11:39.397919+00:00,0,25834,99
2026-09-22T06:11:39.397919+00:00,1,25814,99
2026-09-22T06:11:39.397919+00:00,2,25814,99
2026-09-22T06:11:39.397919+00:00,3,25834,99
2026-09-22T06:11:44.460478+00:00,0,25834,99
2026-09-22T06:11:44.460478+00:00,1,25814,99
2026-09-22T06:11:44.460478+00:00,2,25814,99
2026-09-22T06:11:44.460478+00:00,3,25834,99
2026-09-22T06:11:49.539187+00:00,0,25834,99
2026-09-22T06:11:49.539187+00:00,1,25814,100
2026-09-22T06:11:49.539187+00:00,2,25814,99
2026-09-22T06:11:49.539187+00:00,3,25834,99
2026-09-22T06:11:54.610810+00:00,0,25834,98
2026-09-22T06:11:54.610810+00:00,1,25814,98
2026-09-22T06:11:54.610810+00:00,2,25814,97
2026-09-22T06:11:54.610810+00:00,3,25834,95
2026-09-22T06:11:59.680484+00:00,0,25834,99
2026-09-22T06:11:59.680484+00:00,1,25814,100
2026-09-22T06:11:59.680484+00:00,2,25814,96
2026-09-22T06:11:59.680484+00:00,3,25834,91
2026-09-22T06:12:04.743670+00:00,0,25834,94
2026-09-22T06:12:04.743670+00:00,1,25814,95
2026-09-22T06:12:04.743670+00:00,2,25814,95
2026-09-22T06:12:04.743670+00:00,3,25834,92
2026-09-22T06:12:09.807552+00:00,0,25834,99
2026-09-22T06:12:09.807552+00:00,1,25814,98
2026-09-22T06:12:09.807552+00:00,2,25814,97
2026-09-22T06:12:09.807552+00:00,3,25834,99
2026-09-22T06:12:14.872551+00:00,0,25834,96
2026-09-22T06:12:14.872551+00:00,1,25814,99
2026-09-22T06:12:14.872551+00:00,2,25814,97
2026-09-22T06:12:14.872551+00:00,3,25834,99
2026-09-22T06:12:19.934876+00:00,0,25834,97
2026-09-22T06:12:19.934876+00:00,1,25814,99
2026-09-22T06:12:19.934876+00:00,2,25814,97
2026-09-22T06:12:19.934876+00:00,3,25834,99
2026-09-22T06:12:25.003784+00:00,0,25834,99
2026-09-22T06:12:25.003784+00:00,1,25814,99
2026-09-22T06:12:25.003784+00:00,2,25814,97
2026-09-22T06:12:25.003784+00:00,3,25834,97
2026-09-22T06:12:30.076377+00:00,0,25834,99
2026-09-22T06:12:30.076377+00:00,1,25814,99
2026-09-22T06:12:30.076377+00:00,2,25814,98
2026-09-22T06:12:30.076377+00:00,3,25834,97
2026-09-22T06:12:35.138543+00:00,0,25834,99
2026-09-22T06:12:35.138543+00:00,1,25814,99
2026-09-22T06:12:35.138543+00:00,2,25814,97
2026-09-22T06:12:35.138543+00:00,3,25834,97
2026-09-22T06:12:40.201835+00:00,0,10096,32
2026-09-22T06:12:40.201835+00:00,1,10096,32
2026-09-22T06:12:40.201835+00:00,2,10076,6
2026-09-22T06:12:40.201835+00:00,3,10096,7
2026-09-22T06:12:45.262219+00:00,0,11426,7
2026-09-22T06:12:45.262219+00:00,1,11364,8
2026-09-22T06:12:45.262219+00:00,2,10874,6
2026-09-22T06:12:45.262219+00:00,3,10608,7
2026-09-22T06:12:50.323194+00:00,0,11426,32
2026-09-22T06:12:50.323194+00:00,1,11406,37
2026-09-22T06:12:50.323194+00:00,2,11406,15
2026-09-22T06:12:50.323194+00:00,3,11426,20
2026-09-22T06:12:55.383422+00:00,0,5208,12
2026-09-22T06:12:55.383422+00:00,1,32088,0
2026-09-22T06:12:55.383422+00:00,2,5188,0
2026-09-22T06:12:55.383422+00:00,3,5208,0
2026-09-22T06:13:00.442494+00:00,0,32784,65
2026-09-22T06:13:00.442494+00:00,1,32792,63
2026-09-22T06:13:00.442494+00:00,2,33142,61
2026-09-22T06:13:00.442494+00:00,3,33116,70
2026-09-22T06:13:05.508271+00:00,0,32784,65
2026-09-22T06:13:05.508271+00:00,1,32792,63
2026-09-22T06:13:05.508271+00:00,2,33142,68
2026-09-22T06:13:05.508271+00:00,3,33116,69
2026-09-22T06:13:10.574302+00:00,0,32784,66
2026-09-22T06:13:10.574302+00:00,1,32792,69
2026-09-22T06:13:10.574302+00:00,2,33142,69
2026-09-22T06:13:10.574302+00:00,3,33116,70
2026-09-22T06:13:15.641544+00:00,0,32784,71
2026-09-22T06:13:15.641544+00:00,1,32792,67
2026-09-22T06:13:15.641544+00:00,2,33142,65
2026-09-22T06:13:15.641544+00:00,3,33116,68
2026-09-22T06:13:20.726724+00:00,0,32784,70
2026-09-22T06:13:20.726724+00:00,1,32792,70
2026-09-22T06:13:20.726724+00:00,2,33142,67
2026-09-22T06:13:20.726724+00:00,3,33116,64
2026-09-22T06:13:25.806739+00:00,0,32784,71
2026-09-22T06:13:25.806739+00:00,1,32792,71
2026-09-22T06:13:25.806739+00:00,2,33142,66
2026-09-22T06:13:25.806739+00:00,3,33116,76
2026-09-22T06:13:30.877198+00:00,0,32784,74
2026-09-22T06:13:30.877198+00:00,1,32792,73
2026-09-22T06:13:30.877198+00:00,2,33142,73
2026-09-22T06:13:30.877198+00:00,3,33116,75
2026-09-22T06:13:35.962819+00:00,0,32784,73
2026-09-22T06:13:35.962819+00:00,1,32792,70
2026-09-22T06:13:35.962819+00:00,2,33142,73
2026-09-22T06:13:35.962819+00:00,3,33116,79
2026-09-22T06:13:41.029600+00:00,0,32784,70
2026-09-22T06:13:41.029600+00:00,1,32792,77
2026-09-22T06:13:41.029600+00:00,2,33142,74
2026-09-22T06:13:41.029600+00:00,3,33116,74
2026-09-22T06:13:46.115238+00:00,0,32784,75
2026-09-22T06:13:46.115238+00:00,1,32792,71
2026-09-22T06:13:46.115238+00:00,2,33142,68
2026-09-22T06:13:46.115238+00:00,3,33116,76
2026-09-22T06:13:51.204704+00:00,0,32784,78
2026-09-22T06:13:51.204704+00:00,1,32792,74
2026-09-22T06:13:51.204704+00:00,2,33142,71
2026-09-22T06:13:51.204704+00:00,3,33116,72
2026-09-22T06:13:56.291329+00:00,0,32784,76
2026-09-22T06:13:56.291329+00:00,1,32792,77
2026-09-22T06:13:56.291329+00:00,2,33142,79
2026-09-22T06:13:56.291329+00:00,3,33116,81
2026-09-22T06:14:01.361407+00:00,0,32784,75
2026-09-22T06:14:01.361407+00:00,1,32792,82
2026-09-22T06:14:01.361407+00:00,2,33142,79
2026-09-22T06:14:01.361407+00:00,3,33116,78
2026-09-22T06:14:06.432032+00:00,0,32784,78
2026-09-22T06:14:06.432032+00:00,1,32792,79
2026-09-22T06:14:06.432032+00:00,2,33142,78
2026-09-22T06:14:06.432032+00:00,3,33116,77
2026-09-22T06:14:11.501100+00:00,0,32784,78
2026-09-22T06:14:11.501100+00:00,1,32792,75
2026-09-22T06:14:11.501100+00:00,2,33142,76
2026-09-22T06:14:11.501100+00:00,3,33116,82
2026-09-22T06:14:16.572738+00:00,0,32784,77
2026-09-22T06:14:16.572738+00:00,1,32792,81
2026-09-22T06:14:16.572738+00:00,2,33142,79
2026-09-22T06:14:16.572738+00:00,3,33116,80
2026-09-22T06:14:21.636754+00:00,0,32784,83
2026-09-22T06:14:21.636754+00:00,1,32792,80
2026-09-22T06:14:21.636754+00:00,2,33142,81
2026-09-22T06:14:21.636754+00:00,3,33116,81
2026-09-22T06:14:26.710267+00:00,0,32784,83
2026-09-22T06:14:26.710267+00:00,1,32792,82
2026-09-22T06:14:26.710267+00:00,2,33142,86
2026-09-22T06:14:26.710267+00:00,3,33116,84
2026-09-22T06:14:31.776719+00:00,0,32784,80
2026-09-22T06:14:31.776719+00:00,1,32792,79
2026-09-22T06:14:31.776719+00:00,2,33142,80
2026-09-22T06:14:31.776719+00:00,3,33116,81
2026-09-22T06:14:36.848497+00:00,0,32784,82
2026-09-22T06:14:36.848497+00:00,1,32792,84
2026-09-22T06:14:36.848497+00:00,2,33142,84
2026-09-22T06:14:36.848497+00:00,3,33116,82
2026-09-22T06:14:41.920569+00:00,0,32784,79
2026-09-22T06:14:41.920569+00:00,1,32792,74
2026-09-22T06:14:41.920569+00:00,2,33142,79
2026-09-22T06:14:41.920569+00:00,3,33116,78
2026-09-22T06:14:47.010992+00:00,0,32784,86
2026-09-22T06:14:47.010992+00:00,1,32792,84
2026-09-22T06:14:47.010992+00:00,2,33142,80
2026-09-22T06:14:47.010992+00:00,3,33116,79
2026-09-22T06:14:52.085487+00:00,0,32784,81
2026-09-22T06:14:52.085487+00:00,1,32792,83
2026-09-22T06:14:52.085487+00:00,2,33142,78
2026-09-22T06:14:52.085487+00:00,3,33116,81
2026-09-22T06:14:57.173984+00:00,0,32784,82
2026-09-22T06:14:57.173984+00:00,1,32792,85
2026-09-22T06:14:57.173984+00:00,2,33142,85
2026-09-22T06:14:57.173984+00:00,3,33116,81
2026-09-22T06:15:02.242688+00:00,0,32784,82
2026-09-22T06:15:02.242688+00:00,1,32792,83
2026-09-22T06:15:02.242688+00:00,2,33142,81
2026-09-22T06:15:02.242688+00:00,3,33116,85
2026-09-22T06:15:07.310364+00:00,0,32784,86
2026-09-22T06:15:07.310364+00:00,1,32792,81
2026-09-22T06:15:07.310364+00:00,2,33142,82
2026-09-22T06:15:07.310364+00:00,3,33116,79
2026-09-22T06:15:12.375185+00:00,0,32784,92
2026-09-22T06:15:12.375185+00:00,1,32792,86
2026-09-22T06:15:12.375185+00:00,2,33142,86
2026-09-22T06:15:12.375185+00:00,3,33116,85
2026-09-22T06:15:17.447777+00:00,0,32784,82
2026-09-22T06:15:17.447777+00:00,1,32792,86
2026-09-22T06:15:17.447777+00:00,2,33142,86
2026-09-22T06:15:17.447777+00:00,3,33116,86
2026-09-22T06:15:22.513145+00:00,0,32784,84
2026-09-22T06:15:22.513145+00:00,1,32792,82
2026-09-22T06:15:22.513145+00:00,2,33142,90
2026-09-22T06:15:22.513145+00:00,3,33116,85
2026-09-22T06:15:27.579882+00:00,0,32784,85
2026-09-22T06:15:27.579882+00:00,1,32792,88
2026-09-22T06:15:27.579882+00:00,2,33142,85
2026-09-22T06:15:27.579882+00:00,3,33116,86
2026-09-22T06:15:32.648707+00:00,0,32784,85
2026-09-22T06:15:32.648707+00:00,1,32792,83
2026-09-22T06:15:32.648707+00:00,2,33142,82
2026-09-22T06:15:32.648707+00:00,3,33116,84
2026-09-22T06:15:37.723636+00:00,0,32784,81
2026-09-22T06:15:37.723636+00:00,1,32792,84
2026-09-22T06:15:37.723636+00:00,2,33142,80
2026-09-22T06:15:37.723636+00:00,3,33116,81
2026-09-22T06:15:42.812188+00:00,0,32784,83
2026-09-22T06:15:42.812188+00:00,1,32792,84
2026-09-22T06:15:42.812188+00:00,2,33142,85
2026-09-22T06:15:42.812188+00:00,3,33116,82
2026-09-22T06:15:47.887775+00:00,0,32784,84
2026-09-22T06:15:47.887775+00:00,1,32792,85
2026-09-22T06:15:47.887775+00:00,2,33142,83
2026-09-22T06:15:47.887775+00:00,3,33116,88
2026-09-22T06:15:52.955481+00:00,0,32784,86
2026-09-22T06:15:52.955481+00:00,1,32792,86
2026-09-22T06:15:52.955481+00:00,2,33142,83
2026-09-22T06:15:52.955481+00:00,3,33116,83
2026-09-22T06:15:58.028102+00:00,0,32784,79
2026-09-22T06:15:58.028102+00:00,1,32792,81
2026-09-22T06:15:58.028102+00:00,2,33142,85
2026-09-22T06:15:58.028102+00:00,3,33116,87
2026-09-22T06:16:03.094170+00:00,0,32784,83
2026-09-22T06:16:03.094170+00:00,1,32792,83
2026-09-22T06:16:03.094170+00:00,2,33142,80
2026-09-22T06:16:03.094170+00:00,3,33116,85
2026-09-22T06:16:08.168554+00:00,0,32784,87
2026-09-22T06:16:08.168554+00:00,1,32792,83
2026-09-22T06:16:08.168554+00:00,2,33142,85
2026-09-22T06:16:08.168554+00:00,3,33116,86
2026-09-22T06:16:13.237365+00:00,0,32784,85
2026-09-22T06:16:13.237365+00:00,1,32792,88
2026-09-22T06:16:13.237365+00:00,2,33142,85
2026-09-22T06:16:13.237365+00:00,3,33116,85
2026-09-22T06:16:18.335727+00:00,0,32784,89
2026-09-22T06:16:18.335727+00:00,1,32792,88
2026-09-22T06:16:18.335727+00:00,2,33142,85
2026-09-22T06:16:18.335727+00:00,3,33116,86
2026-09-22T06:16:23.412328+00:00,0,32784,91
2026-09-22T06:16:23.412328+00:00,1,32792,86
2026-09-22T06:16:23.412328+00:00,2,33142,85
2026-09-22T06:16:23.412328+00:00,3,33116,89
2026-09-22T06:16:28.490093+00:00,0,32784,83
2026-09-22T06:16:28.490093+00:00,1,32792,86
2026-09-22T06:16:28.490093+00:00,2,33142,87
2026-09-22T06:16:28.490093+00:00,3,33116,85
2026-09-22T06:16:33.564465+00:00,0,32784,88
2026-09-22T06:16:33.564465+00:00,1,32792,84
2026-09-22T06:16:33.564465+00:00,2,33142,86
2026-09-22T06:16:33.564465+00:00,3,33116,85
2026-09-22T06:16:38.637286+00:00,0,32784,84
2026-09-22T06:16:38.637286+00:00,1,32792,90
2026-09-22T06:16:38.637286+00:00,2,33142,86
2026-09-22T06:16:38.637286+00:00,3,33116,81
2026-09-22T06:16:43.718598+00:00,0,32784,87
2026-09-22T06:16:43.718598+00:00,1,32792,88
2026-09-22T06:16:43.718598+00:00,2,33142,88
2026-09-22T06:16:43.718598+00:00,3,33116,83
2026-09-22T06:16:48.791047+00:00,0,32784,89
2026-09-22T06:16:48.791047+00:00,1,32792,90
2026-09-22T06:16:48.791047+00:00,2,33142,88
2026-09-22T06:16:48.791047+00:00,3,33116,89
2026-09-22T06:16:53.866787+00:00,0,32784,90
2026-09-22T06:16:53.866787+00:00,1,32792,87
2026-09-22T06:16:53.866787+00:00,2,33142,83
2026-09-22T06:16:53.866787+00:00,3,33116,89
2026-09-22T06:16:58.941086+00:00,0,32784,86
2026-09-22T06:16:58.941086+00:00,1,32792,86
2026-09-22T06:16:58.941086+00:00,2,33142,87
2026-09-22T06:16:58.941086+00:00,3,33116,88
2026-09-22T06:17:04.011527+00:00,0,32784,86
2026-09-22T06:17:04.011527+00:00,1,32792,91
2026-09-22T06:17:04.011527+00:00,2,33142,91
2026-09-22T06:17:04.011527+00:00,3,33116,92
2026-09-22T06:17:09.091398+00:00,0,32784,87
2026-09-22T06:17:09.091398+00:00,1,32792,83
2026-09-22T06:17:09.091398+00:00,2,33142,85
2026-09-22T06:17:09.091398+00:00,3,33116,83
2026-09-22T06:17:14.165169+00:00,0,32784,85
2026-09-22T06:17:14.165169+00:00,1,32792,85
2026-09-22T06:17:14.165169+00:00,2,33142,84
2026-09-22T06:17:14.165169+00:00,3,33116,81
2026-09-22T06:17:19.251211+00:00,0,32784,84
2026-09-22T06:17:19.251211+00:00,1,32792,87
2026-09-22T06:17:19.251211+00:00,2,33142,82
2026-09-22T06:17:19.251211+00:00,3,33116,86
2026-09-22T06:17:24.346923+00:00,0,32784,85
2026-09-22T06:17:24.346923+00:00,1,32792,84
2026-09-22T06:17:24.346923+00:00,2,33142,83
2026-09-22T06:17:24.346923+00:00,3,33116,88
2026-09-22T06:17:29.437605+00:00,0,32784,83
2026-09-22T06:17:29.437605+00:00,1,32792,89
2026-09-22T06:17:29.437605+00:00,2,33142,85
2026-09-22T06:17:29.437605+00:00,3,33116,88
2026-09-22T06:17:34.510956+00:00,0,32784,0
2026-09-22T06:17:34.510956+00:00,1,32792,0
2026-09-22T06:17:34.510956+00:00,2,33142,84
2026-09-22T06:17:34.510956+00:00,3,33116,88
2026-09-22T06:17:39.600472+00:00,0,32784,0
2026-09-22T06:17:39.600472+00:00,1,32792,0
2026-09-22T06:17:39.600472+00:00,2,33142,0
2026-09-22T06:17:39.600472+00:00,3,33116,0
2026-09-22T06:17:44.672748+00:00,0,7786,95
2026-09-22T06:17:44.672748+00:00,1,7106,95
2026-09-22T06:17:44.672748+00:00,2,7786,95
2026-09-22T06:17:44.672748+00:00,3,7786,95
2026-09-22T06:17:49.740776+00:00,0,8210,95
2026-09-22T06:17:49.740776+00:00,1,7530,98
2026-09-22T06:17:49.740776+00:00,2,8210,97
2026-09-22T06:17:49.740776+00:00,3,8150,99
2026-09-22T06:17:54.799806+00:00,0,8896,99
2026-09-22T06:17:54.799806+00:00,1,8236,99
2026-09-22T06:17:54.799806+00:00,2,8916,97
2026-09-22T06:17:54.799806+00:00,3,8896,97
2026-09-22T06:17:59.864739+00:00,0,9280,99
2026-09-22T06:17:59.864739+00:00,1,8640,98
2026-09-22T06:17:59.864739+00:00,2,9300,99
2026-09-22T06:17:59.864739+00:00,3,9260,99
2026-09-22T06:18:04.931165+00:00,0,9584,96
2026-09-22T06:18:04.931165+00:00,1,9004,97
2026-09-22T06:18:04.931165+00:00,2,9624,99
2026-09-22T06:18:04.931165+00:00,3,9624,99
2026-09-22T06:18:10.000784+00:00,0,10028,99
2026-09-22T06:18:10.000784+00:00,1,9428,99
2026-09-22T06:18:10.000784+00:00,2,10028,99
2026-09-22T06:18:10.000784+00:00,3,10008,99
2026-09-22T06:18:15.068085+00:00,0,10172,99
2026-09-22T06:18:15.068085+00:00,1,9612,99
2026-09-22T06:18:15.068085+00:00,2,10172,99
2026-09-22T06:18:15.068085+00:00,3,10192,99
2026-09-22T06:18:20.131381+00:00,0,10176,99
2026-09-22T06:18:20.131381+00:00,1,9616,98
2026-09-22T06:18:20.131381+00:00,2,10176,99
2026-09-22T06:18:20.131381+00:00,3,10196,98
2026-09-22T06:18:25.195388+00:00,0,10180,99
2026-09-22T06:18:25.195388+00:00,1,9620,99
2026-09-22T06:18:25.195388+00:00,2,10180,99
2026-09-22T06:18:25.195388+00:00,3,10200,97
2026-09-22T06:18:30.260086+00:00,0,10184,99
2026-09-22T06:18:30.260086+00:00,1,9624,99
2026-09-22T06:18:30.260086+00:00,2,10184,99
2026-09-22T06:18:30.260086+00:00,3,10204,99
2026-09-22T06:18:35.325290+00:00,0,10190,99
2026-09-22T06:18:35.325290+00:00,1,9630,99
2026-09-22T06:18:35.325290+00:00,2,10190,99
2026-09-22T06:18:35.325290+00:00,3,10210,99
2026-09-22T06:18:40.389745+00:00,0,6344,94
2026-09-22T06:18:40.389745+00:00,1,6224,99
2026-09-22T06:18:40.389745+00:00,2,6344,99
2026-09-22T06:18:40.389745+00:00,3,6344,99
2026-09-22T06:18:45.455172+00:00,0,19616,95
2026-09-22T06:18:45.455172+00:00,1,19496,99
2026-09-22T06:18:45.455172+00:00,2,20218,96
2026-09-22T06:18:45.455172+00:00,3,20016,99
2026-09-22T06:18:50.531207+00:00,0,20440,99
2026-09-22T06:18:50.531207+00:00,1,20400,99
2026-09-22T06:18:50.531207+00:00,2,20560,99
2026-09-22T06:18:50.531207+00:00,3,20020,97
2026-09-22T06:18:55.599594+00:00,0,22182,99
2026-09-22T06:18:55.599594+00:00,1,22142,98
2026-09-22T06:18:55.599594+00:00,2,21942,99
2026-09-22T06:18:55.599594+00:00,3,21922,98
2026-09-22T06:19:00.668951+00:00,0,22184,99
2026-09-22T06:19:00.668951+00:00,1,22144,99
2026-09-22T06:19:00.668951+00:00,2,21944,99
2026-09-22T06:19:00.668951+00:00,3,21924,99
2026-09-22T06:19:05.734164+00:00,0,22188,99
2026-09-22T06:19:05.734164+00:00,1,22146,99
2026-09-22T06:19:05.734164+00:00,2,21946,99
2026-09-22T06:19:05.734164+00:00,3,21926,97
2026-09-22T06:19:10.800517+00:00,0,22188,99
2026-09-22T06:19:10.800517+00:00,1,22148,97
2026-09-22T06:19:10.800517+00:00,2,21948,99
2026-09-22T06:19:10.800517+00:00,3,21928,97
2026-09-22T06:19:15.860841+00:00,0,22194,100
2026-09-22T06:19:15.860841+00:00,1,22154,75
2026-09-22T06:19:15.860841+00:00,2,21954,95
2026-09-22T06:19:15.860841+00:00,3,21934,95
2026-09-22T06:19:20.931902+00:00,0,22194,99
2026-09-22T06:19:20.931902+00:00,1,22154,95
2026-09-22T06:19:20.931902+00:00,2,21954,94
2026-09-22T06:19:20.931902+00:00,3,21934,97
2026-09-22T06:19:26.000518+00:00,0,25714,99
2026-09-22T06:19:26.000518+00:00,1,25714,99
2026-09-22T06:19:26.000518+00:00,2,25694,100
2026-09-22T06:19:26.000518+00:00,3,25714,98
2026-09-22T06:19:31.079295+00:00,0,25814,99
2026-09-22T06:19:31.079295+00:00,1,25774,100
2026-09-22T06:19:31.079295+00:00,2,25794,99
2026-09-22T06:19:31.079295+00:00,3,25754,99
2026-09-22T06:19:36.150023+00:00,0,25814,99
2026-09-22T06:19:36.150023+00:00,1,25794,98
2026-09-22T06:19:36.150023+00:00,2,25794,99
2026-09-22T06:19:36.150023+00:00,3,25834,98
2026-09-22T06:19:41.229647+00:00,0,25814,99
2026-09-22T06:19:41.229647+00:00,1,25794,100
2026-09-22T06:19:41.229647+00:00,2,25854,100
2026-09-22T06:19:41.229647+00:00,3,25834,99
2026-09-22T06:19:46.300054+00:00,0,25814,99
2026-09-22T06:19:46.300054+00:00,1,25794,99
2026-09-22T06:19:46.300054+00:00,2,25854,100
2026-09-22T06:19:46.300054+00:00,3,25834,100
2026-09-22T06:19:51.369668+00:00,0,25814,100
2026-09-22T06:19:51.369668+00:00,1,25794,100
2026-09-22T06:19:51.369668+00:00,2,25854,98
2026-09-22T06:19:51.369668+00:00,3,25834,98
2026-09-22T06:19:56.444391+00:00,0,25814,91
2026-09-22T06:19:56.444391+00:00,1,25794,98
2026-09-22T06:19:56.444391+00:00,2,25854,93
2026-09-22T06:19:56.444391+00:00,3,25834,99
2026-09-22T06:20:01.504241+00:00,0,25814,100
2026-09-22T06:20:01.504241+00:00,1,25794,99
2026-09-22T06:20:01.504241+00:00,2,25854,93
2026-09-22T06:20:01.504241+00:00,3,25834,93
2026-09-22T06:20:06.576052+00:00,0,25814,99
2026-09-22T06:20:06.576052+00:00,1,25794,92
2026-09-22T06:20:06.576052+00:00,2,25854,91
2026-09-22T06:20:06.576052+00:00,3,25834,90
2026-09-22T06:20:11.651645+00:00,0,25814,95
2026-09-22T06:20:11.651645+00:00,1,25794,95
2026-09-22T06:20:11.651645+00:00,2,25854,100
2026-09-22T06:20:11.651645+00:00,3,25834,98
2026-09-22T06:20:16.719952+00:00,0,25814,96
2026-09-22T06:20:16.719952+00:00,1,25794,100
2026-09-22T06:20:16.719952+00:00,2,25854,96
2026-09-22T06:20:16.719952+00:00,3,25834,100
2026-09-22T06:20:21.788362+00:00,0,25814,99
2026-09-22T06:20:21.788362+00:00,1,25794,99
2026-09-22T06:20:21.788362+00:00,2,25854,99
2026-09-22T06:20:21.788362+00:00,3,25834,100
2026-09-22T06:20:26.858076+00:00,0,25814,99
2026-09-22T06:20:26.858076+00:00,1,25794,99
2026-09-22T06:20:26.858076+00:00,2,25854,99
2026-09-22T06:20:26.858076+00:00,3,25834,99
2026-09-22T06:20:31.929983+00:00,0,25874,99
2026-09-22T06:20:31.929983+00:00,1,25814,100
2026-09-22T06:20:31.929983+00:00,2,25854,99
2026-09-22T06:20:31.929983+00:00,3,25874,100
2026-09-22T06:20:37.001990+00:00,0,25874,98
2026-09-22T06:20:37.001990+00:00,1,25814,99
2026-09-22T06:20:37.001990+00:00,2,25854,98
2026-09-22T06:20:37.001990+00:00,3,25874,99
2026-09-22T06:20:42.074433+00:00,0,25874,99
2026-09-22T06:20:42.074433+00:00,1,25814,100
2026-09-22T06:20:42.074433+00:00,2,25854,98
2026-09-22T06:20:42.074433+00:00,3,25874,99
2026-09-22T06:20:47.145422+00:00,0,25874,99
2026-09-22T06:20:47.145422+00:00,1,25814,99
2026-09-22T06:20:47.145422+00:00,2,25854,99
2026-09-22T06:20:47.145422+00:00,3,25874,99
2026-09-22T06:20:52.217485+00:00,0,25874,99
2026-09-22T06:20:52.217485+00:00,1,25814,100
2026-09-22T06:20:52.217485+00:00,2,25854,96
2026-09-22T06:20:52.217485+00:00,3,25874,93
2026-09-22T06:20:57.282615+00:00,0,25874,100
2026-09-22T06:20:57.282615+00:00,1,25814,100
2026-09-22T06:20:57.282615+00:00,2,25854,99
2026-09-22T06:20:57.282615+00:00,3,25874,88
2026-09-22T06:21:02.352420+00:00,0,25874,97
2026-09-22T06:21:02.352420+00:00,1,25814,99
2026-09-22T06:21:02.352420+00:00,2,25854,97
2026-09-22T06:21:02.352420+00:00,3,25874,98
2026-09-22T06:21:07.412758+00:00,0,25874,99
2026-09-22T06:21:07.412758+00:00,1,25814,95
2026-09-22T06:21:07.412758+00:00,2,25854,99
2026-09-22T06:21:07.412758+00:00,3,25874,94
2026-09-22T06:21:12.478022+00:00,0,25874,96
2026-09-22T06:21:12.478022+00:00,1,25814,95
2026-09-22T06:21:12.478022+00:00,2,25854,96
2026-09-22T06:21:12.478022+00:00,3,25874,99
2026-09-22T06:21:17.548183+00:00,0,25874,100
2026-09-22T06:21:17.548183+00:00,1,25814,100
2026-09-22T06:21:17.548183+00:00,2,25854,99
2026-09-22T06:21:17.548183+00:00,3,25874,89
2026-09-22T06:21:22.616859+00:00,0,25874,95
2026-09-22T06:21:22.616859+00:00,1,25814,96
2026-09-22T06:21:22.616859+00:00,2,25854,94
2026-09-22T06:21:22.616859+00:00,3,25874,95
2026-09-22T06:21:27.681454+00:00,0,25874,99
2026-09-22T06:21:27.681454+00:00,1,25814,96
2026-09-22T06:21:27.681454+00:00,2,25854,99
2026-09-22T06:21:27.681454+00:00,3,25874,99
2026-09-22T06:21:32.750749+00:00,0,25874,99
2026-09-22T06:21:32.750749+00:00,1,25814,97
2026-09-22T06:21:32.750749+00:00,2,25854,96
2026-09-22T06:21:32.750749+00:00,3,25874,99
2026-09-22T06:21:37.826327+00:00,0,10096,84
2026-09-22T06:21:37.826327+00:00,1,10096,25
2026-09-22T06:21:37.826327+00:00,2,10076,59
2026-09-22T06:21:37.826327+00:00,3,10096,5
2026-09-22T06:21:42.885528+00:00,0,10954,6
2026-09-22T06:21:42.885528+00:00,1,10710,8
2026-09-22T06:21:42.885528+00:00,2,11038,8
2026-09-22T06:21:42.885528+00:00,3,10608,7
2026-09-22T06:21:47.944548+00:00,0,11426,23
2026-09-22T06:21:47.944548+00:00,1,11406,29
2026-09-22T06:21:47.944548+00:00,2,11406,32
2026-09-22T06:21:47.944548+00:00,3,11426,16
2026-09-22T06:21:53.003551+00:00,0,5208,9
2026-09-22T06:21:53.003551+00:00,1,5208,2
2026-09-22T06:21:53.003551+00:00,2,5188,18
2026-09-22T06:21:53.003551+00:00,3,5208,9
2026-09-22T06:21:58.053700+00:00,0,32804,62
2026-09-22T06:21:58.053700+00:00,1,33068,65
2026-09-22T06:21:58.053700+00:00,2,32894,65
2026-09-22T06:21:58.053700+00:00,3,32952,57
2026-09-22T06:22:03.117075+00:00,0,32804,65
2026-09-22T06:22:03.117075+00:00,1,33068,69
2026-09-22T06:22:03.117075+00:00,2,32894,68
2026-09-22T06:22:03.117075+00:00,3,32952,71
2026-09-22T06:22:08.179622+00:00,0,32804,72
2026-09-22T06:22:08.179622+00:00,1,33068,67
2026-09-22T06:22:08.179622+00:00,2,32894,66
2026-09-22T06:22:08.179622+00:00,3,32952,73
2026-09-22T06:22:13.244967+00:00,0,32804,71
2026-09-22T06:22:13.244967+00:00,1,33068,71
2026-09-22T06:22:13.244967+00:00,2,32894,72
2026-09-22T06:22:13.244967+00:00,3,32952,67
2026-09-22T06:22:18.311338+00:00,0,32804,67
2026-09-22T06:22:18.311338+00:00,1,33068,66
2026-09-22T06:22:18.311338+00:00,2,32894,74
2026-09-22T06:22:18.311338+00:00,3,32952,71
2026-09-22T06:22:23.379241+00:00,0,32804,73
2026-09-22T06:22:23.379241+00:00,1,33068,68
2026-09-22T06:22:23.379241+00:00,2,32894,73
2026-09-22T06:22:23.379241+00:00,3,32952,71
2026-09-22T06:22:28.447027+00:00,0,32804,70
2026-09-22T06:22:28.447027+00:00,1,33068,72
2026-09-22T06:22:28.447027+00:00,2,32894,70
2026-09-22T06:22:28.447027+00:00,3,32952,71
2026-09-22T06:22:33.513994+00:00,0,32804,76
2026-09-22T06:22:33.513994+00:00,1,33068,76
2026-09-22T06:22:33.513994+00:00,2,32894,75
2026-09-22T06:22:33.513994+00:00,3,32952,78
2026-09-22T06:22:38.583739+00:00,0,32804,75
2026-09-22T06:22:38.583739+00:00,1,33068,77
2026-09-22T06:22:38.583739+00:00,2,32894,73
2026-09-22T06:22:38.583739+00:00,3,32952,80
2026-09-22T06:22:43.648424+00:00,0,32804,80
2026-09-22T06:22:43.648424+00:00,1,33068,80
2026-09-22T06:22:43.648424+00:00,2,32894,70
2026-09-22T06:22:43.648424+00:00,3,32952,80
2026-09-22T06:22:48.715429+00:00,0,32804,77
2026-09-22T06:22:48.715429+00:00,1,33068,79
2026-09-22T06:22:48.715429+00:00,2,32894,77
2026-09-22T06:22:48.715429+00:00,3,32952,77
2026-09-22T06:22:53.781991+00:00,0,32804,74
2026-09-22T06:22:53.781991+00:00,1,33068,77
2026-09-22T06:22:53.781991+00:00,2,32894,79
2026-09-22T06:22:53.781991+00:00,3,32952,77
2026-09-22T06:22:58.865997+00:00,0,32804,76
2026-09-22T06:22:58.865997+00:00,1,33068,73
2026-09-22T06:22:58.865997+00:00,2,32894,78
2026-09-22T06:22:58.865997+00:00,3,32952,75
2026-09-22T06:23:03.945101+00:00,0,32804,75
2026-09-22T06:23:03.945101+00:00,1,33068,75
2026-09-22T06:23:03.945101+00:00,2,32894,76
2026-09-22T06:23:03.945101+00:00,3,32952,79
2026-09-22T06:23:09.076484+00:00,0,32804,74
2026-09-22T06:23:09.076484+00:00,1,33068,78
2026-09-22T06:23:09.076484+00:00,2,32894,78
2026-09-22T06:23:09.076484+00:00,3,32952,77
2026-09-22T06:23:14.197541+00:00,0,32804,77
2026-09-22T06:23:14.197541+00:00,1,33068,81
2026-09-22T06:23:14.197541+00:00,2,32894,77
2026-09-22T06:23:14.197541+00:00,3,32952,74
2026-09-22T06:23:19.279335+00:00,0,32804,82
2026-09-22T06:23:19.279335+00:00,1,33068,78
2026-09-22T06:23:19.279335+00:00,2,32894,76
2026-09-22T06:23:19.279335+00:00,3,32952,79
2026-09-22T06:23:24.366759+00:00,0,32804,84
2026-09-22T06:23:24.366759+00:00,1,33068,81
2026-09-22T06:23:24.366759+00:00,2,32894,79
2026-09-22T06:23:24.366759+00:00,3,32952,82
2026-09-22T06:23:29.438972+00:00,0,32804,77
2026-09-22T06:23:29.438972+00:00,1,33068,79
2026-09-22T06:23:29.438972+00:00,2,32894,81
2026-09-22T06:23:29.438972+00:00,3,32952,74
2026-09-22T06:23:34.534675+00:00,0,32804,81
2026-09-22T06:23:34.534675+00:00,1,33068,86
2026-09-22T06:23:34.534675+00:00,2,32894,82
2026-09-22T06:23:34.534675+00:00,3,32952,81
2026-09-22T06:23:39.611608+00:00,0,32804,80
2026-09-22T06:23:39.611608+00:00,1,33068,85
2026-09-22T06:23:39.611608+00:00,2,32894,82
2026-09-22T06:23:39.611608+00:00,3,32952,84
2026-09-22T06:23:44.684193+00:00,0,32804,83
2026-09-22T06:23:44.684193+00:00,1,33068,82
2026-09-22T06:23:44.684193+00:00,2,32894,83
2026-09-22T06:23:44.684193+00:00,3,32952,82
2026-09-22T06:23:49.759273+00:00,0,32804,87
2026-09-22T06:23:49.759273+00:00,1,33068,83
2026-09-22T06:23:49.759273+00:00,2,32894,83
2026-09-22T06:23:49.759273+00:00,3,32952,85
2026-09-22T06:23:54.831833+00:00,0,32804,83
2026-09-22T06:23:54.831833+00:00,1,33068,81
2026-09-22T06:23:54.831833+00:00,2,32894,85
2026-09-22T06:23:54.831833+00:00,3,32952,84
2026-09-22T06:23:59.900351+00:00,0,32804,87
2026-09-22T06:23:59.900351+00:00,1,33068,84
2026-09-22T06:23:59.900351+00:00,2,32894,85
2026-09-22T06:23:59.900351+00:00,3,32952,87
2026-09-22T06:24:04.971629+00:00,0,32804,80
2026-09-22T06:24:04.971629+00:00,1,33068,85
2026-09-22T06:24:04.971629+00:00,2,32894,81
2026-09-22T06:24:04.971629+00:00,3,32952,83
2026-09-22T06:24:10.045367+00:00,0,32804,81
2026-09-22T06:24:10.045367+00:00,1,33068,85
2026-09-22T06:24:10.045367+00:00,2,32894,85
2026-09-22T06:24:10.045367+00:00,3,32952,84
2026-09-22T06:24:15.114114+00:00,0,32804,86
2026-09-22T06:24:15.114114+00:00,1,33068,87
2026-09-22T06:24:15.114114+00:00,2,32894,85
2026-09-22T06:24:15.114114+00:00,3,32952,83
2026-09-22T06:24:20.188186+00:00,0,32804,82
2026-09-22T06:24:20.188186+00:00,1,33068,82
2026-09-22T06:24:20.188186+00:00,2,32894,82
2026-09-22T06:24:20.188186+00:00,3,32952,83
2026-09-22T06:24:25.276874+00:00,0,32804,86
2026-09-22T06:24:25.276874+00:00,1,33068,86
2026-09-22T06:24:25.276874+00:00,2,32894,84
2026-09-22T06:24:25.276874+00:00,3,32952,85
2026-09-22T06:24:30.356157+00:00,0,32804,82
2026-09-22T06:24:30.356157+00:00,1,33068,85
2026-09-22T06:24:30.356157+00:00,2,32894,83
2026-09-22T06:24:30.356157+00:00,3,32952,85
2026-09-22T06:24:35.426556+00:00,0,32804,81
2026-09-22T06:24:35.426556+00:00,1,33068,90
2026-09-22T06:24:35.426556+00:00,2,32894,82
2026-09-22T06:24:35.426556+00:00,3,32952,83
2026-09-22T06:24:40.508688+00:00,0,32804,88
2026-09-22T06:24:40.508688+00:00,1,33068,88
2026-09-22T06:24:40.508688+00:00,2,32894,81
2026-09-22T06:24:40.508688+00:00,3,32952,86
2026-09-22T06:24:45.586740+00:00,0,32804,82
2026-09-22T06:24:45.586740+00:00,1,33068,84
2026-09-22T06:24:45.586740+00:00,2,32894,83
2026-09-22T06:24:45.586740+00:00,3,32952,87
2026-09-22T06:24:50.668499+00:00,0,32804,85
2026-09-22T06:24:50.668499+00:00,1,33068,83
2026-09-22T06:24:50.668499+00:00,2,32894,87
2026-09-22T06:24:50.668499+00:00,3,32952,86
2026-09-22T06:24:55.745787+00:00,0,32804,84
2026-09-22T06:24:55.745787+00:00,1,33068,83
2026-09-22T06:24:55.745787+00:00,2,32894,82
2026-09-22T06:24:55.745787+00:00,3,32952,83
2026-09-22T06:25:00.831605+00:00,0,32804,82
2026-09-22T06:25:00.831605+00:00,1,33068,82
2026-09-22T06:25:00.831605+00:00,2,32894,80
2026-09-22T06:25:00.831605+00:00,3,32952,85
2026-09-22T06:25:05.919527+00:00,0,32804,83
2026-09-22T06:25:05.919527+00:00,1,33068,89
2026-09-22T06:25:05.919527+00:00,2,32894,85
2026-09-22T06:25:05.919527+00:00,3,32952,87
2026-09-22T06:25:10.996836+00:00,0,32804,83
2026-09-22T06:25:10.996836+00:00,1,33068,87
2026-09-22T06:25:10.996836+00:00,2,32894,84
2026-09-22T06:25:10.996836+00:00,3,32952,85
2026-09-22T06:25:16.073454+00:00,0,32804,85
2026-09-22T06:25:16.073454+00:00,1,33068,88
2026-09-22T06:25:16.073454+00:00,2,32894,86
2026-09-22T06:25:16.073454+00:00,3,32952,85
2026-09-22T06:25:21.151532+00:00,0,32804,80
2026-09-22T06:25:21.151532+00:00,1,33068,84
2026-09-22T06:25:21.151532+00:00,2,32894,81
2026-09-22T06:25:21.151532+00:00,3,32952,86
2026-09-22T06:25:26.240656+00:00,0,32804,90
2026-09-22T06:25:26.240656+00:00,1,33068,84
2026-09-22T06:25:26.240656+00:00,2,32894,86
2026-09-22T06:25:26.240656+00:00,3,32952,87
2026-09-22T06:25:31.320714+00:00,0,32804,89
2026-09-22T06:25:31.320714+00:00,1,33068,87
2026-09-22T06:25:31.320714+00:00,2,32894,88
2026-09-22T06:25:31.320714+00:00,3,32952,88
2026-09-22T06:25:36.396080+00:00,0,32804,86
2026-09-22T06:25:36.396080+00:00,1,33068,89
2026-09-22T06:25:36.396080+00:00,2,32894,86
2026-09-22T06:25:36.396080+00:00,3,32952,85
2026-09-22T06:25:41.470219+00:00,0,32804,81
2026-09-22T06:25:41.470219+00:00,1,33068,78
2026-09-22T06:25:41.470219+00:00,2,32894,83
2026-09-22T06:25:41.470219+00:00,3,32952,83
2026-09-22T06:25:46.557773+00:00,0,32804,82
2026-09-22T06:25:46.557773+00:00,1,33068,86
2026-09-22T06:25:46.557773+00:00,2,32894,85
2026-09-22T06:25:46.557773+00:00,3,32952,89
2026-09-22T06:25:51.628887+00:00,0,32804,87
2026-09-22T06:25:51.628887+00:00,1,33068,87
2026-09-22T06:25:51.628887+00:00,2,32894,86
2026-09-22T06:25:51.628887+00:00,3,32952,87
2026-09-22T06:25:56.696509+00:00,0,32804,85
2026-09-22T06:25:56.696509+00:00,1,33068,86
2026-09-22T06:25:56.696509+00:00,2,32894,85
2026-09-22T06:25:56.696509+00:00,3,32952,84
2026-09-22T06:26:01.771291+00:00,0,32804,85
2026-09-22T06:26:01.771291+00:00,1,33068,87
2026-09-22T06:26:01.771291+00:00,2,32894,86
2026-09-22T06:26:01.771291+00:00,3,32952,89
2026-09-22T06:26:06.846363+00:00,0,32804,91
2026-09-22T06:26:06.846363+00:00,1,33068,88
2026-09-22T06:26:06.846363+00:00,2,32894,93
2026-09-22T06:26:06.846363+00:00,3,32952,87
2026-09-22T06:26:11.922690+00:00,0,32804,83
2026-09-22T06:26:11.922690+00:00,1,33068,85
2026-09-22T06:26:11.922690+00:00,2,32894,85
2026-09-22T06:26:11.922690+00:00,3,32952,88
2026-09-22T06:26:16.993148+00:00,0,32804,88
2026-09-22T06:26:16.993148+00:00,1,33068,90
2026-09-22T06:26:16.993148+00:00,2,32894,84
2026-09-22T06:26:16.993148+00:00,3,32952,89
2026-09-22T06:26:22.062354+00:00,0,32804,84
2026-09-22T06:26:22.062354+00:00,1,33068,88
2026-09-22T06:26:22.062354+00:00,2,32894,87
2026-09-22T06:26:22.062354+00:00,3,32952,93
2026-09-22T06:26:27.132716+00:00,0,32804,0
2026-09-22T06:26:27.132716+00:00,1,33068,84
2026-09-22T06:26:27.132716+00:00,2,32894,82
2026-09-22T06:26:27.132716+00:00,3,32952,92
2026-09-22T06:26:32.201410+00:00,0,1576,0
2026-09-22T06:26:32.201410+00:00,1,1576,0
2026-09-22T06:26:32.201410+00:00,2,1556,0
2026-09-22T06:26:32.201410+00:00,3,1576,0
2026-09-22T06:26:37.259177+00:00,0,7828,99
2026-09-22T06:26:37.259177+00:00,1,7148,95
2026-09-22T06:26:37.259177+00:00,2,7828,99
2026-09-22T06:26:37.259177+00:00,3,7828,96
2026-09-22T06:26:42.325139+00:00,0,8832,99
2026-09-22T06:26:42.325139+00:00,1,8172,99
2026-09-22T06:26:42.325139+00:00,2,8812,99
2026-09-22T06:26:42.325139+00:00,3,8832,99
2026-09-22T06:26:47.392476+00:00,0,9218,97
2026-09-22T06:26:47.392476+00:00,1,8578,97
2026-09-22T06:26:47.392476+00:00,2,9218,99
2026-09-22T06:26:47.392476+00:00,3,9238,99
2026-09-22T06:26:52.459155+00:00,0,9442,99
2026-09-22T06:26:52.459155+00:00,1,8822,96
2026-09-22T06:26:52.459155+00:00,2,9442,97
2026-09-22T06:26:52.459155+00:00,3,9442,99
2026-09-22T06:26:57.525811+00:00,0,9706,99
2026-09-22T06:26:57.525811+00:00,1,9086,97
2026-09-22T06:26:57.525811+00:00,2,9666,99
2026-09-22T06:26:57.525811+00:00,3,9686,99
2026-09-22T06:27:02.592539+00:00,0,9830,99
2026-09-22T06:27:02.592539+00:00,1,9210,99
2026-09-22T06:27:02.592539+00:00,2,9810,99
2026-09-22T06:27:02.592539+00:00,3,9830,99
2026-09-22T06:27:07.659599+00:00,0,9834,99
2026-09-22T06:27:07.659599+00:00,1,9214,97
2026-09-22T06:27:07.659599+00:00,2,9814,97
2026-09-22T06:27:07.659599+00:00,3,9834,99
2026-09-22T06:27:12.719975+00:00,0,9838,97
2026-09-22T06:27:12.719975+00:00,1,9218,99
2026-09-22T06:27:12.719975+00:00,2,9818,97
2026-09-22T06:27:12.719975+00:00,3,9838,97
2026-09-22T06:27:17.786236+00:00,0,9842,99
2026-09-22T06:27:17.786236+00:00,1,9222,99
2026-09-22T06:27:17.786236+00:00,2,9822,99
2026-09-22T06:27:17.786236+00:00,3,9842,99
2026-09-22T06:27:22.851499+00:00,0,9848,99
2026-09-22T06:27:22.851499+00:00,1,9228,97
2026-09-22T06:27:22.851499+00:00,2,9828,99
2026-09-22T06:27:22.851499+00:00,3,9848,97
2026-09-22T06:27:27.918173+00:00,0,9850,97
2026-09-22T06:27:27.918173+00:00,1,9230,99
2026-09-22T06:27:27.918173+00:00,2,9830,99
2026-09-22T06:27:27.918173+00:00,3,9850,97
2026-09-22T06:27:32.984709+00:00,0,18716,94
2026-09-22T06:27:32.984709+00:00,1,18696,96
2026-09-22T06:27:32.984709+00:00,2,18696,99
2026-09-22T06:27:32.984709+00:00,3,18776,99
2026-09-22T06:27:38.054538+00:00,0,18878,99
2026-09-22T06:27:38.054538+00:00,1,18718,99
2026-09-22T06:27:38.054538+00:00,2,18818,97
2026-09-22T06:27:38.054538+00:00,3,18778,99
2026-09-22T06:27:43.116788+00:00,0,20460,99
2026-09-22T06:27:43.116788+00:00,1,20500,98
2026-09-22T06:27:43.116788+00:00,2,20640,97
2026-09-22T06:27:43.116788+00:00,3,20020,98
2026-09-22T06:27:48.186444+00:00,0,21504,99
2026-09-22T06:27:48.186444+00:00,1,21604,97
2026-09-22T06:27:48.186444+00:00,2,21344,98
2026-09-22T06:27:48.186444+00:00,3,21524,97
2026-09-22T06:27:53.250877+00:00,0,21504,98
2026-09-22T06:27:53.250877+00:00,1,21604,98
2026-09-22T06:27:53.250877+00:00,2,21344,96
2026-09-22T06:27:53.250877+00:00,3,21524,99
2026-09-22T06:27:58.316087+00:00,0,21506,94
2026-09-22T06:27:58.316087+00:00,1,21606,93
2026-09-22T06:27:58.316087+00:00,2,21346,85
2026-09-22T06:27:58.316087+00:00,3,21526,94
2026-09-22T06:28:03.386936+00:00,0,21514,99
2026-09-22T06:28:03.386936+00:00,1,21614,100
2026-09-22T06:28:03.386936+00:00,2,21354,84
2026-09-22T06:28:03.386936+00:00,3,21534,99
2026-09-22T06:28:08.457383+00:00,0,21514,91
2026-09-22T06:28:08.457383+00:00,1,21614,93
2026-09-22T06:28:08.457383+00:00,2,21354,99
2026-09-22T06:28:08.457383+00:00,3,21534,91
2026-09-22T06:28:13.524912+00:00,0,21514,99
2026-09-22T06:28:13.524912+00:00,1,21614,97
2026-09-22T06:28:13.524912+00:00,2,21354,96
2026-09-22T06:28:13.524912+00:00,3,21534,100
2026-09-22T06:28:18.597108+00:00,0,25814,100
2026-09-22T06:28:18.597108+00:00,1,25754,100
2026-09-22T06:28:18.597108+00:00,2,25674,99
2026-09-22T06:28:18.597108+00:00,3,25754,96
2026-09-22T06:28:23.672195+00:00,0,25814,98
2026-09-22T06:28:23.672195+00:00,1,25754,98
2026-09-22T06:28:23.672195+00:00,2,25734,98
2026-09-22T06:28:23.672195+00:00,3,25814,100
2026-09-22T06:28:28.743500+00:00,0,25814,99
2026-09-22T06:28:28.743500+00:00,1,25754,99
2026-09-22T06:28:28.743500+00:00,2,25834,100
2026-09-22T06:28:28.743500+00:00,3,25814,99
2026-09-22T06:28:33.815805+00:00,0,25814,99
2026-09-22T06:28:33.815805+00:00,1,25794,99
2026-09-22T06:28:33.815805+00:00,2,25834,98
2026-09-22T06:28:33.815805+00:00,3,25814,98
2026-09-22T06:28:38.890922+00:00,0,25814,98
2026-09-22T06:28:38.890922+00:00,1,25794,99
2026-09-22T06:28:38.890922+00:00,2,25834,99
2026-09-22T06:28:38.890922+00:00,3,25814,97
2026-09-22T06:28:43.952413+00:00,0,25814,99
2026-09-22T06:28:43.952413+00:00,1,25794,99
2026-09-22T06:28:43.952413+00:00,2,25834,100
2026-09-22T06:28:43.952413+00:00,3,25814,99
2026-09-22T06:28:49.025382+00:00,0,25814,99
2026-09-22T06:28:49.025382+00:00,1,25794,84
2026-09-22T06:28:49.025382+00:00,2,25834,96
2026-09-22T06:28:49.025382+00:00,3,25814,87
2026-09-22T06:28:54.094683+00:00,0,25814,100
2026-09-22T06:28:54.094683+00:00,1,25794,93
2026-09-22T06:28:54.094683+00:00,2,25834,100
2026-09-22T06:28:54.094683+00:00,3,25814,93
2026-09-22T06:28:59.163397+00:00,0,25814,99
2026-09-22T06:28:59.163397+00:00,1,25794,99
2026-09-22T06:28:59.163397+00:00,2,25834,92
2026-09-22T06:28:59.163397+00:00,3,25814,92
2026-09-22T06:29:04.225284+00:00,0,25814,99
2026-09-22T06:29:04.225284+00:00,1,25794,92
2026-09-22T06:29:04.225284+00:00,2,25834,99
2026-09-22T06:29:04.225284+00:00,3,25814,99
2026-09-22T06:29:09.293610+00:00,0,25814,0
2026-09-22T06:29:09.293610+00:00,1,25794,0
2026-09-22T06:29:09.293610+00:00,2,25834,0
2026-09-22T06:29:09.293610+00:00,3,25814,0
2026-09-22T06:29:14.357801+00:00,0,25814,99
2026-09-22T06:29:14.357801+00:00,1,25794,99
2026-09-22T06:29:14.357801+00:00,2,25834,99
2026-09-22T06:29:14.357801+00:00,3,25814,99
2026-09-22T06:29:19.419897+00:00,0,25814,97
2026-09-22T06:29:19.419897+00:00,1,25794,98
2026-09-22T06:29:19.419897+00:00,2,25834,100
2026-09-22T06:29:19.419897+00:00,3,25814,100
2026-09-22T06:29:24.494871+00:00,0,25894,99
2026-09-22T06:29:24.494871+00:00,1,25794,99
2026-09-22T06:29:24.494871+00:00,2,25834,98
2026-09-22T06:29:24.494871+00:00,3,25874,98
2026-09-22T06:29:29.565358+00:00,0,25894,99
2026-09-22T06:29:29.565358+00:00,1,25794,99
2026-09-22T06:29:29.565358+00:00,2,25834,99
2026-09-22T06:29:29.565358+00:00,3,25874,100
2026-09-22T06:29:34.637345+00:00,0,25894,100
2026-09-22T06:29:34.637345+00:00,1,25794,99
2026-09-22T06:29:34.637345+00:00,2,25834,99
2026-09-22T06:29:34.637345+00:00,3,25874,100
2026-09-22T06:29:39.708639+00:00,0,25894,97
2026-09-22T06:29:39.708639+00:00,1,25794,95
2026-09-22T06:29:39.708639+00:00,2,25834,97
2026-09-22T06:29:39.708639+00:00,3,25874,65
2026-09-22T06:29:44.785684+00:00,0,25894,93
2026-09-22T06:29:44.785684+00:00,1,25794,91
2026-09-22T06:29:44.785684+00:00,2,25834,96
2026-09-22T06:29:44.785684+00:00,3,25874,93
2026-09-22T06:29:49.882941+00:00,0,25894,92
2026-09-22T06:29:49.882941+00:00,1,25794,95
2026-09-22T06:29:49.882941+00:00,2,25834,93
2026-09-22T06:29:49.882941+00:00,3,25874,87
2026-09-22T06:29:54.956862+00:00,0,25894,96
2026-09-22T06:29:54.956862+00:00,1,25794,96
2026-09-22T06:29:54.956862+00:00,2,25834,99
2026-09-22T06:29:54.956862+00:00,3,25874,99
2026-09-22T06:30:00.030764+00:00,0,25894,97
2026-09-22T06:30:00.030764+00:00,1,25794,99
2026-09-22T06:30:00.030764+00:00,2,25834,97
2026-09-22T06:30:00.030764+00:00,3,25874,97
2026-09-22T06:30:05.094961+00:00,0,25894,97
2026-09-22T06:30:05.094961+00:00,1,25794,99
2026-09-22T06:30:05.094961+00:00,2,25834,96
2026-09-22T06:30:05.094961+00:00,3,25874,99
2026-09-22T06:30:10.169891+00:00,0,25894,97
2026-09-22T06:30:10.169891+00:00,1,25794,99
2026-09-22T06:30:10.169891+00:00,2,25834,97
2026-09-22T06:30:10.169891+00:00,3,25874,99
2026-09-22T06:30:15.236344+00:00,0,25894,97
2026-09-22T06:30:15.236344+00:00,1,25794,96
2026-09-22T06:30:15.236344+00:00,2,25834,91
2026-09-22T06:30:15.236344+00:00,3,25874,99
2026-09-22T06:30:20.310323+00:00,0,25894,94
2026-09-22T06:30:20.310323+00:00,1,25794,94
2026-09-22T06:30:20.310323+00:00,2,25834,94
2026-09-22T06:30:20.310323+00:00,3,25874,96
2026-09-22T06:30:25.370493+00:00,0,1596,0
2026-09-22T06:30:25.370493+00:00,1,1596,0
2026-09-22T06:30:25.370493+00:00,2,1576,0
2026-09-22T06:30:25.370493+00:00,3,1596,0
2026-09-22T06:30:30.429361+00:00,0,10096,7
2026-09-22T06:30:30.429361+00:00,1,10096,6
2026-09-22T06:30:30.429361+00:00,2,10076,7
2026-09-22T06:30:30.429361+00:00,3,10096,6
2026-09-22T06:30:35.488363+00:00,0,11426,100
2026-09-22T06:30:35.488363+00:00,1,11406,7
2026-09-22T06:30:35.488363+00:00,2,11406,100
2026-09-22T06:30:35.488363+00:00,3,11426,8
2026-09-22T06:30:40.547165+00:00,0,15890,29
2026-09-22T06:30:40.547165+00:00,1,15226,29
2026-09-22T06:30:40.547165+00:00,2,14986,27
2026-09-22T06:30:40.547165+00:00,3,15086,27
2026-09-22T06:30:45.610259+00:00,0,32746,63
2026-09-22T06:30:45.610259+00:00,1,32752,62
2026-09-22T06:30:45.610259+00:00,2,32814,61
2026-09-22T06:30:45.610259+00:00,3,32702,64
2026-09-22T06:30:50.678179+00:00,0,32746,67
2026-09-22T06:30:50.678179+00:00,1,32752,58
2026-09-22T06:30:50.678179+00:00,2,32814,69
2026-09-22T06:30:50.678179+00:00,3,32702,67
2026-09-22T06:30:55.749007+00:00,0,32746,71
2026-09-22T06:30:55.749007+00:00,1,32752,66
2026-09-22T06:30:55.749007+00:00,2,32814,64
2026-09-22T06:30:55.749007+00:00,3,32702,68
2026-09-22T06:31:00.815454+00:00,0,32746,72
2026-09-22T06:31:00.815454+00:00,1,32752,72
2026-09-22T06:31:00.815454+00:00,2,32814,70
2026-09-22T06:31:00.815454+00:00,3,32702,67
2026-09-22T06:31:05.884405+00:00,0,32746,72
2026-09-22T06:31:05.884405+00:00,1,32752,73
2026-09-22T06:31:05.884405+00:00,2,32814,75
2026-09-22T06:31:05.884405+00:00,3,32702,72
2026-09-22T06:31:10.953079+00:00,0,32746,71
2026-09-22T06:31:10.953079+00:00,1,32752,66
2026-09-22T06:31:10.953079+00:00,2,32814,64
2026-09-22T06:31:10.953079+00:00,3,32702,73
2026-09-22T06:31:16.037006+00:00,0,32746,74
2026-09-22T06:31:16.037006+00:00,1,32752,69
2026-09-22T06:31:16.037006+00:00,2,32814,68
2026-09-22T06:31:16.037006+00:00,3,32702,69
2026-09-22T06:31:21.122902+00:00,0,32746,68
2026-09-22T06:31:21.122902+00:00,1,32752,72
2026-09-22T06:31:21.122902+00:00,2,32814,72
2026-09-22T06:31:21.122902+00:00,3,32702,63
2026-09-22T06:31:26.207429+00:00,0,32746,71
2026-09-22T06:31:26.207429+00:00,1,32752,72
2026-09-22T06:31:26.207429+00:00,2,32814,69
2026-09-22T06:31:26.207429+00:00,3,32702,75
2026-09-22T06:31:31.291192+00:00,0,32746,74
2026-09-22T06:31:31.291192+00:00,1,32752,72
2026-09-22T06:31:31.291192+00:00,2,32814,77
2026-09-22T06:31:31.291192+00:00,3,32702,73
2026-09-22T06:31:36.379689+00:00,0,32746,74
2026-09-22T06:31:36.379689+00:00,1,32752,77
2026-09-22T06:31:36.379689+00:00,2,32814,77
2026-09-22T06:31:36.379689+00:00,3,32702,73
2026-09-22T06:31:41.460506+00:00,0,32746,75
2026-09-22T06:31:41.460506+00:00,1,32752,75
2026-09-22T06:31:41.460506+00:00,2,32814,72
2026-09-22T06:31:41.460506+00:00,3,32702,74
2026-09-22T06:31:46.546101+00:00,0,32746,70
2026-09-22T06:31:46.546101+00:00,1,32752,77
2026-09-22T06:31:46.546101+00:00,2,32814,80
2026-09-22T06:31:46.546101+00:00,3,32702,71
2026-09-22T06:31:51.633831+00:00,0,32746,74
2026-09-22T06:31:51.633831+00:00,1,32752,81
2026-09-22T06:31:51.633831+00:00,2,32814,74
2026-09-22T06:31:51.633831+00:00,3,32702,81
2026-09-22T06:31:56.707593+00:00,0,32746,82
2026-09-22T06:31:56.707593+00:00,1,32752,81
2026-09-22T06:31:56.707593+00:00,2,32814,79
2026-09-22T06:31:56.707593+00:00,3,32702,81
2026-09-22T06:32:01.777442+00:00,0,32746,80
2026-09-22T06:32:01.777442+00:00,1,32752,81
2026-09-22T06:32:01.777442+00:00,2,32814,81
2026-09-22T06:32:01.777442+00:00,3,32702,75
2026-09-22T06:32:06.846708+00:00,0,32746,81
2026-09-22T06:32:06.846708+00:00,1,32752,83
2026-09-22T06:32:06.846708+00:00,2,32814,80
2026-09-22T06:32:06.846708+00:00,3,32702,80
2026-09-22T06:32:11.912358+00:00,0,32746,78
2026-09-22T06:32:11.912358+00:00,1,32752,82
2026-09-22T06:32:11.912358+00:00,2,32814,77
2026-09-22T06:32:11.912358+00:00,3,32702,77
2026-09-22T06:32:16.984234+00:00,0,32746,76
2026-09-22T06:32:16.984234+00:00,1,32752,78
2026-09-22T06:32:16.984234+00:00,2,32814,80
2026-09-22T06:32:16.984234+00:00,3,32702,82
2026-09-22T06:32:22.055332+00:00,0,32746,80
2026-09-22T06:32:22.055332+00:00,1,32752,80
2026-09-22T06:32:22.055332+00:00,2,32814,79
2026-09-22T06:32:22.055332+00:00,3,32702,81
2026-09-22T06:32:27.140323+00:00,0,32746,78
2026-09-22T06:32:27.140323+00:00,1,32752,81
2026-09-22T06:32:27.140323+00:00,2,32814,80
2026-09-22T06:32:27.140323+00:00,3,32702,77
2026-09-22T06:32:32.212307+00:00,0,32746,85
2026-09-22T06:32:32.212307+00:00,1,32752,79
2026-09-22T06:32:32.212307+00:00,2,32814,80
2026-09-22T06:32:32.212307+00:00,3,32702,82
2026-09-22T06:32:37.293031+00:00,0,32746,76
2026-09-22T06:32:37.293031+00:00,1,32752,83
2026-09-22T06:32:37.293031+00:00,2,32814,74
2026-09-22T06:32:37.293031+00:00,3,32702,78
2026-09-22T06:32:42.387402+00:00,0,32746,81
2026-09-22T06:32:42.387402+00:00,1,32752,81
2026-09-22T06:32:42.387402+00:00,2,32814,79
2026-09-22T06:32:42.387402+00:00,3,32702,88
2026-09-22T06:32:47.464547+00:00,0,32746,82
2026-09-22T06:32:47.464547+00:00,1,32752,81
2026-09-22T06:32:47.464547+00:00,2,32814,78
2026-09-22T06:32:47.464547+00:00,3,32702,83
2026-09-22T06:32:52.552031+00:00,0,32746,82
2026-09-22T06:32:52.552031+00:00,1,32752,79
2026-09-22T06:32:52.552031+00:00,2,32814,85
2026-09-22T06:32:52.552031+00:00,3,32702,87
2026-09-22T06:32:57.630794+00:00,0,32746,76
2026-09-22T06:32:57.630794+00:00,1,32752,84
2026-09-22T06:32:57.630794+00:00,2,32814,78
2026-09-22T06:32:57.630794+00:00,3,32702,79
2026-09-22T06:33:02.723931+00:00,0,32746,83
2026-09-22T06:33:02.723931+00:00,1,32752,81
2026-09-22T06:33:02.723931+00:00,2,32814,85
2026-09-22T06:33:02.723931+00:00,3,32702,84
2026-09-22T06:33:07.811816+00:00,0,32746,85
2026-09-22T06:33:07.811816+00:00,1,32752,86
2026-09-22T06:33:07.811816+00:00,2,32814,85
2026-09-22T06:33:07.811816+00:00,3,32702,88
2026-09-22T06:33:12.888421+00:00,0,32746,86
2026-09-22T06:33:12.888421+00:00,1,32752,86
2026-09-22T06:33:12.888421+00:00,2,32814,87
2026-09-22T06:33:12.888421+00:00,3,32702,81
2026-09-22T06:33:17.962215+00:00,0,32746,88
2026-09-22T06:33:17.962215+00:00,1,32752,82
2026-09-22T06:33:17.962215+00:00,2,32814,86
2026-09-22T06:33:17.962215+00:00,3,32702,83
2026-09-22T06:33:23.034178+00:00,0,32746,90
2026-09-22T06:33:23.034178+00:00,1,32752,84
2026-09-22T06:33:23.034178+00:00,2,32814,82
2026-09-22T06:33:23.034178+00:00,3,32702,85
2026-09-22T06:33:28.106360+00:00,0,32746,81
2026-09-22T06:33:28.106360+00:00,1,32752,83
2026-09-22T06:33:28.106360+00:00,2,32814,84
2026-09-22T06:33:28.106360+00:00,3,32702,85
2026-09-22T06:33:33.179154+00:00,0,32746,87
2026-09-22T06:33:33.179154+00:00,1,32752,86
2026-09-22T06:33:33.179154+00:00,2,32814,84
2026-09-22T06:33:33.179154+00:00,3,32702,82
2026-09-22T06:33:38.254112+00:00,0,32746,78
2026-09-22T06:33:38.254112+00:00,1,32752,83
2026-09-22T06:33:38.254112+00:00,2,32814,86
2026-09-22T06:33:38.254112+00:00,3,32702,86
2026-09-22T06:33:43.319255+00:00,0,32746,86
2026-09-22T06:33:43.319255+00:00,1,32752,84
2026-09-22T06:33:43.319255+00:00,2,32814,85
2026-09-22T06:33:43.319255+00:00,3,32702,84
2026-09-22T06:33:48.391826+00:00,0,32746,87
2026-09-22T06:33:48.391826+00:00,1,32752,84
2026-09-22T06:33:48.391826+00:00,2,32814,80
2026-09-22T06:33:48.391826+00:00,3,32702,79
2026-09-22T06:33:53.481002+00:00,0,32746,83
2026-09-22T06:33:53.481002+00:00,1,32752,83
2026-09-22T06:33:53.481002+00:00,2,32814,85
2026-09-22T06:33:53.481002+00:00,3,32702,87
2026-09-22T06:33:58.559011+00:00,0,32746,84
2026-09-22T06:33:58.559011+00:00,1,32752,84
2026-09-22T06:33:58.559011+00:00,2,32814,84
2026-09-22T06:33:58.559011+00:00,3,32702,88
2026-09-22T06:34:03.632744+00:00,0,32746,84
2026-09-22T06:34:03.632744+00:00,1,32752,87
2026-09-22T06:34:03.632744+00:00,2,32814,88
2026-09-22T06:34:03.632744+00:00,3,32702,88
2026-09-22T06:34:08.710294+00:00,0,32746,87
2026-09-22T06:34:08.710294+00:00,1,32752,87
2026-09-22T06:34:08.710294+00:00,2,32814,88
2026-09-22T06:34:08.710294+00:00,3,32702,89
2026-09-22T06:34:13.784638+00:00,0,32746,84
2026-09-22T06:34:13.784638+00:00,1,32752,88
2026-09-22T06:34:13.784638+00:00,2,32814,87
2026-09-22T06:34:13.784638+00:00,3,32702,84
2026-09-22T06:34:18.852175+00:00,0,32746,89
2026-09-22T06:34:18.852175+00:00,1,32752,87
2026-09-22T06:34:18.852175+00:00,2,32814,85
2026-09-22T06:34:18.852175+00:00,3,32702,85
2026-09-22T06:34:23.924048+00:00,0,32746,85
2026-09-22T06:34:23.924048+00:00,1,32752,90
2026-09-22T06:34:23.924048+00:00,2,32814,83
2026-09-22T06:34:23.924048+00:00,3,32702,90
2026-09-22T06:34:28.991443+00:00,0,32746,93
2026-09-22T06:34:28.991443+00:00,1,32752,86
2026-09-22T06:34:28.991443+00:00,2,32814,86
2026-09-22T06:34:28.991443+00:00,3,32702,85
2026-09-22T06:34:34.068362+00:00,0,32746,93
2026-09-22T06:34:34.068362+00:00,1,32752,86
2026-09-22T06:34:34.068362+00:00,2,32814,83
2026-09-22T06:34:34.068362+00:00,3,32702,86
2026-09-22T06:34:39.145570+00:00,0,32746,83
2026-09-22T06:34:39.145570+00:00,1,32752,85
2026-09-22T06:34:39.145570+00:00,2,32814,82
2026-09-22T06:34:39.145570+00:00,3,32702,87
2026-09-22T06:34:44.222342+00:00,0,32746,84
2026-09-22T06:34:44.222342+00:00,1,32752,87
2026-09-22T06:34:44.222342+00:00,2,32814,83
2026-09-22T06:34:44.222342+00:00,3,32702,81
2026-09-22T06:34:49.303408+00:00,0,32746,87
2026-09-22T06:34:49.303408+00:00,1,32752,84
2026-09-22T06:34:49.303408+00:00,2,32814,87
2026-09-22T06:34:49.303408+00:00,3,32702,85
2026-09-22T06:34:54.379165+00:00,0,32746,90
2026-09-22T06:34:54.379165+00:00,1,32752,89
2026-09-22T06:34:54.379165+00:00,2,32814,83
2026-09-22T06:34:54.379165+00:00,3,32702,88
2026-09-22T06:34:59.453845+00:00,0,32746,88
2026-09-22T06:34:59.453845+00:00,1,32752,85
2026-09-22T06:34:59.453845+00:00,2,32814,85
2026-09-22T06:34:59.453845+00:00,3,32702,84
2026-09-22T06:35:04.527761+00:00,0,32746,86
2026-09-22T06:35:04.527761+00:00,1,32752,86
2026-09-22T06:35:04.527761+00:00,2,32814,86
2026-09-22T06:35:04.527761+00:00,3,32702,85
2026-09-22T06:35:09.605158+00:00,0,32746,88
2026-09-22T06:35:09.605158+00:00,1,32752,87
2026-09-22T06:35:09.605158+00:00,2,32814,90
2026-09-22T06:35:09.605158+00:00,3,32702,85
2026-09-22T06:35:14.683897+00:00,0,32746,87
2026-09-22T06:35:14.683897+00:00,1,32752,86
2026-09-22T06:35:14.683897+00:00,2,32814,88
2026-09-22T06:35:14.683897+00:00,3,32702,86
2026-09-22T06:35:19.752729+00:00,0,32746,84
2026-09-22T06:35:19.752729+00:00,1,32752,88
2026-09-22T06:35:19.752729+00:00,2,32814,87
2026-09-22T06:35:19.752729+00:00,3,32702,84
2026-09-22T06:35:24.827724+00:00,0,32746,89
2026-09-22T06:35:24.827724+00:00,1,32752,0
2026-09-22T06:35:24.827724+00:00,2,32814,88
2026-09-22T06:35:24.827724+00:00,3,32702,90
2026-09-22T06:35:29.897371+00:00,0,32746,80
2026-09-22T06:35:29.897371+00:00,1,32752,0
2026-09-22T06:35:29.897371+00:00,2,32814,85
2026-09-22T06:35:29.897371+00:00,3,32702,89
2026-09-22T06:35:34.963880+00:00,0,1576,0
2026-09-22T06:35:34.963880+00:00,1,1576,0
2026-09-22T06:35:34.963880+00:00,2,1556,0
2026-09-22T06:35:34.963880+00:00,3,1576,0
2026-09-22T06:35:40.020432+00:00,0,7808,96
2026-09-22T06:35:40.020432+00:00,1,7128,99
2026-09-22T06:35:40.020432+00:00,2,7808,99
2026-09-22T06:35:40.020432+00:00,3,7808,99
2026-09-22T06:35:45.084553+00:00,0,8634,97
2026-09-22T06:35:45.084553+00:00,1,7994,97
2026-09-22T06:35:45.084553+00:00,2,8694,97
2026-09-22T06:35:45.084553+00:00,3,8674,97
2026-09-22T06:35:50.152744+00:00,0,9158,99
2026-09-22T06:35:50.152744+00:00,1,8558,99
2026-09-22T06:35:50.152744+00:00,2,9158,99
2026-09-22T06:35:50.152744+00:00,3,9158,99
2026-09-22T06:35:55.219724+00:00,0,9482,99
2026-09-22T06:35:55.219724+00:00,1,8862,99
2026-09-22T06:35:55.219724+00:00,2,9482,98
2026-09-22T06:35:55.219724+00:00,3,9482,99
2026-09-22T06:36:00.295548+00:00,0,9906,100
2026-09-22T06:36:00.295548+00:00,1,9346,100
2026-09-22T06:36:00.295548+00:00,2,9946,98
2026-09-22T06:36:00.295548+00:00,3,9926,99
2026-09-22T06:36:05.380509+00:00,0,10130,99
2026-09-22T06:36:05.380509+00:00,1,9570,99
2026-09-22T06:36:05.380509+00:00,2,10170,99
2026-09-22T06:36:05.380509+00:00,3,10130,99
2026-09-22T06:36:10.460300+00:00,0,10134,99
2026-09-22T06:36:10.460300+00:00,1,9574,99
2026-09-22T06:36:10.460300+00:00,2,10174,99
2026-09-22T06:36:10.460300+00:00,3,10134,99
2026-09-22T06:36:15.526029+00:00,0,10138,99
2026-09-22T06:36:15.526029+00:00,1,9578,99
2026-09-22T06:36:15.526029+00:00,2,10178,99
2026-09-22T06:36:15.526029+00:00,3,10138,99
2026-09-22T06:36:20.582667+00:00,0,10142,99
2026-09-22T06:36:20.582667+00:00,1,9582,99
2026-09-22T06:36:20.582667+00:00,2,10182,99
2026-09-22T06:36:20.582667+00:00,3,10142,99
2026-09-22T06:36:25.649675+00:00,0,10148,98
2026-09-22T06:36:25.649675+00:00,1,9588,99
2026-09-22T06:36:25.649675+00:00,2,10188,99
2026-09-22T06:36:25.649675+00:00,3,10148,99
2026-09-22T06:36:30.717756+00:00,0,10150,99
2026-09-22T06:36:30.717756+00:00,1,9590,99
2026-09-22T06:36:30.717756+00:00,2,10190,95
2026-09-22T06:36:30.717756+00:00,3,10150,98
2026-09-22T06:36:35.774597+00:00,0,19736,99
2026-09-22T06:36:35.774597+00:00,1,19356,98
2026-09-22T06:36:35.774597+00:00,2,19716,99
2026-09-22T06:36:35.774597+00:00,3,19476,98
2026-09-22T06:36:40.836176+00:00,0,20058,98
2026-09-22T06:36:40.836176+00:00,1,19898,98
2026-09-22T06:36:40.836176+00:00,2,20278,100
2026-09-22T06:36:40.836176+00:00,3,20058,98
2026-09-22T06:36:45.905486+00:00,0,20220,94
2026-09-22T06:36:45.905486+00:00,1,20640,96
2026-09-22T06:36:45.905486+00:00,2,20280,99
2026-09-22T06:36:45.905486+00:00,3,20260,99
2026-09-22T06:36:50.982737+00:00,0,21002,94
2026-09-22T06:36:50.982737+00:00,1,20982,99
2026-09-22T06:36:50.982737+00:00,2,21122,95
2026-09-22T06:36:50.982737+00:00,3,20982,96
2026-09-22T06:36:56.044905+00:00,0,21004,94
2026-09-22T06:36:56.044905+00:00,1,21104,98
2026-09-22T06:36:56.044905+00:00,2,21124,96
2026-09-22T06:36:56.044905+00:00,3,20984,97
2026-09-22T06:37:01.115742+00:00,0,21006,95
2026-09-22T06:37:01.115742+00:00,1,21106,97
2026-09-22T06:37:01.115742+00:00,2,21126,95
2026-09-22T06:37:01.115742+00:00,3,20986,87
2026-09-22T06:37:06.191446+00:00,0,21008,99
2026-09-22T06:37:06.191446+00:00,1,21108,99
2026-09-22T06:37:06.191446+00:00,2,21128,98
2026-09-22T06:37:06.191446+00:00,3,20988,98
2026-09-22T06:37:11.259458+00:00,0,21014,80
2026-09-22T06:37:11.259458+00:00,1,21114,100
2026-09-22T06:37:11.259458+00:00,2,21134,97
2026-09-22T06:37:11.259458+00:00,3,20994,99
2026-09-22T06:37:16.328328+00:00,0,21014,99
2026-09-22T06:37:16.328328+00:00,1,21114,100
2026-09-22T06:37:16.328328+00:00,2,21134,99
2026-09-22T06:37:16.328328+00:00,3,20994,99
2026-09-22T06:37:21.400874+00:00,0,25734,99
2026-09-22T06:37:21.400874+00:00,1,25714,99
2026-09-22T06:37:21.400874+00:00,2,25714,99
2026-09-22T06:37:21.400874+00:00,3,25734,99
2026-09-22T06:37:26.472688+00:00,0,25794,98
2026-09-22T06:37:26.472688+00:00,1,25754,99
2026-09-22T06:37:26.472688+00:00,2,25774,98
2026-09-22T06:37:26.472688+00:00,3,25734,99
2026-09-22T06:37:31.538812+00:00,0,25794,99
2026-09-22T06:37:31.538812+00:00,1,25814,99
2026-09-22T06:37:31.538812+00:00,2,25774,99
2026-09-22T06:37:31.538812+00:00,3,25894,99
2026-09-22T06:37:36.613926+00:00,0,25794,99
2026-09-22T06:37:36.613926+00:00,1,25814,99
2026-09-22T06:37:36.613926+00:00,2,25834,99
2026-09-22T06:37:36.613926+00:00,3,25894,99
2026-09-22T06:37:41.691855+00:00,0,25794,98
2026-09-22T06:37:41.691855+00:00,1,25814,99
2026-09-22T06:37:41.691855+00:00,2,25834,98
2026-09-22T06:37:41.691855+00:00,3,25894,98
2026-09-22T06:37:46.766638+00:00,0,25794,99
2026-09-22T06:37:46.766638+00:00,1,25814,99
2026-09-22T06:37:46.766638+00:00,2,25834,99
2026-09-22T06:37:46.766638+00:00,3,25894,99
2026-09-22T06:37:51.842366+00:00,0,25794,94
2026-09-22T06:37:51.842366+00:00,1,25814,95
2026-09-22T06:37:51.842366+00:00,2,25834,93
2026-09-22T06:37:51.842366+00:00,3,25894,93
2026-09-22T06:37:56.917566+00:00,0,25794,86
2026-09-22T06:37:56.917566+00:00,1,25814,86
2026-09-22T06:37:56.917566+00:00,2,25834,88
2026-09-22T06:37:56.917566+00:00,3,25894,93
2026-09-22T06:38:01.992562+00:00,0,25794,68
2026-09-22T06:38:01.992562+00:00,1,25814,96
2026-09-22T06:38:01.992562+00:00,2,25834,98
2026-09-22T06:38:01.992562+00:00,3,25894,88
2026-09-22T06:38:07.065376+00:00,0,25794,98
2026-09-22T06:38:07.065376+00:00,1,25814,98
2026-09-22T06:38:07.065376+00:00,2,25834,85
2026-09-22T06:38:07.065376+00:00,3,25894,57
2026-09-22T06:38:12.140259+00:00,0,25794,94
2026-09-22T06:38:12.140259+00:00,1,25814,95
2026-09-22T06:38:12.140259+00:00,2,25834,94
2026-09-22T06:38:12.140259+00:00,3,25894,95
2026-09-22T06:38:17.209170+00:00,0,25794,86
2026-09-22T06:38:17.209170+00:00,1,25814,99
2026-09-22T06:38:17.209170+00:00,2,25834,99
2026-09-22T06:38:17.209170+00:00,3,25894,98
2026-09-22T06:38:22.272574+00:00,0,25834,99
2026-09-22T06:38:22.272574+00:00,1,25814,99
2026-09-22T06:38:22.272574+00:00,2,25834,99
2026-09-22T06:38:22.272574+00:00,3,25894,99
2026-09-22T06:38:27.345057+00:00,0,25834,99
2026-09-22T06:38:27.345057+00:00,1,25814,99
2026-09-22T06:38:27.345057+00:00,2,25834,98
2026-09-22T06:38:27.345057+00:00,3,25894,99
2026-09-22T06:38:32.416730+00:00,0,25834,99
2026-09-22T06:38:32.416730+00:00,1,25814,99
2026-09-22T06:38:32.416730+00:00,2,25834,100
2026-09-22T06:38:32.416730+00:00,3,25894,99
2026-09-22T06:38:37.516328+00:00,0,25834,99
2026-09-22T06:38:37.516328+00:00,1,25814,99
2026-09-22T06:38:37.516328+00:00,2,25834,100
2026-09-22T06:38:37.516328+00:00,3,25894,99
2026-09-22T06:38:42.586827+00:00,0,25834,98
2026-09-22T06:38:42.586827+00:00,1,25814,98
2026-09-22T06:38:42.586827+00:00,2,25834,98
2026-09-22T06:38:42.586827+00:00,3,25894,98
2026-09-22T06:38:47.651727+00:00,0,25834,93
2026-09-22T06:38:47.651727+00:00,1,25814,93
2026-09-22T06:38:47.651727+00:00,2,25834,95
2026-09-22T06:38:47.651727+00:00,3,25894,89
2026-09-22T06:38:52.720593+00:00,0,25834,96
2026-09-22T06:38:52.720593+00:00,1,25814,98
2026-09-22T06:38:52.720593+00:00,2,25834,99
2026-09-22T06:38:52.720593+00:00,3,25894,95
2026-09-22T06:38:57.795849+00:00,0,25834,88
2026-09-22T06:38:57.795849+00:00,1,25814,99
2026-09-22T06:38:57.795849+00:00,2,25834,89
2026-09-22T06:38:57.795849+00:00,3,25894,97
2026-09-22T06:39:02.866154+00:00,0,25834,98
2026-09-22T06:39:02.866154+00:00,1,25814,98
2026-09-22T06:39:02.866154+00:00,2,25834,99
2026-09-22T06:39:02.866154+00:00,3,25894,97
2026-09-22T06:39:07.936840+00:00,0,25834,98
2026-09-22T06:39:07.936840+00:00,1,25814,97
2026-09-22T06:39:07.936840+00:00,2,25834,99
2026-09-22T06:39:07.936840+00:00,3,25894,98
2026-09-22T06:39:13.009592+00:00,0,25834,98
2026-09-22T06:39:13.009592+00:00,1,25814,98
2026-09-22T06:39:13.009592+00:00,2,25834,99
2026-09-22T06:39:13.009592+00:00,3,25894,100
2026-09-22T06:39:18.079410+00:00,0,25834,97
2026-09-22T06:39:18.079410+00:00,1,25814,98
2026-09-22T06:39:18.079410+00:00,2,25834,99
2026-09-22T06:39:18.079410+00:00,3,25894,98
2026-09-22T06:39:23.144479+00:00,0,25834,97
2026-09-22T06:39:23.144479+00:00,1,25814,95
2026-09-22T06:39:23.144479+00:00,2,25834,99
2026-09-22T06:39:23.144479+00:00,3,25894,75
2026-09-22T06:39:28.216070+00:00,0,25834,94
2026-09-22T06:39:28.216070+00:00,1,25814,99
2026-09-22T06:39:28.216070+00:00,2,25834,99
2026-09-22T06:39:28.216070+00:00,3,25894,99
2026-09-22T06:39:33.283168+00:00,0,1596,0
2026-09-22T06:39:33.283168+00:00,1,1596,0
2026-09-22T06:39:33.283168+00:00,2,1576,0
2026-09-22T06:39:33.283168+00:00,3,1596,0
2026-09-22T06:39:38.341725+00:00,0,10096,6
2026-09-22T06:39:38.341725+00:00,1,10096,7
2026-09-22T06:39:38.341725+00:00,2,10076,7
2026-09-22T06:39:38.341725+00:00,3,10096,6
2026-09-22T06:39:43.402054+00:00,0,11426,7
2026-09-22T06:39:43.402054+00:00,1,11406,100
2026-09-22T06:39:43.402054+00:00,2,11406,100
2026-09-22T06:39:43.402054+00:00,3,11304,8
2026-09-22T06:39:48.464306+00:00,0,12666,33
2026-09-22T06:39:48.464306+00:00,1,13206,42
2026-09-22T06:39:48.464306+00:00,2,12726,39
2026-09-22T06:39:48.464306+00:00,3,12606,33
2026-09-22T06:39:53.525715+00:00,0,33512,64
2026-09-22T06:39:53.525715+00:00,1,33246,60
2026-09-22T06:39:53.525715+00:00,2,33254,61
2026-09-22T06:39:53.525715+00:00,3,33454,58
2026-09-22T06:39:58.588916+00:00,0,33512,81
2026-09-22T06:39:58.588916+00:00,1,33246,63
2026-09-22T06:39:58.588916+00:00,2,33254,64
2026-09-22T06:39:58.588916+00:00,3,33454,62
2026-09-22T06:40:03.650609+00:00,0,33512,68
2026-09-22T06:40:03.650609+00:00,1,33246,66
2026-09-22T06:40:03.650609+00:00,2,33254,70
2026-09-22T06:40:03.650609+00:00,3,33454,65
2026-09-22T06:40:08.717245+00:00,0,33512,65
2026-09-22T06:40:08.717245+00:00,1,33246,68
2026-09-22T06:40:08.717245+00:00,2,33254,69
2026-09-22T06:40:08.717245+00:00,3,33454,67
2026-09-22T06:40:13.785177+00:00,0,33512,76
2026-09-22T06:40:13.785177+00:00,1,33246,71
2026-09-22T06:40:13.785177+00:00,2,33254,69
2026-09-22T06:40:13.785177+00:00,3,33454,72
2026-09-22T06:40:18.852323+00:00,0,33512,79
2026-09-22T06:40:18.852323+00:00,1,33246,72
2026-09-22T06:40:18.852323+00:00,2,33254,78
2026-09-22T06:40:18.852323+00:00,3,33454,76
2026-09-22T06:40:23.920362+00:00,0,33512,73
2026-09-22T06:40:23.920362+00:00,1,33246,86
2026-09-22T06:40:23.920362+00:00,2,33254,70
2026-09-22T06:40:23.920362+00:00,3,33454,79
2026-09-22T06:40:28.982454+00:00,0,33512,73
2026-09-22T06:40:28.982454+00:00,1,33246,81
2026-09-22T06:40:28.982454+00:00,2,33254,73
2026-09-22T06:40:28.982454+00:00,3,33454,73
2026-09-22T06:40:34.049386+00:00,0,33512,77
2026-09-22T06:40:34.049386+00:00,1,33246,76
2026-09-22T06:40:34.049386+00:00,2,33254,74
2026-09-22T06:40:34.049386+00:00,3,33454,78
2026-09-22T06:40:39.140172+00:00,0,33512,67
2026-09-22T06:40:39.140172+00:00,1,33246,74
2026-09-22T06:40:39.140172+00:00,2,33254,74
2026-09-22T06:40:39.140172+00:00,3,33454,75
2026-09-22T06:40:44.223210+00:00,0,33512,78
2026-09-22T06:40:44.223210+00:00,1,33246,79
2026-09-22T06:40:44.223210+00:00,2,33254,82
2026-09-22T06:40:44.223210+00:00,3,33454,77
2026-09-22T06:40:49.293303+00:00,0,33512,69
2026-09-22T06:40:49.293303+00:00,1,33246,71
2026-09-22T06:40:49.293303+00:00,2,33254,75
2026-09-22T06:40:49.293303+00:00,3,33454,76
2026-09-22T06:40:54.377593+00:00,0,33512,78
2026-09-22T06:40:54.377593+00:00,1,33246,79
2026-09-22T06:40:54.377593+00:00,2,33254,76
2026-09-22T06:40:54.377593+00:00,3,33454,75
2026-09-22T06:40:59.449813+00:00,0,33512,80
2026-09-22T06:40:59.449813+00:00,1,33246,89
2026-09-22T06:40:59.449813+00:00,2,33254,80
2026-09-22T06:40:59.449813+00:00,3,33454,74
2026-09-22T06:41:04.522530+00:00,0,33512,82
2026-09-22T06:41:04.522530+00:00,1,33246,83
2026-09-22T06:41:04.522530+00:00,2,33254,76
2026-09-22T06:41:04.522530+00:00,3,33454,74
2026-09-22T06:41:09.595201+00:00,0,33512,78
2026-09-22T06:41:09.595201+00:00,1,33246,76
2026-09-22T06:41:09.595201+00:00,2,33254,77
2026-09-22T06:41:09.595201+00:00,3,33454,84
2026-09-22T06:41:14.669393+00:00,0,33512,78
2026-09-22T06:41:14.669393+00:00,1,33246,76
2026-09-22T06:41:14.669393+00:00,2,33254,78
2026-09-22T06:41:14.669393+00:00,3,33454,79
2026-09-22T06:41:19.741000+00:00,0,33512,90
2026-09-22T06:41:19.741000+00:00,1,33246,81
2026-09-22T06:41:19.741000+00:00,2,33254,80
2026-09-22T06:41:19.741000+00:00,3,33454,82
2026-09-22T06:41:24.813672+00:00,0,33512,82
2026-09-22T06:41:24.813672+00:00,1,33246,76
2026-09-22T06:41:24.813672+00:00,2,33254,82
2026-09-22T06:41:24.813672+00:00,3,33454,85
2026-09-22T06:41:29.886731+00:00,0,33512,85
2026-09-22T06:41:29.886731+00:00,1,33246,82
2026-09-22T06:41:29.886731+00:00,2,33254,80
2026-09-22T06:41:29.886731+00:00,3,33454,79
2026-09-22T06:41:34.955403+00:00,0,33512,84
2026-09-22T06:41:34.955403+00:00,1,33246,81
2026-09-22T06:41:34.955403+00:00,2,33254,83
2026-09-22T06:41:34.955403+00:00,3,33454,81
2026-09-22T06:41:40.028013+00:00,0,33512,84
2026-09-22T06:41:40.028013+00:00,1,33246,88
2026-09-22T06:41:40.028013+00:00,2,33254,84
2026-09-22T06:41:40.028013+00:00,3,33454,83
2026-09-22T06:41:45.100227+00:00,0,33512,85
2026-09-22T06:41:45.100227+00:00,1,33246,85
2026-09-22T06:41:45.100227+00:00,2,33254,81
2026-09-22T06:41:45.100227+00:00,3,33454,83
2026-09-22T06:41:50.170093+00:00,0,33512,83
2026-09-22T06:41:50.170093+00:00,1,33246,86
2026-09-22T06:41:50.170093+00:00,2,33254,86
2026-09-22T06:41:50.170093+00:00,3,33454,85
2026-09-22T06:41:55.241193+00:00,0,33512,82
2026-09-22T06:41:55.241193+00:00,1,33246,82
2026-09-22T06:41:55.241193+00:00,2,33254,82
2026-09-22T06:41:55.241193+00:00,3,33454,81
2026-09-22T06:42:00.315792+00:00,0,33512,84
2026-09-22T06:42:00.315792+00:00,1,33246,87
2026-09-22T06:42:00.315792+00:00,2,33254,83
2026-09-22T06:42:00.315792+00:00,3,33454,84
2026-09-22T06:42:05.386202+00:00,0,33512,89
2026-09-22T06:42:05.386202+00:00,1,33246,85
2026-09-22T06:42:05.386202+00:00,2,33254,84
2026-09-22T06:42:05.386202+00:00,3,33454,83
2026-09-22T06:42:10.459960+00:00,0,33512,85
2026-09-22T06:42:10.459960+00:00,1,33246,92
2026-09-22T06:42:10.459960+00:00,2,33254,86
2026-09-22T06:42:10.459960+00:00,3,33454,86
2026-09-22T06:42:15.533458+00:00,0,33512,83
2026-09-22T06:42:15.533458+00:00,1,33246,88
2026-09-22T06:42:15.533458+00:00,2,33254,84
2026-09-22T06:42:15.533458+00:00,3,33454,82
2026-09-22T06:42:20.598824+00:00,0,33512,83
2026-09-22T06:42:20.598824+00:00,1,33246,85
2026-09-22T06:42:20.598824+00:00,2,33254,80
2026-09-22T06:42:20.598824+00:00,3,33454,83
2026-09-22T06:42:25.672395+00:00,0,33512,84
2026-09-22T06:42:25.672395+00:00,1,33246,86
2026-09-22T06:42:25.672395+00:00,2,33254,86
2026-09-22T06:42:25.672395+00:00,3,33454,92
2026-09-22T06:42:30.744180+00:00,0,33512,87
2026-09-22T06:42:30.744180+00:00,1,33246,85
2026-09-22T06:42:30.744180+00:00,2,33254,82
2026-09-22T06:42:30.744180+00:00,3,33454,86
2026-09-22T06:42:35.812107+00:00,0,33512,82
2026-09-22T06:42:35.812107+00:00,1,33246,85
2026-09-22T06:42:35.812107+00:00,2,33254,90
2026-09-22T06:42:35.812107+00:00,3,33454,85
2026-09-22T06:42:40.907988+00:00,0,33512,86
2026-09-22T06:42:40.907988+00:00,1,33246,86
2026-09-22T06:42:40.907988+00:00,2,33254,81
2026-09-22T06:42:40.907988+00:00,3,33454,85
2026-09-22T06:42:46.000828+00:00,0,33512,84
2026-09-22T06:42:46.000828+00:00,1,33246,84
2026-09-22T06:42:46.000828+00:00,2,33254,86
2026-09-22T06:42:46.000828+00:00,3,33454,84
2026-09-22T06:42:51.072449+00:00,0,33512,84
2026-09-22T06:42:51.072449+00:00,1,33246,89
2026-09-22T06:42:51.072449+00:00,2,33254,83
2026-09-22T06:42:51.072449+00:00,3,33454,86
2026-09-22T06:42:56.147111+00:00,0,33512,86
2026-09-22T06:42:56.147111+00:00,1,33246,86
2026-09-22T06:42:56.147111+00:00,2,33254,86
2026-09-22T06:42:56.147111+00:00,3,33454,84
2026-09-22T06:43:01.216589+00:00,0,33512,92
2026-09-22T06:43:01.216589+00:00,1,33246,84
2026-09-22T06:43:01.216589+00:00,2,33254,83
2026-09-22T06:43:01.216589+00:00,3,33454,83
2026-09-22T06:43:06.292629+00:00,0,33512,87
2026-09-22T06:43:06.292629+00:00,1,33246,87
2026-09-22T06:43:06.292629+00:00,2,33254,84
2026-09-22T06:43:06.292629+00:00,3,33454,83
2026-09-22T06:43:11.365923+00:00,0,33512,88
2026-09-22T06:43:11.365923+00:00,1,33246,85
2026-09-22T06:43:11.365923+00:00,2,33254,72
2026-09-22T06:43:11.365923+00:00,3,33454,85
2026-09-22T06:43:16.454052+00:00,0,33512,87
2026-09-22T06:43:16.454052+00:00,1,33246,84
2026-09-22T06:43:16.454052+00:00,2,33254,88
2026-09-22T06:43:16.454052+00:00,3,33454,84
2026-09-22T06:43:21.548207+00:00,0,33512,84
2026-09-22T06:43:21.548207+00:00,1,33246,82
2026-09-22T06:43:21.548207+00:00,2,33254,83
2026-09-22T06:43:21.548207+00:00,3,33454,81
2026-09-22T06:43:26.637279+00:00,0,33512,89
2026-09-22T06:43:26.637279+00:00,1,33246,82
2026-09-22T06:43:26.637279+00:00,2,33254,82
2026-09-22T06:43:26.637279+00:00,3,33454,85
2026-09-22T06:43:31.729664+00:00,0,33512,81
2026-09-22T06:43:31.729664+00:00,1,33246,83
2026-09-22T06:43:31.729664+00:00,2,33254,83
2026-09-22T06:43:31.729664+00:00,3,33454,86
2026-09-22T06:43:36.820049+00:00,0,33512,82
2026-09-22T06:43:36.820049+00:00,1,33246,84
2026-09-22T06:43:36.820049+00:00,2,33254,84
2026-09-22T06:43:36.820049+00:00,3,33454,86
2026-09-22T06:43:41.896744+00:00,0,33512,83
2026-09-22T06:43:41.896744+00:00,1,33246,86
2026-09-22T06:43:41.896744+00:00,2,33254,82
2026-09-22T06:43:41.896744+00:00,3,33454,83
2026-09-22T06:43:46.959507+00:00,0,33512,86
2026-09-22T06:43:46.959507+00:00,1,33246,87
2026-09-22T06:43:46.959507+00:00,2,33254,86
2026-09-22T06:43:46.959507+00:00,3,33454,87
2026-09-22T06:43:52.032671+00:00,0,33512,83
2026-09-22T06:43:52.032671+00:00,1,33246,89
2026-09-22T06:43:52.032671+00:00,2,33254,86
2026-09-22T06:43:52.032671+00:00,3,33454,87
2026-09-22T06:43:57.107194+00:00,0,33512,85
2026-09-22T06:43:57.107194+00:00,1,33246,88
2026-09-22T06:43:57.107194+00:00,2,33254,85
2026-09-22T06:43:57.107194+00:00,3,33454,91
2026-09-22T06:44:02.172014+00:00,0,33512,85
2026-09-22T06:44:02.172014+00:00,1,33246,87
2026-09-22T06:44:02.172014+00:00,2,33254,91
2026-09-22T06:44:02.172014+00:00,3,33454,88
2026-09-22T06:44:07.247066+00:00,0,33512,88
2026-09-22T06:44:07.247066+00:00,1,33246,90
2026-09-22T06:44:07.247066+00:00,2,33254,85
2026-09-22T06:44:07.247066+00:00,3,33454,85
2026-09-22T06:44:12.316692+00:00,0,33512,92
2026-09-22T06:44:12.316692+00:00,1,33246,85
2026-09-22T06:44:12.316692+00:00,2,33254,86
2026-09-22T06:44:12.316692+00:00,3,33454,95
2026-09-22T06:44:17.392646+00:00,0,33512,90
2026-09-22T06:44:17.392646+00:00,1,33246,89
2026-09-22T06:44:17.392646+00:00,2,33254,88
2026-09-22T06:44:17.392646+00:00,3,33454,88
2026-09-22T06:44:22.465557+00:00,0,33512,86
2026-09-22T06:44:22.465557+00:00,1,33246,82
2026-09-22T06:44:22.465557+00:00,2,33254,86
2026-09-22T06:44:22.465557+00:00,3,33454,0
2026-09-22T06:44:27.536421+00:00,0,33512,89
2026-09-22T06:44:27.536421+00:00,1,33248,0
2026-09-22T06:44:27.536421+00:00,2,33254,86
2026-09-22T06:44:27.536421+00:00,3,33454,0
2026-09-22T06:44:32.605509+00:00,0,33512,0
2026-09-22T06:44:32.605509+00:00,1,33248,0
2026-09-22T06:44:32.605509+00:00,2,33254,86
2026-09-22T06:44:32.605509+00:00,3,33454,0
2026-09-22T06:44:37.665049+00:00,0,7786,94
2026-09-22T06:44:37.665049+00:00,1,7106,95
2026-09-22T06:44:37.665049+00:00,2,7786,96
2026-09-22T06:44:37.665049+00:00,3,7786,95
2026-09-22T06:44:42.721471+00:00,0,8292,99
2026-09-22T06:44:42.721471+00:00,1,7592,97
2026-09-22T06:44:42.721471+00:00,2,8272,97
2026-09-22T06:44:42.721471+00:00,3,8292,98
2026-09-22T06:44:47.786793+00:00,0,8856,96
2026-09-22T06:44:47.786793+00:00,1,8236,99
2026-09-22T06:44:47.786793+00:00,2,8896,99
2026-09-22T06:44:47.786793+00:00,3,8876,97
2026-09-22T06:44:52.854409+00:00,0,9300,99
2026-09-22T06:44:52.854409+00:00,1,8660,97
2026-09-22T06:44:52.854409+00:00,2,9260,96
2026-09-22T06:44:52.854409+00:00,3,9260,99
2026-09-22T06:44:57.921198+00:00,0,9744,99
2026-09-22T06:44:57.921198+00:00,1,9184,99
2026-09-22T06:44:57.921198+00:00,2,9744,97
2026-09-22T06:44:57.921198+00:00,3,9764,99
2026-09-22T06:45:02.996563+00:00,0,10028,99
2026-09-22T06:45:02.996563+00:00,1,9428,99
2026-09-22T06:45:02.996563+00:00,2,10028,99
2026-09-22T06:45:02.996563+00:00,3,10048,99
2026-09-22T06:45:08.067766+00:00,0,10032,99
2026-09-22T06:45:08.067766+00:00,1,9452,99
2026-09-22T06:45:08.067766+00:00,2,10052,99
2026-09-22T06:45:08.067766+00:00,3,10052,99
2026-09-22T06:45:13.134360+00:00,0,10036,99
2026-09-22T06:45:13.134360+00:00,1,9456,99
2026-09-22T06:45:13.134360+00:00,2,10056,99
2026-09-22T06:45:13.134360+00:00,3,10056,99
2026-09-22T06:45:18.200466+00:00,0,10040,99
2026-09-22T06:45:18.200466+00:00,1,9460,99
2026-09-22T06:45:18.200466+00:00,2,10060,99
2026-09-22T06:45:18.200466+00:00,3,10060,99
2026-09-22T06:45:23.265535+00:00,0,10046,99
2026-09-22T06:45:23.265535+00:00,1,9466,96
2026-09-22T06:45:23.265535+00:00,2,10066,99
2026-09-22T06:45:23.265535+00:00,3,10066,99
2026-09-22T06:45:28.333516+00:00,0,10050,98
2026-09-22T06:45:28.333516+00:00,1,9470,97
2026-09-22T06:45:28.333516+00:00,2,10070,97
2026-09-22T06:45:28.333516+00:00,3,10070,99
2026-09-22T06:45:33.402423+00:00,0,18870,95
2026-09-22T06:45:33.402423+00:00,1,19210,94
2026-09-22T06:45:33.402423+00:00,2,19190,97
2026-09-22T06:45:33.402423+00:00,3,19190,97
2026-09-22T06:45:38.462699+00:00,0,19138,98
2026-09-22T06:45:38.462699+00:00,1,19278,99
2026-09-22T06:45:38.462699+00:00,2,19238,97
2026-09-22T06:45:38.462699+00:00,3,19258,97
2026-09-22T06:45:43.523531+00:00,0,19720,99
2026-09-22T06:45:43.523531+00:00,1,20140,99
2026-09-22T06:45:43.523531+00:00,2,19660,98
2026-09-22T06:45:43.523531+00:00,3,19800,99
2026-09-22T06:45:48.595275+00:00,0,21242,99
2026-09-22T06:45:48.595275+00:00,1,21202,98
2026-09-22T06:45:48.595275+00:00,2,21322,98
2026-09-22T06:45:48.595275+00:00,3,21122,98
2026-09-22T06:45:53.661158+00:00,0,21464,99
2026-09-22T06:45:53.661158+00:00,1,21424,98
2026-09-22T06:45:53.661158+00:00,2,21384,96
2026-09-22T06:45:53.661158+00:00,3,21604,98
2026-09-22T06:45:58.734548+00:00,0,21466,95
2026-09-22T06:45:58.734548+00:00,1,21426,95
2026-09-22T06:45:58.734548+00:00,2,21386,94
2026-09-22T06:45:58.734548+00:00,3,21606,99
2026-09-22T06:46:03.798872+00:00,0,21474,93
2026-09-22T06:46:03.798872+00:00,1,21434,89
2026-09-22T06:46:03.798872+00:00,2,21394,94
2026-09-22T06:46:03.798872+00:00,3,21614,94
2026-09-22T06:46:08.868831+00:00,0,21474,89
2026-09-22T06:46:08.868831+00:00,1,21434,97
2026-09-22T06:46:08.868831+00:00,2,21394,95
2026-09-22T06:46:08.868831+00:00,3,21614,82
2026-09-22T06:46:13.945605+00:00,0,21474,93
2026-09-22T06:46:13.945605+00:00,1,21434,94
2026-09-22T06:46:13.945605+00:00,2,21394,97
2026-09-22T06:46:13.945605+00:00,3,21614,95
2026-09-22T06:46:19.018058+00:00,0,25754,0
2026-09-22T06:46:19.018058+00:00,1,25754,0
2026-09-22T06:46:19.018058+00:00,2,25734,0
2026-09-22T06:46:19.018058+00:00,3,25794,0
2026-09-22T06:46:24.088579+00:00,0,25854,100
2026-09-22T06:46:24.088579+00:00,1,25814,99
2026-09-22T06:46:24.088579+00:00,2,25834,99
2026-09-22T06:46:24.088579+00:00,3,25794,99
2026-09-22T06:46:29.178878+00:00,0,25854,99
2026-09-22T06:46:29.178878+00:00,1,25834,99
2026-09-22T06:46:29.178878+00:00,2,25834,100
2026-09-22T06:46:29.178878+00:00,3,25794,99
2026-09-22T06:46:34.253202+00:00,0,25854,98
2026-09-22T06:46:34.253202+00:00,1,25834,100
2026-09-22T06:46:34.253202+00:00,2,25834,99
2026-09-22T06:46:34.253202+00:00,3,25794,98
2026-09-22T06:46:39.335450+00:00,0,25854,99
2026-09-22T06:46:39.335450+00:00,1,25834,99
2026-09-22T06:46:39.335450+00:00,2,25834,99
2026-09-22T06:46:39.335450+00:00,3,25794,99
2026-09-22T06:46:44.409913+00:00,0,25854,99
2026-09-22T06:46:44.409913+00:00,1,25834,89
2026-09-22T06:46:44.409913+00:00,2,25834,99
2026-09-22T06:46:44.409913+00:00,3,25794,100
2026-09-22T06:46:49.481413+00:00,0,25854,98
2026-09-22T06:46:49.481413+00:00,1,25834,94
2026-09-22T06:46:49.481413+00:00,2,25834,99
2026-09-22T06:46:49.481413+00:00,3,25794,93
2026-09-22T06:46:54.551195+00:00,0,25854,92
2026-09-22T06:46:54.551195+00:00,1,25834,92
2026-09-22T06:46:54.551195+00:00,2,25834,94
2026-09-22T06:46:54.551195+00:00,3,25794,92
2026-09-22T06:46:59.614619+00:00,0,25854,95
2026-09-22T06:46:59.614619+00:00,1,25834,95
2026-09-22T06:46:59.614619+00:00,2,25834,100
2026-09-22T06:46:59.614619+00:00,3,25794,93
2026-09-22T06:47:04.682943+00:00,0,25854,88
2026-09-22T06:47:04.682943+00:00,1,25834,93
2026-09-22T06:47:04.682943+00:00,2,25834,92
2026-09-22T06:47:04.682943+00:00,3,25794,92
2026-09-22T06:47:09.750270+00:00,0,25854,89
2026-09-22T06:47:09.750270+00:00,1,25834,99
2026-09-22T06:47:09.750270+00:00,2,25834,100
2026-09-22T06:47:09.750270+00:00,3,25794,97
2026-09-22T06:47:14.822205+00:00,0,25854,99
2026-09-22T06:47:14.822205+00:00,1,25834,99
2026-09-22T06:47:14.822205+00:00,2,25874,100
2026-09-22T06:47:14.822205+00:00,3,25794,99
2026-09-22T06:47:19.895057+00:00,0,25854,98
2026-09-22T06:47:19.895057+00:00,1,25834,98
2026-09-22T06:47:19.895057+00:00,2,25874,98
2026-09-22T06:47:19.895057+00:00,3,25794,99
2026-09-22T06:47:24.961316+00:00,0,25854,99
2026-09-22T06:47:24.961316+00:00,1,25834,99
2026-09-22T06:47:24.961316+00:00,2,25874,100
2026-09-22T06:47:24.961316+00:00,3,25814,99
2026-09-22T06:47:30.033000+00:00,0,25854,99
2026-09-22T06:47:30.033000+00:00,1,25834,99
2026-09-22T06:47:30.033000+00:00,2,25874,100
2026-09-22T06:47:30.033000+00:00,3,25854,100
2026-09-22T06:47:35.107958+00:00,0,25854,98
2026-09-22T06:47:35.107958+00:00,1,25834,98
2026-09-22T06:47:35.107958+00:00,2,25874,97
2026-09-22T06:47:35.107958+00:00,3,25854,99
2026-09-22T06:47:40.183755+00:00,0,25854,99
2026-09-22T06:47:40.183755+00:00,1,25834,99
2026-09-22T06:47:40.183755+00:00,2,25874,99
2026-09-22T06:47:40.183755+00:00,3,25854,99
2026-09-22T06:47:45.258270+00:00,0,25854,93
2026-09-22T06:47:45.258270+00:00,1,25834,92
2026-09-22T06:47:45.258270+00:00,2,25874,93
2026-09-22T06:47:45.258270+00:00,3,25854,93
2026-09-22T06:47:50.332519+00:00,0,25854,98
2026-09-22T06:47:50.332519+00:00,1,25834,97
2026-09-22T06:47:50.332519+00:00,2,25874,86
2026-09-22T06:47:50.332519+00:00,3,25854,100
2026-09-22T06:47:55.402944+00:00,0,25854,94
2026-09-22T06:47:55.402944+00:00,1,25834,95
2026-09-22T06:47:55.402944+00:00,2,25874,94
2026-09-22T06:47:55.402944+00:00,3,25854,94
2026-09-22T06:48:00.473753+00:00,0,25854,94
2026-09-22T06:48:00.473753+00:00,1,25834,96
2026-09-22T06:48:00.473753+00:00,2,25874,95
2026-09-22T06:48:00.473753+00:00,3,25854,93
2026-09-22T06:48:05.544444+00:00,0,25854,90
2026-09-22T06:48:05.544444+00:00,1,25834,90
2026-09-22T06:48:05.544444+00:00,2,25874,87
2026-09-22T06:48:05.544444+00:00,3,25854,95
2026-09-22T06:48:10.620060+00:00,0,25854,94
2026-09-22T06:48:10.620060+00:00,1,25834,95
2026-09-22T06:48:10.620060+00:00,2,25874,96
2026-09-22T06:48:10.620060+00:00,3,25854,96
2026-09-22T06:48:15.692239+00:00,0,25854,99
2026-09-22T06:48:15.692239+00:00,1,25834,98
2026-09-22T06:48:15.692239+00:00,2,25874,95
2026-09-22T06:48:15.692239+00:00,3,25854,95
2026-09-22T06:48:20.760171+00:00,0,25854,98
2026-09-22T06:48:20.760171+00:00,1,25834,94
2026-09-22T06:48:20.760171+00:00,2,25874,95
2026-09-22T06:48:20.760171+00:00,3,25854,94
2026-09-22T06:48:25.831842+00:00,0,1596,0
2026-09-22T06:48:25.831842+00:00,1,1596,1
2026-09-22T06:48:25.831842+00:00,2,1576,0
2026-09-22T06:48:25.831842+00:00,3,1596,3
2026-09-22T06:48:30.890925+00:00,0,10096,7
2026-09-22T06:48:30.890925+00:00,1,10096,7
2026-09-22T06:48:30.890925+00:00,2,10076,7
2026-09-22T06:48:30.890925+00:00,3,10096,7
2026-09-22T06:48:35.948714+00:00,0,11426,100
2026-09-22T06:48:35.948714+00:00,1,11058,5
2026-09-22T06:48:35.948714+00:00,2,11406,100
2026-09-22T06:48:35.948714+00:00,3,11426,100
2026-09-22T06:48:41.008299+00:00,0,11426,34
2026-09-22T06:48:41.008299+00:00,1,11406,17
2026-09-22T06:48:41.008299+00:00,2,11406,16
2026-09-22T06:48:41.008299+00:00,3,11426,40
2026-09-22T06:48:46.065792+00:00,0,32206,26
2026-09-22T06:48:46.065792+00:00,1,32328,24
2026-09-22T06:48:46.065792+00:00,2,32196,33
2026-09-22T06:48:46.065792+00:00,3,32402,41
2026-09-22T06:48:51.121175+00:00,0,32758,65
2026-09-22T06:48:51.121175+00:00,1,32986,68
2026-09-22T06:48:51.121175+00:00,2,32764,65
2026-09-22T06:48:51.121175+00:00,3,33234,62
2026-09-22T06:48:56.187608+00:00,0,32758,70
2026-09-22T06:48:56.187608+00:00,1,32986,73
2026-09-22T06:48:56.187608+00:00,2,32764,64
2026-09-22T06:48:56.187608+00:00,3,33234,69
2026-09-22T06:49:01.255329+00:00,0,32758,76
2026-09-22T06:49:01.255329+00:00,1,32986,71
2026-09-22T06:49:01.255329+00:00,2,32764,68
2026-09-22T06:49:01.255329+00:00,3,33234,75
2026-09-22T06:49:06.320489+00:00,0,32758,74
2026-09-22T06:49:06.320489+00:00,1,32986,76
2026-09-22T06:49:06.320489+00:00,2,32764,67
2026-09-22T06:49:06.320489+00:00,3,33234,74
2026-09-22T06:49:11.399204+00:00,0,32758,78
2026-09-22T06:49:11.399204+00:00,1,32986,69
2026-09-22T06:49:11.399204+00:00,2,32764,69
2026-09-22T06:49:11.399204+00:00,3,33234,70
2026-09-22T06:49:16.496502+00:00,0,32758,79
2026-09-22T06:49:16.496502+00:00,1,32986,69
2026-09-22T06:49:16.496502+00:00,2,32764,77
2026-09-22T06:49:16.496502+00:00,3,33234,73
2026-09-22T06:49:21.558927+00:00,0,32758,76
2026-09-22T06:49:21.558927+00:00,1,32986,75
2026-09-22T06:49:21.558927+00:00,2,32764,73
2026-09-22T06:49:21.558927+00:00,3,33234,73
2026-09-22T06:49:26.633360+00:00,0,32758,79
2026-09-22T06:49:26.633360+00:00,1,32986,76
2026-09-22T06:49:26.633360+00:00,2,32764,76
2026-09-22T06:49:26.633360+00:00,3,33234,74
2026-09-22T06:49:31.701440+00:00,0,32758,74
2026-09-22T06:49:31.701440+00:00,1,32986,71
2026-09-22T06:49:31.701440+00:00,2,32764,68
2026-09-22T06:49:31.701440+00:00,3,33234,75
2026-09-22T06:49:36.789456+00:00,0,32758,72
2026-09-22T06:49:36.789456+00:00,1,32986,77
2026-09-22T06:49:36.789456+00:00,2,32764,74
2026-09-22T06:49:36.789456+00:00,3,33234,78
2026-09-22T06:49:41.884285+00:00,0,32758,72
2026-09-22T06:49:41.884285+00:00,1,32986,83
2026-09-22T06:49:41.884285+00:00,2,32764,76
2026-09-22T06:49:41.884285+00:00,3,33234,77
2026-09-22T06:49:46.960314+00:00,0,32758,78
2026-09-22T06:49:46.960314+00:00,1,32986,73
2026-09-22T06:49:46.960314+00:00,2,32764,83
2026-09-22T06:49:46.960314+00:00,3,33234,82
2026-09-22T06:49:52.031332+00:00,0,32758,80
2026-09-22T06:49:52.031332+00:00,1,32986,78
2026-09-22T06:49:52.031332+00:00,2,32764,78
2026-09-22T06:49:52.031332+00:00,3,33234,80
2026-09-22T06:49:57.098389+00:00,0,32758,83
2026-09-22T06:49:57.098389+00:00,1,32986,83
2026-09-22T06:49:57.098389+00:00,2,32764,78
2026-09-22T06:49:57.098389+00:00,3,33234,87
2026-09-22T06:50:02.164097+00:00,0,32758,77
2026-09-22T06:50:02.164097+00:00,1,32986,77
2026-09-22T06:50:02.164097+00:00,2,32764,82
2026-09-22T06:50:02.164097+00:00,3,33234,76
2026-09-22T06:50:07.230857+00:00,0,32758,81
2026-09-22T06:50:07.230857+00:00,1,32986,76
2026-09-22T06:50:07.230857+00:00,2,32764,84
2026-09-22T06:50:07.230857+00:00,3,33234,84
2026-09-22T06:50:12.302410+00:00,0,32758,76
2026-09-22T06:50:12.302410+00:00,1,32986,81
2026-09-22T06:50:12.302410+00:00,2,32764,79
2026-09-22T06:50:12.302410+00:00,3,33234,81
2026-09-22T06:50:17.372609+00:00,0,32758,79
2026-09-22T06:50:17.372609+00:00,1,32986,83
2026-09-22T06:50:17.372609+00:00,2,32764,81
2026-09-22T06:50:17.372609+00:00,3,33234,81
2026-09-22T06:50:22.441075+00:00,0,32758,83
2026-09-22T06:50:22.441075+00:00,1,32986,81
2026-09-22T06:50:22.441075+00:00,2,32764,84
2026-09-22T06:50:22.441075+00:00,3,33234,84
2026-09-22T06:50:27.516143+00:00,0,32758,81
2026-09-22T06:50:27.516143+00:00,1,32986,85
2026-09-22T06:50:27.516143+00:00,2,32764,83
2026-09-22T06:50:27.516143+00:00,3,33234,83
2026-09-22T06:50:32.583915+00:00,0,32758,85
2026-09-22T06:50:32.583915+00:00,1,32986,83
2026-09-22T06:50:32.583915+00:00,2,32764,92
2026-09-22T06:50:32.583915+00:00,3,33234,88
2026-09-22T06:50:37.651803+00:00,0,32758,81
2026-09-22T06:50:37.651803+00:00,1,32986,83
2026-09-22T06:50:37.651803+00:00,2,32764,78
2026-09-22T06:50:37.651803+00:00,3,33234,84
2026-09-22T06:50:42.713344+00:00,0,32758,84
2026-09-22T06:50:42.713344+00:00,1,32986,80
2026-09-22T06:50:42.713344+00:00,2,32764,81
2026-09-22T06:50:42.713344+00:00,3,33234,76
2026-09-22T06:50:47.802597+00:00,0,32758,87
2026-09-22T06:50:47.802597+00:00,1,32986,84
2026-09-22T06:50:47.802597+00:00,2,32764,88
2026-09-22T06:50:47.802597+00:00,3,33234,81
2026-09-22T06:50:52.875524+00:00,0,32758,84
2026-09-22T06:50:52.875524+00:00,1,32986,82
2026-09-22T06:50:52.875524+00:00,2,32764,82
2026-09-22T06:50:52.875524+00:00,3,33234,84
2026-09-22T06:50:57.947636+00:00,0,32758,81
2026-09-22T06:50:57.947636+00:00,1,32986,87
2026-09-22T06:50:57.947636+00:00,2,32764,82
2026-09-22T06:50:57.947636+00:00,3,33234,87
2026-09-22T06:51:03.022336+00:00,0,32758,91
2026-09-22T06:51:03.022336+00:00,1,32986,89
2026-09-22T06:51:03.022336+00:00,2,32764,87
2026-09-22T06:51:03.022336+00:00,3,33234,88
2026-09-22T06:51:08.096914+00:00,0,32758,82
2026-09-22T06:51:08.096914+00:00,1,32986,83
2026-09-22T06:51:08.096914+00:00,2,32764,87
2026-09-22T06:51:08.096914+00:00,3,33234,88
2026-09-22T06:51:13.166523+00:00,0,32758,87
2026-09-22T06:51:13.166523+00:00,1,32986,84
2026-09-22T06:51:13.166523+00:00,2,32764,84
2026-09-22T06:51:13.166523+00:00,3,33234,86
2026-09-22T06:51:18.236386+00:00,0,32758,80
2026-09-22T06:51:18.236386+00:00,1,32986,89
2026-09-22T06:51:18.236386+00:00,2,32764,85
2026-09-22T06:51:18.236386+00:00,3,33234,86
2026-09-22T06:51:23.312067+00:00,0,32758,85
2026-09-22T06:51:23.312067+00:00,1,32986,85
2026-09-22T06:51:23.312067+00:00,2,32764,85
2026-09-22T06:51:23.312067+00:00,3,33234,89
2026-09-22T06:51:28.405627+00:00,0,32758,84
2026-09-22T06:51:28.405627+00:00,1,32986,85
2026-09-22T06:51:28.405627+00:00,2,32764,79
2026-09-22T06:51:28.405627+00:00,3,33234,86
2026-09-22T06:51:33.475164+00:00,0,32758,90
2026-09-22T06:51:33.475164+00:00,1,32986,83
2026-09-22T06:51:33.475164+00:00,2,32764,82
2026-09-22T06:51:33.475164+00:00,3,33234,85
2026-09-22T06:51:38.561918+00:00,0,32758,84
2026-09-22T06:51:38.561918+00:00,1,32986,83
2026-09-22T06:51:38.561918+00:00,2,32764,84
2026-09-22T06:51:38.561918+00:00,3,33234,79
2026-09-22T06:51:43.639382+00:00,0,32758,82
2026-09-22T06:51:43.639382+00:00,1,32986,84
2026-09-22T06:51:43.639382+00:00,2,32764,86
2026-09-22T06:51:43.639382+00:00,3,33234,89
2026-09-22T06:51:48.709273+00:00,0,32758,88
2026-09-22T06:51:48.709273+00:00,1,32986,88
2026-09-22T06:51:48.709273+00:00,2,32764,84
2026-09-22T06:51:48.709273+00:00,3,33234,86
2026-09-22T06:51:53.782232+00:00,0,32758,87
2026-09-22T06:51:53.782232+00:00,1,32986,85
2026-09-22T06:51:53.782232+00:00,2,32764,86
2026-09-22T06:51:53.782232+00:00,3,33234,86
2026-09-22T06:51:58.862231+00:00,0,32758,90
2026-09-22T06:51:58.862231+00:00,1,32986,87
2026-09-22T06:51:58.862231+00:00,2,32764,86
2026-09-22T06:51:58.862231+00:00,3,33234,91
2026-09-22T06:52:03.934389+00:00,0,32758,85
2026-09-22T06:52:03.934389+00:00,1,32986,85
2026-09-22T06:52:03.934389+00:00,2,32764,88
2026-09-22T06:52:03.934389+00:00,3,33234,81
2026-09-22T06:52:09.006566+00:00,0,32758,89
2026-09-22T06:52:09.006566+00:00,1,32986,87
2026-09-22T06:52:09.006566+00:00,2,32764,88
2026-09-22T06:52:09.006566+00:00,3,33234,83
2026-09-22T06:52:14.079571+00:00,0,32758,85
2026-09-22T06:52:14.079571+00:00,1,32986,84
2026-09-22T06:52:14.079571+00:00,2,32764,89
2026-09-22T06:52:14.079571+00:00,3,33234,87
2026-09-22T06:52:19.151100+00:00,0,32758,88
2026-09-22T06:52:19.151100+00:00,1,32986,86
2026-09-22T06:52:19.151100+00:00,2,32764,87
2026-09-22T06:52:19.151100+00:00,3,33234,90
2026-09-22T06:52:24.223538+00:00,0,32758,88
2026-09-22T06:52:24.223538+00:00,1,32986,89
2026-09-22T06:52:24.223538+00:00,2,32764,87
2026-09-22T06:52:24.223538+00:00,3,33234,85
2026-09-22T06:52:29.302509+00:00,0,32758,87
2026-09-22T06:52:29.302509+00:00,1,32986,84
2026-09-22T06:52:29.302509+00:00,2,32764,89
2026-09-22T06:52:29.302509+00:00,3,33234,86
2026-09-22T06:52:34.377522+00:00,0,32758,68
2026-09-22T06:52:34.377522+00:00,1,32986,87
2026-09-22T06:52:34.377522+00:00,2,32764,74
2026-09-22T06:52:34.377522+00:00,3,33234,83
2026-09-22T06:52:39.455104+00:00,0,32758,87
2026-09-22T06:52:39.455104+00:00,1,32986,86
2026-09-22T06:52:39.455104+00:00,2,32764,81
2026-09-22T06:52:39.455104+00:00,3,33234,85
2026-09-22T06:52:44.525688+00:00,0,32758,88
2026-09-22T06:52:44.525688+00:00,1,32986,90
2026-09-22T06:52:44.525688+00:00,2,32764,84
2026-09-22T06:52:44.525688+00:00,3,33234,88
2026-09-22T06:52:49.602429+00:00,0,32758,89
2026-09-22T06:52:49.602429+00:00,1,32986,88
2026-09-22T06:52:49.602429+00:00,2,32764,83
2026-09-22T06:52:49.602429+00:00,3,33234,86
2026-09-22T06:52:54.668640+00:00,0,32758,87
2026-09-22T06:52:54.668640+00:00,1,32986,87
2026-09-22T06:52:54.668640+00:00,2,32764,0
2026-09-22T06:52:54.668640+00:00,3,33234,81
2026-09-22T06:52:59.738939+00:00,0,32758,0
2026-09-22T06:52:59.738939+00:00,1,32986,86
2026-09-22T06:52:59.738939+00:00,2,32764,0
2026-09-22T06:52:59.738939+00:00,3,33236,0
2026-09-22T06:53:04.815195+00:00,0,1576,0
2026-09-22T06:53:04.815195+00:00,1,1576,0
2026-09-22T06:53:04.815195+00:00,2,1556,0
2026-09-22T06:53:04.815195+00:00,3,1576,4
2026-09-22T06:53:09.872757+00:00,0,8230,94
2026-09-22T06:53:09.872757+00:00,1,7510,94
2026-09-22T06:53:09.872757+00:00,2,8190,93
2026-09-22T06:53:09.872757+00:00,3,8190,96
2026-09-22T06:53:14.936454+00:00,0,8674,99
2026-09-22T06:53:14.936454+00:00,1,8014,96
2026-09-22T06:53:14.936454+00:00,2,8654,99
2026-09-22T06:53:14.936454+00:00,3,8654,96
2026-09-22T06:53:19.997377+00:00,0,9018,99
2026-09-22T06:53:19.997377+00:00,1,8378,96
2026-09-22T06:53:19.997377+00:00,2,9018,98
2026-09-22T06:53:19.997377+00:00,3,9018,99
2026-09-22T06:53:25.066762+00:00,0,9324,99
2026-09-22T06:53:25.066762+00:00,1,8704,99
2026-09-22T06:53:25.066762+00:00,2,9364,99
2026-09-22T06:53:25.066762+00:00,3,9344,99
2026-09-22T06:53:30.135359+00:00,0,9648,99
2026-09-22T06:53:30.135359+00:00,1,9048,99
2026-09-22T06:53:30.135359+00:00,2,9628,99
2026-09-22T06:53:30.135359+00:00,3,9668,99
2026-09-22T06:53:35.207270+00:00,0,9692,99
2026-09-22T06:53:35.207270+00:00,1,9112,99
2026-09-22T06:53:35.207270+00:00,2,9732,99
2026-09-22T06:53:35.207270+00:00,3,9732,99
2026-09-22T06:53:40.278966+00:00,0,9696,99
2026-09-22T06:53:40.278966+00:00,1,9116,99
2026-09-22T06:53:40.278966+00:00,2,9736,99
2026-09-22T06:53:40.278966+00:00,3,9736,99
2026-09-22T06:53:45.345048+00:00,0,9700,99
2026-09-22T06:53:45.345048+00:00,1,9120,99
2026-09-22T06:53:45.345048+00:00,2,9740,99
2026-09-22T06:53:45.345048+00:00,3,9740,99
2026-09-22T06:53:50.411534+00:00,0,9706,99
2026-09-22T06:53:50.411534+00:00,1,9126,99
2026-09-22T06:53:50.411534+00:00,2,9746,99
2026-09-22T06:53:50.411534+00:00,3,9746,99
2026-09-22T06:53:55.480894+00:00,0,9710,98
2026-09-22T06:53:55.480894+00:00,1,9130,98
2026-09-22T06:53:55.480894+00:00,2,9750,99
2026-09-22T06:53:55.480894+00:00,3,9750,98
2026-09-22T06:54:00.551071+00:00,0,17636,97
2026-09-22T06:54:00.551071+00:00,1,17696,97
2026-09-22T06:54:00.551071+00:00,2,17696,97
2026-09-22T06:54:00.551071+00:00,3,17636,99
2026-09-22T06:54:05.618186+00:00,0,19218,94
2026-09-22T06:54:05.618186+00:00,1,19018,99
2026-09-22T06:54:05.618186+00:00,2,19038,95
2026-09-22T06:54:05.618186+00:00,3,18998,93
2026-09-22T06:54:10.682087+00:00,0,20522,94
2026-09-22T06:54:10.682087+00:00,1,20440,99
2026-09-22T06:54:10.682087+00:00,2,20382,94
2026-09-22T06:54:10.682087+00:00,3,20482,89
2026-09-22T06:54:15.747964+00:00,0,20524,99
2026-09-22T06:54:15.747964+00:00,1,20444,97
2026-09-22T06:54:15.747964+00:00,2,20384,99
2026-09-22T06:54:15.747964+00:00,3,20484,97
2026-09-22T06:54:20.823257+00:00,0,20526,99
2026-09-22T06:54:20.823257+00:00,1,20446,96
2026-09-22T06:54:20.823257+00:00,2,20386,97
2026-09-22T06:54:20.823257+00:00,3,20486,97
2026-09-22T06:54:25.886057+00:00,0,20534,96
2026-09-22T06:54:25.886057+00:00,1,20454,100
2026-09-22T06:54:25.886057+00:00,2,20394,93
2026-09-22T06:54:25.886057+00:00,3,20494,99
2026-09-22T06:54:30.950898+00:00,0,20534,99
2026-09-22T06:54:30.950898+00:00,1,20454,97
2026-09-22T06:54:30.950898+00:00,2,20394,94
2026-09-22T06:54:30.950898+00:00,3,20494,95
2026-09-22T06:54:36.022153+00:00,0,20534,98
2026-09-22T06:54:36.022153+00:00,1,20454,98
2026-09-22T06:54:36.022153+00:00,2,20394,98
2026-09-22T06:54:36.022153+00:00,3,20494,99
2026-09-22T06:54:41.096983+00:00,0,25754,100
2026-09-22T06:54:41.096983+00:00,1,25754,99
2026-09-22T06:54:41.096983+00:00,2,25734,99
2026-09-22T06:54:41.096983+00:00,3,25694,99
2026-09-22T06:54:46.168847+00:00,0,25814,93
2026-09-22T06:54:46.168847+00:00,1,25774,99
2026-09-22T06:54:46.168847+00:00,2,25794,87
2026-09-22T06:54:46.168847+00:00,3,25754,89
2026-09-22T06:54:51.242971+00:00,0,25814,99
2026-09-22T06:54:51.242971+00:00,1,25774,98
2026-09-22T06:54:51.242971+00:00,2,25794,99
2026-09-22T06:54:51.242971+00:00,3,25814,99
2026-09-22T06:54:56.310331+00:00,0,25814,100
2026-09-22T06:54:56.310331+00:00,1,25794,99
2026-09-22T06:54:56.310331+00:00,2,25794,99
2026-09-22T06:54:56.310331+00:00,3,25814,99
2026-09-22T06:55:01.378056+00:00,0,25814,99
2026-09-22T06:55:01.378056+00:00,1,25794,99
2026-09-22T06:55:01.378056+00:00,2,25794,98
2026-09-22T06:55:01.378056+00:00,3,25814,99
2026-09-22T06:55:06.445962+00:00,0,25814,100
2026-09-22T06:55:06.445962+00:00,1,25794,98
2026-09-22T06:55:06.445962+00:00,2,25794,99
2026-09-22T06:55:06.445962+00:00,3,25814,99
2026-09-22T06:55:11.515846+00:00,0,25814,99
2026-09-22T06:55:11.515846+00:00,1,25794,94
2026-09-22T06:55:11.515846+00:00,2,25794,94
2026-09-22T06:55:11.515846+00:00,3,25814,91
2026-09-22T06:55:16.580930+00:00,0,25814,99
2026-09-22T06:55:16.580930+00:00,1,25794,92
2026-09-22T06:55:16.580930+00:00,2,25794,99
2026-09-22T06:55:16.580930+00:00,3,25814,92
2026-09-22T06:55:21.647056+00:00,0,25814,99
2026-09-22T06:55:21.647056+00:00,1,25794,96
2026-09-22T06:55:21.647056+00:00,2,25794,94
2026-09-22T06:55:21.647056+00:00,3,25814,94
2026-09-22T06:55:26.706656+00:00,0,25814,92
2026-09-22T06:55:26.706656+00:00,1,25794,90
2026-09-22T06:55:26.706656+00:00,2,25794,99
2026-09-22T06:55:26.706656+00:00,3,25814,100
2026-09-22T06:55:31.779418+00:00,0,25814,100
2026-09-22T06:55:31.779418+00:00,1,25794,99
2026-09-22T06:55:31.779418+00:00,2,25794,99
2026-09-22T06:55:31.779418+00:00,3,25814,99
2026-09-22T06:55:36.851442+00:00,0,25814,98
2026-09-22T06:55:36.851442+00:00,1,25794,99
2026-09-22T06:55:36.851442+00:00,2,25794,98
2026-09-22T06:55:36.851442+00:00,3,25814,99
2026-09-22T06:55:41.929613+00:00,0,25814,99
2026-09-22T06:55:41.929613+00:00,1,25794,99
2026-09-22T06:55:41.929613+00:00,2,25794,99
2026-09-22T06:55:41.929613+00:00,3,25814,99
2026-09-22T06:55:46.998611+00:00,0,25814,99
2026-09-22T06:55:46.998611+00:00,1,25794,99
2026-09-22T06:55:46.998611+00:00,2,25814,99
2026-09-22T06:55:46.998611+00:00,3,25814,100
2026-09-22T06:55:52.082020+00:00,0,25814,98
2026-09-22T06:55:52.082020+00:00,1,25794,99
2026-09-22T06:55:52.082020+00:00,2,25814,99
2026-09-22T06:55:52.082020+00:00,3,25814,98
2026-09-22T06:55:57.176572+00:00,0,25814,100
2026-09-22T06:55:57.176572+00:00,1,25794,99
2026-09-22T06:55:57.176572+00:00,2,25814,99
2026-09-22T06:55:57.176572+00:00,3,25814,99
2026-09-22T06:56:02.249492+00:00,0,25814,96
2026-09-22T06:56:02.249492+00:00,1,25794,94
2026-09-22T06:56:02.249492+00:00,2,25814,99
2026-09-22T06:56:02.249492+00:00,3,25814,96
2026-09-22T06:56:07.318423+00:00,0,25814,92
2026-09-22T06:56:07.318423+00:00,1,25794,92
2026-09-22T06:56:07.318423+00:00,2,25814,91
2026-09-22T06:56:07.318423+00:00,3,25814,97
2026-09-22T06:56:12.389008+00:00,0,25814,100
2026-09-22T06:56:12.389008+00:00,1,25794,96
2026-09-22T06:56:12.389008+00:00,2,25814,95
2026-09-22T06:56:12.389008+00:00,3,25814,95
2026-09-22T06:56:17.457933+00:00,0,25814,93
2026-09-22T06:56:17.457933+00:00,1,25794,99
2026-09-22T06:56:17.457933+00:00,2,25814,94
2026-09-22T06:56:17.457933+00:00,3,25814,94
2026-09-22T06:56:22.528706+00:00,0,25814,93
2026-09-22T06:56:22.528706+00:00,1,25794,99
2026-09-22T06:56:22.528706+00:00,2,25814,95
2026-09-22T06:56:22.528706+00:00,3,25814,99
2026-09-22T06:56:27.602840+00:00,0,25814,97
2026-09-22T06:56:27.602840+00:00,1,25794,97
2026-09-22T06:56:27.602840+00:00,2,25814,85
2026-09-22T06:56:27.602840+00:00,3,25814,95
2026-09-22T06:56:32.677320+00:00,0,25814,98
2026-09-22T06:56:32.677320+00:00,1,25794,99
2026-09-22T06:56:32.677320+00:00,2,25814,97
2026-09-22T06:56:32.677320+00:00,3,25814,100
2026-09-22T06:56:37.747761+00:00,0,25814,97
2026-09-22T06:56:37.747761+00:00,1,25794,98
2026-09-22T06:56:37.747761+00:00,2,25814,99
2026-09-22T06:56:37.747761+00:00,3,25814,97
2026-09-22T06:56:42.820194+00:00,0,10096,41
2026-09-22T06:56:42.820194+00:00,1,10096,36
2026-09-22T06:56:42.820194+00:00,2,10076,11
2026-09-22T06:56:42.820194+00:00,3,10096,39
2026-09-22T06:56:47.871955+00:00,0,10792,8
2026-09-22T06:56:47.871955+00:00,1,10688,8
2026-09-22T06:56:47.871955+00:00,2,10710,8
2026-09-22T06:56:47.871955+00:00,3,10832,8
2026-09-22T06:56:52.932835+00:00,0,11426,16
2026-09-22T06:56:52.932835+00:00,1,11406,15
2026-09-22T06:56:52.932835+00:00,2,11406,34
2026-09-22T06:56:52.932835+00:00,3,11426,40
2026-09-22T06:56:57.994632+00:00,0,5208,0
2026-09-22T06:56:57.994632+00:00,1,5208,8
2026-09-22T06:56:57.994632+00:00,2,5188,3
2026-09-22T06:56:57.994632+00:00,3,32088,0
2026-09-22T06:57:03.052755+00:00,0,33166,67
2026-09-22T06:57:03.052755+00:00,1,33368,64
2026-09-22T06:57:03.052755+00:00,2,33136,65
2026-09-22T06:57:03.052755+00:00,3,33160,61
2026-09-22T06:57:08.130527+00:00,0,33166,65
2026-09-22T06:57:08.130527+00:00,1,33368,64
2026-09-22T06:57:08.130527+00:00,2,33136,61
2026-09-22T06:57:08.130527+00:00,3,33160,65
2026-09-22T06:57:13.198493+00:00,0,33166,71
2026-09-22T06:57:13.198493+00:00,1,33368,70
2026-09-22T06:57:13.198493+00:00,2,33136,68
2026-09-22T06:57:13.198493+00:00,3,33160,67
2026-09-22T06:57:18.266024+00:00,0,33166,68
2026-09-22T06:57:18.266024+00:00,1,33368,72
2026-09-22T06:57:18.266024+00:00,2,33136,72
2026-09-22T06:57:18.266024+00:00,3,33160,65
2026-09-22T06:57:23.335828+00:00,0,33166,68
2026-09-22T06:57:23.335828+00:00,1,33368,62
2026-09-22T06:57:23.335828+00:00,2,33136,71
2026-09-22T06:57:23.335828+00:00,3,33160,74
2026-09-22T06:57:28.415928+00:00,0,33166,70
2026-09-22T06:57:28.415928+00:00,1,33368,71
2026-09-22T06:57:28.415928+00:00,2,33136,71
2026-09-22T06:57:28.415928+00:00,3,33160,72
2026-09-22T06:57:33.494329+00:00,0,33166,70
2026-09-22T06:57:33.494329+00:00,1,33368,72
2026-09-22T06:57:33.494329+00:00,2,33136,70
2026-09-22T06:57:33.494329+00:00,3,33160,73
2026-09-22T06:57:38.570596+00:00,0,33166,77
2026-09-22T06:57:38.570596+00:00,1,33368,81
2026-09-22T06:57:38.570596+00:00,2,33136,82
2026-09-22T06:57:38.570596+00:00,3,33160,72
2026-09-22T06:57:43.642753+00:00,0,33166,72
2026-09-22T06:57:43.642753+00:00,1,33368,78
2026-09-22T06:57:43.642753+00:00,2,33136,77
2026-09-22T06:57:43.642753+00:00,3,33160,71
2026-09-22T06:57:48.720436+00:00,0,33166,79
2026-09-22T06:57:48.720436+00:00,1,33368,73
2026-09-22T06:57:48.720436+00:00,2,33136,70
2026-09-22T06:57:48.720436+00:00,3,33160,69
2026-09-22T06:57:53.803282+00:00,0,33166,73
2026-09-22T06:57:53.803282+00:00,1,33368,71
2026-09-22T06:57:53.803282+00:00,2,33136,79
2026-09-22T06:57:53.803282+00:00,3,33160,68
2026-09-22T06:57:58.887351+00:00,0,33166,80
2026-09-22T06:57:58.887351+00:00,1,33368,75
2026-09-22T06:57:58.887351+00:00,2,33136,71
2026-09-22T06:57:58.887351+00:00,3,33160,73
2026-09-22T06:58:03.974802+00:00,0,33166,76
2026-09-22T06:58:03.974802+00:00,1,33368,74
2026-09-22T06:58:03.974802+00:00,2,33136,75
2026-09-22T06:58:03.974802+00:00,3,33160,70
2026-09-22T06:58:09.058546+00:00,0,33166,78
2026-09-22T06:58:09.058546+00:00,1,33368,77
2026-09-22T06:58:09.058546+00:00,2,33136,71
2026-09-22T06:58:09.058546+00:00,3,33160,70
2026-09-22T06:58:14.145285+00:00,0,33166,81
2026-09-22T06:58:14.145285+00:00,1,33368,76
2026-09-22T06:58:14.145285+00:00,2,33136,78
2026-09-22T06:58:14.145285+00:00,3,33160,79
2026-09-22T06:58:19.232162+00:00,0,33166,80
2026-09-22T06:58:19.232162+00:00,1,33368,80
2026-09-22T06:58:19.232162+00:00,2,33136,78
2026-09-22T06:58:19.232162+00:00,3,33160,79
2026-09-22T06:58:24.319894+00:00,0,33166,75
2026-09-22T06:58:24.319894+00:00,1,33368,73
2026-09-22T06:58:24.319894+00:00,2,33136,79
2026-09-22T06:58:24.319894+00:00,3,33160,79
2026-09-22T06:58:29.407591+00:00,0,33166,81
2026-09-22T06:58:29.407591+00:00,1,33368,81
2026-09-22T06:58:29.407591+00:00,2,33136,80
2026-09-22T06:58:29.407591+00:00,3,33160,79
2026-09-22T06:58:34.492380+00:00,0,33166,80
2026-09-22T06:58:34.492380+00:00,1,33368,76
2026-09-22T06:58:34.492380+00:00,2,33136,77
2026-09-22T06:58:34.492380+00:00,3,33160,78
2026-09-22T06:58:39.578721+00:00,0,33166,80
2026-09-22T06:58:39.578721+00:00,1,33368,80
2026-09-22T06:58:39.578721+00:00,2,33136,77
2026-09-22T06:58:39.578721+00:00,3,33160,83
2026-09-22T06:58:44.662566+00:00,0,33166,80
2026-09-22T06:58:44.662566+00:00,1,33368,81
2026-09-22T06:58:44.662566+00:00,2,33136,82
2026-09-22T06:58:44.662566+00:00,3,33160,76
2026-09-22T06:58:49.748037+00:00,0,33166,85
2026-09-22T06:58:49.748037+00:00,1,33368,80
2026-09-22T06:58:49.748037+00:00,2,33136,80
2026-09-22T06:58:49.748037+00:00,3,33160,81
2026-09-22T06:58:54.815115+00:00,0,33166,80
2026-09-22T06:58:54.815115+00:00,1,33368,76
2026-09-22T06:58:54.815115+00:00,2,33136,77
2026-09-22T06:58:54.815115+00:00,3,33160,77
2026-09-22T06:58:59.900235+00:00,0,33166,79
2026-09-22T06:58:59.900235+00:00,1,33368,76
2026-09-22T06:58:59.900235+00:00,2,33136,81
2026-09-22T06:58:59.900235+00:00,3,33160,76
2026-09-22T06:59:04.985329+00:00,0,33166,83
2026-09-22T06:59:04.985329+00:00,1,33368,82
2026-09-22T06:59:04.985329+00:00,2,33136,81
2026-09-22T06:59:04.985329+00:00,3,33160,82
2026-09-22T06:59:10.064359+00:00,0,33166,82
2026-09-22T06:59:10.064359+00:00,1,33368,83
2026-09-22T06:59:10.064359+00:00,2,33136,87
2026-09-22T06:59:10.064359+00:00,3,33160,86
2026-09-22T06:59:15.134370+00:00,0,33166,82
2026-09-22T06:59:15.134370+00:00,1,33368,85
2026-09-22T06:59:15.134370+00:00,2,33136,82
2026-09-22T06:59:15.134370+00:00,3,33160,85
2026-09-22T06:59:20.209023+00:00,0,33166,86
2026-09-22T06:59:20.209023+00:00,1,33368,83
2026-09-22T06:59:20.209023+00:00,2,33136,86
2026-09-22T06:59:20.209023+00:00,3,33160,88
2026-09-22T06:59:25.285301+00:00,0,33166,81
2026-09-22T06:59:25.285301+00:00,1,33368,84
2026-09-22T06:59:25.285301+00:00,2,33136,79
2026-09-22T06:59:25.285301+00:00,3,33160,84
2026-09-22T06:59:30.356526+00:00,0,33166,87
2026-09-22T06:59:30.356526+00:00,1,33368,82
2026-09-22T06:59:30.356526+00:00,2,33136,86
2026-09-22T06:59:30.356526+00:00,3,33160,88
2026-09-22T06:59:35.422990+00:00,0,33166,84
2026-09-22T06:59:35.422990+00:00,1,33368,84
2026-09-22T06:59:35.422990+00:00,2,33136,88
2026-09-22T06:59:35.422990+00:00,3,33160,80
2026-09-22T06:59:40.494867+00:00,0,33166,85
2026-09-22T06:59:40.494867+00:00,1,33368,85
2026-09-22T06:59:40.494867+00:00,2,33136,82
2026-09-22T06:59:40.494867+00:00,3,33160,82
2026-09-22T06:59:45.567471+00:00,0,33166,86
2026-09-22T06:59:45.567471+00:00,1,33368,82
2026-09-22T06:59:45.567471+00:00,2,33136,84
2026-09-22T06:59:45.567471+00:00,3,33160,86
2026-09-22T06:59:50.642865+00:00,0,33166,88
2026-09-22T06:59:50.642865+00:00,1,33368,87
2026-09-22T06:59:50.642865+00:00,2,33136,87
2026-09-22T06:59:50.642865+00:00,3,33160,84
2026-09-22T06:59:55.716180+00:00,0,33166,90
2026-09-22T06:59:55.716180+00:00,1,33368,87
2026-09-22T06:59:55.716180+00:00,2,33136,84
2026-09-22T06:59:55.716180+00:00,3,33160,87
2026-09-22T07:00:00.790171+00:00,0,33166,83
2026-09-22T07:00:00.790171+00:00,1,33368,85
2026-09-22T07:00:00.790171+00:00,2,33136,84
2026-09-22T07:00:00.790171+00:00,3,33160,83
2026-09-22T07:00:05.865459+00:00,0,33166,88
2026-09-22T07:00:05.865459+00:00,1,33368,86
2026-09-22T07:00:05.865459+00:00,2,33136,92
2026-09-22T07:00:05.865459+00:00,3,33160,84
2026-09-22T07:00:10.941505+00:00,0,33166,87
2026-09-22T07:00:10.941505+00:00,1,33368,81
2026-09-22T07:00:10.941505+00:00,2,33136,83
2026-09-22T07:00:10.941505+00:00,3,33160,85
2026-09-22T07:00:16.030451+00:00,0,33166,81
2026-09-22T07:00:16.030451+00:00,1,33368,83
2026-09-22T07:00:16.030451+00:00,2,33136,81
2026-09-22T07:00:16.030451+00:00,3,33160,83
2026-09-22T07:00:21.115420+00:00,0,33166,89
2026-09-22T07:00:21.115420+00:00,1,33368,84
2026-09-22T07:00:21.115420+00:00,2,33136,85
2026-09-22T07:00:21.115420+00:00,3,33160,85
2026-09-22T07:00:26.194293+00:00,0,33166,85
2026-09-22T07:00:26.194293+00:00,1,33368,80
2026-09-22T07:00:26.194293+00:00,2,33136,80
2026-09-22T07:00:26.194293+00:00,3,33160,82
2026-09-22T07:00:31.283935+00:00,0,33166,82
2026-09-22T07:00:31.283935+00:00,1,33368,86
2026-09-22T07:00:31.283935+00:00,2,33136,86
2026-09-22T07:00:31.283935+00:00,3,33160,86
2026-09-22T07:00:36.360979+00:00,0,33166,84
2026-09-22T07:00:36.360979+00:00,1,33368,82
2026-09-22T07:00:36.360979+00:00,2,33136,82
2026-09-22T07:00:36.360979+00:00,3,33160,84
2026-09-22T07:00:41.454591+00:00,0,33166,84
2026-09-22T07:00:41.454591+00:00,1,33368,90
2026-09-22T07:00:41.454591+00:00,2,33136,87
2026-09-22T07:00:41.454591+00:00,3,33160,84
2026-09-22T07:00:46.528656+00:00,0,33166,84
2026-09-22T07:00:46.528656+00:00,1,33368,89
2026-09-22T07:00:46.528656+00:00,2,33136,87
2026-09-22T07:00:46.528656+00:00,3,33160,87
2026-09-22T07:00:51.606352+00:00,0,33166,91
2026-09-22T07:00:51.606352+00:00,1,33368,85
2026-09-22T07:00:51.606352+00:00,2,33136,86
2026-09-22T07:00:51.606352+00:00,3,33160,87
2026-09-22T07:00:56.677116+00:00,0,33166,83
2026-09-22T07:00:56.677116+00:00,1,33368,90
2026-09-22T07:00:56.677116+00:00,2,33136,89
2026-09-22T07:00:56.677116+00:00,3,33160,87
2026-09-22T07:01:01.753613+00:00,0,33166,87
2026-09-22T07:01:01.753613+00:00,1,33368,81
2026-09-22T07:01:01.753613+00:00,2,33136,83
2026-09-22T07:01:01.753613+00:00,3,33160,86
2026-09-22T07:01:06.830114+00:00,0,33166,86
2026-09-22T07:01:06.830114+00:00,1,33368,86
2026-09-22T07:01:06.830114+00:00,2,33136,86
2026-09-22T07:01:06.830114+00:00,3,33160,87
2026-09-22T07:01:11.913647+00:00,0,33166,87
2026-09-22T07:01:11.913647+00:00,1,33368,86
2026-09-22T07:01:11.913647+00:00,2,33136,84
2026-09-22T07:01:11.913647+00:00,3,33160,82
2026-09-22T07:01:16.999440+00:00,0,33166,83
2026-09-22T07:01:16.999440+00:00,1,33368,85
2026-09-22T07:01:16.999440+00:00,2,33136,84
2026-09-22T07:01:16.999440+00:00,3,33160,85
2026-09-22T07:01:22.089848+00:00,0,33166,87
2026-09-22T07:01:22.089848+00:00,1,33368,79
2026-09-22T07:01:22.089848+00:00,2,33136,85
2026-09-22T07:01:22.089848+00:00,3,33160,86
2026-09-22T07:01:27.180176+00:00,0,33166,80
2026-09-22T07:01:27.180176+00:00,1,33368,0
2026-09-22T07:01:27.180176+00:00,2,33136,81
2026-09-22T07:01:27.180176+00:00,3,33160,82
2026-09-22T07:01:32.264445+00:00,0,33166,86
2026-09-22T07:01:32.264445+00:00,1,33368,0
2026-09-22T07:01:32.264445+00:00,2,33136,0
2026-09-22T07:01:32.264445+00:00,3,33162,0
2026-09-22T07:01:37.344052+00:00,0,2654,0
2026-09-22T07:01:37.344052+00:00,1,2856,0
2026-09-22T07:01:37.344052+00:00,2,2624,0
2026-09-22T07:01:37.344052+00:00,3,2650,0
2026-09-22T07:01:42.430176+00:00,0,7828,99
2026-09-22T07:01:42.430176+00:00,1,7148,99
2026-09-22T07:01:42.430176+00:00,2,7808,94
2026-09-22T07:01:42.430176+00:00,3,7828,99
2026-09-22T07:01:47.487723+00:00,0,8592,99
2026-09-22T07:01:47.487723+00:00,1,7912,99
2026-09-22T07:01:47.487723+00:00,2,8572,99
2026-09-22T07:01:47.487723+00:00,3,8572,99
2026-09-22T07:01:52.554400+00:00,0,9058,99
2026-09-22T07:01:52.554400+00:00,1,8398,98
2026-09-22T07:01:52.554400+00:00,2,9038,99
2026-09-22T07:01:52.554400+00:00,3,9078,99
2026-09-22T07:01:57.623785+00:00,0,9402,99
2026-09-22T07:01:57.623785+00:00,1,8802,99
2026-09-22T07:01:57.623785+00:00,2,9402,99
2026-09-22T07:01:57.623785+00:00,3,9422,99
2026-09-22T07:02:02.685845+00:00,0,9746,99
2026-09-22T07:02:02.685845+00:00,1,9146,99
2026-09-22T07:02:02.685845+00:00,2,9786,99
2026-09-22T07:02:02.685845+00:00,3,9786,99
2026-09-22T07:02:07.750589+00:00,0,9970,99
2026-09-22T07:02:07.750589+00:00,1,9350,99
2026-09-22T07:02:07.750589+00:00,2,9950,99
2026-09-22T07:02:07.750589+00:00,3,9970,99
2026-09-22T07:02:12.828708+00:00,0,9974,98
2026-09-22T07:02:12.828708+00:00,1,9354,97
2026-09-22T07:02:12.828708+00:00,2,9954,97
2026-09-22T07:02:12.828708+00:00,3,9974,99
2026-09-22T07:02:17.924375+00:00,0,9978,97
2026-09-22T07:02:17.924375+00:00,1,9358,99
2026-09-22T07:02:17.924375+00:00,2,9958,99
2026-09-22T07:02:17.924375+00:00,3,9978,97
2026-09-22T07:02:22.993371+00:00,0,9982,99
2026-09-22T07:02:22.993371+00:00,1,9364,99
2026-09-22T07:02:22.993371+00:00,2,9962,99
2026-09-22T07:02:22.993371+00:00,3,9982,99
2026-09-22T07:02:28.059862+00:00,0,9988,98
2026-09-22T07:02:28.059862+00:00,1,9368,96
2026-09-22T07:02:28.059862+00:00,2,9968,99
2026-09-22T07:02:28.059862+00:00,3,9988,99
2026-09-22T07:02:33.124590+00:00,0,9110,99
2026-09-22T07:02:33.124590+00:00,1,8490,93
2026-09-22T07:02:33.124590+00:00,2,8970,99
2026-09-22T07:02:33.124590+00:00,3,9090,95
2026-09-22T07:02:38.181929+00:00,0,18316,96
2026-09-22T07:02:38.181929+00:00,1,18376,97
2026-09-22T07:02:38.181929+00:00,2,18296,99
2026-09-22T07:02:38.181929+00:00,3,18196,97
2026-09-22T07:02:43.244946+00:00,0,18878,97
2026-09-22T07:02:43.244946+00:00,1,18998,99
2026-09-22T07:02:43.244946+00:00,2,18978,99
2026-09-22T07:02:43.244946+00:00,3,18558,99
2026-09-22T07:02:48.311231+00:00,0,20582,98
2026-09-22T07:02:48.311231+00:00,1,20482,96
2026-09-22T07:02:48.311231+00:00,2,20622,100
2026-09-22T07:02:48.311231+00:00,3,20420,97
2026-09-22T07:02:53.383373+00:00,0,21024,96
2026-09-22T07:02:53.383373+00:00,1,20904,94
2026-09-22T07:02:53.383373+00:00,2,20924,99
2026-09-22T07:02:53.383373+00:00,3,20964,94
2026-09-22T07:02:58.450712+00:00,0,21026,95
2026-09-22T07:02:58.450712+00:00,1,20906,87
2026-09-22T07:02:58.450712+00:00,2,20926,99
2026-09-22T07:02:58.450712+00:00,3,20966,94
2026-09-22T07:03:03.521152+00:00,0,21028,96
2026-09-22T07:03:03.521152+00:00,1,20908,99
2026-09-22T07:03:03.521152+00:00,2,20928,97
2026-09-22T07:03:03.521152+00:00,3,20968,97
2026-09-22T07:03:08.584599+00:00,0,21034,91
2026-09-22T07:03:08.584599+00:00,1,20914,92
2026-09-22T07:03:08.584599+00:00,2,20934,99
2026-09-22T07:03:08.584599+00:00,3,20974,90
2026-09-22T07:03:13.652638+00:00,0,21034,96
2026-09-22T07:03:13.652638+00:00,1,20914,94
2026-09-22T07:03:13.652638+00:00,2,20934,93
2026-09-22T07:03:13.652638+00:00,3,20974,93
2026-09-22T07:03:18.716170+00:00,0,25714,99
2026-09-22T07:03:18.716170+00:00,1,25694,99
2026-09-22T07:03:18.716170+00:00,2,25694,99
2026-09-22T07:03:18.716170+00:00,3,25714,99
2026-09-22T07:03:23.789069+00:00,0,25774,99
2026-09-22T07:03:23.789069+00:00,1,25814,98
2026-09-22T07:03:23.789069+00:00,2,25754,98
2026-09-22T07:03:23.789069+00:00,3,25774,99
2026-09-22T07:03:28.856538+00:00,0,25774,99
2026-09-22T07:03:28.856538+00:00,1,25814,99
2026-09-22T07:03:28.856538+00:00,2,25814,99
2026-09-22T07:03:28.856538+00:00,3,25834,99
2026-09-22T07:03:33.929078+00:00,0,25834,99
2026-09-22T07:03:33.929078+00:00,1,25814,99
2026-09-22T07:03:33.929078+00:00,2,25814,99
2026-09-22T07:03:33.929078+00:00,3,25834,99
2026-09-22T07:03:39.004213+00:00,0,25834,98
2026-09-22T07:03:39.004213+00:00,1,25814,98
2026-09-22T07:03:39.004213+00:00,2,25814,99
2026-09-22T07:03:39.004213+00:00,3,25834,98
2026-09-22T07:03:44.078053+00:00,0,25834,99
2026-09-22T07:03:44.078053+00:00,1,25814,99
2026-09-22T07:03:44.078053+00:00,2,25814,99
2026-09-22T07:03:44.078053+00:00,3,25834,99
2026-09-22T07:03:49.151554+00:00,0,25834,95
2026-09-22T07:03:49.151554+00:00,1,25814,96
2026-09-22T07:03:49.151554+00:00,2,25814,97
2026-09-22T07:03:49.151554+00:00,3,25834,85
2026-09-22T07:03:54.219416+00:00,0,25834,95
2026-09-22T07:03:54.219416+00:00,1,25814,90
2026-09-22T07:03:54.219416+00:00,2,25814,95
2026-09-22T07:03:54.219416+00:00,3,25834,98
2026-09-22T07:03:59.288941+00:00,0,25834,96
2026-09-22T07:03:59.288941+00:00,1,25814,98
2026-09-22T07:03:59.288941+00:00,2,25814,97
2026-09-22T07:03:59.288941+00:00,3,25834,88
2026-09-22T07:04:04.359312+00:00,0,25834,93
2026-09-22T07:04:04.359312+00:00,1,25814,93
2026-09-22T07:04:04.359312+00:00,2,25814,92
2026-09-22T07:04:04.359312+00:00,3,25834,92
2026-09-22T07:04:09.441590+00:00,0,25834,93
2026-09-22T07:04:09.441590+00:00,1,25814,96
2026-09-22T07:04:09.441590+00:00,2,25814,85
2026-09-22T07:04:09.441590+00:00,3,25834,95
2026-09-22T07:04:14.514905+00:00,0,25834,99
2026-09-22T07:04:14.514905+00:00,1,25814,99
2026-09-22T07:04:14.514905+00:00,2,25814,99
2026-09-22T07:04:14.514905+00:00,3,25834,99
2026-09-22T07:04:19.578217+00:00,0,25834,98
2026-09-22T07:04:19.578217+00:00,1,25814,99
2026-09-22T07:04:19.578217+00:00,2,25814,98
2026-09-22T07:04:19.578217+00:00,3,25834,99
2026-09-22T07:04:24.646782+00:00,0,25834,99
2026-09-22T07:04:24.646782+00:00,1,25814,99
2026-09-22T07:04:24.646782+00:00,2,25814,99
2026-09-22T07:04:24.646782+00:00,3,25834,99
2026-09-22T07:04:29.721412+00:00,0,25894,99
2026-09-22T07:04:29.721412+00:00,1,25814,99
2026-09-22T07:04:29.721412+00:00,2,25814,100
2026-09-22T07:04:29.721412+00:00,3,25834,99
2026-09-22T07:04:34.795243+00:00,0,25894,98
2026-09-22T07:04:34.795243+00:00,1,25814,98
2026-09-22T07:04:34.795243+00:00,2,25814,98
2026-09-22T07:04:34.795243+00:00,3,25834,99
2026-09-22T07:04:39.868912+00:00,0,25894,99
2026-09-22T07:04:39.868912+00:00,1,25814,99
2026-09-22T07:04:39.868912+00:00,2,25814,99
2026-09-22T07:04:39.868912+00:00,3,25834,99
2026-09-22T07:04:44.944507+00:00,0,25894,95
2026-09-22T07:04:44.944507+00:00,1,25814,99
2026-09-22T07:04:44.944507+00:00,2,25814,99
2026-09-22T07:04:44.944507+00:00,3,25834,92
2026-09-22T07:04:50.009736+00:00,0,25894,84
2026-09-22T07:04:50.009736+00:00,1,25814,83
2026-09-22T07:04:50.009736+00:00,2,25814,89
2026-09-22T07:04:50.009736+00:00,3,25834,99
2026-09-22T07:04:55.076865+00:00,0,25894,97
2026-09-22T07:04:55.076865+00:00,1,25814,99
2026-09-22T07:04:55.076865+00:00,2,25814,95
2026-09-22T07:04:55.076865+00:00,3,25834,100
2026-09-22T07:05:00.148816+00:00,0,25894,94
2026-09-22T07:05:00.148816+00:00,1,25814,95
2026-09-22T07:05:00.148816+00:00,2,25814,94
2026-09-22T07:05:00.148816+00:00,3,25834,95
2026-09-22T07:05:05.222523+00:00,0,25894,97
2026-09-22T07:05:05.222523+00:00,1,25814,97
2026-09-22T07:05:05.222523+00:00,2,25814,97
2026-09-22T07:05:05.222523+00:00,3,25834,99
2026-09-22T07:05:10.294780+00:00,0,25894,97
2026-09-22T07:05:10.294780+00:00,1,25814,97
2026-09-22T07:05:10.294780+00:00,2,25814,99
2026-09-22T07:05:10.294780+00:00,3,25834,97
2026-09-22T07:05:15.369303+00:00,0,25894,96
2026-09-22T07:05:15.369303+00:00,1,25814,86
2026-09-22T07:05:15.369303+00:00,2,25814,86
2026-09-22T07:05:15.369303+00:00,3,25834,54
2026-09-22T07:05:20.445314+00:00,0,25894,95
2026-09-22T07:05:20.445314+00:00,1,25814,94
2026-09-22T07:05:20.445314+00:00,2,25814,93
2026-09-22T07:05:20.445314+00:00,3,25834,95
2026-09-22T07:05:25.516484+00:00,0,25894,95
2026-09-22T07:05:25.516484+00:00,1,25814,98
2026-09-22T07:05:25.516484+00:00,2,25814,98
2026-09-22T07:05:25.516484+00:00,3,25834,97
2026-09-22T07:05:30.588177+00:00,0,6488,80
2026-09-22T07:05:30.588177+00:00,1,6488,88
2026-09-22T07:05:30.588177+00:00,2,6488,100
2026-09-22T07:05:30.588177+00:00,3,6488,100
2026-09-22T07:05:35.654811+00:00,0,10362,8
2026-09-22T07:05:35.654811+00:00,1,10750,8
2026-09-22T07:05:35.654811+00:00,2,10444,6
2026-09-22T07:05:35.654811+00:00,3,10096,5
2026-09-22T07:05:40.714580+00:00,0,11426,16
2026-09-22T07:05:40.714580+00:00,1,11406,17
2026-09-22T07:05:40.714580+00:00,2,11406,33
2026-09-22T07:05:40.714580+00:00,3,11426,17
2026-09-22T07:05:45.774516+00:00,0,5208,8
2026-09-22T07:05:45.774516+00:00,1,5208,12
2026-09-22T07:05:45.774516+00:00,2,5188,18
2026-09-22T07:05:45.774516+00:00,3,5208,14
2026-09-22T07:05:50.829424+00:00,0,33066,67
2026-09-22T07:05:50.829424+00:00,1,33012,63
2026-09-22T07:05:50.829424+00:00,2,33052,60
2026-09-22T07:05:50.829424+00:00,3,33144,64
2026-09-22T07:05:55.893984+00:00,0,33066,65
2026-09-22T07:05:55.893984+00:00,1,33012,74
2026-09-22T07:05:55.893984+00:00,2,33052,63
2026-09-22T07:05:55.893984+00:00,3,33144,67
2026-09-22T07:06:00.959386+00:00,0,33066,72
2026-09-22T07:06:00.959386+00:00,1,33012,68
2026-09-22T07:06:00.959386+00:00,2,33052,69
2026-09-22T07:06:00.959386+00:00,3,33144,66
2026-09-22T07:06:06.024967+00:00,0,33066,70
2026-09-22T07:06:06.024967+00:00,1,33012,68
2026-09-22T07:06:06.024967+00:00,2,33052,70
2026-09-22T07:06:06.024967+00:00,3,33144,64
2026-09-22T07:06:11.093721+00:00,0,33066,68
2026-09-22T07:06:11.093721+00:00,1,33012,74
2026-09-22T07:06:11.093721+00:00,2,33052,65
2026-09-22T07:06:11.093721+00:00,3,33144,73
2026-09-22T07:06:16.162494+00:00,0,33066,76
2026-09-22T07:06:16.162494+00:00,1,33012,74
2026-09-22T07:06:16.162494+00:00,2,33052,75
2026-09-22T07:06:16.162494+00:00,3,33144,69
2026-09-22T07:06:21.229254+00:00,0,33066,75
2026-09-22T07:06:21.229254+00:00,1,33012,71
2026-09-22T07:06:21.229254+00:00,2,33052,75
2026-09-22T07:06:21.229254+00:00,3,33144,81
2026-09-22T07:06:26.299361+00:00,0,33066,72
2026-09-22T07:06:26.299361+00:00,1,33012,74
2026-09-22T07:06:26.299361+00:00,2,33052,76
2026-09-22T07:06:26.299361+00:00,3,33144,76
2026-09-22T07:06:31.369583+00:00,0,33066,79
2026-09-22T07:06:31.369583+00:00,1,33012,75
2026-09-22T07:06:31.369583+00:00,2,33052,77
2026-09-22T07:06:31.369583+00:00,3,33144,75
2026-09-22T07:06:36.437991+00:00,0,33066,76
2026-09-22T07:06:36.437991+00:00,1,33012,79
2026-09-22T07:06:36.437991+00:00,2,33052,78
2026-09-22T07:06:36.437991+00:00,3,33144,81
2026-09-22T07:06:41.508660+00:00,0,33066,79
2026-09-22T07:06:41.508660+00:00,1,33012,77
2026-09-22T07:06:41.508660+00:00,2,33052,77
2026-09-22T07:06:41.508660+00:00,3,33144,82
2026-09-22T07:06:46.576904+00:00,0,33066,76
2026-09-22T07:06:46.576904+00:00,1,33012,80
2026-09-22T07:06:46.576904+00:00,2,33052,79
2026-09-22T07:06:46.576904+00:00,3,33144,81
2026-09-22T07:06:51.653696+00:00,0,33066,78
2026-09-22T07:06:51.653696+00:00,1,33012,73
2026-09-22T07:06:51.653696+00:00,2,33052,78
2026-09-22T07:06:51.653696+00:00,3,33144,76
2026-09-22T07:06:56.754669+00:00,0,33066,82
2026-09-22T07:06:56.754669+00:00,1,33012,84
2026-09-22T07:06:56.754669+00:00,2,33052,76
2026-09-22T07:06:56.754669+00:00,3,33144,83
2026-09-22T07:07:01.830853+00:00,0,33066,78
2026-09-22T07:07:01.830853+00:00,1,33012,81
2026-09-22T07:07:01.830853+00:00,2,33052,77
2026-09-22T07:07:01.830853+00:00,3,33144,85
2026-09-22T07:07:06.901183+00:00,0,33066,81
2026-09-22T07:07:06.901183+00:00,1,33012,75
2026-09-22T07:07:06.901183+00:00,2,33052,77
2026-09-22T07:07:06.901183+00:00,3,33144,78
2026-09-22T07:07:11.966572+00:00,0,33066,81
2026-09-22T07:07:11.966572+00:00,1,33012,74
2026-09-22T07:07:11.966572+00:00,2,33052,81
2026-09-22T07:07:11.966572+00:00,3,33144,76
2026-09-22T07:07:17.037873+00:00,0,33066,84
2026-09-22T07:07:17.037873+00:00,1,33012,82
2026-09-22T07:07:17.037873+00:00,2,33052,78
2026-09-22T07:07:17.037873+00:00,3,33144,78
2026-09-22T07:07:22.108723+00:00,0,33066,82
2026-09-22T07:07:22.108723+00:00,1,33012,84
2026-09-22T07:07:22.108723+00:00,2,33052,76
2026-09-22T07:07:22.108723+00:00,3,33144,80
2026-09-22T07:07:27.183297+00:00,0,33066,81
2026-09-22T07:07:27.183297+00:00,1,33012,81
2026-09-22T07:07:27.183297+00:00,2,33052,81
2026-09-22T07:07:27.183297+00:00,3,33144,86
2026-09-22T07:07:32.250171+00:00,0,33066,79
2026-09-22T07:07:32.250171+00:00,1,33012,84
2026-09-22T07:07:32.250171+00:00,2,33052,87
2026-09-22T07:07:32.250171+00:00,3,33144,78
2026-09-22T07:07:37.320475+00:00,0,33066,81
2026-09-22T07:07:37.320475+00:00,1,33012,80
2026-09-22T07:07:37.320475+00:00,2,33052,83
2026-09-22T07:07:37.320475+00:00,3,33144,84
2026-09-22T07:07:42.382055+00:00,0,33066,83
2026-09-22T07:07:42.382055+00:00,1,33012,81
2026-09-22T07:07:42.382055+00:00,2,33052,80
2026-09-22T07:07:42.382055+00:00,3,33144,84
2026-09-22T07:07:47.452182+00:00,0,33066,83
2026-09-22T07:07:47.452182+00:00,1,33012,85
2026-09-22T07:07:47.452182+00:00,2,33052,80
2026-09-22T07:07:47.452182+00:00,3,33144,84
2026-09-22T07:07:52.526613+00:00,0,33066,83
2026-09-22T07:07:52.526613+00:00,1,33012,83
2026-09-22T07:07:52.526613+00:00,2,33052,82
2026-09-22T07:07:52.526613+00:00,3,33144,84
2026-09-22T07:07:57.598967+00:00,0,33066,80
2026-09-22T07:07:57.598967+00:00,1,33012,81
2026-09-22T07:07:57.598967+00:00,2,33052,86
2026-09-22T07:07:57.598967+00:00,3,33144,81
2026-09-22T07:08:02.671519+00:00,0,33066,84
2026-09-22T07:08:02.671519+00:00,1,33012,83
2026-09-22T07:08:02.671519+00:00,2,33052,81
2026-09-22T07:08:02.671519+00:00,3,33144,81
2026-09-22T07:08:07.742841+00:00,0,33066,84
2026-09-22T07:08:07.742841+00:00,1,33012,82
2026-09-22T07:08:07.742841+00:00,2,33052,84
2026-09-22T07:08:07.742841+00:00,3,33144,85
2026-09-22T07:08:12.819163+00:00,0,33066,83
2026-09-22T07:08:12.819163+00:00,1,33012,86
2026-09-22T07:08:12.819163+00:00,2,33052,84
2026-09-22T07:08:12.819163+00:00,3,33144,82
2026-09-22T07:08:17.892037+00:00,0,33066,84
2026-09-22T07:08:17.892037+00:00,1,33012,80
2026-09-22T07:08:17.892037+00:00,2,33052,82
2026-09-22T07:08:17.892037+00:00,3,33144,83
2026-09-22T07:08:22.966332+00:00,0,33066,82
2026-09-22T07:08:22.966332+00:00,1,33012,87
2026-09-22T07:08:22.966332+00:00,2,33052,83
2026-09-22T07:08:22.966332+00:00,3,33144,88
2026-09-22T07:08:28.035211+00:00,0,33066,84
2026-09-22T07:08:28.035211+00:00,1,33012,83
2026-09-22T07:08:28.035211+00:00,2,33052,83
2026-09-22T07:08:28.035211+00:00,3,33144,88
2026-09-22T07:08:33.108862+00:00,0,33066,85
2026-09-22T07:08:33.108862+00:00,1,33012,89
2026-09-22T07:08:33.108862+00:00,2,33052,86
2026-09-22T07:08:33.108862+00:00,3,33144,87
2026-09-22T07:08:38.183340+00:00,0,33066,88
2026-09-22T07:08:38.183340+00:00,1,33012,92
2026-09-22T07:08:38.183340+00:00,2,33052,83
2026-09-22T07:08:38.183340+00:00,3,33144,84
2026-09-22T07:08:43.253265+00:00,0,33066,92
2026-09-22T07:08:43.253265+00:00,1,33012,91
2026-09-22T07:08:43.253265+00:00,2,33052,85
2026-09-22T07:08:43.253265+00:00,3,33144,81
2026-09-22T07:08:48.326483+00:00,0,33066,87
2026-09-22T07:08:48.326483+00:00,1,33012,87
2026-09-22T07:08:48.326483+00:00,2,33052,86
2026-09-22T07:08:48.326483+00:00,3,33144,84
2026-09-22T07:08:53.398504+00:00,0,33066,85
2026-09-22T07:08:53.398504+00:00,1,33012,86
2026-09-22T07:08:53.398504+00:00,2,33052,81
2026-09-22T07:08:53.398504+00:00,3,33144,84
2026-09-22T07:08:58.479810+00:00,0,33066,86
2026-09-22T07:08:58.479810+00:00,1,33012,88
2026-09-22T07:08:58.479810+00:00,2,33052,84
2026-09-22T07:08:58.479810+00:00,3,33144,92
2026-09-22T07:09:03.571053+00:00,0,33066,84
2026-09-22T07:09:03.571053+00:00,1,33012,83
2026-09-22T07:09:03.571053+00:00,2,33052,85
2026-09-22T07:09:03.571053+00:00,3,33144,88
2026-09-22T07:09:08.638328+00:00,0,33066,83
2026-09-22T07:09:08.638328+00:00,1,33012,89
2026-09-22T07:09:08.638328+00:00,2,33052,83
2026-09-22T07:09:08.638328+00:00,3,33144,82
2026-09-22T07:09:13.713481+00:00,0,33066,85
2026-09-22T07:09:13.713481+00:00,1,33012,93
2026-09-22T07:09:13.713481+00:00,2,33052,83
2026-09-22T07:09:13.713481+00:00,3,33144,85
2026-09-22T07:09:18.786565+00:00,0,33066,84
2026-09-22T07:09:18.786565+00:00,1,33012,86
2026-09-22T07:09:18.786565+00:00,2,33052,88
2026-09-22T07:09:18.786565+00:00,3,33144,89
2026-09-22T07:09:23.862380+00:00,0,33066,86
2026-09-22T07:09:23.862380+00:00,1,33012,85
2026-09-22T07:09:23.862380+00:00,2,33052,85
2026-09-22T07:09:23.862380+00:00,3,33144,92
2026-09-22T07:09:28.935381+00:00,0,33066,85
2026-09-22T07:09:28.935381+00:00,1,33012,85
2026-09-22T07:09:28.935381+00:00,2,33052,85
2026-09-22T07:09:28.935381+00:00,3,33144,83
2026-09-22T07:09:34.008293+00:00,0,33066,86
2026-09-22T07:09:34.008293+00:00,1,33012,89
2026-09-22T07:09:34.008293+00:00,2,33052,89
2026-09-22T07:09:34.008293+00:00,3,33144,87
2026-09-22T07:09:39.082571+00:00,0,33066,88
2026-09-22T07:09:39.082571+00:00,1,33012,85
2026-09-22T07:09:39.082571+00:00,2,33052,88
2026-09-22T07:09:39.082571+00:00,3,33144,89
2026-09-22T07:09:44.154523+00:00,0,33066,86
2026-09-22T07:09:44.154523+00:00,1,33012,87
2026-09-22T07:09:44.154523+00:00,2,33052,88
2026-09-22T07:09:44.154523+00:00,3,33144,89
2026-09-22T07:09:49.229320+00:00,0,33066,83
2026-09-22T07:09:49.229320+00:00,1,33012,82
2026-09-22T07:09:49.229320+00:00,2,33052,85
2026-09-22T07:09:49.229320+00:00,3,33144,83
2026-09-22T07:09:54.303305+00:00,0,33066,90
2026-09-22T07:09:54.303305+00:00,1,33012,90
2026-09-22T07:09:54.303305+00:00,2,33052,85
2026-09-22T07:09:54.303305+00:00,3,33144,85
2026-09-22T07:09:59.368089+00:00,0,33066,88
2026-09-22T07:09:59.368089+00:00,1,33012,86
2026-09-22T07:09:59.368089+00:00,2,33052,87
2026-09-22T07:09:59.368089+00:00,3,33144,81
2026-09-22T07:10:04.440885+00:00,0,33066,92
2026-09-22T07:10:04.440885+00:00,1,33012,0
2026-09-22T07:10:04.440885+00:00,2,33052,84
2026-09-22T07:10:04.440885+00:00,3,33144,0
2026-09-22T07:10:09.506773+00:00,0,2554,100
2026-09-22T07:10:09.506773+00:00,1,2500,100
2026-09-22T07:10:09.506773+00:00,2,2540,100
2026-09-22T07:10:09.506773+00:00,3,2632,100
2026-09-22T07:10:14.575504+00:00,0,8208,95
2026-09-22T07:10:14.575504+00:00,1,7568,95
2026-09-22T07:10:14.575504+00:00,2,8188,96
2026-09-22T07:10:14.575504+00:00,3,8288,97
2026-09-22T07:10:19.644021+00:00,0,8714,97
2026-09-22T07:10:19.644021+00:00,1,8034,95
2026-09-22T07:10:19.644021+00:00,2,8674,97
2026-09-22T07:10:19.644021+00:00,3,8714,98
2026-09-22T07:10:24.713400+00:00,0,9058,99
2026-09-22T07:10:24.713400+00:00,1,8378,98
2026-09-22T07:10:24.713400+00:00,2,9038,96
2026-09-22T07:10:24.713400+00:00,3,9018,99
2026-09-22T07:10:29.780695+00:00,0,9382,99
2026-09-22T07:10:29.780695+00:00,1,8782,99
2026-09-22T07:10:29.780695+00:00,2,9382,99
2026-09-22T07:10:29.780695+00:00,3,9402,99
2026-09-22T07:10:34.835012+00:00,0,9566,99
2026-09-22T07:10:34.835012+00:00,1,8946,99
2026-09-22T07:10:34.835012+00:00,2,9546,99
2026-09-22T07:10:34.835012+00:00,3,9566,99
2026-09-22T07:10:39.905495+00:00,0,9612,99
2026-09-22T07:10:39.905495+00:00,1,9010,98
2026-09-22T07:10:39.905495+00:00,2,9590,99
2026-09-22T07:10:39.905495+00:00,3,9610,99
2026-09-22T07:10:44.973473+00:00,0,9616,97
2026-09-22T07:10:44.973473+00:00,1,9016,98
2026-09-22T07:10:44.973473+00:00,2,9594,97
2026-09-22T07:10:44.973473+00:00,3,9616,97
2026-09-22T07:10:50.040041+00:00,0,9620,99
2026-09-22T07:10:50.040041+00:00,1,9020,98
2026-09-22T07:10:50.040041+00:00,2,9600,97
2026-09-22T07:10:50.040041+00:00,3,9620,99
2026-09-22T07:10:55.107183+00:00,0,9624,98
2026-09-22T07:10:55.107183+00:00,1,9024,99
2026-09-22T07:10:55.107183+00:00,2,9604,99
2026-09-22T07:10:55.107183+00:00,3,9624,99
2026-09-22T07:11:00.173841+00:00,0,9630,99
2026-09-22T07:11:00.173841+00:00,1,9028,98
2026-09-22T07:11:00.173841+00:00,2,9608,99
2026-09-22T07:11:00.173841+00:00,3,9628,99
2026-09-22T07:11:05.240359+00:00,0,5904,92
2026-09-22T07:11:05.240359+00:00,1,5824,94
2026-09-22T07:11:05.240359+00:00,2,6084,96
2026-09-22T07:11:05.240359+00:00,3,5904,99
2026-09-22T07:11:10.304884+00:00,0,18718,99
2026-09-22T07:11:10.304884+00:00,1,19238,99
2026-09-22T07:11:10.304884+00:00,2,18678,97
2026-09-22T07:11:10.304884+00:00,3,18998,90
2026-09-22T07:11:15.377651+00:00,0,20680,99
2026-09-22T07:11:15.377651+00:00,1,20560,99
2026-09-22T07:11:15.377651+00:00,2,20540,97
2026-09-22T07:11:15.377651+00:00,3,20580,97
2026-09-22T07:11:20.445587+00:00,0,20842,99
2026-09-22T07:11:20.445587+00:00,1,20782,97
2026-09-22T07:11:20.445587+00:00,2,20804,99
2026-09-22T07:11:20.445587+00:00,3,20784,97
2026-09-22T07:11:25.516691+00:00,0,20846,99
2026-09-22T07:11:25.516691+00:00,1,20786,98
2026-09-22T07:11:25.516691+00:00,2,20806,97
2026-09-22T07:11:25.516691+00:00,3,20786,99
2026-09-22T07:11:30.578973+00:00,0,20846,98
2026-09-22T07:11:30.578973+00:00,1,20786,92
2026-09-22T07:11:30.578973+00:00,2,20806,89
2026-09-22T07:11:30.578973+00:00,3,20788,98
2026-09-22T07:11:35.647095+00:00,0,20854,99
2026-09-22T07:11:35.647095+00:00,1,20794,95
2026-09-22T07:11:35.647095+00:00,2,20814,94
2026-09-22T07:11:35.647095+00:00,3,20794,100
2026-09-22T07:11:40.717584+00:00,0,20854,99
2026-09-22T07:11:40.717584+00:00,1,20794,99
2026-09-22T07:11:40.717584+00:00,2,20814,93
2026-09-22T07:11:40.717584+00:00,3,20794,91
2026-09-22T07:11:45.781146+00:00,0,25054,99
2026-09-22T07:11:45.781146+00:00,1,24934,99
2026-09-22T07:11:45.781146+00:00,2,25014,99
2026-09-22T07:11:45.781146+00:00,3,25134,99
2026-09-22T07:11:50.844423+00:00,0,25454,0
2026-09-22T07:11:50.844423+00:00,1,25514,0
2026-09-22T07:11:50.844423+00:00,2,25494,0
2026-09-22T07:11:50.844423+00:00,3,25534,0
2026-09-22T07:11:55.907317+00:00,0,25834,99
2026-09-22T07:11:55.907317+00:00,1,25774,99
2026-09-22T07:11:55.907317+00:00,2,25754,99
2026-09-22T07:11:55.907317+00:00,3,25834,100
2026-09-22T07:12:00.983701+00:00,0,25834,98
2026-09-22T07:12:00.983701+00:00,1,25774,98
2026-09-22T07:12:00.983701+00:00,2,25754,99
2026-09-22T07:12:00.983701+00:00,3,25834,98
2026-09-22T07:12:06.062382+00:00,0,25834,99
2026-09-22T07:12:06.062382+00:00,1,25774,99
2026-09-22T07:12:06.062382+00:00,2,25754,100
2026-09-22T07:12:06.062382+00:00,3,25834,99
2026-09-22T07:12:11.134264+00:00,0,25834,99
2026-09-22T07:12:11.134264+00:00,1,25774,100
2026-09-22T07:12:11.134264+00:00,2,25754,99
2026-09-22T07:12:11.134264+00:00,3,25834,100
2026-09-22T07:12:16.197520+00:00,0,25834,99
2026-09-22T07:12:16.197520+00:00,1,25774,94
2026-09-22T07:12:16.197520+00:00,2,25754,88
2026-09-22T07:12:16.197520+00:00,3,25834,100
2026-09-22T07:12:21.269052+00:00,0,25834,89
2026-09-22T07:12:21.269052+00:00,1,25774,92
2026-09-22T07:12:21.269052+00:00,2,25754,94
2026-09-22T07:12:21.269052+00:00,3,25834,93
2026-09-22T07:12:26.331435+00:00,0,25834,99
2026-09-22T07:12:26.331435+00:00,1,25774,93
2026-09-22T07:12:26.331435+00:00,2,25754,99
2026-09-22T07:12:26.331435+00:00,3,25834,92
2026-09-22T07:12:31.398025+00:00,0,25834,100
2026-09-22T07:12:31.398025+00:00,1,25774,93
2026-09-22T07:12:31.398025+00:00,2,25754,99
2026-09-22T07:12:31.398025+00:00,3,25834,100
2026-09-22T07:12:36.468031+00:00,0,25834,97
2026-09-22T07:12:36.468031+00:00,1,25774,85
2026-09-22T07:12:36.468031+00:00,2,25754,97
2026-09-22T07:12:36.468031+00:00,3,25834,94
2026-09-22T07:12:41.532048+00:00,0,25834,99
2026-09-22T07:12:41.532048+00:00,1,25774,98
2026-09-22T07:12:41.532048+00:00,2,25754,99
2026-09-22T07:12:41.532048+00:00,3,25834,99
2026-09-22T07:12:46.602858+00:00,0,25834,99
2026-09-22T07:12:46.602858+00:00,1,25774,99
2026-09-22T07:12:46.602858+00:00,2,25754,99
2026-09-22T07:12:46.602858+00:00,3,25834,99
2026-09-22T07:12:51.677627+00:00,0,25834,98
2026-09-22T07:12:51.677627+00:00,1,25774,98
2026-09-22T07:12:51.677627+00:00,2,25754,98
2026-09-22T07:12:51.677627+00:00,3,25834,98
2026-09-22T07:12:56.748925+00:00,0,25834,100
2026-09-22T07:12:56.748925+00:00,1,25774,99
2026-09-22T07:12:56.748925+00:00,2,25754,99
2026-09-22T07:12:56.748925+00:00,3,25834,99
2026-09-22T07:13:01.822266+00:00,0,25834,99
2026-09-22T07:13:01.822266+00:00,1,25774,99
2026-09-22T07:13:01.822266+00:00,2,25754,99
2026-09-22T07:13:01.822266+00:00,3,25834,99
2026-09-22T07:13:06.896790+00:00,0,25834,98
2026-09-22T07:13:06.896790+00:00,1,25774,98
2026-09-22T07:13:06.896790+00:00,2,25754,99
2026-09-22T07:13:06.896790+00:00,3,25834,98
2026-09-22T07:13:11.971422+00:00,0,25834,94
2026-09-22T07:13:11.971422+00:00,1,25774,90
2026-09-22T07:13:11.971422+00:00,2,25754,94
2026-09-22T07:13:11.971422+00:00,3,25834,93
2026-09-22T07:13:17.050154+00:00,0,25834,99
2026-09-22T07:13:17.050154+00:00,1,25774,91
2026-09-22T07:13:17.050154+00:00,2,25754,94
2026-09-22T07:13:17.050154+00:00,3,25834,95
2026-09-22T07:13:22.117786+00:00,0,25834,98
2026-09-22T07:13:22.117786+00:00,1,25774,95
2026-09-22T07:13:22.117786+00:00,2,25754,99
2026-09-22T07:13:22.117786+00:00,3,25834,87
2026-09-22T07:13:27.188942+00:00,0,25834,98
2026-09-22T07:13:27.188942+00:00,1,25774,98
2026-09-22T07:13:27.188942+00:00,2,25754,97
2026-09-22T07:13:27.188942+00:00,3,25834,99
2026-09-22T07:13:32.260518+00:00,0,25834,98
2026-09-22T07:13:32.260518+00:00,1,25774,98
2026-09-22T07:13:32.260518+00:00,2,25754,97
2026-09-22T07:13:32.260518+00:00,3,25834,99
2026-09-22T07:13:37.333638+00:00,0,25834,97
2026-09-22T07:13:37.333638+00:00,1,25774,97
2026-09-22T07:13:37.333638+00:00,2,25754,97
2026-09-22T07:13:37.333638+00:00,3,25834,97
2026-09-22T07:13:42.407272+00:00,0,25834,97
2026-09-22T07:13:42.407272+00:00,1,25774,97
2026-09-22T07:13:42.407272+00:00,2,25754,97
2026-09-22T07:13:42.407272+00:00,3,25834,97
2026-09-22T07:13:47.480598+00:00,0,25834,97
2026-09-22T07:13:47.480598+00:00,1,25774,97
2026-09-22T07:13:47.480598+00:00,2,25754,96
2026-09-22T07:13:47.480598+00:00,3,25834,98
2026-09-22T07:13:52.551313+00:00,0,10730,23
2026-09-22T07:13:52.551313+00:00,1,10690,26
2026-09-22T07:13:52.551313+00:00,2,10872,7
2026-09-22T07:13:52.551313+00:00,3,10730,35
2026-09-22T07:13:57.612183+00:00,0,10096,6
2026-09-22T07:13:57.612183+00:00,1,10096,5
2026-09-22T07:13:57.612183+00:00,2,10076,7
2026-09-22T07:13:57.612183+00:00,3,10096,6
2026-09-22T07:14:02.671198+00:00,0,11242,7
2026-09-22T07:14:02.671198+00:00,1,11406,100
2026-09-22T07:14:02.671198+00:00,2,11406,100
2026-09-22T07:14:02.671198+00:00,3,11426,100
2026-09-22T07:14:07.729786+00:00,0,11946,34
2026-09-22T07:14:07.729786+00:00,1,12006,27
2026-09-22T07:14:07.729786+00:00,2,12366,40
2026-09-22T07:14:07.729786+00:00,3,12006,35
2026-09-22T07:14:12.790075+00:00,0,32652,86
2026-09-22T07:14:12.790075+00:00,1,33128,39
2026-09-22T07:14:12.790075+00:00,2,32760,59
2026-09-22T07:14:12.790075+00:00,3,33098,53
2026-09-22T07:14:17.855283+00:00,0,32652,65
2026-09-22T07:14:17.855283+00:00,1,33128,67
2026-09-22T07:14:17.855283+00:00,2,32760,58
2026-09-22T07:14:17.855283+00:00,3,33098,66
2026-09-22T07:14:22.921631+00:00,0,32652,74
2026-09-22T07:14:22.921631+00:00,1,33128,69
2026-09-22T07:14:22.921631+00:00,2,32760,64
2026-09-22T07:14:22.921631+00:00,3,33098,71
2026-09-22T07:14:27.987930+00:00,0,32652,72
2026-09-22T07:14:27.987930+00:00,1,33128,70
2026-09-22T07:14:27.987930+00:00,2,32760,65
2026-09-22T07:14:27.987930+00:00,3,33098,74
2026-09-22T07:14:33.056579+00:00,0,32652,73
2026-09-22T07:14:33.056579+00:00,1,33128,70
2026-09-22T07:14:33.056579+00:00,2,32760,66
2026-09-22T07:14:33.056579+00:00,3,33098,77
2026-09-22T07:14:38.126536+00:00,0,32652,76
2026-09-22T07:14:38.126536+00:00,1,33128,76
2026-09-22T07:14:38.126536+00:00,2,32760,68
2026-09-22T07:14:38.126536+00:00,3,33098,75
2026-09-22T07:14:43.194167+00:00,0,32652,72
2026-09-22T07:14:43.194167+00:00,1,33128,76
2026-09-22T07:14:43.194167+00:00,2,32760,74
2026-09-22T07:14:43.194167+00:00,3,33098,80
2026-09-22T07:14:48.265112+00:00,0,32652,70
2026-09-22T07:14:48.265112+00:00,1,33128,77
2026-09-22T07:14:48.265112+00:00,2,32760,75
2026-09-22T07:14:48.265112+00:00,3,33098,75
2026-09-22T07:14:53.330804+00:00,0,32652,67
2026-09-22T07:14:53.330804+00:00,1,33128,72
2026-09-22T07:14:53.330804+00:00,2,32760,76
2026-09-22T07:14:53.330804+00:00,3,33098,67
2026-09-22T07:14:58.404812+00:00,0,32652,76
2026-09-22T07:14:58.404812+00:00,1,33128,81
2026-09-22T07:14:58.404812+00:00,2,32760,78
2026-09-22T07:14:58.404812+00:00,3,33098,74
2026-09-22T07:15:03.465548+00:00,0,32652,76
2026-09-22T07:15:03.465548+00:00,1,33128,74
2026-09-22T07:15:03.465548+00:00,2,32760,74
2026-09-22T07:15:03.465548+00:00,3,33098,73
2026-09-22T07:15:08.540036+00:00,0,32652,79
2026-09-22T07:15:08.540036+00:00,1,33128,77
2026-09-22T07:15:08.540036+00:00,2,32760,78
2026-09-22T07:15:08.540036+00:00,3,33098,77
2026-09-22T07:15:13.611828+00:00,0,32652,80
2026-09-22T07:15:13.611828+00:00,1,33128,80
2026-09-22T07:15:13.611828+00:00,2,32760,74
2026-09-22T07:15:13.611828+00:00,3,33098,83
2026-09-22T07:15:18.674512+00:00,0,32652,85
2026-09-22T07:15:18.674512+00:00,1,33128,80
2026-09-22T07:15:18.674512+00:00,2,32760,80
2026-09-22T07:15:18.674512+00:00,3,33098,78
2026-09-22T07:15:23.750730+00:00,0,32652,71
2026-09-22T07:15:23.750730+00:00,1,33128,80
2026-09-22T07:15:23.750730+00:00,2,32760,85
2026-09-22T07:15:23.750730+00:00,3,33098,76
2026-09-22T07:15:28.820610+00:00,0,32652,79
2026-09-22T07:15:28.820610+00:00,1,33128,81
2026-09-22T07:15:28.820610+00:00,2,32760,76
2026-09-22T07:15:28.820610+00:00,3,33098,78
2026-09-22T07:15:33.896798+00:00,0,32652,85
2026-09-22T07:15:33.896798+00:00,1,33128,81
2026-09-22T07:15:33.896798+00:00,2,32760,82
2026-09-22T07:15:33.896798+00:00,3,33098,79
2026-09-22T07:15:38.966448+00:00,0,32652,81
2026-09-22T07:15:38.966448+00:00,1,33128,79
2026-09-22T07:15:38.966448+00:00,2,32760,82
2026-09-22T07:15:38.966448+00:00,3,33098,86
2026-09-22T07:15:44.040262+00:00,0,32652,83
2026-09-22T07:15:44.040262+00:00,1,33128,85
2026-09-22T07:15:44.040262+00:00,2,32760,77
2026-09-22T07:15:44.040262+00:00,3,33098,85
2026-09-22T07:15:49.110486+00:00,0,32652,80
2026-09-22T07:15:49.110486+00:00,1,33128,81
2026-09-22T07:15:49.110486+00:00,2,32760,75
2026-09-22T07:15:49.110486+00:00,3,33098,79
2026-09-22T07:15:54.195339+00:00,0,32652,80
2026-09-22T07:15:54.195339+00:00,1,33128,80
2026-09-22T07:15:54.195339+00:00,2,32760,79
2026-09-22T07:15:54.195339+00:00,3,33098,81
2026-09-22T07:15:59.311862+00:00,0,32652,78
2026-09-22T07:15:59.311862+00:00,1,33128,79
2026-09-22T07:15:59.311862+00:00,2,32760,86
2026-09-22T07:15:59.311862+00:00,3,33098,82
2026-09-22T07:16:04.384089+00:00,0,32652,77
2026-09-22T07:16:04.384089+00:00,1,33128,84
2026-09-22T07:16:04.384089+00:00,2,32760,83
2026-09-22T07:16:04.384089+00:00,3,33098,79
2026-09-22T07:16:09.459185+00:00,0,32652,78
2026-09-22T07:16:09.459185+00:00,1,33128,86
2026-09-22T07:16:09.459185+00:00,2,32760,79
2026-09-22T07:16:09.459185+00:00,3,33098,82
2026-09-22T07:16:14.535411+00:00,0,32652,82
2026-09-22T07:16:14.535411+00:00,1,33128,81
2026-09-22T07:16:14.535411+00:00,2,32760,82
2026-09-22T07:16:14.535411+00:00,3,33098,86
2026-09-22T07:16:19.617715+00:00,0,32652,80
2026-09-22T07:16:19.617715+00:00,1,33128,83
2026-09-22T07:16:19.617715+00:00,2,32760,81
2026-09-22T07:16:19.617715+00:00,3,33098,84
2026-09-22T07:16:24.693550+00:00,0,32652,83
2026-09-22T07:16:24.693550+00:00,1,33128,83
2026-09-22T07:16:24.693550+00:00,2,32760,83
2026-09-22T07:16:24.693550+00:00,3,33098,85
2026-09-22T07:16:29.768095+00:00,0,32652,85
2026-09-22T07:16:29.768095+00:00,1,33128,85
2026-09-22T07:16:29.768095+00:00,2,32760,85
2026-09-22T07:16:29.768095+00:00,3,33098,82
2026-09-22T07:16:34.845148+00:00,0,32652,89
2026-09-22T07:16:34.845148+00:00,1,33128,83
2026-09-22T07:16:34.845148+00:00,2,32760,80
2026-09-22T07:16:34.845148+00:00,3,33098,87
2026-09-22T07:16:39.920285+00:00,0,32652,82
2026-09-22T07:16:39.920285+00:00,1,33128,84
2026-09-22T07:16:39.920285+00:00,2,32760,85
2026-09-22T07:16:39.920285+00:00,3,33098,84
2026-09-22T07:16:44.993152+00:00,0,32652,84
2026-09-22T07:16:44.993152+00:00,1,33128,85
2026-09-22T07:16:44.993152+00:00,2,32760,80
2026-09-22T07:16:44.993152+00:00,3,33098,82
2026-09-22T07:16:50.069970+00:00,0,32652,86
2026-09-22T07:16:50.069970+00:00,1,33128,86
2026-09-22T07:16:50.069970+00:00,2,32760,84
2026-09-22T07:16:50.069970+00:00,3,33098,85
2026-09-22T07:16:55.145831+00:00,0,32652,86
2026-09-22T07:16:55.145831+00:00,1,33128,85
2026-09-22T07:16:55.145831+00:00,2,32760,89
2026-09-22T07:16:55.145831+00:00,3,33098,84
2026-09-22T07:17:00.218948+00:00,0,32652,87
2026-09-22T07:17:00.218948+00:00,1,33128,85
2026-09-22T07:17:00.218948+00:00,2,32760,85
2026-09-22T07:17:00.218948+00:00,3,33098,87
2026-09-22T07:17:05.298567+00:00,0,32652,89
2026-09-22T07:17:05.298567+00:00,1,33128,83
2026-09-22T07:17:05.298567+00:00,2,32760,87
2026-09-22T07:17:05.298567+00:00,3,33098,83
2026-09-22T07:17:10.361758+00:00,0,32652,87
2026-09-22T07:17:10.361758+00:00,1,33128,89
2026-09-22T07:17:10.361758+00:00,2,32760,84
2026-09-22T07:17:10.361758+00:00,3,33098,86
2026-09-22T07:17:15.435967+00:00,0,32652,83
2026-09-22T07:17:15.435967+00:00,1,33128,88
2026-09-22T07:17:15.435967+00:00,2,32760,86
2026-09-22T07:17:15.435967+00:00,3,33098,87
2026-09-22T07:17:20.513363+00:00,0,32652,85
2026-09-22T07:17:20.513363+00:00,1,33128,87
2026-09-22T07:17:20.513363+00:00,2,32760,83
2026-09-22T07:17:20.513363+00:00,3,33098,87
2026-09-22T07:17:25.589627+00:00,0,32652,84
2026-09-22T07:17:25.589627+00:00,1,33128,84
2026-09-22T07:17:25.589627+00:00,2,32760,87
2026-09-22T07:17:25.589627+00:00,3,33098,83
2026-09-22T07:17:30.664452+00:00,0,32652,84
2026-09-22T07:17:30.664452+00:00,1,33128,87
2026-09-22T07:17:30.664452+00:00,2,32760,87
2026-09-22T07:17:30.664452+00:00,3,33098,84
2026-09-22T07:17:35.734238+00:00,0,32652,84
2026-09-22T07:17:35.734238+00:00,1,33128,86
2026-09-22T07:17:35.734238+00:00,2,32760,85
2026-09-22T07:17:35.734238+00:00,3,33098,84
2026-09-22T07:17:40.805476+00:00,0,32652,83
2026-09-22T07:17:40.805476+00:00,1,33128,83
2026-09-22T07:17:40.805476+00:00,2,32760,84
2026-09-22T07:17:40.805476+00:00,3,33098,83
2026-09-22T07:17:45.876696+00:00,0,32652,84
2026-09-22T07:17:45.876696+00:00,1,33128,85
2026-09-22T07:17:45.876696+00:00,2,32760,83
2026-09-22T07:17:45.876696+00:00,3,33098,84
2026-09-22T07:17:50.950172+00:00,0,32652,84
2026-09-22T07:17:50.950172+00:00,1,33128,91
2026-09-22T07:17:50.950172+00:00,2,32760,87
2026-09-22T07:17:50.950172+00:00,3,33098,87
2026-09-22T07:17:56.021535+00:00,0,32652,84
2026-09-22T07:17:56.021535+00:00,1,33128,83
2026-09-22T07:17:56.021535+00:00,2,32760,81
2026-09-22T07:17:56.021535+00:00,3,33098,83
2026-09-22T07:18:01.099510+00:00,0,32652,89
2026-09-22T07:18:01.099510+00:00,1,33128,83
2026-09-22T07:18:01.099510+00:00,2,32760,86
2026-09-22T07:18:01.099510+00:00,3,33098,83
2026-09-22T07:18:06.179169+00:00,0,32652,89
2026-09-22T07:18:06.179169+00:00,1,33128,82
2026-09-22T07:18:06.179169+00:00,2,32760,83
2026-09-22T07:18:06.179169+00:00,3,33098,88
2026-09-22T07:18:11.255187+00:00,0,32652,90
2026-09-22T07:18:11.255187+00:00,1,33128,92
2026-09-22T07:18:11.255187+00:00,2,32760,89
2026-09-22T07:18:11.255187+00:00,3,33098,88
2026-09-22T07:18:16.328761+00:00,0,32652,84
2026-09-22T07:18:16.328761+00:00,1,33128,84
2026-09-22T07:18:16.328761+00:00,2,32760,86
2026-09-22T07:18:16.328761+00:00,3,33098,87
2026-09-22T07:18:21.402097+00:00,0,32652,87
2026-09-22T07:18:21.402097+00:00,1,33128,87
2026-09-22T07:18:21.402097+00:00,2,32760,90
2026-09-22T07:18:21.402097+00:00,3,33098,86
2026-09-22T07:18:26.477747+00:00,0,32652,89
2026-09-22T07:18:26.477747+00:00,1,33128,85
2026-09-22T07:18:26.477747+00:00,2,32760,85
2026-09-22T07:18:26.477747+00:00,3,33098,90
2026-09-22T07:18:31.553682+00:00,0,32652,88
2026-09-22T07:18:31.553682+00:00,1,33128,87
2026-09-22T07:18:31.553682+00:00,2,32760,89
2026-09-22T07:18:31.553682+00:00,3,33098,85
2026-09-22T07:18:36.631891+00:00,0,32652,83
2026-09-22T07:18:36.631891+00:00,1,33128,85
2026-09-22T07:18:36.631891+00:00,2,32760,89
2026-09-22T07:18:36.631891+00:00,3,33098,88
2026-09-22T07:18:41.704161+00:00,0,32652,86
2026-09-22T07:18:41.704161+00:00,1,33128,90
2026-09-22T07:18:41.704161+00:00,2,32760,84
2026-09-22T07:18:41.704161+00:00,3,33098,0
2026-09-22T07:18:46.775283+00:00,0,32652,0
2026-09-22T07:18:46.775283+00:00,1,33128,79
2026-09-22T07:18:46.775283+00:00,2,32760,0
2026-09-22T07:18:46.775283+00:00,3,33098,0
2026-09-22T07:18:51.835621+00:00,0,1576,0
2026-09-22T07:18:51.835621+00:00,1,1576,0
2026-09-22T07:18:51.835621+00:00,2,1556,0
2026-09-22T07:18:51.835621+00:00,3,1576,0
2026-09-22T07:18:56.897196+00:00,0,8088,98
2026-09-22T07:18:56.897196+00:00,1,7388,98
2026-09-22T07:18:56.897196+00:00,2,8068,98
2026-09-22T07:18:56.897196+00:00,3,8008,98
2026-09-22T07:19:01.960361+00:00,0,8694,96
2026-09-22T07:19:01.960361+00:00,1,8014,99
2026-09-22T07:19:01.960361+00:00,2,8694,99
2026-09-22T07:19:01.960361+00:00,3,8694,99
2026-09-22T07:19:07.033673+00:00,0,9058,99
2026-09-22T07:19:07.033673+00:00,1,8378,99
2026-09-22T07:19:07.033673+00:00,2,9018,97
2026-09-22T07:19:07.033673+00:00,3,9058,99
2026-09-22T07:19:12.101658+00:00,0,9402,99
2026-09-22T07:19:12.101658+00:00,1,8842,99
2026-09-22T07:19:12.101658+00:00,2,9402,99
2026-09-22T07:19:12.101658+00:00,3,9402,99
2026-09-22T07:19:17.171220+00:00,0,9726,99
2026-09-22T07:19:17.171220+00:00,1,9126,99
2026-09-22T07:19:17.171220+00:00,2,9706,99
2026-09-22T07:19:17.171220+00:00,3,9748,96
2026-09-22T07:19:22.241709+00:00,0,10150,99
2026-09-22T07:19:22.241709+00:00,1,9570,99
2026-09-22T07:19:22.241709+00:00,2,10110,99
2026-09-22T07:19:22.241709+00:00,3,10110,99
2026-09-22T07:19:27.309401+00:00,0,10154,99
2026-09-22T07:19:27.309401+00:00,1,9574,97
2026-09-22T07:19:27.309401+00:00,2,10114,97
2026-09-22T07:19:27.309401+00:00,3,10114,99
2026-09-22T07:19:32.376051+00:00,0,10158,96
2026-09-22T07:19:32.376051+00:00,1,9578,96
2026-09-22T07:19:32.376051+00:00,2,10118,99
2026-09-22T07:19:32.376051+00:00,3,10118,97
2026-09-22T07:19:37.444796+00:00,0,10164,96
2026-09-22T07:19:37.444796+00:00,1,9584,99
2026-09-22T07:19:37.444796+00:00,2,10124,99
2026-09-22T07:19:37.444796+00:00,3,10124,99
2026-09-22T07:19:42.519484+00:00,0,10168,99
2026-09-22T07:19:42.519484+00:00,1,9588,98
2026-09-22T07:19:42.519484+00:00,2,10128,99
2026-09-22T07:19:42.519484+00:00,3,10128,96
2026-09-22T07:19:47.581516+00:00,0,9450,97
2026-09-22T07:19:47.581516+00:00,1,8870,97
2026-09-22T07:19:47.581516+00:00,2,9390,97
2026-09-22T07:19:47.581516+00:00,3,9330,97
2026-09-22T07:19:52.646328+00:00,0,18676,99
2026-09-22T07:19:52.646328+00:00,1,18696,99
2026-09-22T07:19:52.646328+00:00,2,18636,91
2026-09-22T07:19:52.646328+00:00,3,18716,97
2026-09-22T07:19:57.712385+00:00,0,19038,99
2026-09-22T07:19:57.712385+00:00,1,19558,98
2026-09-22T07:19:57.712385+00:00,2,19618,97
2026-09-22T07:19:57.712385+00:00,3,18878,99
2026-09-22T07:20:02.779604+00:00,0,20920,97
2026-09-22T07:20:02.779604+00:00,1,20940,97
2026-09-22T07:20:02.779604+00:00,2,20920,98
2026-09-22T07:20:02.779604+00:00,3,20862,100
2026-09-22T07:20:07.850371+00:00,0,21484,99
2026-09-22T07:20:07.850371+00:00,1,21464,99
2026-09-22T07:20:07.850371+00:00,2,21344,97
2026-09-22T07:20:07.850371+00:00,3,21344,99
2026-09-22T07:20:12.919646+00:00,0,21486,96
2026-09-22T07:20:12.919646+00:00,1,21464,98
2026-09-22T07:20:12.919646+00:00,2,21346,97
2026-09-22T07:20:12.919646+00:00,3,21346,95
2026-09-22T07:20:17.988107+00:00,0,21488,94
2026-09-22T07:20:17.988107+00:00,1,21466,95
2026-09-22T07:20:17.988107+00:00,2,21348,94
2026-09-22T07:20:17.988107+00:00,3,21348,99
2026-09-22T07:20:23.051303+00:00,0,21494,91
2026-09-22T07:20:23.051303+00:00,1,21474,93
2026-09-22T07:20:23.051303+00:00,2,21354,99
2026-09-22T07:20:23.051303+00:00,3,21354,95
2026-09-22T07:20:28.123520+00:00,0,21494,99
2026-09-22T07:20:28.123520+00:00,1,21474,89
2026-09-22T07:20:28.123520+00:00,2,21354,93
2026-09-22T07:20:28.123520+00:00,3,21354,93
2026-09-22T07:20:33.197560+00:00,0,25734,99
2026-09-22T07:20:33.197560+00:00,1,25714,99
2026-09-22T07:20:33.197560+00:00,2,25654,99
2026-09-22T07:20:33.197560+00:00,3,25614,99
2026-09-22T07:20:38.270365+00:00,0,25734,98
2026-09-22T07:20:38.270365+00:00,1,25814,99
2026-09-22T07:20:38.270365+00:00,2,25674,100
2026-09-22T07:20:38.270365+00:00,3,25734,98
2026-09-22T07:20:43.342411+00:00,0,25774,99
2026-09-22T07:20:43.342411+00:00,1,25814,100
2026-09-22T07:20:43.342411+00:00,2,25774,100
2026-09-22T07:20:43.342411+00:00,3,25874,99
2026-09-22T07:20:48.412235+00:00,0,25774,98
2026-09-22T07:20:48.412235+00:00,1,25814,87
2026-09-22T07:20:48.412235+00:00,2,25774,99
2026-09-22T07:20:48.412235+00:00,3,25874,99
2026-09-22T07:20:53.486225+00:00,0,25774,99
2026-09-22T07:20:53.486225+00:00,1,25814,99
2026-09-22T07:20:53.486225+00:00,2,25774,99
2026-09-22T07:20:53.486225+00:00,3,25874,99
2026-09-22T07:20:58.558111+00:00,0,25774,99
2026-09-22T07:20:58.558111+00:00,1,25814,100
2026-09-22T07:20:58.558111+00:00,2,25774,99
2026-09-22T07:20:58.558111+00:00,3,25874,99
2026-09-22T07:21:03.630478+00:00,0,25774,91
2026-09-22T07:21:03.630478+00:00,1,25814,90
2026-09-22T07:21:03.630478+00:00,2,25774,91
2026-09-22T07:21:03.630478+00:00,3,25874,99
2026-09-22T07:21:08.702767+00:00,0,25774,100
2026-09-22T07:21:08.702767+00:00,1,25814,99
2026-09-22T07:21:08.702767+00:00,2,25774,96
2026-09-22T07:21:08.702767+00:00,3,25874,97
2026-09-22T07:21:13.766076+00:00,0,25774,93
2026-09-22T07:21:13.766076+00:00,1,25814,95
2026-09-22T07:21:13.766076+00:00,2,25774,100
2026-09-22T07:21:13.766076+00:00,3,25874,99
2026-09-22T07:21:18.836242+00:00,0,25774,91
2026-09-22T07:21:18.836242+00:00,1,25814,88
2026-09-22T07:21:18.836242+00:00,2,25774,93
2026-09-22T07:21:18.836242+00:00,3,25874,99
2026-09-22T07:21:23.900703+00:00,0,25774,89
2026-09-22T07:21:23.900703+00:00,1,25814,97
2026-09-22T07:21:23.900703+00:00,2,25774,99
2026-09-22T07:21:23.900703+00:00,3,25874,100
2026-09-22T07:21:28.969707+00:00,0,25774,99
2026-09-22T07:21:28.969707+00:00,1,25814,99
2026-09-22T07:21:28.969707+00:00,2,25774,98
2026-09-22T07:21:28.969707+00:00,3,25874,98
2026-09-22T07:21:34.042496+00:00,0,25834,99
2026-09-22T07:21:34.042496+00:00,1,25814,99
2026-09-22T07:21:34.042496+00:00,2,25774,99
2026-09-22T07:21:34.042496+00:00,3,25874,99
2026-09-22T07:21:39.115447+00:00,0,25834,98
2026-09-22T07:21:39.115447+00:00,1,25814,98
2026-09-22T07:21:39.115447+00:00,2,25774,99
2026-09-22T07:21:39.115447+00:00,3,25874,99
2026-09-22T07:21:44.178921+00:00,0,25834,99
2026-09-22T07:21:44.178921+00:00,1,25814,99
2026-09-22T07:21:44.178921+00:00,2,25834,99
2026-09-22T07:21:44.178921+00:00,3,25894,100
2026-09-22T07:21:49.253761+00:00,0,25834,100
2026-09-22T07:21:49.253761+00:00,1,25814,100
2026-09-22T07:21:49.253761+00:00,2,25834,99
2026-09-22T07:21:49.253761+00:00,3,25894,100
2026-09-22T07:21:54.325288+00:00,0,25834,98
2026-09-22T07:21:54.325288+00:00,1,25814,98
2026-09-22T07:21:54.325288+00:00,2,25834,98
2026-09-22T07:21:54.325288+00:00,3,25894,98
2026-09-22T07:21:59.392828+00:00,0,25834,97
2026-09-22T07:21:59.392828+00:00,1,25814,95
2026-09-22T07:21:59.392828+00:00,2,25834,96
2026-09-22T07:21:59.392828+00:00,3,25894,93
2026-09-22T07:22:04.460371+00:00,0,25834,97
2026-09-22T07:22:04.460371+00:00,1,25814,96
2026-09-22T07:22:04.460371+00:00,2,25834,93
2026-09-22T07:22:04.460371+00:00,3,25894,99
2026-09-22T07:22:09.525893+00:00,0,25834,93
2026-09-22T07:22:09.525893+00:00,1,25814,94
2026-09-22T07:22:09.525893+00:00,2,25834,94
2026-09-22T07:22:09.525893+00:00,3,25894,93
2026-09-22T07:22:14.586165+00:00,0,25834,99
2026-09-22T07:22:14.586165+00:00,1,25814,86
2026-09-22T07:22:14.586165+00:00,2,25834,86
2026-09-22T07:22:14.586165+00:00,3,25894,97
2026-09-22T07:22:19.657089+00:00,0,25834,99
2026-09-22T07:22:19.657089+00:00,1,25814,97
2026-09-22T07:22:19.657089+00:00,2,25834,97
2026-09-22T07:22:19.657089+00:00,3,25894,99
2026-09-22T07:22:24.726568+00:00,0,25834,99
2026-09-22T07:22:24.726568+00:00,1,25814,97
2026-09-22T07:22:24.726568+00:00,2,25834,97
2026-09-22T07:22:24.726568+00:00,3,25894,99
2026-09-22T07:22:29.809160+00:00,0,25834,88
2026-09-22T07:22:29.809160+00:00,1,25814,88
2026-09-22T07:22:29.809160+00:00,2,25834,95
2026-09-22T07:22:29.809160+00:00,3,25894,87
2026-09-22T07:22:34.878560+00:00,0,25834,99
2026-09-22T07:22:34.878560+00:00,1,25814,99
2026-09-22T07:22:34.878560+00:00,2,25834,98
2026-09-22T07:22:34.878560+00:00,3,25894,99
2026-09-22T07:22:39.941171+00:00,0,25834,99
2026-09-22T07:22:39.941171+00:00,1,25814,97
2026-09-22T07:22:39.941171+00:00,2,25834,99
2026-09-22T07:22:39.941171+00:00,3,25894,97
2026-09-22T07:22:45.008258+00:00,0,10096,5
2026-09-22T07:22:45.008258+00:00,1,10096,36
2026-09-22T07:22:45.008258+00:00,2,10076,19
2026-09-22T07:22:45.008258+00:00,3,10096,5
2026-09-22T07:22:50.061604+00:00,0,10792,6
2026-09-22T07:22:50.061604+00:00,1,10586,8
2026-09-22T07:22:50.061604+00:00,2,10996,6
2026-09-22T07:22:50.061604+00:00,3,10668,7
2026-09-22T07:22:55.121048+00:00,0,11426,28
2026-09-22T07:22:55.121048+00:00,1,11406,17
2026-09-22T07:22:55.121048+00:00,2,11406,33
2026-09-22T07:22:55.121048+00:00,3,11426,20
2026-09-22T07:23:00.180336+00:00,0,5208,0
2026-09-22T07:23:00.180336+00:00,1,5208,0
2026-09-22T07:23:00.180336+00:00,2,5188,0
2026-09-22T07:23:00.180336+00:00,3,5208,9
2026-09-22T07:23:05.234194+00:00,0,33058,79
2026-09-22T07:23:05.234194+00:00,1,32992,61
2026-09-22T07:23:05.234194+00:00,2,32898,64
2026-09-22T07:23:05.234194+00:00,3,32896,67
2026-09-22T07:23:10.300281+00:00,0,33058,71
2026-09-22T07:23:10.300281+00:00,1,32992,66
2026-09-22T07:23:10.300281+00:00,2,32898,75
2026-09-22T07:23:10.300281+00:00,3,32896,70
2026-09-22T07:23:15.364372+00:00,0,33058,74
2026-09-22T07:23:15.364372+00:00,1,32992,66
2026-09-22T07:23:15.364372+00:00,2,32898,74
2026-09-22T07:23:15.364372+00:00,3,32896,77
2026-09-22T07:23:20.431602+00:00,0,33058,73
2026-09-22T07:23:20.431602+00:00,1,32992,73
2026-09-22T07:23:20.431602+00:00,2,32898,75
2026-09-22T07:23:20.431602+00:00,3,32896,80
2026-09-22T07:23:25.496450+00:00,0,33058,76
2026-09-22T07:23:25.496450+00:00,1,32992,73
2026-09-22T07:23:25.496450+00:00,2,32898,73
2026-09-22T07:23:25.496450+00:00,3,32896,73
2026-09-22T07:23:30.558081+00:00,0,33058,74
2026-09-22T07:23:30.558081+00:00,1,32992,69
2026-09-22T07:23:30.558081+00:00,2,32898,75
2026-09-22T07:23:30.558081+00:00,3,32896,72
2026-09-22T07:23:35.628920+00:00,0,33058,75
2026-09-22T07:23:35.628920+00:00,1,32992,74
2026-09-22T07:23:35.628920+00:00,2,32898,76
2026-09-22T07:23:35.628920+00:00,3,32896,72
2026-09-22T07:23:40.698583+00:00,0,33058,70
2026-09-22T07:23:40.698583+00:00,1,32992,79
2026-09-22T07:23:40.698583+00:00,2,32898,80
2026-09-22T07:23:40.698583+00:00,3,32896,76
2026-09-22T07:23:45.770460+00:00,0,33058,79
2026-09-22T07:23:45.770460+00:00,1,32992,87
2026-09-22T07:23:45.770460+00:00,2,32898,77
2026-09-22T07:23:45.770460+00:00,3,32896,79
2026-09-22T07:23:50.842847+00:00,0,33058,78
2026-09-22T07:23:50.842847+00:00,1,32992,74
2026-09-22T07:23:50.842847+00:00,2,32898,78
2026-09-22T07:23:50.842847+00:00,3,32896,74
2026-09-22T07:23:55.912108+00:00,0,33058,73
2026-09-22T07:23:55.912108+00:00,1,32992,78
2026-09-22T07:23:55.912108+00:00,2,32898,75
2026-09-22T07:23:55.912108+00:00,3,32896,79
2026-09-22T07:24:00.984633+00:00,0,33058,76
2026-09-22T07:24:00.984633+00:00,1,32992,80
2026-09-22T07:24:00.984633+00:00,2,32898,74
2026-09-22T07:24:00.984633+00:00,3,32896,78
2026-09-22T07:24:06.067658+00:00,0,33058,81
2026-09-22T07:24:06.067658+00:00,1,32992,73
2026-09-22T07:24:06.067658+00:00,2,32898,76
2026-09-22T07:24:06.067658+00:00,3,32896,76
2026-09-22T07:24:11.135037+00:00,0,33058,82
2026-09-22T07:24:11.135037+00:00,1,32992,79
2026-09-22T07:24:11.135037+00:00,2,32898,79
2026-09-22T07:24:11.135037+00:00,3,32896,85
2026-09-22T07:24:16.215148+00:00,0,33058,79
2026-09-22T07:24:16.215148+00:00,1,32992,77
2026-09-22T07:24:16.215148+00:00,2,32898,82
2026-09-22T07:24:16.215148+00:00,3,32896,80
2026-09-22T07:24:21.288476+00:00,0,33058,79
2026-09-22T07:24:21.288476+00:00,1,32992,75
2026-09-22T07:24:21.288476+00:00,2,32898,81
2026-09-22T07:24:21.288476+00:00,3,32896,81
2026-09-22T07:24:26.359859+00:00,0,33058,82
2026-09-22T07:24:26.359859+00:00,1,32992,84
2026-09-22T07:24:26.359859+00:00,2,32898,81
2026-09-22T07:24:26.359859+00:00,3,32896,82
2026-09-22T07:24:31.435902+00:00,0,33058,82
2026-09-22T07:24:31.435902+00:00,1,32992,76
2026-09-22T07:24:31.435902+00:00,2,32898,80
2026-09-22T07:24:31.435902+00:00,3,32896,84
2026-09-22T07:24:36.508725+00:00,0,33058,83
2026-09-22T07:24:36.508725+00:00,1,32992,77
2026-09-22T07:24:36.508725+00:00,2,32898,85
2026-09-22T07:24:36.508725+00:00,3,32896,86
2026-09-22T07:24:41.580704+00:00,0,33058,82
2026-09-22T07:24:41.580704+00:00,1,32992,85
2026-09-22T07:24:41.580704+00:00,2,32898,83
2026-09-22T07:24:41.580704+00:00,3,32896,84
2026-09-22T07:24:46.655782+00:00,0,33058,82
2026-09-22T07:24:46.655782+00:00,1,32992,83
2026-09-22T07:24:46.655782+00:00,2,32898,83
2026-09-22T07:24:46.655782+00:00,3,32896,87
2026-09-22T07:24:51.732466+00:00,0,33058,82
2026-09-22T07:24:51.732466+00:00,1,32992,82
2026-09-22T07:24:51.732466+00:00,2,32898,92
2026-09-22T07:24:51.732466+00:00,3,32896,88
2026-09-22T07:24:56.804305+00:00,0,33058,84
2026-09-22T07:24:56.804305+00:00,1,32992,84
2026-09-22T07:24:56.804305+00:00,2,32898,83
2026-09-22T07:24:56.804305+00:00,3,32896,82
2026-09-22T07:25:01.876179+00:00,0,33058,82
2026-09-22T07:25:01.876179+00:00,1,32992,85
2026-09-22T07:25:01.876179+00:00,2,32898,82
2026-09-22T07:25:01.876179+00:00,3,32896,88
2026-09-22T07:25:06.945266+00:00,0,33058,84
2026-09-22T07:25:06.945266+00:00,1,32992,82
2026-09-22T07:25:06.945266+00:00,2,32898,84
2026-09-22T07:25:06.945266+00:00,3,32896,84
2026-09-22T07:25:12.020565+00:00,0,33058,83
2026-09-22T07:25:12.020565+00:00,1,32992,82
2026-09-22T07:25:12.020565+00:00,2,32898,86
2026-09-22T07:25:12.020565+00:00,3,32896,83
2026-09-22T07:25:17.097868+00:00,0,33058,81
2026-09-22T07:25:17.097868+00:00,1,32992,83
2026-09-22T07:25:17.097868+00:00,2,32898,83
2026-09-22T07:25:17.097868+00:00,3,32896,89
2026-09-22T07:25:22.168429+00:00,0,33058,88
2026-09-22T07:25:22.168429+00:00,1,32992,83
2026-09-22T07:25:22.168429+00:00,2,32898,88
2026-09-22T07:25:22.168429+00:00,3,32896,85
2026-09-22T07:25:27.241870+00:00,0,33058,88
2026-09-22T07:25:27.241870+00:00,1,32992,84
2026-09-22T07:25:27.241870+00:00,2,32898,80
2026-09-22T07:25:27.241870+00:00,3,32896,87
2026-09-22T07:25:32.311267+00:00,0,33058,83
2026-09-22T07:25:32.311267+00:00,1,32992,82
2026-09-22T07:25:32.311267+00:00,2,32898,84
2026-09-22T07:25:32.311267+00:00,3,32896,86
2026-09-22T07:25:37.382968+00:00,0,33058,90
2026-09-22T07:25:37.382968+00:00,1,32992,87
2026-09-22T07:25:37.382968+00:00,2,32898,88
2026-09-22T07:25:37.382968+00:00,3,32896,88
2026-09-22T07:25:42.459205+00:00,0,33058,88
2026-09-22T07:25:42.459205+00:00,1,32992,88
2026-09-22T07:25:42.459205+00:00,2,32898,85
2026-09-22T07:25:42.459205+00:00,3,32896,87
2026-09-22T07:25:47.522740+00:00,0,33058,85
2026-09-22T07:25:47.522740+00:00,1,32992,81
2026-09-22T07:25:47.522740+00:00,2,32898,85
2026-09-22T07:25:47.522740+00:00,3,32896,84
2026-09-22T07:25:52.594576+00:00,0,33058,85
2026-09-22T07:25:52.594576+00:00,1,32992,83
2026-09-22T07:25:52.594576+00:00,2,32898,86
2026-09-22T07:25:52.594576+00:00,3,32896,85
2026-09-22T07:25:57.667518+00:00,0,33058,86
2026-09-22T07:25:57.667518+00:00,1,32992,88
2026-09-22T07:25:57.667518+00:00,2,32898,85
2026-09-22T07:25:57.667518+00:00,3,32896,83
2026-09-22T07:26:02.734092+00:00,0,33058,88
2026-09-22T07:26:02.734092+00:00,1,32992,88
2026-09-22T07:26:02.734092+00:00,2,32898,88
2026-09-22T07:26:02.734092+00:00,3,32896,88
2026-09-22T07:26:07.803794+00:00,0,33058,86
2026-09-22T07:26:07.803794+00:00,1,32992,86
2026-09-22T07:26:07.803794+00:00,2,32898,86
2026-09-22T07:26:07.803794+00:00,3,32896,83
2026-09-22T07:26:12.873887+00:00,0,33058,87
2026-09-22T07:26:12.873887+00:00,1,32992,85
2026-09-22T07:26:12.873887+00:00,2,32898,85
2026-09-22T07:26:12.873887+00:00,3,32896,86
2026-09-22T07:26:17.942720+00:00,0,33058,86
2026-09-22T07:26:17.942720+00:00,1,32992,83
2026-09-22T07:26:17.942720+00:00,2,32898,84
2026-09-22T07:26:17.942720+00:00,3,32896,86
2026-09-22T07:26:23.016447+00:00,0,33058,82
2026-09-22T07:26:23.016447+00:00,1,32992,88
2026-09-22T07:26:23.016447+00:00,2,32898,86
2026-09-22T07:26:23.016447+00:00,3,32896,89
2026-09-22T07:26:28.093676+00:00,0,33058,86
2026-09-22T07:26:28.093676+00:00,1,32992,88
2026-09-22T07:26:28.093676+00:00,2,32898,85
2026-09-22T07:26:28.093676+00:00,3,32896,87
2026-09-22T07:26:33.165290+00:00,0,33058,84
2026-09-22T07:26:33.165290+00:00,1,32992,84
2026-09-22T07:26:33.165290+00:00,2,32898,87
2026-09-22T07:26:33.165290+00:00,3,32896,87
2026-09-22T07:26:38.236669+00:00,0,33058,90
2026-09-22T07:26:38.236669+00:00,1,32992,88
2026-09-22T07:26:38.236669+00:00,2,32898,86
2026-09-22T07:26:38.236669+00:00,3,32896,88
2026-09-22T07:26:43.313357+00:00,0,33058,81
2026-09-22T07:26:43.313357+00:00,1,32992,88
2026-09-22T07:26:43.313357+00:00,2,32898,87
2026-09-22T07:26:43.313357+00:00,3,32896,84
2026-09-22T07:26:48.389169+00:00,0,33058,88
2026-09-22T07:26:48.389169+00:00,1,32992,89
2026-09-22T07:26:48.389169+00:00,2,32898,86
2026-09-22T07:26:48.389169+00:00,3,32896,85
2026-09-22T07:26:53.469001+00:00,0,33058,83
2026-09-22T07:26:53.469001+00:00,1,32992,90
2026-09-22T07:26:53.469001+00:00,2,32898,88
2026-09-22T07:26:53.469001+00:00,3,32896,86
2026-09-22T07:26:58.544455+00:00,0,33058,86
2026-09-22T07:26:58.544455+00:00,1,32992,85
2026-09-22T07:26:58.544455+00:00,2,32898,88
2026-09-22T07:26:58.544455+00:00,3,32896,88
2026-09-22T07:27:03.614927+00:00,0,33058,87
2026-09-22T07:27:03.614927+00:00,1,32992,84
2026-09-22T07:27:03.614927+00:00,2,32898,86
2026-09-22T07:27:03.614927+00:00,3,32896,84
2026-09-22T07:27:08.692805+00:00,0,33058,89
2026-09-22T07:27:08.692805+00:00,1,32992,87
2026-09-22T07:27:08.692805+00:00,2,32898,86
2026-09-22T07:27:08.692805+00:00,3,32896,87
2026-09-22T07:27:13.758791+00:00,0,33058,87
2026-09-22T07:27:13.758791+00:00,1,32992,87
2026-09-22T07:27:13.758791+00:00,2,32898,83
2026-09-22T07:27:13.758791+00:00,3,32896,87
2026-09-22T07:27:18.830864+00:00,0,33058,86
2026-09-22T07:27:18.830864+00:00,1,32992,88
2026-09-22T07:27:18.830864+00:00,2,32898,87
2026-09-22T07:27:18.830864+00:00,3,32896,86
2026-09-22T07:27:23.905254+00:00,0,33058,0
2026-09-22T07:27:23.905254+00:00,1,32992,87
2026-09-22T07:27:23.905254+00:00,2,32900,0
2026-09-22T07:27:23.905254+00:00,3,32896,88
2026-09-22T07:27:28.970286+00:00,0,33058,0
2026-09-22T07:27:28.970286+00:00,1,32992,86
2026-09-22T07:27:28.970286+00:00,2,32900,0
2026-09-22T07:27:28.970286+00:00,3,32896,82
2026-09-22T07:27:34.033983+00:00,0,2546,100
2026-09-22T07:27:34.033983+00:00,1,2480,100
2026-09-22T07:27:34.033983+00:00,2,2388,100
2026-09-22T07:27:34.033983+00:00,3,2384,100
2026-09-22T07:27:39.091284+00:00,0,7868,95
2026-09-22T07:27:39.091284+00:00,1,7208,95
2026-09-22T07:27:39.091284+00:00,2,7868,99
2026-09-22T07:27:39.091284+00:00,3,7868,96
2026-09-22T07:27:44.157209+00:00,0,8572,99
2026-09-22T07:27:44.157209+00:00,1,7992,96
2026-09-22T07:27:44.157209+00:00,2,8612,99
2026-09-22T07:27:44.157209+00:00,3,8592,99
2026-09-22T07:27:49.222560+00:00,0,8958,99
2026-09-22T07:27:49.222560+00:00,1,8318,99
2026-09-22T07:27:49.222560+00:00,2,8958,99
2026-09-22T07:27:49.222560+00:00,3,8938,99
2026-09-22T07:27:54.292469+00:00,0,9282,99
2026-09-22T07:27:54.292469+00:00,1,8642,99
2026-09-22T07:27:54.292469+00:00,2,9302,99
2026-09-22T07:27:54.292469+00:00,3,9302,99
2026-09-22T07:27:59.359640+00:00,0,9786,99
2026-09-22T07:27:59.359640+00:00,1,9206,99
2026-09-22T07:27:59.359640+00:00,2,9786,99
2026-09-22T07:27:59.359640+00:00,3,9786,99
2026-09-22T07:28:04.425205+00:00,0,10050,99
2026-09-22T07:28:04.425205+00:00,1,9410,99
2026-09-22T07:28:04.425205+00:00,2,10030,99
2026-09-22T07:28:04.425205+00:00,3,10030,99
2026-09-22T07:28:09.487801+00:00,0,10054,99
2026-09-22T07:28:09.487801+00:00,1,9414,99
2026-09-22T07:28:09.487801+00:00,2,10034,99
2026-09-22T07:28:09.487801+00:00,3,10034,97
2026-09-22T07:28:14.554028+00:00,0,10058,96
2026-09-22T07:28:14.554028+00:00,1,9418,99
2026-09-22T07:28:14.554028+00:00,2,10038,98
2026-09-22T07:28:14.554028+00:00,3,10038,97
2026-09-22T07:28:19.621674+00:00,0,10062,99
2026-09-22T07:28:19.621674+00:00,1,9422,99
2026-09-22T07:28:19.621674+00:00,2,10042,99
2026-09-22T07:28:19.621674+00:00,3,10042,99
2026-09-22T07:28:24.688421+00:00,0,10068,99
2026-09-22T07:28:24.688421+00:00,1,9428,99
2026-09-22T07:28:24.688421+00:00,2,10048,99
2026-09-22T07:28:24.688421+00:00,3,10048,99
2026-09-22T07:28:29.759070+00:00,0,1576,57
2026-09-22T07:28:29.759070+00:00,1,1616,0
2026-09-22T07:28:29.759070+00:00,2,1596,28
2026-09-22T07:28:29.759070+00:00,3,1576,66
2026-09-22T07:28:34.808174+00:00,0,19076,98
2026-09-22T07:28:34.808174+00:00,1,18956,97
2026-09-22T07:28:34.808174+00:00,2,19378,98
2026-09-22T07:28:34.808174+00:00,3,19036,99
2026-09-22T07:28:39.875444+00:00,0,20880,97
2026-09-22T07:28:39.875444+00:00,1,20840,99
2026-09-22T07:28:39.875444+00:00,2,20820,99
2026-09-22T07:28:39.875444+00:00,3,21000,99
2026-09-22T07:28:44.945589+00:00,0,21682,97
2026-09-22T07:28:44.945589+00:00,1,21722,97
2026-09-22T07:28:44.945589+00:00,2,21802,99
2026-09-22T07:28:44.945589+00:00,3,21682,99
2026-09-22T07:28:50.013960+00:00,0,21684,97
2026-09-22T07:28:50.013960+00:00,1,21724,97
2026-09-22T07:28:50.013960+00:00,2,21806,99
2026-09-22T07:28:50.013960+00:00,3,21684,99
2026-09-22T07:28:55.087904+00:00,0,21686,99
2026-09-22T07:28:55.087904+00:00,1,21726,97
2026-09-22T07:28:55.087904+00:00,2,21806,99
2026-09-22T07:28:55.087904+00:00,3,21686,99
2026-09-22T07:29:00.169546+00:00,0,21694,100
2026-09-22T07:29:00.169546+00:00,1,21734,99
2026-09-22T07:29:00.169546+00:00,2,21814,97
2026-09-22T07:29:00.169546+00:00,3,21694,90
2026-09-22T07:29:05.255196+00:00,0,21694,97
2026-09-22T07:29:05.255196+00:00,1,21734,99
2026-09-22T07:29:05.255196+00:00,2,21814,95
2026-09-22T07:29:05.255196+00:00,3,21694,91
2026-09-22T07:29:10.325406+00:00,0,21694,96
2026-09-22T07:29:10.325406+00:00,1,21734,91
2026-09-22T07:29:10.325406+00:00,2,21814,97
2026-09-22T07:29:10.325406+00:00,3,21694,99
2026-09-22T07:29:15.396816+00:00,0,25694,99
2026-09-22T07:29:15.396816+00:00,1,25734,98
2026-09-22T07:29:15.396816+00:00,2,25754,99
2026-09-22T07:29:15.396816+00:00,3,25774,99
2026-09-22T07:29:20.472350+00:00,0,25754,99
2026-09-22T07:29:20.472350+00:00,1,25774,99
2026-09-22T07:29:20.472350+00:00,2,25854,99
2026-09-22T07:29:20.472350+00:00,3,25814,99
2026-09-22T07:29:25.546329+00:00,0,25754,99
2026-09-22T07:29:25.546329+00:00,1,25794,98
2026-09-22T07:29:25.546329+00:00,2,25854,99
2026-09-22T07:29:25.546329+00:00,3,25814,99
2026-09-22T07:29:30.628210+00:00,0,25754,99
2026-09-22T07:29:30.628210+00:00,1,25794,99
2026-09-22T07:29:30.628210+00:00,2,25854,98
2026-09-22T07:29:30.628210+00:00,3,25834,99
2026-09-22T07:29:35.699563+00:00,0,25754,99
2026-09-22T07:29:35.699563+00:00,1,25794,99
2026-09-22T07:29:35.699563+00:00,2,25854,99
2026-09-22T07:29:35.699563+00:00,3,25834,99
2026-09-22T07:29:40.771107+00:00,0,25754,98
2026-09-22T07:29:40.771107+00:00,1,25794,98
2026-09-22T07:29:40.771107+00:00,2,25854,98
2026-09-22T07:29:40.771107+00:00,3,25834,99
2026-09-22T07:29:45.846493+00:00,0,25754,97
2026-09-22T07:29:45.846493+00:00,1,25794,93
2026-09-22T07:29:45.846493+00:00,2,25854,96
2026-09-22T07:29:45.846493+00:00,3,25834,95
2026-09-22T07:29:50.916505+00:00,0,25754,90
2026-09-22T07:29:50.916505+00:00,1,25794,98
2026-09-22T07:29:50.916505+00:00,2,25854,88
2026-09-22T07:29:50.916505+00:00,3,25834,86
2026-09-22T07:29:55.985239+00:00,0,25754,94
2026-09-22T07:29:55.985239+00:00,1,25794,100
2026-09-22T07:29:55.985239+00:00,2,25854,94
2026-09-22T07:29:55.985239+00:00,3,25834,93
2026-09-22T07:30:01.063629+00:00,0,25754,91
2026-09-22T07:30:01.063629+00:00,1,25794,92
2026-09-22T07:30:01.063629+00:00,2,25854,92
2026-09-22T07:30:01.063629+00:00,3,25834,99
2026-09-22T07:30:06.132795+00:00,0,25754,94
2026-09-22T07:30:06.132795+00:00,1,25794,99
2026-09-22T07:30:06.132795+00:00,2,25854,97
2026-09-22T07:30:06.132795+00:00,3,25834,94
2026-09-22T07:30:11.206779+00:00,0,25754,99
2026-09-22T07:30:11.206779+00:00,1,25814,100
2026-09-22T07:30:11.206779+00:00,2,25854,99
2026-09-22T07:30:11.206779+00:00,3,25834,99
2026-09-22T07:30:16.287464+00:00,0,25754,98
2026-09-22T07:30:16.287464+00:00,1,25814,98
2026-09-22T07:30:16.287464+00:00,2,25854,99
2026-09-22T07:30:16.287464+00:00,3,25834,98
2026-09-22T07:30:21.361794+00:00,0,25814,99
2026-09-22T07:30:21.361794+00:00,1,25814,99
2026-09-22T07:30:21.361794+00:00,2,25854,99
2026-09-22T07:30:21.361794+00:00,3,25834,99
2026-09-22T07:30:26.444336+00:00,0,25814,98
2026-09-22T07:30:26.444336+00:00,1,25814,98
2026-09-22T07:30:26.444336+00:00,2,25854,98
2026-09-22T07:30:26.444336+00:00,3,25834,99
2026-09-22T07:30:31.518520+00:00,0,25814,99
2026-09-22T07:30:31.518520+00:00,1,25814,99
2026-09-22T07:30:31.518520+00:00,2,25854,99
2026-09-22T07:30:31.518520+00:00,3,25834,99
2026-09-22T07:30:36.588034+00:00,0,25814,99
2026-09-22T07:30:36.588034+00:00,1,25814,99
2026-09-22T07:30:36.588034+00:00,2,25854,99
2026-09-22T07:30:36.588034+00:00,3,25834,99
2026-09-22T07:30:41.671683+00:00,0,25814,93
2026-09-22T07:30:41.671683+00:00,1,25814,99
2026-09-22T07:30:41.671683+00:00,2,25854,95
2026-09-22T07:30:41.671683+00:00,3,25834,95
2026-09-22T07:30:46.741195+00:00,0,25814,97
2026-09-22T07:30:46.741195+00:00,1,25814,100
2026-09-22T07:30:46.741195+00:00,2,25854,87
2026-09-22T07:30:46.741195+00:00,3,25834,94
2026-09-22T07:30:51.810391+00:00,0,25814,98
2026-09-22T07:30:51.810391+00:00,1,25814,99
2026-09-22T07:30:51.810391+00:00,2,25854,96
2026-09-22T07:30:51.810391+00:00,3,25834,98
2026-09-22T07:30:56.884779+00:00,0,25814,94
2026-09-22T07:30:56.884779+00:00,1,25814,95
2026-09-22T07:30:56.884779+00:00,2,25854,95
2026-09-22T07:30:56.884779+00:00,3,25834,93
2026-09-22T07:31:01.964058+00:00,0,25814,87
2026-09-22T07:31:01.964058+00:00,1,25814,98
2026-09-22T07:31:01.964058+00:00,2,25854,87
2026-09-22T07:31:01.964058+00:00,3,25834,84
2026-09-22T07:31:07.037172+00:00,0,25814,87
2026-09-22T07:31:07.037172+00:00,1,25814,97
2026-09-22T07:31:07.037172+00:00,2,25854,98
2026-09-22T07:31:07.037172+00:00,3,25834,98
2026-09-22T07:31:12.111175+00:00,0,25814,0
2026-09-22T07:31:12.111175+00:00,1,25814,97
2026-09-22T07:31:12.111175+00:00,2,25854,0
2026-09-22T07:31:12.111175+00:00,3,25834,0
2026-09-22T07:31:17.180814+00:00,0,25814,97
2026-09-22T07:31:17.180814+00:00,1,25814,97
2026-09-22T07:31:17.180814+00:00,2,25854,99
2026-09-22T07:31:17.180814+00:00,3,25834,99
2026-09-22T07:31:22.252745+00:00,0,5966,100
2026-09-22T07:31:22.252745+00:00,1,5946,100
2026-09-22T07:31:22.252745+00:00,2,5946,100
2026-09-22T07:31:22.252745+00:00,3,5966,89
2026-09-22T07:31:27.316487+00:00,0,10096,6
2026-09-22T07:31:27.316487+00:00,1,10096,8
2026-09-22T07:31:27.316487+00:00,2,10076,8
2026-09-22T07:31:27.316487+00:00,3,10096,7
2026-09-22T07:31:32.374839+00:00,0,11426,100
2026-09-22T07:31:32.374839+00:00,1,11364,8
2026-09-22T07:31:32.374839+00:00,2,11386,8
2026-09-22T07:31:32.374839+00:00,3,11426,100
2026-09-22T07:31:37.434835+00:00,0,13566,33
2026-09-22T07:31:37.434835+00:00,1,13666,34
2026-09-22T07:31:37.434835+00:00,2,13566,32
2026-09-22T07:31:37.434835+00:00,3,13606,32
2026-09-22T07:31:42.497879+00:00,0,32308,37
2026-09-22T07:31:42.497879+00:00,1,32362,0
2026-09-22T07:31:42.497879+00:00,2,32200,32
2026-09-22T07:31:42.497879+00:00,3,32336,9
2026-09-22T07:31:47.557304+00:00,0,32766,72
2026-09-22T07:31:47.557304+00:00,1,32776,66
2026-09-22T07:31:47.557304+00:00,2,32752,68
2026-09-22T07:31:47.557304+00:00,3,32774,67
2026-09-22T07:31:52.615306+00:00,0,32766,68
2026-09-22T07:31:52.615306+00:00,1,32776,70
2026-09-22T07:31:52.615306+00:00,2,32752,65
2026-09-22T07:31:52.615306+00:00,3,32774,69
2026-09-22T07:31:57.674541+00:00,0,32766,74
2026-09-22T07:31:57.674541+00:00,1,32776,67
2026-09-22T07:31:57.674541+00:00,2,32752,66
2026-09-22T07:31:57.674541+00:00,3,32774,70
2026-09-22T07:32:02.740420+00:00,0,32766,64
2026-09-22T07:32:02.740420+00:00,1,32776,70
2026-09-22T07:32:02.740420+00:00,2,32752,73
2026-09-22T07:32:02.740420+00:00,3,32774,72
2026-09-22T07:32:07.805304+00:00,0,32766,67
2026-09-22T07:32:07.805304+00:00,1,32776,65
2026-09-22T07:32:07.805304+00:00,2,32752,66
2026-09-22T07:32:07.805304+00:00,3,32774,68
2026-09-22T07:32:12.875078+00:00,0,32766,76
2026-09-22T07:32:12.875078+00:00,1,32776,70
2026-09-22T07:32:12.875078+00:00,2,32752,70
2026-09-22T07:32:12.875078+00:00,3,32774,74
2026-09-22T07:32:17.942242+00:00,0,32766,69
2026-09-22T07:32:17.942242+00:00,1,32776,69
2026-09-22T07:32:17.942242+00:00,2,32752,72
2026-09-22T07:32:17.942242+00:00,3,32774,68
2026-09-22T07:32:23.013189+00:00,0,32766,75
2026-09-22T07:32:23.013189+00:00,1,32776,75
2026-09-22T07:32:23.013189+00:00,2,32752,76
2026-09-22T07:32:23.013189+00:00,3,32774,75
2026-09-22T07:32:28.090855+00:00,0,32766,78
2026-09-22T07:32:28.090855+00:00,1,32776,73
2026-09-22T07:32:28.090855+00:00,2,32752,72
2026-09-22T07:32:28.090855+00:00,3,32774,74
2026-09-22T07:32:33.160287+00:00,0,32766,74
2026-09-22T07:32:33.160287+00:00,1,32776,82
2026-09-22T07:32:33.160287+00:00,2,32752,78
2026-09-22T07:32:33.160287+00:00,3,32774,78
2026-09-22T07:32:38.226389+00:00,0,32766,78
2026-09-22T07:32:38.226389+00:00,1,32776,79
2026-09-22T07:32:38.226389+00:00,2,32752,79
2026-09-22T07:32:38.226389+00:00,3,32774,74
2026-09-22T07:32:43.295720+00:00,0,32766,82
2026-09-22T07:32:43.295720+00:00,1,32776,80
2026-09-22T07:32:43.295720+00:00,2,32752,81
2026-09-22T07:32:43.295720+00:00,3,32774,74
2026-09-22T07:32:48.367327+00:00,0,32766,82
2026-09-22T07:32:48.367327+00:00,1,32776,79
2026-09-22T07:32:48.367327+00:00,2,32752,80
2026-09-22T07:32:48.367327+00:00,3,32774,76
2026-09-22T07:32:53.441371+00:00,0,32766,76
2026-09-22T07:32:53.441371+00:00,1,32776,86
2026-09-22T07:32:53.441371+00:00,2,32752,78
2026-09-22T07:32:53.441371+00:00,3,32774,80
2026-09-22T07:32:58.516157+00:00,0,32766,82
2026-09-22T07:32:58.516157+00:00,1,32776,73
2026-09-22T07:32:58.516157+00:00,2,32752,79
2026-09-22T07:32:58.516157+00:00,3,32774,79
2026-09-22T07:33:03.584749+00:00,0,32766,77
2026-09-22T07:33:03.584749+00:00,1,32776,78
2026-09-22T07:33:03.584749+00:00,2,32752,80
2026-09-22T07:33:03.584749+00:00,3,32774,85
2026-09-22T07:33:08.652961+00:00,0,32766,82
2026-09-22T07:33:08.652961+00:00,1,32776,81
2026-09-22T07:33:08.652961+00:00,2,32752,75
2026-09-22T07:33:08.652961+00:00,3,32774,81
2026-09-22T07:33:13.726362+00:00,0,32766,82
2026-09-22T07:33:13.726362+00:00,1,32776,80
2026-09-22T07:33:13.726362+00:00,2,32752,83
2026-09-22T07:33:13.726362+00:00,3,32774,78
2026-09-22T07:33:18.795373+00:00,0,32766,81
2026-09-22T07:33:18.795373+00:00,1,32776,82
2026-09-22T07:33:18.795373+00:00,2,32752,87
2026-09-22T07:33:18.795373+00:00,3,32774,80
2026-09-22T07:33:23.870163+00:00,0,32766,82
2026-09-22T07:33:23.870163+00:00,1,32776,81
2026-09-22T07:33:23.870163+00:00,2,32752,82
2026-09-22T07:33:23.870163+00:00,3,32774,84
2026-09-22T07:33:28.939813+00:00,0,32766,84
2026-09-22T07:33:28.939813+00:00,1,32776,80
2026-09-22T07:33:28.939813+00:00,2,32752,80
2026-09-22T07:33:28.939813+00:00,3,32774,82
2026-09-22T07:33:34.013848+00:00,0,32766,84
2026-09-22T07:33:34.013848+00:00,1,32776,86
2026-09-22T07:33:34.013848+00:00,2,32752,84
2026-09-22T07:33:34.013848+00:00,3,32774,84
2026-09-22T07:33:39.084483+00:00,0,32766,85
2026-09-22T07:33:39.084483+00:00,1,32776,86
2026-09-22T07:33:39.084483+00:00,2,32752,82
2026-09-22T07:33:39.084483+00:00,3,32774,80
2026-09-22T07:33:44.155483+00:00,0,32766,85
2026-09-22T07:33:44.155483+00:00,1,32776,82
2026-09-22T07:33:44.155483+00:00,2,32752,83
2026-09-22T07:33:44.155483+00:00,3,32774,83
2026-09-22T07:33:49.225675+00:00,0,32766,82
2026-09-22T07:33:49.225675+00:00,1,32776,84
2026-09-22T07:33:49.225675+00:00,2,32752,85
2026-09-22T07:33:49.225675+00:00,3,32774,86
2026-09-22T07:33:54.296372+00:00,0,32766,83
2026-09-22T07:33:54.296372+00:00,1,32776,85
2026-09-22T07:33:54.296372+00:00,2,32752,85
2026-09-22T07:33:54.296372+00:00,3,32774,84
2026-09-22T07:33:59.374285+00:00,0,32766,86
2026-09-22T07:33:59.374285+00:00,1,32776,85
2026-09-22T07:33:59.374285+00:00,2,32752,88
2026-09-22T07:33:59.374285+00:00,3,32774,85
2026-09-22T07:34:04.436983+00:00,0,32766,83
2026-09-22T07:34:04.436983+00:00,1,32776,84
2026-09-22T07:34:04.436983+00:00,2,32752,83
2026-09-22T07:34:04.436983+00:00,3,32774,81
2026-09-22T07:34:09.510727+00:00,0,32766,11
2026-09-22T07:34:09.510727+00:00,1,32776,16
2026-09-22T07:34:09.510727+00:00,2,32752,0
2026-09-22T07:34:09.510727+00:00,3,32774,24
2026-09-22T07:34:14.564666+00:00,0,32766,84
2026-09-22T07:34:14.564666+00:00,1,32776,86
2026-09-22T07:34:14.564666+00:00,2,32752,85
2026-09-22T07:34:14.564666+00:00,3,32774,82
2026-09-22T07:34:19.640567+00:00,0,32766,90
2026-09-22T07:34:19.640567+00:00,1,32776,88
2026-09-22T07:34:19.640567+00:00,2,32752,88
2026-09-22T07:34:19.640567+00:00,3,32774,84
2026-09-22T07:34:24.713903+00:00,0,32766,87
2026-09-22T07:34:24.713903+00:00,1,32776,83
2026-09-22T07:34:24.713903+00:00,2,32752,82
2026-09-22T07:34:24.713903+00:00,3,32774,87
2026-09-22T07:34:29.789001+00:00,0,32766,84
2026-09-22T07:34:29.789001+00:00,1,32776,86
2026-09-22T07:34:29.789001+00:00,2,32752,85
2026-09-22T07:34:29.789001+00:00,3,32774,83
2026-09-22T07:34:34.862540+00:00,0,32766,84
2026-09-22T07:34:34.862540+00:00,1,32776,84
2026-09-22T07:34:34.862540+00:00,2,32752,83
2026-09-22T07:34:34.862540+00:00,3,32774,86
2026-09-22T07:34:39.939586+00:00,0,32766,83
2026-09-22T07:34:39.939586+00:00,1,32776,83
2026-09-22T07:34:39.939586+00:00,2,32752,79
2026-09-22T07:34:39.939586+00:00,3,32774,85
2026-09-22T07:34:45.013280+00:00,0,32766,83
2026-09-22T07:34:45.013280+00:00,1,32776,87
2026-09-22T07:34:45.013280+00:00,2,32752,84
2026-09-22T07:34:45.013280+00:00,3,32774,87
2026-09-22T07:34:50.086279+00:00,0,32766,79
2026-09-22T07:34:50.086279+00:00,1,32776,86
2026-09-22T07:34:50.086279+00:00,2,32752,85
2026-09-22T07:34:50.086279+00:00,3,32774,78
2026-09-22T07:34:55.160748+00:00,0,32766,87
2026-09-22T07:34:55.160748+00:00,1,32776,86
2026-09-22T07:34:55.160748+00:00,2,32752,86
2026-09-22T07:34:55.160748+00:00,3,32774,88
2026-09-22T07:35:00.237561+00:00,0,32766,88
2026-09-22T07:35:00.237561+00:00,1,32776,84
2026-09-22T07:35:00.237561+00:00,2,32752,88
2026-09-22T07:35:00.237561+00:00,3,32774,80
2026-09-22T07:35:05.311635+00:00,0,32766,88
2026-09-22T07:35:05.311635+00:00,1,32776,86
2026-09-22T07:35:05.311635+00:00,2,32752,87
2026-09-22T07:35:05.311635+00:00,3,32774,85
2026-09-22T07:35:10.392145+00:00,0,32766,86
2026-09-22T07:35:10.392145+00:00,1,32776,86
2026-09-22T07:35:10.392145+00:00,2,32752,85
2026-09-22T07:35:10.392145+00:00,3,32774,85
2026-09-22T07:35:15.464771+00:00,0,32766,84
2026-09-22T07:35:15.464771+00:00,1,32776,84
2026-09-22T07:35:15.464771+00:00,2,32752,87
2026-09-22T07:35:15.464771+00:00,3,32774,85
2026-09-22T07:35:20.542685+00:00,0,32766,86
2026-09-22T07:35:20.542685+00:00,1,32776,88
2026-09-22T07:35:20.542685+00:00,2,32752,88
2026-09-22T07:35:20.542685+00:00,3,32774,88
2026-09-22T07:35:25.618431+00:00,0,32766,86
2026-09-22T07:35:25.618431+00:00,1,32776,84
2026-09-22T07:35:25.618431+00:00,2,32752,85
2026-09-22T07:35:25.618431+00:00,3,32774,84
2026-09-22T07:35:30.687272+00:00,0,32766,86
2026-09-22T07:35:30.687272+00:00,1,32776,88
2026-09-22T07:35:30.687272+00:00,2,32752,89
2026-09-22T07:35:30.687272+00:00,3,32774,85
2026-09-22T07:35:35.762799+00:00,0,32766,87
2026-09-22T07:35:35.762799+00:00,1,32776,86
2026-09-22T07:35:35.762799+00:00,2,32752,88
2026-09-22T07:35:35.762799+00:00,3,32774,86
2026-09-22T07:35:40.871697+00:00,0,32766,84
2026-09-22T07:35:40.871697+00:00,1,32776,88
2026-09-22T07:35:40.871697+00:00,2,32752,88
2026-09-22T07:35:40.871697+00:00,3,32774,89
2026-09-22T07:35:45.968949+00:00,0,32766,90
2026-09-22T07:35:45.968949+00:00,1,32776,93
2026-09-22T07:35:45.968949+00:00,2,32752,82
2026-09-22T07:35:45.968949+00:00,3,32774,92
2026-09-22T07:35:51.048159+00:00,0,32766,85
2026-09-22T07:35:51.048159+00:00,1,32776,88
2026-09-22T07:35:51.048159+00:00,2,32752,87
2026-09-22T07:35:51.048159+00:00,3,32774,88
2026-09-22T07:35:56.123926+00:00,0,32766,91
2026-09-22T07:35:56.123926+00:00,1,32776,93
2026-09-22T07:35:56.123926+00:00,2,32752,90
2026-09-22T07:35:56.123926+00:00,3,32774,86
2026-09-22T07:36:01.200592+00:00,0,32766,88
2026-09-22T07:36:01.200592+00:00,1,32776,85
2026-09-22T07:36:01.200592+00:00,2,32752,88
2026-09-22T07:36:01.200592+00:00,3,32774,90
2026-09-22T07:36:06.274162+00:00,0,32766,87
2026-09-22T07:36:06.274162+00:00,1,32776,92
2026-09-22T07:36:06.274162+00:00,2,32752,91
2026-09-22T07:36:06.274162+00:00,3,32774,88
2026-09-22T07:36:11.352440+00:00,0,32766,93
2026-09-22T07:36:11.352440+00:00,1,32776,94
2026-09-22T07:36:11.352440+00:00,2,32752,93
2026-09-22T07:36:11.352440+00:00,3,32774,87
2026-09-22T07:36:16.430292+00:00,0,32766,84
2026-09-22T07:36:16.430292+00:00,1,32776,89
2026-09-22T07:36:16.430292+00:00,2,32752,88
2026-09-22T07:36:16.430292+00:00,3,32774,0
2026-09-22T07:36:21.501880+00:00,0,1576,27
2026-09-22T07:36:21.501880+00:00,1,1576,100
2026-09-22T07:36:21.501880+00:00,2,1556,13
2026-09-22T07:36:21.501880+00:00,3,1576,46
2026-09-22T07:36:26.558887+00:00,0,7808,99
2026-09-22T07:36:26.558887+00:00,1,7128,94
2026-09-22T07:36:26.558887+00:00,2,7808,95
2026-09-22T07:36:26.558887+00:00,3,7788,99
2026-09-22T07:36:31.627532+00:00,0,8552,99
2026-09-22T07:36:31.627532+00:00,1,7932,98
2026-09-22T07:36:31.627532+00:00,2,8572,96
2026-09-22T07:36:31.627532+00:00,3,8552,99
2026-09-22T07:36:36.687674+00:00,0,8998,99
2026-09-22T07:36:36.687674+00:00,1,8378,98
2026-09-22T07:36:36.687674+00:00,2,9018,99
2026-09-22T07:36:36.687674+00:00,3,8998,99
2026-09-22T07:36:41.753274+00:00,0,9362,99
2026-09-22T07:36:41.753274+00:00,1,8762,99
2026-09-22T07:36:41.753274+00:00,2,9362,99
2026-09-22T07:36:41.753274+00:00,3,9342,98
2026-09-22T07:36:46.821495+00:00,0,9766,97
2026-09-22T07:36:46.821495+00:00,1,9186,97
2026-09-22T07:36:46.821495+00:00,2,9786,99
2026-09-22T07:36:46.821495+00:00,3,9766,99
2026-09-22T07:36:51.890190+00:00,0,10130,99
2026-09-22T07:36:51.890190+00:00,1,9550,99
2026-09-22T07:36:51.890190+00:00,2,10130,99
2026-09-22T07:36:51.890190+00:00,3,10090,99
2026-09-22T07:36:56.956529+00:00,0,10134,99
2026-09-22T07:36:56.956529+00:00,1,9554,99
2026-09-22T07:36:56.956529+00:00,2,10134,99
2026-09-22T07:36:56.956529+00:00,3,10094,99
2026-09-22T07:37:02.024356+00:00,0,10138,99
2026-09-22T07:37:02.024356+00:00,1,9558,99
2026-09-22T07:37:02.024356+00:00,2,10138,99
2026-09-22T07:37:02.024356+00:00,3,10098,98
2026-09-22T07:37:07.092438+00:00,0,10142,99
2026-09-22T07:37:07.092438+00:00,1,9562,99
2026-09-22T07:37:07.092438+00:00,2,10142,98
2026-09-22T07:37:07.092438+00:00,3,10102,96
2026-09-22T07:37:12.156094+00:00,0,10146,98
2026-09-22T07:37:12.156094+00:00,1,9566,98
2026-09-22T07:37:12.156094+00:00,2,10146,99
2026-09-22T07:37:12.156094+00:00,3,10106,99
2026-09-22T07:37:17.225307+00:00,0,10150,97
2026-09-22T07:37:17.225307+00:00,1,9570,99
2026-09-22T07:37:17.225307+00:00,2,10150,99
2026-09-22T07:37:17.225307+00:00,3,10110,97
2026-09-22T07:37:22.289749+00:00,0,18434,97
2026-09-22T07:37:22.289749+00:00,1,18874,99
2026-09-22T07:37:22.289749+00:00,2,18854,97
2026-09-22T07:37:22.289749+00:00,3,18874,97
2026-09-22T07:37:27.350082+00:00,0,19038,100
2026-09-22T07:37:27.350082+00:00,1,18918,99
2026-09-22T07:37:27.350082+00:00,2,19158,97
2026-09-22T07:37:27.350082+00:00,3,19018,95
2026-09-22T07:37:32.419391+00:00,0,19158,96
2026-09-22T07:37:32.419391+00:00,1,19078,96
2026-09-22T07:37:32.419391+00:00,2,19158,95
2026-09-22T07:37:32.419391+00:00,3,19100,99
2026-09-22T07:37:37.490042+00:00,0,21702,95
2026-09-22T07:37:37.490042+00:00,1,21682,95
2026-09-22T07:37:37.490042+00:00,2,21562,93
2026-09-22T07:37:37.490042+00:00,3,21562,99
2026-09-22T07:37:42.560342+00:00,0,21704,96
2026-09-22T07:37:42.560342+00:00,1,21684,95
2026-09-22T07:37:42.560342+00:00,2,21564,97
2026-09-22T07:37:42.560342+00:00,3,21564,93
2026-09-22T07:37:47.632595+00:00,0,21706,97
2026-09-22T07:37:47.632595+00:00,1,21686,98
2026-09-22T07:37:47.632595+00:00,2,21566,98
2026-09-22T07:37:47.632595+00:00,3,21566,97
2026-09-22T07:37:52.694458+00:00,0,21708,99
2026-09-22T07:37:52.694458+00:00,1,21688,98
2026-09-22T07:37:52.694458+00:00,2,21568,97
2026-09-22T07:37:52.694458+00:00,3,21568,99
2026-09-22T07:37:57.771860+00:00,0,21714,86
2026-09-22T07:37:57.771860+00:00,1,21694,87
2026-09-22T07:37:57.771860+00:00,2,21574,90
2026-09-22T07:37:57.771860+00:00,3,21574,89
2026-09-22T07:38:02.841940+00:00,0,21714,98
2026-09-22T07:38:02.841940+00:00,1,21694,98
2026-09-22T07:38:02.841940+00:00,2,21574,100
2026-09-22T07:38:02.841940+00:00,3,21574,89
2026-09-22T07:38:07.911632+00:00,0,25674,99
2026-09-22T07:38:07.911632+00:00,1,25774,99
2026-09-22T07:38:07.911632+00:00,2,25754,99
2026-09-22T07:38:07.911632+00:00,3,25814,99
2026-09-22T07:38:12.976884+00:00,0,25874,99
2026-09-22T07:38:12.976884+00:00,1,25834,99
2026-09-22T07:38:12.976884+00:00,2,25854,100
2026-09-22T07:38:12.976884+00:00,3,25814,100
2026-09-22T07:38:18.050034+00:00,0,25874,98
2026-09-22T07:38:18.050034+00:00,1,25854,99
2026-09-22T07:38:18.050034+00:00,2,25854,98
2026-09-22T07:38:18.050034+00:00,3,25814,98
2026-09-22T07:38:23.115745+00:00,0,25874,99
2026-09-22T07:38:23.115745+00:00,1,25854,99
2026-09-22T07:38:23.115745+00:00,2,25874,99
2026-09-22T07:38:23.115745+00:00,3,25894,99
2026-09-22T07:38:28.195873+00:00,0,25874,87
2026-09-22T07:38:28.195873+00:00,1,25854,99
2026-09-22T07:38:28.195873+00:00,2,25874,86
2026-09-22T07:38:28.195873+00:00,3,25894,87
2026-09-22T07:38:33.267289+00:00,0,25874,99
2026-09-22T07:38:33.267289+00:00,1,25854,97
2026-09-22T07:38:33.267289+00:00,2,25874,99
2026-09-22T07:38:33.267289+00:00,3,25894,99
2026-09-22T07:38:38.338338+00:00,0,25874,98
2026-09-22T07:38:38.338338+00:00,1,25854,92
2026-09-22T07:38:38.338338+00:00,2,25874,97
2026-09-22T07:38:38.338338+00:00,3,25894,85
2026-09-22T07:38:43.418613+00:00,0,25874,94
2026-09-22T07:38:43.418613+00:00,1,25854,93
2026-09-22T07:38:43.418613+00:00,2,25874,100
2026-09-22T07:38:43.418613+00:00,3,25894,94
2026-09-22T07:38:48.491888+00:00,0,25874,99
2026-09-22T07:38:48.491888+00:00,1,25854,90
2026-09-22T07:38:48.491888+00:00,2,25874,93
2026-09-22T07:38:48.491888+00:00,3,25894,95
2026-09-22T07:38:53.563213+00:00,0,25874,93
2026-09-22T07:38:53.563213+00:00,1,25854,99
2026-09-22T07:38:53.563213+00:00,2,25874,97
2026-09-22T07:38:53.563213+00:00,3,25894,100
2026-09-22T07:38:58.626563+00:00,0,25874,88
2026-09-22T07:38:58.626563+00:00,1,25854,99
2026-09-22T07:38:58.626563+00:00,2,25874,95
2026-09-22T07:38:58.626563+00:00,3,25894,94
2026-09-22T07:39:03.690253+00:00,0,25874,98
2026-09-22T07:39:03.690253+00:00,1,25854,98
2026-09-22T07:39:03.690253+00:00,2,25874,99
2026-09-22T07:39:03.690253+00:00,3,25894,99
2026-09-22T07:39:08.753375+00:00,0,25874,99
2026-09-22T07:39:08.753375+00:00,1,25854,99
2026-09-22T07:39:08.753375+00:00,2,25874,99
2026-09-22T07:39:08.753375+00:00,3,25894,99
2026-09-22T07:39:13.825824+00:00,0,25894,85
2026-09-22T07:39:13.825824+00:00,1,25854,86
2026-09-22T07:39:13.825824+00:00,2,25874,98
2026-09-22T07:39:13.825824+00:00,3,25894,99
2026-09-22T07:39:18.893644+00:00,0,25894,98
2026-09-22T07:39:18.893644+00:00,1,25854,99
2026-09-22T07:39:18.893644+00:00,2,25874,99
2026-09-22T07:39:18.893644+00:00,3,25894,99
2026-09-22T07:39:23.964205+00:00,0,25894,99
2026-09-22T07:39:23.964205+00:00,1,25854,99
2026-09-22T07:39:23.964205+00:00,2,25874,99
2026-09-22T07:39:23.964205+00:00,3,25894,99
2026-09-22T07:39:29.038114+00:00,0,25894,98
2026-09-22T07:39:29.038114+00:00,1,25854,98
2026-09-22T07:39:29.038114+00:00,2,25874,98
2026-09-22T07:39:29.038114+00:00,3,25894,99
2026-09-22T07:39:34.104591+00:00,0,25894,90
2026-09-22T07:39:34.104591+00:00,1,25854,90
2026-09-22T07:39:34.104591+00:00,2,25874,99
2026-09-22T07:39:34.104591+00:00,3,25894,98
2026-09-22T07:39:39.178730+00:00,0,25894,92
2026-09-22T07:39:39.178730+00:00,1,25854,94
2026-09-22T07:39:39.178730+00:00,2,25874,99
2026-09-22T07:39:39.178730+00:00,3,25894,94
2026-09-22T07:39:44.246590+00:00,0,25894,97
2026-09-22T07:39:44.246590+00:00,1,25854,96
2026-09-22T07:39:44.246590+00:00,2,25874,87
2026-09-22T07:39:44.246590+00:00,3,25894,94
2026-09-22T07:39:49.321719+00:00,0,25894,98
2026-09-22T07:39:49.321719+00:00,1,25854,97
2026-09-22T07:39:49.321719+00:00,2,25874,98
2026-09-22T07:39:49.321719+00:00,3,25894,98
2026-09-22T07:39:54.387093+00:00,0,25894,97
2026-09-22T07:39:54.387093+00:00,1,25854,98
2026-09-22T07:39:54.387093+00:00,2,25874,98
2026-09-22T07:39:54.387093+00:00,3,25894,98
2026-09-22T07:39:59.459006+00:00,0,25894,99
2026-09-22T07:39:59.459006+00:00,1,25854,97
2026-09-22T07:39:59.459006+00:00,2,25874,99
2026-09-22T07:39:59.459006+00:00,3,25894,97
2026-09-22T07:40:04.532489+00:00,0,25894,99
2026-09-22T07:40:04.532489+00:00,1,25854,98
2026-09-22T07:40:04.532489+00:00,2,25874,99
2026-09-22T07:40:04.532489+00:00,3,25894,98
2026-09-22T07:40:09.605028+00:00,0,25894,97
2026-09-22T07:40:09.605028+00:00,1,25854,98
2026-09-22T07:40:09.605028+00:00,2,25874,97
2026-09-22T07:40:09.605028+00:00,3,25894,98
2026-09-22T07:40:14.678363+00:00,0,25894,97
2026-09-22T07:40:14.678363+00:00,1,25854,99
2026-09-22T07:40:14.678363+00:00,2,25874,98
2026-09-22T07:40:14.678363+00:00,3,25894,98
2026-09-22T07:40:19.749769+00:00,0,9912,69
2026-09-22T07:40:19.749769+00:00,1,9912,67
2026-09-22T07:40:19.749769+00:00,2,9892,83
2026-09-22T07:40:19.749769+00:00,3,9912,83
2026-09-22T07:40:24.816600+00:00,0,10096,6
2026-09-22T07:40:24.816600+00:00,1,10136,5
2026-09-22T07:40:24.816600+00:00,2,10076,6
2026-09-22T07:40:24.816600+00:00,3,10096,6
2026-09-22T07:40:29.875528+00:00,0,11426,39
2026-09-22T07:40:29.875528+00:00,1,11406,24
2026-09-22T07:40:29.875528+00:00,2,11406,32
2026-09-22T07:40:29.875528+00:00,3,11426,11
2026-09-22T07:40:34.937559+00:00,0,5208,85
2026-09-22T07:40:34.937559+00:00,1,5208,91
2026-09-22T07:40:34.937559+00:00,2,5188,90
2026-09-22T07:40:34.937559+00:00,3,5208,0
2026-09-22T07:40:39.995033+00:00,0,32642,63
2026-09-22T07:40:39.995033+00:00,1,32570,65
2026-09-22T07:40:39.995033+00:00,2,33048,66
2026-09-22T07:40:39.995033+00:00,3,32650,62
2026-09-22T07:40:45.063289+00:00,0,32642,69
2026-09-22T07:40:45.063289+00:00,1,32570,66
2026-09-22T07:40:45.063289+00:00,2,33048,73
2026-09-22T07:40:45.063289+00:00,3,32650,63
2026-09-22T07:40:50.130546+00:00,0,32642,68
2026-09-22T07:40:50.130546+00:00,1,32570,66
2026-09-22T07:40:50.130546+00:00,2,33048,68
2026-09-22T07:40:50.130546+00:00,3,32650,65
2026-09-22T07:40:55.198163+00:00,0,32642,71
2026-09-22T07:40:55.198163+00:00,1,32570,67
2026-09-22T07:40:55.198163+00:00,2,33048,68
2026-09-22T07:40:55.198163+00:00,3,32650,67
2026-09-22T07:41:00.267662+00:00,0,32642,71
2026-09-22T07:41:00.267662+00:00,1,32570,74
2026-09-22T07:41:00.267662+00:00,2,33048,83
2026-09-22T07:41:00.267662+00:00,3,32650,73
2026-09-22T07:41:05.338169+00:00,0,32642,72
2026-09-22T07:41:05.338169+00:00,1,32570,71
2026-09-22T07:41:05.338169+00:00,2,33048,76
2026-09-22T07:41:05.338169+00:00,3,32650,72
2026-09-22T07:41:10.407358+00:00,0,32642,74
2026-09-22T07:41:10.407358+00:00,1,32570,69
2026-09-22T07:41:10.407358+00:00,2,33048,71
2026-09-22T07:41:10.407358+00:00,3,32650,74
2026-09-22T07:41:15.477749+00:00,0,32642,71
2026-09-22T07:41:15.477749+00:00,1,32570,74
2026-09-22T07:41:15.477749+00:00,2,33048,71
2026-09-22T07:41:15.477749+00:00,3,32650,73
2026-09-22T07:41:20.549547+00:00,0,32642,74
2026-09-22T07:41:20.549547+00:00,1,32570,76
2026-09-22T07:41:20.549547+00:00,2,33048,75
2026-09-22T07:41:20.549547+00:00,3,32650,72
2026-09-22T07:41:25.636950+00:00,0,32642,77
2026-09-22T07:41:25.636950+00:00,1,32570,78
2026-09-22T07:41:25.636950+00:00,2,33048,72
2026-09-22T07:41:25.636950+00:00,3,32650,80
2026-09-22T07:41:30.707469+00:00,0,32642,76
2026-09-22T07:41:30.707469+00:00,1,32570,81
2026-09-22T07:41:30.707469+00:00,2,33048,80
2026-09-22T07:41:30.707469+00:00,3,32650,70
2026-09-22T07:41:35.777634+00:00,0,32642,79
2026-09-22T07:41:35.777634+00:00,1,32570,71
2026-09-22T07:41:35.777634+00:00,2,33048,79
2026-09-22T07:41:35.777634+00:00,3,32650,82
2026-09-22T07:41:40.846368+00:00,0,32642,81
2026-09-22T07:41:40.846368+00:00,1,32570,81
2026-09-22T07:41:40.846368+00:00,2,33048,81
2026-09-22T07:41:40.846368+00:00,3,32650,84
2026-09-22T07:41:45.918191+00:00,0,32642,74
2026-09-22T07:41:45.918191+00:00,1,32570,81
2026-09-22T07:41:45.918191+00:00,2,33048,81
2026-09-22T07:41:45.918191+00:00,3,32650,81
2026-09-22T07:41:50.987685+00:00,0,32642,77
2026-09-22T07:41:50.987685+00:00,1,32570,79
2026-09-22T07:41:50.987685+00:00,2,33048,83
2026-09-22T07:41:50.987685+00:00,3,32650,87
2026-09-22T07:41:56.058106+00:00,0,32642,80
2026-09-22T07:41:56.058106+00:00,1,32570,80
2026-09-22T07:41:56.058106+00:00,2,33048,78
2026-09-22T07:41:56.058106+00:00,3,32650,79
2026-09-22T07:42:01.129971+00:00,0,32642,75
2026-09-22T07:42:01.129971+00:00,1,32570,81
2026-09-22T07:42:01.129971+00:00,2,33048,82
2026-09-22T07:42:01.129971+00:00,3,32650,87
2026-09-22T07:42:06.200728+00:00,0,32642,77
2026-09-22T07:42:06.200728+00:00,1,32570,82
2026-09-22T07:42:06.200728+00:00,2,33048,78
2026-09-22T07:42:06.200728+00:00,3,32650,79
2026-09-22T07:42:11.275190+00:00,0,32642,87
2026-09-22T07:42:11.275190+00:00,1,32570,82
2026-09-22T07:42:11.275190+00:00,2,33048,83
2026-09-22T07:42:11.275190+00:00,3,32650,84
2026-09-22T07:42:16.350430+00:00,0,32642,80
2026-09-22T07:42:16.350430+00:00,1,32570,82
2026-09-22T07:42:16.350430+00:00,2,33048,87
2026-09-22T07:42:16.350430+00:00,3,32650,82
2026-09-22T07:42:21.425102+00:00,0,32642,80
2026-09-22T07:42:21.425102+00:00,1,32570,89
2026-09-22T07:42:21.425102+00:00,2,33048,81
2026-09-22T07:42:21.425102+00:00,3,32650,79
2026-09-22T07:42:26.489310+00:00,0,32642,83
2026-09-22T07:42:26.489310+00:00,1,32570,81
2026-09-22T07:42:26.489310+00:00,2,33048,82
2026-09-22T07:42:26.489310+00:00,3,32650,86
2026-09-22T07:42:31.562951+00:00,0,32642,86
2026-09-22T07:42:31.562951+00:00,1,32570,81
2026-09-22T07:42:31.562951+00:00,2,33048,81
2026-09-22T07:42:31.562951+00:00,3,32650,88
2026-09-22T07:42:36.644160+00:00,0,32642,88
2026-09-22T07:42:36.644160+00:00,1,32570,83
2026-09-22T07:42:36.644160+00:00,2,33048,79
2026-09-22T07:42:36.644160+00:00,3,32650,82
2026-09-22T07:42:41.742787+00:00,0,32642,84
2026-09-22T07:42:41.742787+00:00,1,32570,86
2026-09-22T07:42:41.742787+00:00,2,33048,81
2026-09-22T07:42:41.742787+00:00,3,32650,84
2026-09-22T07:42:46.829379+00:00,0,32642,84
2026-09-22T07:42:46.829379+00:00,1,32570,84
2026-09-22T07:42:46.829379+00:00,2,33048,82
2026-09-22T07:42:46.829379+00:00,3,32650,85
2026-09-22T07:42:51.904696+00:00,0,32642,85
2026-09-22T07:42:51.904696+00:00,1,32570,92
2026-09-22T07:42:51.904696+00:00,2,33048,84
2026-09-22T07:42:51.904696+00:00,3,32650,84
2026-09-22T07:42:56.974870+00:00,0,32642,81
2026-09-22T07:42:56.974870+00:00,1,32570,85
2026-09-22T07:42:56.974870+00:00,2,33048,84
2026-09-22T07:42:56.974870+00:00,3,32650,79
2026-09-22T07:43:02.048634+00:00,0,32642,84
2026-09-22T07:43:02.048634+00:00,1,32570,81
2026-09-22T07:43:02.048634+00:00,2,33048,80
2026-09-22T07:43:02.048634+00:00,3,32650,80
2026-09-22T07:43:07.124996+00:00,0,32642,87
2026-09-22T07:43:07.124996+00:00,1,32570,85
2026-09-22T07:43:07.124996+00:00,2,33048,85
2026-09-22T07:43:07.124996+00:00,3,32650,81
2026-09-22T07:43:12.196017+00:00,0,32642,85
2026-09-22T07:43:12.196017+00:00,1,32570,84
2026-09-22T07:43:12.196017+00:00,2,33048,82
2026-09-22T07:43:12.196017+00:00,3,32650,88
2026-09-22T07:43:17.274593+00:00,0,32642,87
2026-09-22T07:43:17.274593+00:00,1,32570,87
2026-09-22T07:43:17.274593+00:00,2,33048,89
2026-09-22T07:43:17.274593+00:00,3,32650,86
2026-09-22T07:43:22.346662+00:00,0,32642,83
2026-09-22T07:43:22.346662+00:00,1,32570,88
2026-09-22T07:43:22.346662+00:00,2,33048,84
2026-09-22T07:43:22.346662+00:00,3,32650,85
2026-09-22T07:43:27.409464+00:00,0,32642,84
2026-09-22T07:43:27.409464+00:00,1,32570,87
2026-09-22T07:43:27.409464+00:00,2,33048,86
2026-09-22T07:43:27.409464+00:00,3,32650,84
2026-09-22T07:43:32.477181+00:00,0,32642,82
2026-09-22T07:43:32.477181+00:00,1,32570,82
2026-09-22T07:43:32.477181+00:00,2,33048,86
2026-09-22T07:43:32.477181+00:00,3,32650,81
2026-09-22T07:43:37.553089+00:00,0,32642,90
2026-09-22T07:43:37.553089+00:00,1,32570,89
2026-09-22T07:43:37.553089+00:00,2,33048,86
2026-09-22T07:43:37.553089+00:00,3,32650,86
2026-09-22T07:43:42.627386+00:00,0,32642,83
2026-09-22T07:43:42.627386+00:00,1,32570,84
2026-09-22T07:43:42.627386+00:00,2,33048,88
2026-09-22T07:43:42.627386+00:00,3,32650,86
2026-09-22T07:43:47.700061+00:00,0,32642,82
2026-09-22T07:43:47.700061+00:00,1,32570,87
2026-09-22T07:43:47.700061+00:00,2,33048,84
2026-09-22T07:43:47.700061+00:00,3,32650,83
2026-09-22T07:43:52.774913+00:00,0,32642,85
2026-09-22T07:43:52.774913+00:00,1,32570,88
2026-09-22T07:43:52.774913+00:00,2,33048,88
2026-09-22T07:43:52.774913+00:00,3,32650,86
2026-09-22T07:43:57.852530+00:00,0,32642,88
2026-09-22T07:43:57.852530+00:00,1,32570,87
2026-09-22T07:43:57.852530+00:00,2,33048,86
2026-09-22T07:43:57.852530+00:00,3,32650,87
2026-09-22T07:44:02.932025+00:00,0,32642,84
2026-09-22T07:44:02.932025+00:00,1,32570,88
2026-09-22T07:44:02.932025+00:00,2,33048,81
2026-09-22T07:44:02.932025+00:00,3,32650,86
2026-09-22T07:44:08.006009+00:00,0,32642,85
2026-09-22T07:44:08.006009+00:00,1,32570,87
2026-09-22T07:44:08.006009+00:00,2,33048,87
2026-09-22T07:44:08.006009+00:00,3,32650,86
2026-09-22T07:44:13.079415+00:00,0,32642,90
2026-09-22T07:44:13.079415+00:00,1,32570,85
2026-09-22T07:44:13.079415+00:00,2,33048,86
2026-09-22T07:44:13.079415+00:00,3,32650,89
2026-09-22T07:44:18.151834+00:00,0,32642,88
2026-09-22T07:44:18.151834+00:00,1,32570,88
2026-09-22T07:44:18.151834+00:00,2,33048,89
2026-09-22T07:44:18.151834+00:00,3,32650,87
2026-09-22T07:44:23.228459+00:00,0,32642,82
2026-09-22T07:44:23.228459+00:00,1,32570,88
2026-09-22T07:44:23.228459+00:00,2,33048,87
2026-09-22T07:44:23.228459+00:00,3,32650,88
2026-09-22T07:44:28.309950+00:00,0,32642,86
2026-09-22T07:44:28.309950+00:00,1,32570,83
2026-09-22T07:44:28.309950+00:00,2,33048,83
2026-09-22T07:44:28.309950+00:00,3,32650,86
2026-09-22T07:44:33.387101+00:00,0,32642,87
2026-09-22T07:44:33.387101+00:00,1,32570,90
2026-09-22T07:44:33.387101+00:00,2,33048,85
2026-09-22T07:44:33.387101+00:00,3,32650,84
2026-09-22T07:44:38.463632+00:00,0,32642,88
2026-09-22T07:44:38.463632+00:00,1,32570,88
2026-09-22T07:44:38.463632+00:00,2,33048,89
2026-09-22T07:44:38.463632+00:00,3,32650,89
2026-09-22T07:44:43.534975+00:00,0,32642,86
2026-09-22T07:44:43.534975+00:00,1,32570,89
2026-09-22T07:44:43.534975+00:00,2,33048,86
2026-09-22T07:44:43.534975+00:00,3,32650,88
2026-09-22T07:44:48.608422+00:00,0,32642,88
2026-09-22T07:44:48.608422+00:00,1,32570,91
2026-09-22T07:44:48.608422+00:00,2,33048,90
2026-09-22T07:44:48.608422+00:00,3,32650,92
2026-09-22T07:44:53.674753+00:00,0,32642,87
2026-09-22T07:44:53.674753+00:00,1,32570,89
2026-09-22T07:44:53.674753+00:00,2,33048,87
2026-09-22T07:44:53.674753+00:00,3,32650,85
2026-09-22T07:44:58.751330+00:00,0,32642,86
2026-09-22T07:44:58.751330+00:00,1,32570,88
2026-09-22T07:44:58.751330+00:00,2,33048,92
2026-09-22T07:44:58.751330+00:00,3,32650,90
2026-09-22T07:45:03.814514+00:00,0,32642,87
2026-09-22T07:45:03.814514+00:00,1,32570,84
2026-09-22T07:45:03.814514+00:00,2,33048,93
2026-09-22T07:45:03.814514+00:00,3,32650,0
2026-09-22T07:45:08.887753+00:00,0,32642,89
2026-09-22T07:45:08.887753+00:00,1,32570,91
2026-09-22T07:45:08.887753+00:00,2,33048,82
2026-09-22T07:45:08.887753+00:00,3,32650,0
2026-09-22T07:45:13.959407+00:00,0,32642,89
2026-09-22T07:45:13.959407+00:00,1,32570,76
2026-09-22T07:45:13.959407+00:00,2,33048,0
2026-09-22T07:45:13.959407+00:00,3,32650,0
2026-09-22T07:45:19.027047+00:00,0,7786,98
2026-09-22T07:45:19.027047+00:00,1,7106,94
2026-09-22T07:45:19.027047+00:00,2,7786,69
2026-09-22T07:45:19.027047+00:00,3,7786,96
2026-09-22T07:45:24.093293+00:00,0,8070,99
2026-09-22T07:45:24.093293+00:00,1,7510,97
2026-09-22T07:45:24.093293+00:00,2,8070,99
2026-09-22T07:45:24.093293+00:00,3,8090,95
2026-09-22T07:45:29.161839+00:00,0,8794,96
2026-09-22T07:45:29.161839+00:00,1,8154,99
2026-09-22T07:45:29.161839+00:00,2,8794,99
2026-09-22T07:45:29.161839+00:00,3,8774,96
2026-09-22T07:45:34.227900+00:00,0,9138,99
2026-09-22T07:45:34.227900+00:00,1,8518,99
2026-09-22T07:45:34.227900+00:00,2,9138,99
2026-09-22T07:45:34.227900+00:00,3,9138,99
2026-09-22T07:45:39.299088+00:00,0,9484,99
2026-09-22T07:45:39.299088+00:00,1,8904,99
2026-09-22T07:45:39.299088+00:00,2,9504,99
2026-09-22T07:45:39.299088+00:00,3,9484,99
2026-09-22T07:45:44.369440+00:00,0,9788,99
2026-09-22T07:45:44.369440+00:00,1,9208,99
2026-09-22T07:45:44.369440+00:00,2,9788,99
2026-09-22T07:45:44.369440+00:00,3,9808,99
2026-09-22T07:45:49.436415+00:00,0,9952,99
2026-09-22T07:45:49.436415+00:00,1,9352,97
2026-09-22T07:45:49.436415+00:00,2,9952,99
2026-09-22T07:45:49.436415+00:00,3,9932,99
2026-09-22T07:45:54.506872+00:00,0,9956,97
2026-09-22T07:45:54.506872+00:00,1,9356,99
2026-09-22T07:45:54.506872+00:00,2,9956,99
2026-09-22T07:45:54.506872+00:00,3,9936,99
2026-09-22T07:45:59.574586+00:00,0,9960,99
2026-09-22T07:45:59.574586+00:00,1,9360,99
2026-09-22T07:45:59.574586+00:00,2,9960,99
2026-09-22T07:45:59.574586+00:00,3,9940,99
2026-09-22T07:46:04.645694+00:00,0,9964,99
2026-09-22T07:46:04.645694+00:00,1,9364,99
2026-09-22T07:46:04.645694+00:00,2,9964,99
2026-09-22T07:46:04.645694+00:00,3,9944,99
2026-09-22T07:46:09.714157+00:00,0,9968,97
2026-09-22T07:46:09.714157+00:00,1,9368,99
2026-09-22T07:46:09.714157+00:00,2,9968,97
2026-09-22T07:46:09.714157+00:00,3,9948,97
2026-09-22T07:46:14.774910+00:00,0,1576,0
2026-09-22T07:46:14.774910+00:00,1,1616,0
2026-09-22T07:46:14.774910+00:00,2,1596,0
2026-09-22T07:46:14.774910+00:00,3,1576,0
2026-09-22T07:46:19.824512+00:00,0,18616,99
2026-09-22T07:46:19.824512+00:00,1,18596,96
2026-09-22T07:46:19.824512+00:00,2,18616,95
2026-09-22T07:46:19.824512+00:00,3,18616,98
2026-09-22T07:46:24.882517+00:00,0,18918,94
2026-09-22T07:46:24.882517+00:00,1,18898,94
2026-09-22T07:46:24.882517+00:00,2,19678,99
2026-09-22T07:46:24.882517+00:00,3,18878,96
2026-09-22T07:46:29.953510+00:00,0,20940,95
2026-09-22T07:46:29.953510+00:00,1,20940,95
2026-09-22T07:46:29.953510+00:00,2,21140,96
2026-09-22T07:46:29.953510+00:00,3,20940,95
2026-09-22T07:46:35.024721+00:00,0,21364,94
2026-09-22T07:46:35.024721+00:00,1,21384,95
2026-09-22T07:46:35.024721+00:00,2,21264,97
2026-09-22T07:46:35.024721+00:00,3,21384,95
2026-09-22T07:46:40.091212+00:00,0,21366,97
2026-09-22T07:46:40.091212+00:00,1,21386,97
2026-09-22T07:46:40.091212+00:00,2,21266,99
2026-09-22T07:46:40.091212+00:00,3,21386,99
2026-09-22T07:46:45.159970+00:00,0,21368,96
2026-09-22T07:46:45.159970+00:00,1,21388,97
2026-09-22T07:46:45.159970+00:00,2,21268,97
2026-09-22T07:46:45.159970+00:00,3,21388,96
2026-09-22T07:46:50.232727+00:00,0,21374,91
2026-09-22T07:46:50.232727+00:00,1,21394,90
2026-09-22T07:46:50.232727+00:00,2,21274,91
2026-09-22T07:46:50.232727+00:00,3,21394,94
2026-09-22T07:46:55.302422+00:00,0,21374,98
2026-09-22T07:46:55.302422+00:00,1,21394,99
2026-09-22T07:46:55.302422+00:00,2,21274,85
2026-09-22T07:46:55.302422+00:00,3,21394,97
2026-09-22T07:47:00.374321+00:00,0,21374,92
2026-09-22T07:47:00.374321+00:00,1,21394,95
2026-09-22T07:47:00.374321+00:00,2,21274,95
2026-09-22T07:47:00.374321+00:00,3,21394,94
2026-09-22T07:47:05.441599+00:00,0,25774,99
2026-09-22T07:47:05.441599+00:00,1,25794,99
2026-09-22T07:47:05.441599+00:00,2,25814,99
2026-09-22T07:47:05.441599+00:00,3,25774,99
2026-09-22T07:47:10.512693+00:00,0,25774,97
2026-09-22T07:47:10.512693+00:00,1,25794,98
2026-09-22T07:47:10.512693+00:00,2,25814,99
2026-09-22T07:47:10.512693+00:00,3,25774,98
2026-09-22T07:47:15.594813+00:00,0,25834,100
2026-09-22T07:47:15.594813+00:00,1,25814,100
2026-09-22T07:47:15.594813+00:00,2,25814,99
2026-09-22T07:47:15.594813+00:00,3,25834,99
2026-09-22T07:47:20.668637+00:00,0,25834,99
2026-09-22T07:47:20.668637+00:00,1,25814,99
2026-09-22T07:47:20.668637+00:00,2,25814,100
2026-09-22T07:47:20.668637+00:00,3,25834,99
2026-09-22T07:47:25.751071+00:00,0,25834,98
2026-09-22T07:47:25.751071+00:00,1,25814,98
2026-09-22T07:47:25.751071+00:00,2,25814,99
2026-09-22T07:47:25.751071+00:00,3,25834,98
2026-09-22T07:47:30.817253+00:00,0,25834,100
2026-09-22T07:47:30.817253+00:00,1,25814,100
2026-09-22T07:47:30.817253+00:00,2,25814,99
2026-09-22T07:47:30.817253+00:00,3,25834,99
2026-09-22T07:47:35.880272+00:00,0,25834,91
2026-09-22T07:47:35.880272+00:00,1,25814,94
2026-09-22T07:47:35.880272+00:00,2,25814,93
2026-09-22T07:47:35.880272+00:00,3,25834,93
2026-09-22T07:47:40.956910+00:00,0,25834,99
2026-09-22T07:47:40.956910+00:00,1,25814,97
2026-09-22T07:47:40.956910+00:00,2,25814,94
2026-09-22T07:47:40.956910+00:00,3,25834,93
2026-09-22T07:47:46.025920+00:00,0,25834,94
2026-09-22T07:47:46.025920+00:00,1,25814,96
2026-09-22T07:47:46.025920+00:00,2,25814,93
2026-09-22T07:47:46.025920+00:00,3,25834,95
2026-09-22T07:47:51.101175+00:00,0,25834,93
2026-09-22T07:47:51.101175+00:00,1,25814,93
2026-09-22T07:47:51.101175+00:00,2,25814,91
2026-09-22T07:47:51.101175+00:00,3,25834,92
2026-09-22T07:47:56.171996+00:00,0,25834,0
2026-09-22T07:47:56.171996+00:00,1,25814,0
2026-09-22T07:47:56.171996+00:00,2,25814,0
2026-09-22T07:47:56.171996+00:00,3,25834,0
2026-09-22T07:48:01.245456+00:00,0,25834,99
2026-09-22T07:48:01.245456+00:00,1,25814,99
2026-09-22T07:48:01.245456+00:00,2,25814,99
2026-09-22T07:48:01.245456+00:00,3,25834,99
2026-09-22T07:48:06.317313+00:00,0,25834,99
2026-09-22T07:48:06.317313+00:00,1,25814,99
2026-09-22T07:48:06.317313+00:00,2,25814,99
2026-09-22T07:48:06.317313+00:00,3,25834,99
2026-09-22T07:48:11.393414+00:00,0,25834,98
2026-09-22T07:48:11.393414+00:00,1,25814,98
2026-09-22T07:48:11.393414+00:00,2,25834,98
2026-09-22T07:48:11.393414+00:00,3,25834,98
2026-09-22T07:48:16.462347+00:00,0,25834,100
2026-09-22T07:48:16.462347+00:00,1,25814,99
2026-09-22T07:48:16.462347+00:00,2,25834,99
2026-09-22T07:48:16.462347+00:00,3,25834,99
2026-09-22T07:48:21.537408+00:00,0,25834,100
2026-09-22T07:48:21.537408+00:00,1,25814,98
2026-09-22T07:48:21.537408+00:00,2,25834,99
2026-09-22T07:48:21.537408+00:00,3,25834,99
2026-09-22T07:48:26.606997+00:00,0,25834,93
2026-09-22T07:48:26.606997+00:00,1,25814,90
2026-09-22T07:48:26.606997+00:00,2,25834,93
2026-09-22T07:48:26.606997+00:00,3,25834,92
2026-09-22T07:48:31.674759+00:00,0,25834,95
2026-09-22T07:48:31.674759+00:00,1,25814,97
2026-09-22T07:48:31.674759+00:00,2,25834,98
2026-09-22T07:48:31.674759+00:00,3,25834,95
2026-09-22T07:48:36.741196+00:00,0,25834,97
2026-09-22T07:48:36.741196+00:00,1,25814,94
2026-09-22T07:48:36.741196+00:00,2,25834,96
2026-09-22T07:48:36.741196+00:00,3,25834,96
2026-09-22T07:48:41.814580+00:00,0,25834,97
2026-09-22T07:48:41.814580+00:00,1,25814,99
2026-09-22T07:48:41.814580+00:00,2,25834,97
2026-09-22T07:48:41.814580+00:00,3,25834,99
2026-09-22T07:48:46.876671+00:00,0,25834,93
2026-09-22T07:48:46.876671+00:00,1,25814,96
2026-09-22T07:48:46.876671+00:00,2,25834,99
2026-09-22T07:48:46.876671+00:00,3,25834,98
2026-09-22T07:48:51.950189+00:00,0,25834,94
2026-09-22T07:48:51.950189+00:00,1,25814,95
2026-09-22T07:48:51.950189+00:00,2,25834,99
2026-09-22T07:48:51.950189+00:00,3,25834,96
2026-09-22T07:48:57.020479+00:00,0,25834,99
2026-09-22T07:48:57.020479+00:00,1,25814,97
2026-09-22T07:48:57.020479+00:00,2,25834,99
2026-09-22T07:48:57.020479+00:00,3,25834,98
2026-09-22T07:49:02.087207+00:00,0,25834,98
2026-09-22T07:49:02.087207+00:00,1,25814,96
2026-09-22T07:49:02.087207+00:00,2,25834,99
2026-09-22T07:49:02.087207+00:00,3,25834,96
2026-09-22T07:49:07.159647+00:00,0,25834,94
2026-09-22T07:49:07.159647+00:00,1,25814,93
2026-09-22T07:49:07.159647+00:00,2,25834,94
2026-09-22T07:49:07.159647+00:00,3,25834,94
2026-09-22T07:49:12.221735+00:00,0,1596,0
2026-09-22T07:49:12.221735+00:00,1,1596,0
2026-09-22T07:49:12.221735+00:00,2,1576,0
2026-09-22T07:49:12.221735+00:00,3,1596,0
2026-09-22T07:49:17.280485+00:00,0,10096,7
2026-09-22T07:49:17.280485+00:00,1,10096,8
2026-09-22T07:49:17.280485+00:00,2,10076,7
2026-09-22T07:49:17.280485+00:00,3,10096,7
2026-09-22T07:49:22.342716+00:00,0,11426,7
2026-09-22T07:49:22.342716+00:00,1,11366,6
2026-09-22T07:49:22.342716+00:00,2,11366,8
2026-09-22T07:49:22.342716+00:00,3,11426,59
2026-09-22T07:49:27.404103+00:00,0,12666,34
2026-09-22T07:49:27.404103+00:00,1,12406,31
2026-09-22T07:49:27.404103+00:00,2,12666,35
2026-09-22T07:49:27.404103+00:00,3,13126,41
2026-09-22T07:49:32.466061+00:00,0,33082,49
2026-09-22T07:49:32.466061+00:00,1,33052,27
2026-09-22T07:49:32.466061+00:00,2,32778,60
2026-09-22T07:49:32.466061+00:00,3,33000,55
2026-09-22T07:49:37.527622+00:00,0,33386,64
2026-09-22T07:49:37.527622+00:00,1,33052,66
2026-09-22T07:49:37.527622+00:00,2,33006,68
2026-09-22T07:49:37.527622+00:00,3,33000,68
2026-09-22T07:49:42.593246+00:00,0,33386,68
2026-09-22T07:49:42.593246+00:00,1,33052,68
2026-09-22T07:49:42.593246+00:00,2,33006,75
2026-09-22T07:49:42.593246+00:00,3,33000,73
2026-09-22T07:49:47.658272+00:00,0,33386,75
2026-09-22T07:49:47.658272+00:00,1,33052,68
2026-09-22T07:49:47.658272+00:00,2,33006,74
2026-09-22T07:49:47.658272+00:00,3,33000,67
2026-09-22T07:49:52.724796+00:00,0,33386,72
2026-09-22T07:49:52.724796+00:00,1,33052,70
2026-09-22T07:49:52.724796+00:00,2,33006,74
2026-09-22T07:49:52.724796+00:00,3,33000,70
2026-09-22T07:49:57.785824+00:00,0,33386,66
2026-09-22T07:49:57.785824+00:00,1,33052,66
2026-09-22T07:49:57.785824+00:00,2,33006,72
2026-09-22T07:49:57.785824+00:00,3,33000,75
2026-09-22T07:50:02.858301+00:00,0,33386,70
2026-09-22T07:50:02.858301+00:00,1,33052,74
2026-09-22T07:50:02.858301+00:00,2,33006,71
2026-09-22T07:50:02.858301+00:00,3,33000,73
2026-09-22T07:50:07.927167+00:00,0,33386,70
2026-09-22T07:50:07.927167+00:00,1,33052,75
2026-09-22T07:50:07.927167+00:00,2,33006,73
2026-09-22T07:50:07.927167+00:00,3,33000,73
2026-09-22T07:50:12.993853+00:00,0,33386,76
2026-09-22T07:50:12.993853+00:00,1,33052,77
2026-09-22T07:50:12.993853+00:00,2,33006,72
2026-09-22T07:50:12.993853+00:00,3,33000,76
2026-09-22T07:50:18.064220+00:00,0,33386,75
2026-09-22T07:50:18.064220+00:00,1,33052,80
2026-09-22T07:50:18.064220+00:00,2,33006,77
2026-09-22T07:50:18.064220+00:00,3,33000,74
2026-09-22T07:50:23.132771+00:00,0,33386,88
2026-09-22T07:50:23.132771+00:00,1,33052,76
2026-09-22T07:50:23.132771+00:00,2,33006,75
2026-09-22T07:50:23.132771+00:00,3,33000,77
2026-09-22T07:50:28.197304+00:00,0,33386,77
2026-09-22T07:50:28.197304+00:00,1,33052,77
2026-09-22T07:50:28.197304+00:00,2,33006,73
2026-09-22T07:50:28.197304+00:00,3,33000,75
2026-09-22T07:50:33.275486+00:00,0,33386,84
2026-09-22T07:50:33.275486+00:00,1,33052,76
2026-09-22T07:50:33.275486+00:00,2,33006,78
2026-09-22T07:50:33.275486+00:00,3,33000,76
2026-09-22T07:50:38.347669+00:00,0,33386,79
2026-09-22T07:50:38.347669+00:00,1,33052,75
2026-09-22T07:50:38.347669+00:00,2,33006,77
2026-09-22T07:50:38.347669+00:00,3,33000,78
2026-09-22T07:50:43.424089+00:00,0,33386,80
2026-09-22T07:50:43.424089+00:00,1,33052,76
2026-09-22T07:50:43.424089+00:00,2,33006,75
2026-09-22T07:50:43.424089+00:00,3,33000,73
2026-09-22T07:50:48.511910+00:00,0,33386,74
2026-09-22T07:50:48.511910+00:00,1,33052,82
2026-09-22T07:50:48.511910+00:00,2,33006,74
2026-09-22T07:50:48.511910+00:00,3,33000,81
2026-09-22T07:50:53.598607+00:00,0,33386,87
2026-09-22T07:50:53.598607+00:00,1,33052,75
2026-09-22T07:50:53.598607+00:00,2,33006,79
2026-09-22T07:50:53.598607+00:00,3,33000,78
2026-09-22T07:50:58.670094+00:00,0,33386,81
2026-09-22T07:50:58.670094+00:00,1,33052,87
2026-09-22T07:50:58.670094+00:00,2,33006,86
2026-09-22T07:50:58.670094+00:00,3,33000,83
2026-09-22T07:51:03.740975+00:00,0,33386,82
2026-09-22T07:51:03.740975+00:00,1,33052,85
2026-09-22T07:51:03.740975+00:00,2,33006,80
2026-09-22T07:51:03.740975+00:00,3,33000,82
2026-09-22T07:51:08.807743+00:00,0,33386,80
2026-09-22T07:51:08.807743+00:00,1,33052,90
2026-09-22T07:51:08.807743+00:00,2,33006,84
2026-09-22T07:51:08.807743+00:00,3,33000,82
2026-09-22T07:51:13.878857+00:00,0,33386,84
2026-09-22T07:51:13.878857+00:00,1,33052,89
2026-09-22T07:51:13.878857+00:00,2,33006,85
2026-09-22T07:51:13.878857+00:00,3,33000,83
2026-09-22T07:51:18.942810+00:00,0,33386,80
2026-09-22T07:51:18.942810+00:00,1,33052,82
2026-09-22T07:51:18.942810+00:00,2,33006,86
2026-09-22T07:51:18.942810+00:00,3,33000,86
2026-09-22T07:51:24.012596+00:00,0,33386,87
2026-09-22T07:51:24.012596+00:00,1,33052,79
2026-09-22T07:51:24.012596+00:00,2,33006,85
2026-09-22T07:51:24.012596+00:00,3,33000,81
2026-09-22T07:51:29.073416+00:00,0,33386,86
2026-09-22T07:51:29.073416+00:00,1,33052,85
2026-09-22T07:51:29.073416+00:00,2,33006,82
2026-09-22T07:51:29.073416+00:00,3,33000,81
2026-09-22T07:51:34.143398+00:00,0,33386,86
2026-09-22T07:51:34.143398+00:00,1,33052,85
2026-09-22T07:51:34.143398+00:00,2,33006,82
2026-09-22T07:51:34.143398+00:00,3,33000,83
2026-09-22T07:51:39.215808+00:00,0,33386,86
2026-09-22T07:51:39.215808+00:00,1,33052,84
2026-09-22T07:51:39.215808+00:00,2,33006,86
2026-09-22T07:51:39.215808+00:00,3,33000,85
2026-09-22T07:51:44.288001+00:00,0,33386,82
2026-09-22T07:51:44.288001+00:00,1,33052,82
2026-09-22T07:51:44.288001+00:00,2,33006,88
2026-09-22T07:51:44.288001+00:00,3,33000,84
2026-09-22T07:51:49.364573+00:00,0,33386,87
2026-09-22T07:51:49.364573+00:00,1,33052,89
2026-09-22T07:51:49.364573+00:00,2,33006,86
2026-09-22T07:51:49.364573+00:00,3,33000,84
2026-09-22T07:51:54.425789+00:00,0,33386,87
2026-09-22T07:51:54.425789+00:00,1,33052,80
2026-09-22T07:51:54.425789+00:00,2,33006,85
2026-09-22T07:51:54.425789+00:00,3,33000,83
2026-09-22T07:51:59.499754+00:00,0,33386,83
2026-09-22T07:51:59.499754+00:00,1,33052,88
2026-09-22T07:51:59.499754+00:00,2,33006,91
2026-09-22T07:51:59.499754+00:00,3,33000,86
2026-09-22T07:52:04.574320+00:00,0,33386,85
2026-09-22T07:52:04.574320+00:00,1,33052,86
2026-09-22T07:52:04.574320+00:00,2,33006,86
2026-09-22T07:52:04.574320+00:00,3,33000,84
2026-09-22T07:52:09.641958+00:00,0,33386,83
2026-09-22T07:52:09.641958+00:00,1,33052,86
2026-09-22T07:52:09.641958+00:00,2,33006,85
2026-09-22T07:52:09.641958+00:00,3,33000,83
2026-09-22T07:52:14.716856+00:00,0,33386,82
2026-09-22T07:52:14.716856+00:00,1,33052,84
2026-09-22T07:52:14.716856+00:00,2,33006,86
2026-09-22T07:52:14.716856+00:00,3,33000,85
2026-09-22T07:52:19.786449+00:00,0,33386,82
2026-09-22T07:52:19.786449+00:00,1,33052,82
2026-09-22T07:52:19.786449+00:00,2,33006,83
2026-09-22T07:52:19.786449+00:00,3,33000,85
2026-09-22T07:52:24.856144+00:00,0,33386,84
2026-09-22T07:52:24.856144+00:00,1,33052,87
2026-09-22T07:52:24.856144+00:00,2,33006,88
2026-09-22T07:52:24.856144+00:00,3,33000,87
2026-09-22T07:52:29.923473+00:00,0,33386,90
2026-09-22T07:52:29.923473+00:00,1,33052,88
2026-09-22T07:52:29.923473+00:00,2,33006,87
2026-09-22T07:52:29.923473+00:00,3,33000,85
2026-09-22T07:52:34.997106+00:00,0,33386,84
2026-09-22T07:52:34.997106+00:00,1,33052,82
2026-09-22T07:52:34.997106+00:00,2,33006,87
2026-09-22T07:52:34.997106+00:00,3,33000,90
2026-09-22T07:52:40.071090+00:00,0,33386,83
2026-09-22T07:52:40.071090+00:00,1,33052,84
2026-09-22T07:52:40.071090+00:00,2,33006,84
2026-09-22T07:52:40.071090+00:00,3,33000,86
2026-09-22T07:52:45.144608+00:00,0,33386,86
2026-09-22T07:52:45.144608+00:00,1,33052,90
2026-09-22T07:52:45.144608+00:00,2,33006,88
2026-09-22T07:52:45.144608+00:00,3,33000,87
2026-09-22T07:52:50.208807+00:00,0,33386,84
2026-09-22T07:52:50.208807+00:00,1,33052,86
2026-09-22T07:52:50.208807+00:00,2,33006,89
2026-09-22T07:52:50.208807+00:00,3,33000,88
2026-09-22T07:52:55.285765+00:00,0,33386,89
2026-09-22T07:52:55.285765+00:00,1,33052,84
2026-09-22T07:52:55.285765+00:00,2,33006,86
2026-09-22T07:52:55.285765+00:00,3,33000,84
2026-09-22T07:53:00.362426+00:00,0,33386,85
2026-09-22T07:53:00.362426+00:00,1,33052,87
2026-09-22T07:53:00.362426+00:00,2,33006,88
2026-09-22T07:53:00.362426+00:00,3,33000,88
2026-09-22T07:53:05.439261+00:00,0,33386,85
2026-09-22T07:53:05.439261+00:00,1,33052,84
2026-09-22T07:53:05.439261+00:00,2,33006,88
2026-09-22T07:53:05.439261+00:00,3,33000,89
2026-09-22T07:53:10.513687+00:00,0,33386,85
2026-09-22T07:53:10.513687+00:00,1,33052,86
2026-09-22T07:53:10.513687+00:00,2,33006,86
2026-09-22T07:53:10.513687+00:00,3,33000,87
2026-09-22T07:53:15.591923+00:00,0,33386,86
2026-09-22T07:53:15.591923+00:00,1,33052,88
2026-09-22T07:53:15.591923+00:00,2,33006,87
2026-09-22T07:53:15.591923+00:00,3,33000,84
2026-09-22T07:53:20.666265+00:00,0,33386,85
2026-09-22T07:53:20.666265+00:00,1,33052,84
2026-09-22T07:53:20.666265+00:00,2,33006,85
2026-09-22T07:53:20.666265+00:00,3,33000,89
2026-09-22T07:53:25.741752+00:00,0,33386,88
2026-09-22T07:53:25.741752+00:00,1,33052,87
2026-09-22T07:53:25.741752+00:00,2,33006,90
2026-09-22T07:53:25.741752+00:00,3,33000,87
2026-09-22T07:53:30.814563+00:00,0,33386,84
2026-09-22T07:53:30.814563+00:00,1,33052,93
2026-09-22T07:53:30.814563+00:00,2,33006,86
2026-09-22T07:53:30.814563+00:00,3,33000,84
2026-09-22T07:53:35.903370+00:00,0,33386,83
2026-09-22T07:53:35.903370+00:00,1,33052,86
2026-09-22T07:53:35.903370+00:00,2,33006,83
2026-09-22T07:53:35.903370+00:00,3,33000,83
2026-09-22T07:53:40.973152+00:00,0,33386,86
2026-09-22T07:53:40.973152+00:00,1,33052,90
2026-09-22T07:53:40.973152+00:00,2,33006,85
2026-09-22T07:53:40.973152+00:00,3,33000,87
2026-09-22T07:53:46.056405+00:00,0,33386,87
2026-09-22T07:53:46.056405+00:00,1,33052,79
2026-09-22T07:53:46.056405+00:00,2,33006,88
2026-09-22T07:53:46.056405+00:00,3,33000,88
2026-09-22T07:53:51.130804+00:00,0,33386,84
2026-09-22T07:53:51.130804+00:00,1,33052,0
2026-09-22T07:53:51.130804+00:00,2,33006,79
2026-09-22T07:53:51.130804+00:00,3,33000,86
2026-09-22T07:53:56.209643+00:00,0,33386,82
2026-09-22T07:53:56.209643+00:00,1,33052,0
2026-09-22T07:53:56.209643+00:00,2,33006,0
2026-09-22T07:53:56.209643+00:00,3,33000,0
2026-09-22T07:54:01.272629+00:00,0,5386,89
2026-09-22T07:54:01.272629+00:00,1,5366,98
2026-09-22T07:54:01.272629+00:00,2,5366,86
2026-09-22T07:54:01.272629+00:00,3,5386,91
2026-09-22T07:54:06.337840+00:00,0,8190,99
2026-09-22T07:54:06.337840+00:00,1,7490,96
2026-09-22T07:54:06.337840+00:00,2,8130,95
2026-09-22T07:54:06.337840+00:00,3,8150,99
2026-09-22T07:54:11.403015+00:00,0,8716,99
2026-09-22T07:54:11.403015+00:00,1,8076,97
2026-09-22T07:54:11.403015+00:00,2,8736,99
2026-09-22T07:54:11.403015+00:00,3,8736,99
2026-09-22T07:54:16.471462+00:00,0,9180,99
2026-09-22T07:54:16.471462+00:00,1,8520,99
2026-09-22T07:54:16.471462+00:00,2,9140,99
2026-09-22T07:54:16.471462+00:00,3,9200,99
2026-09-22T07:54:21.536978+00:00,0,9444,99
2026-09-22T07:54:21.536978+00:00,1,8824,99
2026-09-22T07:54:21.536978+00:00,2,9444,98
2026-09-22T07:54:21.536978+00:00,3,9444,99
2026-09-22T07:54:26.605478+00:00,0,9788,99
2026-09-22T07:54:26.605478+00:00,1,9188,99
2026-09-22T07:54:26.605478+00:00,2,9768,98
2026-09-22T07:54:26.605478+00:00,3,9768,99
2026-09-22T07:54:31.673943+00:00,0,9852,97
2026-09-22T07:54:31.673943+00:00,1,9232,97
2026-09-22T07:54:31.673943+00:00,2,9812,99
2026-09-22T07:54:31.673943+00:00,3,9832,100
2026-09-22T07:54:36.741499+00:00,0,9856,99
2026-09-22T07:54:36.741499+00:00,1,9236,99
2026-09-22T07:54:36.741499+00:00,2,9816,99
2026-09-22T07:54:36.741499+00:00,3,9836,99
2026-09-22T07:54:41.807740+00:00,0,9862,96
2026-09-22T07:54:41.807740+00:00,1,9242,99
2026-09-22T07:54:41.807740+00:00,2,9822,97
2026-09-22T07:54:41.807740+00:00,3,9842,99
2026-09-22T07:54:46.865089+00:00,0,9866,99
2026-09-22T07:54:46.865089+00:00,1,9246,99
2026-09-22T07:54:46.865089+00:00,2,9826,98
2026-09-22T07:54:46.865089+00:00,3,9846,99
2026-09-22T07:54:51.942020+00:00,0,9870,99
2026-09-22T07:54:51.942020+00:00,1,9250,99
2026-09-22T07:54:51.942020+00:00,2,9830,98
2026-09-22T07:54:51.942020+00:00,3,9850,99
2026-09-22T07:54:57.003904+00:00,0,17994,99
2026-09-22T07:54:57.003904+00:00,1,17914,97
2026-09-22T07:54:57.003904+00:00,2,18114,97
2026-09-22T07:54:57.003904+00:00,3,18054,95
2026-09-22T07:55:02.072963+00:00,0,18538,99
2026-09-22T07:55:02.072963+00:00,1,18798,92
2026-09-22T07:55:02.072963+00:00,2,18778,95
2026-09-22T07:55:02.072963+00:00,3,18618,93
2026-09-22T07:55:07.145017+00:00,0,20900,99
2026-09-22T07:55:07.145017+00:00,1,20920,96
2026-09-22T07:55:07.145017+00:00,2,20840,92
2026-09-22T07:55:07.145017+00:00,3,20920,96
2026-09-22T07:55:12.216590+00:00,0,21302,99
2026-09-22T07:55:12.216590+00:00,1,21122,95
2026-09-22T07:55:12.216590+00:00,2,21242,91
2026-09-22T07:55:12.216590+00:00,3,21184,96
2026-09-22T07:55:17.288308+00:00,0,21306,99
2026-09-22T07:55:17.288308+00:00,1,21124,94
2026-09-22T07:55:17.288308+00:00,2,21246,93
2026-09-22T07:55:17.288308+00:00,3,21186,94
2026-09-22T07:55:22.362905+00:00,0,21308,97
2026-09-22T07:55:22.362905+00:00,1,21128,99
2026-09-22T07:55:22.362905+00:00,2,21248,99
2026-09-22T07:55:22.362905+00:00,3,21188,96
2026-09-22T07:55:27.432656+00:00,0,21314,99
2026-09-22T07:55:27.432656+00:00,1,21134,90
2026-09-22T07:55:27.432656+00:00,2,21254,98
2026-09-22T07:55:27.432656+00:00,3,21194,92
2026-09-22T07:55:32.504109+00:00,0,21314,99
2026-09-22T07:55:32.504109+00:00,1,21134,99
2026-09-22T07:55:32.504109+00:00,2,21254,99
2026-09-22T07:55:32.504109+00:00,3,21194,92
2026-09-22T07:55:37.570314+00:00,0,25474,99
2026-09-22T07:55:37.570314+00:00,1,25574,99
2026-09-22T07:55:37.570314+00:00,2,25534,99
2026-09-22T07:55:37.570314+00:00,3,25594,99
2026-09-22T07:55:42.640536+00:00,0,25794,99
2026-09-22T07:55:42.640536+00:00,1,25714,98
2026-09-22T07:55:42.640536+00:00,2,25774,99
2026-09-22T07:55:42.640536+00:00,3,25794,99
2026-09-22T07:55:47.710201+00:00,0,25794,98
2026-09-22T07:55:47.710201+00:00,1,25774,98
2026-09-22T07:55:47.710201+00:00,2,25774,98
2026-09-22T07:55:47.710201+00:00,3,25794,98
2026-09-22T07:55:52.773824+00:00,0,25794,99
2026-09-22T07:55:52.773824+00:00,1,25774,99
2026-09-22T07:55:52.773824+00:00,2,25794,100
2026-09-22T07:55:52.773824+00:00,3,25794,100
2026-09-22T07:55:57.843880+00:00,0,25794,99
2026-09-22T07:55:57.843880+00:00,1,25774,98
2026-09-22T07:55:57.843880+00:00,2,25794,98
2026-09-22T07:55:57.843880+00:00,3,25794,98
2026-09-22T07:56:02.923662+00:00,0,25794,99
2026-09-22T07:56:02.923662+00:00,1,25774,100
2026-09-22T07:56:02.923662+00:00,2,25794,99
2026-09-22T07:56:02.923662+00:00,3,25794,99
2026-09-22T07:56:08.019545+00:00,0,25794,93
2026-09-22T07:56:08.019545+00:00,1,25774,99
2026-09-22T07:56:08.019545+00:00,2,25794,96
2026-09-22T07:56:08.019545+00:00,3,25794,99
2026-09-22T07:56:13.091445+00:00,0,25794,93
2026-09-22T07:56:13.091445+00:00,1,25774,99
2026-09-22T07:56:13.091445+00:00,2,25794,94
2026-09-22T07:56:13.091445+00:00,3,25794,99
2026-09-22T07:56:18.163751+00:00,0,25794,99
2026-09-22T07:56:18.163751+00:00,1,25774,92
2026-09-22T07:56:18.163751+00:00,2,25794,93
2026-09-22T07:56:18.163751+00:00,3,25794,91
2026-09-22T07:56:23.227163+00:00,0,25794,93
2026-09-22T07:56:23.227163+00:00,1,25774,99
2026-09-22T07:56:23.227163+00:00,2,25794,99
2026-09-22T07:56:23.227163+00:00,3,25794,94
2026-09-22T07:56:28.295256+00:00,0,25794,92
2026-09-22T07:56:28.295256+00:00,1,25774,100
2026-09-22T07:56:28.295256+00:00,2,25794,100
2026-09-22T07:56:28.295256+00:00,3,25794,100
2026-09-22T07:56:33.367617+00:00,0,25794,99
2026-09-22T07:56:33.367617+00:00,1,25774,93
2026-09-22T07:56:33.367617+00:00,2,25794,98
2026-09-22T07:56:33.367617+00:00,3,25794,98
2026-09-22T07:56:38.436167+00:00,0,25794,99
2026-09-22T07:56:38.436167+00:00,1,25774,99
2026-09-22T07:56:38.436167+00:00,2,25794,99
2026-09-22T07:56:38.436167+00:00,3,25794,99
2026-09-22T07:56:43.506364+00:00,0,25794,99
2026-09-22T07:56:43.506364+00:00,1,25774,99
2026-09-22T07:56:43.506364+00:00,2,25794,99
2026-09-22T07:56:43.506364+00:00,3,25794,99
2026-09-22T07:56:48.574094+00:00,0,25794,99
2026-09-22T07:56:48.574094+00:00,1,25774,99
2026-09-22T07:56:48.574094+00:00,2,25794,99
2026-09-22T07:56:48.574094+00:00,3,25794,99
2026-09-22T07:56:53.641191+00:00,0,25794,100
2026-09-22T07:56:53.641191+00:00,1,25774,99
2026-09-22T07:56:53.641191+00:00,2,25794,99
2026-09-22T07:56:53.641191+00:00,3,25794,99
2026-09-22T07:56:58.714855+00:00,0,25794,100
2026-09-22T07:56:58.714855+00:00,1,25774,99
2026-09-22T07:56:58.714855+00:00,2,25794,100
2026-09-22T07:56:58.714855+00:00,3,25794,99
2026-09-22T07:57:03.786177+00:00,0,25794,97
2026-09-22T07:57:03.786177+00:00,1,25774,94
2026-09-22T07:57:03.786177+00:00,2,25794,96
2026-09-22T07:57:03.786177+00:00,3,25794,93
2026-09-22T07:57:08.855436+00:00,0,25794,99
2026-09-22T07:57:08.855436+00:00,1,25774,92
2026-09-22T07:57:08.855436+00:00,2,25794,91
2026-09-22T07:57:08.855436+00:00,3,25794,93
2026-09-22T07:57:13.931033+00:00,0,25794,98
2026-09-22T07:57:13.931033+00:00,1,25774,96
2026-09-22T07:57:13.931033+00:00,2,25794,97
2026-09-22T07:57:13.931033+00:00,3,25794,97
2026-09-22T07:57:19.003130+00:00,0,25794,91
2026-09-22T07:57:19.003130+00:00,1,25774,91
2026-09-22T07:57:19.003130+00:00,2,25794,99
2026-09-22T07:57:19.003130+00:00,3,25794,96
2026-09-22T07:57:24.071186+00:00,0,25794,99
2026-09-22T07:57:24.071186+00:00,1,25774,98
2026-09-22T07:57:24.071186+00:00,2,25794,98
2026-09-22T07:57:24.071186+00:00,3,25794,98
2026-09-22T07:57:29.133527+00:00,0,25794,96
2026-09-22T07:57:29.133527+00:00,1,25774,99
2026-09-22T07:57:29.133527+00:00,2,25794,96
2026-09-22T07:57:29.133527+00:00,3,25794,95
2026-09-22T07:57:34.195432+00:00,0,25794,94
2026-09-22T07:57:34.195432+00:00,1,25774,99
2026-09-22T07:57:34.195432+00:00,2,25794,94
2026-09-22T07:57:34.195432+00:00,3,25794,94
2026-09-22T07:57:39.262776+00:00,0,25794,99
2026-09-22T07:57:39.262776+00:00,1,25774,99
2026-09-22T07:57:39.262776+00:00,2,25794,94
2026-09-22T07:57:39.262776+00:00,3,25794,99
2026-09-22T07:57:44.333291+00:00,0,5060,82
2026-09-22T07:57:44.333291+00:00,1,5060,79
2026-09-22T07:57:44.333291+00:00,2,5040,75
2026-09-22T07:57:44.333291+00:00,3,5060,45
2026-09-22T07:57:49.399032+00:00,0,10504,8
2026-09-22T07:57:49.399032+00:00,1,10238,6
2026-09-22T07:57:49.399032+00:00,2,10362,8
2026-09-22T07:57:49.399032+00:00,3,10176,5
2026-09-22T07:57:54.459576+00:00,0,11426,20
2026-09-22T07:57:54.459576+00:00,1,11406,32
2026-09-22T07:57:54.459576+00:00,2,11406,33
2026-09-22T07:57:54.459576+00:00,3,11426,20
2026-09-22T07:57:59.518205+00:00,0,5208,10
2026-09-22T07:57:59.518205+00:00,1,5208,11
2026-09-22T07:57:59.518205+00:00,2,5188,0
2026-09-22T07:57:59.518205+00:00,3,5208,10
2026-09-22T07:58:04.576256+00:00,0,32650,65
2026-09-22T07:58:04.576256+00:00,1,33030,73
2026-09-22T07:58:04.576256+00:00,2,32870,61
2026-09-22T07:58:04.576256+00:00,3,32816,64
2026-09-22T07:58:09.639438+00:00,0,32650,65
2026-09-22T07:58:09.639438+00:00,1,33030,73
2026-09-22T07:58:09.639438+00:00,2,32870,64
2026-09-22T07:58:09.639438+00:00,3,32816,72
2026-09-22T07:58:14.696958+00:00,0,32650,67
2026-09-22T07:58:14.696958+00:00,1,33030,72
2026-09-22T07:58:14.696958+00:00,2,32870,68
2026-09-22T07:58:14.696958+00:00,3,32816,65
2026-09-22T07:58:19.767802+00:00,0,32650,68
2026-09-22T07:58:19.767802+00:00,1,33030,84
2026-09-22T07:58:19.767802+00:00,2,32870,73
2026-09-22T07:58:19.767802+00:00,3,32816,73
2026-09-22T07:58:24.837996+00:00,0,32650,72
2026-09-22T07:58:24.837996+00:00,1,33030,68
2026-09-22T07:58:24.837996+00:00,2,32870,78
2026-09-22T07:58:24.837996+00:00,3,32816,70
2026-09-22T07:58:29.906901+00:00,0,32650,68
2026-09-22T07:58:29.906901+00:00,1,33030,75
2026-09-22T07:58:29.906901+00:00,2,32870,72
2026-09-22T07:58:29.906901+00:00,3,32816,73
2026-09-22T07:58:34.975880+00:00,0,32650,77
2026-09-22T07:58:34.975880+00:00,1,33030,77
2026-09-22T07:58:34.975880+00:00,2,32870,78
2026-09-22T07:58:34.975880+00:00,3,32816,75
2026-09-22T07:58:40.045723+00:00,0,32650,75
2026-09-22T07:58:40.045723+00:00,1,33030,75
2026-09-22T07:58:40.045723+00:00,2,32870,75
2026-09-22T07:58:40.045723+00:00,3,32816,72
2026-09-22T07:58:45.119841+00:00,0,32650,78
2026-09-22T07:58:45.119841+00:00,1,33030,77
2026-09-22T07:58:45.119841+00:00,2,32870,77
2026-09-22T07:58:45.119841+00:00,3,32816,71
2026-09-22T07:58:50.188797+00:00,0,32650,73
2026-09-22T07:58:50.188797+00:00,1,33030,74
2026-09-22T07:58:50.188797+00:00,2,32870,75
2026-09-22T07:58:50.188797+00:00,3,32816,79
2026-09-22T07:58:55.279457+00:00,0,32650,76
2026-09-22T07:58:55.279457+00:00,1,33030,77
2026-09-22T07:58:55.279457+00:00,2,32870,75
2026-09-22T07:58:55.279457+00:00,3,32816,82
2026-09-22T07:59:00.344855+00:00,0,32650,71
2026-09-22T07:59:00.344855+00:00,1,33030,78
2026-09-22T07:59:00.344855+00:00,2,32870,81
2026-09-22T07:59:00.344855+00:00,3,32816,77
2026-09-22T07:59:05.421020+00:00,0,32650,84
2026-09-22T07:59:05.421020+00:00,1,33030,81
2026-09-22T07:59:05.421020+00:00,2,32870,80
2026-09-22T07:59:05.421020+00:00,3,32816,74
2026-09-22T07:59:10.488162+00:00,0,32650,77
2026-09-22T07:59:10.488162+00:00,1,33030,88
2026-09-22T07:59:10.488162+00:00,2,32870,78
2026-09-22T07:59:10.488162+00:00,3,32816,82
2026-09-22T07:59:15.558165+00:00,0,32650,80
2026-09-22T07:59:15.558165+00:00,1,33030,81
2026-09-22T07:59:15.558165+00:00,2,32870,86
2026-09-22T07:59:15.558165+00:00,3,32816,78
2026-09-22T07:59:20.630669+00:00,0,32650,82
2026-09-22T07:59:20.630669+00:00,1,33030,82
2026-09-22T07:59:20.630669+00:00,2,32870,80
2026-09-22T07:59:20.630669+00:00,3,32816,84
2026-09-22T07:59:25.705682+00:00,0,32650,80
2026-09-22T07:59:25.705682+00:00,1,33030,79
2026-09-22T07:59:25.705682+00:00,2,32870,80
2026-09-22T07:59:25.705682+00:00,3,32816,84
2026-09-22T07:59:30.778430+00:00,0,32650,84
2026-09-22T07:59:30.778430+00:00,1,33030,80
2026-09-22T07:59:30.778430+00:00,2,32870,81
2026-09-22T07:59:30.778430+00:00,3,32816,86
2026-09-22T07:59:35.854633+00:00,0,32650,83
2026-09-22T07:59:35.854633+00:00,1,33030,80
2026-09-22T07:59:35.854633+00:00,2,32870,86
2026-09-22T07:59:35.854633+00:00,3,32816,85
2026-09-22T07:59:40.928711+00:00,0,32650,85
2026-09-22T07:59:40.928711+00:00,1,33030,81
2026-09-22T07:59:40.928711+00:00,2,32870,85
2026-09-22T07:59:40.928711+00:00,3,32816,77
2026-09-22T07:59:46.001538+00:00,0,32650,85
2026-09-22T07:59:46.001538+00:00,1,33030,83
2026-09-22T07:59:46.001538+00:00,2,32870,81
2026-09-22T07:59:46.001538+00:00,3,32816,82
2026-09-22T07:59:51.072782+00:00,0,32650,87
2026-09-22T07:59:51.072782+00:00,1,33030,87
2026-09-22T07:59:51.072782+00:00,2,32870,82
2026-09-22T07:59:51.072782+00:00,3,32816,88
2026-09-22T07:59:56.145600+00:00,0,32650,81
2026-09-22T07:59:56.145600+00:00,1,33030,81
2026-09-22T07:59:56.145600+00:00,2,32870,83
2026-09-22T07:59:56.145600+00:00,3,32816,81
2026-09-22T08:00:01.215815+00:00,0,32650,82
2026-09-22T08:00:01.215815+00:00,1,33030,85
2026-09-22T08:00:01.215815+00:00,2,32870,88
2026-09-22T08:00:01.215815+00:00,3,32816,82
2026-09-22T08:00:06.288415+00:00,0,32650,80
2026-09-22T08:00:06.288415+00:00,1,33030,82
2026-09-22T08:00:06.288415+00:00,2,32870,81
2026-09-22T08:00:06.288415+00:00,3,32816,80
2026-09-22T08:00:11.369078+00:00,0,32650,86
2026-09-22T08:00:11.369078+00:00,1,33030,84
2026-09-22T08:00:11.369078+00:00,2,32870,88
2026-09-22T08:00:11.369078+00:00,3,32816,85
2026-09-22T08:00:16.427401+00:00,0,32650,86
2026-09-22T08:00:16.427401+00:00,1,33030,86
2026-09-22T08:00:16.427401+00:00,2,32870,85
2026-09-22T08:00:16.427401+00:00,3,32816,84
2026-09-22T08:00:21.498248+00:00,0,32650,79
2026-09-22T08:00:21.498248+00:00,1,33030,85
2026-09-22T08:00:21.498248+00:00,2,32870,83
2026-09-22T08:00:21.498248+00:00,3,32816,86
2026-09-22T08:00:26.568697+00:00,0,32650,81
2026-09-22T08:00:26.568697+00:00,1,33030,92
2026-09-22T08:00:26.568697+00:00,2,32870,86
2026-09-22T08:00:26.568697+00:00,3,32816,83
2026-09-22T08:00:31.641173+00:00,0,32650,87
2026-09-22T08:00:31.641173+00:00,1,33030,84
2026-09-22T08:00:31.641173+00:00,2,32870,85
2026-09-22T08:00:31.641173+00:00,3,32816,84
2026-09-22T08:00:36.718310+00:00,0,32650,84
2026-09-22T08:00:36.718310+00:00,1,33030,83
2026-09-22T08:00:36.718310+00:00,2,32870,86
2026-09-22T08:00:36.718310+00:00,3,32816,90
2026-09-22T08:00:41.793322+00:00,0,32650,84
2026-09-22T08:00:41.793322+00:00,1,33030,93
2026-09-22T08:00:41.793322+00:00,2,32870,87
2026-09-22T08:00:41.793322+00:00,3,32816,89
2026-09-22T08:00:46.868657+00:00,0,32650,88
2026-09-22T08:00:46.868657+00:00,1,33030,87
2026-09-22T08:00:46.868657+00:00,2,32870,84
2026-09-22T08:00:46.868657+00:00,3,32816,88
2026-09-22T08:00:51.936953+00:00,0,32650,85
2026-09-22T08:00:51.936953+00:00,1,33030,87
2026-09-22T08:00:51.936953+00:00,2,32870,90
2026-09-22T08:00:51.936953+00:00,3,32816,86
2026-09-22T08:00:57.010144+00:00,0,32650,84
2026-09-22T08:00:57.010144+00:00,1,33030,87
2026-09-22T08:00:57.010144+00:00,2,32870,81
2026-09-22T08:00:57.010144+00:00,3,32816,91
2026-09-22T08:01:02.082708+00:00,0,32650,84
2026-09-22T08:01:02.082708+00:00,1,33030,85
2026-09-22T08:01:02.082708+00:00,2,32870,88
2026-09-22T08:01:02.082708+00:00,3,32816,89
2026-09-22T08:01:07.160113+00:00,0,32650,85
2026-09-22T08:01:07.160113+00:00,1,33030,87
2026-09-22T08:01:07.160113+00:00,2,32870,83
2026-09-22T08:01:07.160113+00:00,3,32816,83
2026-09-22T08:01:12.238665+00:00,0,32650,86
2026-09-22T08:01:12.238665+00:00,1,33030,83
2026-09-22T08:01:12.238665+00:00,2,32870,86
2026-09-22T08:01:12.238665+00:00,3,32816,85
2026-09-22T08:01:17.315681+00:00,0,32650,89
2026-09-22T08:01:17.315681+00:00,1,33030,87
2026-09-22T08:01:17.315681+00:00,2,32870,85
2026-09-22T08:01:17.315681+00:00,3,32816,84
2026-09-22T08:01:22.390870+00:00,0,32650,87
2026-09-22T08:01:22.390870+00:00,1,33030,87
2026-09-22T08:01:22.390870+00:00,2,32870,85
2026-09-22T08:01:22.390870+00:00,3,32816,83
2026-09-22T08:01:27.462561+00:00,0,32650,85
2026-09-22T08:01:27.462561+00:00,1,33030,88
2026-09-22T08:01:27.462561+00:00,2,32870,84
2026-09-22T08:01:27.462561+00:00,3,32816,91
2026-09-22T08:01:32.537917+00:00,0,32650,89
2026-09-22T08:01:32.537917+00:00,1,33030,89
2026-09-22T08:01:32.537917+00:00,2,32870,85
2026-09-22T08:01:32.537917+00:00,3,32816,89
2026-09-22T08:01:37.610073+00:00,0,32650,89
2026-09-22T08:01:37.610073+00:00,1,33030,88
2026-09-22T08:01:37.610073+00:00,2,32870,85
2026-09-22T08:01:37.610073+00:00,3,32816,87
2026-09-22T08:01:42.681871+00:00,0,32650,85
2026-09-22T08:01:42.681871+00:00,1,33030,87
2026-09-22T08:01:42.681871+00:00,2,32870,87
2026-09-22T08:01:42.681871+00:00,3,32816,87
2026-09-22T08:01:47.758627+00:00,0,32650,88
2026-09-22T08:01:47.758627+00:00,1,33030,85
2026-09-22T08:01:47.758627+00:00,2,32870,86
2026-09-22T08:01:47.758627+00:00,3,32816,88
2026-09-22T08:01:52.835184+00:00,0,32650,87
2026-09-22T08:01:52.835184+00:00,1,33030,87
2026-09-22T08:01:52.835184+00:00,2,32870,87
2026-09-22T08:01:52.835184+00:00,3,32816,92
2026-09-22T08:01:57.898781+00:00,0,32650,89
2026-09-22T08:01:57.898781+00:00,1,33030,83
2026-09-22T08:01:57.898781+00:00,2,32870,88
2026-09-22T08:01:57.898781+00:00,3,32816,89
2026-09-22T08:02:02.967572+00:00,0,32650,89
2026-09-22T08:02:02.967572+00:00,1,33030,87
2026-09-22T08:02:02.967572+00:00,2,32870,89
2026-09-22T08:02:02.967572+00:00,3,32816,85
2026-09-22T08:02:08.040793+00:00,0,32650,91
2026-09-22T08:02:08.040793+00:00,1,33030,84
2026-09-22T08:02:08.040793+00:00,2,32870,89
2026-09-22T08:02:08.040793+00:00,3,32816,88
2026-09-22T08:02:13.103362+00:00,0,32650,89
2026-09-22T08:02:13.103362+00:00,1,33030,90
2026-09-22T08:02:13.103362+00:00,2,32870,86
2026-09-22T08:02:13.103362+00:00,3,32816,89
2026-09-22T08:02:18.171139+00:00,0,32650,86
2026-09-22T08:02:18.171139+00:00,1,33030,89
2026-09-22T08:02:18.171139+00:00,2,32870,87
2026-09-22T08:02:18.171139+00:00,3,32816,87
2026-09-22T08:02:23.245570+00:00,0,32650,86
2026-09-22T08:02:23.245570+00:00,1,33030,91
2026-09-22T08:02:23.245570+00:00,2,32870,85
2026-09-22T08:02:23.245570+00:00,3,32816,89
2026-09-22T08:02:28.318538+00:00,0,32650,85
2026-09-22T08:02:28.318538+00:00,1,33030,86
2026-09-22T08:02:28.318538+00:00,2,32870,0
2026-09-22T08:02:28.318538+00:00,3,32816,92
2026-09-22T08:02:33.421632+00:00,0,32650,93
2026-09-22T08:02:33.421632+00:00,1,33030,0
2026-09-22T08:02:33.421632+00:00,2,32870,0
2026-09-22T08:02:33.421632+00:00,3,32816,89
2026-09-22T08:02:38.481371+00:00,0,32650,87
2026-09-22T08:02:38.481371+00:00,1,33030,0
2026-09-22T08:02:38.481371+00:00,2,32870,0
2026-09-22T08:02:38.481371+00:00,3,32816,88
2026-09-22T08:02:43.545266+00:00,0,32650,0
2026-09-22T08:02:43.545266+00:00,1,33030,0
2026-09-22T08:02:43.545266+00:00,2,32870,0
2026-09-22T08:02:43.545266+00:00,3,32816,0
2026-09-22T08:02:48.618558+00:00,0,7806,94
2026-09-22T08:02:48.618558+00:00,1,7126,94
2026-09-22T08:02:48.618558+00:00,2,7786,94
2026-09-22T08:02:48.618558+00:00,3,7806,96
2026-09-22T08:02:53.687057+00:00,0,8130,96
2026-09-22T08:02:53.687057+00:00,1,7510,95
2026-09-22T08:02:53.687057+00:00,2,8170,99
2026-09-22T08:02:53.687057+00:00,3,8170,99
2026-09-22T08:02:58.751887+00:00,0,8916,99
2026-09-22T08:02:58.751887+00:00,1,8236,99
2026-09-22T08:02:58.751887+00:00,2,8896,99
2026-09-22T08:02:58.751887+00:00,3,8956,99
2026-09-22T08:03:03.816802+00:00,0,9260,99
2026-09-22T08:03:03.816802+00:00,1,8620,99
2026-09-22T08:03:03.816802+00:00,2,9260,99
2026-09-22T08:03:03.816802+00:00,3,9280,99
2026-09-22T08:03:08.885288+00:00,0,9584,98
2026-09-22T08:03:08.885288+00:00,1,8964,99
2026-09-22T08:03:08.885288+00:00,2,9564,99
2026-09-22T08:03:08.885288+00:00,3,9604,98
2026-09-22T08:03:13.952335+00:00,0,9928,95
2026-09-22T08:03:13.952335+00:00,1,9328,96
2026-09-22T08:03:13.952335+00:00,2,9928,98
2026-09-22T08:03:13.952335+00:00,3,9928,97
2026-09-22T08:03:19.022392+00:00,0,9992,99
2026-09-22T08:03:19.022392+00:00,1,9372,98
2026-09-22T08:03:19.022392+00:00,2,9972,99
2026-09-22T08:03:19.022392+00:00,3,9992,99
2026-09-22T08:03:24.093444+00:00,0,9996,99
2026-09-22T08:03:24.093444+00:00,1,9376,99
2026-09-22T08:03:24.093444+00:00,2,9976,99
2026-09-22T08:03:24.093444+00:00,3,9996,99
2026-09-22T08:03:29.157176+00:00,0,10000,99
2026-09-22T08:03:29.157176+00:00,1,9380,99
2026-09-22T08:03:29.157176+00:00,2,9980,99
2026-09-22T08:03:29.157176+00:00,3,10000,99
2026-09-22T08:03:34.227949+00:00,0,10004,99
2026-09-22T08:03:34.227949+00:00,1,9384,99
2026-09-22T08:03:34.227949+00:00,2,9984,99
2026-09-22T08:03:34.227949+00:00,3,10004,99
2026-09-22T08:03:39.297953+00:00,0,10008,99
2026-09-22T08:03:39.297953+00:00,1,9388,99
2026-09-22T08:03:39.297953+00:00,2,9988,99
2026-09-22T08:03:39.297953+00:00,3,10008,99
2026-09-22T08:03:44.362877+00:00,0,2796,0
2026-09-22T08:03:44.362877+00:00,1,3286,0
2026-09-22T08:03:44.362877+00:00,2,3260,3
2026-09-22T08:03:44.362877+00:00,3,3282,0
2026-09-22T08:03:49.419557+00:00,0,19296,92
2026-09-22T08:03:49.419557+00:00,1,19216,98
2026-09-22T08:03:49.419557+00:00,2,19296,94
2026-09-22T08:03:49.419557+00:00,3,19116,93
2026-09-22T08:03:54.489522+00:00,0,19298,95
2026-09-22T08:03:54.489522+00:00,1,19218,95
2026-09-22T08:03:54.489522+00:00,2,19298,94
2026-09-22T08:03:54.489522+00:00,3,19298,99
2026-09-22T08:03:59.560297+00:00,0,21282,98
2026-09-22T08:03:59.560297+00:00,1,20960,90
2026-09-22T08:03:59.560297+00:00,2,21080,89
2026-09-22T08:03:59.560297+00:00,3,21160,97
2026-09-22T08:04:04.632769+00:00,0,21284,85
2026-09-22T08:04:04.632769+00:00,1,21324,99
2026-09-22T08:04:04.632769+00:00,2,21084,88
2026-09-22T08:04:04.632769+00:00,3,21164,92
2026-09-22T08:04:09.702471+00:00,0,21286,97
2026-09-22T08:04:09.702471+00:00,1,21326,99
2026-09-22T08:04:09.702471+00:00,2,21086,98
2026-09-22T08:04:09.702471+00:00,3,21166,97
2026-09-22T08:04:14.772175+00:00,0,21288,97
2026-09-22T08:04:14.772175+00:00,1,21328,99
2026-09-22T08:04:14.772175+00:00,2,21088,98
2026-09-22T08:04:14.772175+00:00,3,21168,97
2026-09-22T08:04:19.843733+00:00,0,21294,91
2026-09-22T08:04:19.843733+00:00,1,21334,92
2026-09-22T08:04:19.843733+00:00,2,21094,91
2026-09-22T08:04:19.843733+00:00,3,21174,99
2026-09-22T08:04:24.912342+00:00,0,21294,93
2026-09-22T08:04:24.912342+00:00,1,21334,99
2026-09-22T08:04:24.912342+00:00,2,21094,94
2026-09-22T08:04:24.912342+00:00,3,21174,97
2026-09-22T08:04:29.979241+00:00,0,21294,98
2026-09-22T08:04:29.979241+00:00,1,21334,98
2026-09-22T08:04:29.979241+00:00,2,21094,99
2026-09-22T08:04:29.979241+00:00,3,21174,99
2026-09-22T08:04:35.048524+00:00,0,25794,99
2026-09-22T08:04:35.048524+00:00,1,25774,100
2026-09-22T08:04:35.048524+00:00,2,25814,99
2026-09-22T08:04:35.048524+00:00,3,25794,99
2026-09-22T08:04:40.127305+00:00,0,25794,88
2026-09-22T08:04:40.127305+00:00,1,25774,88
2026-09-22T08:04:40.127305+00:00,2,25814,99
2026-09-22T08:04:40.127305+00:00,3,25794,96
2026-09-22T08:04:45.200420+00:00,0,25794,98
2026-09-22T08:04:45.200420+00:00,1,25814,98
2026-09-22T08:04:45.200420+00:00,2,25814,98
2026-09-22T08:04:45.200420+00:00,3,25834,98
2026-09-22T08:04:50.272334+00:00,0,25794,98
2026-09-22T08:04:50.272334+00:00,1,25814,100
2026-09-22T08:04:50.272334+00:00,2,25814,100
2026-09-22T08:04:50.272334+00:00,3,25834,99
2026-09-22T08:04:55.358032+00:00,0,25794,98
2026-09-22T08:04:55.358032+00:00,1,25814,99
2026-09-22T08:04:55.358032+00:00,2,25814,99
2026-09-22T08:04:55.358032+00:00,3,25834,99
2026-09-22T08:05:00.422640+00:00,0,25794,99
2026-09-22T08:05:00.422640+00:00,1,25814,99
2026-09-22T08:05:00.422640+00:00,2,25814,99
2026-09-22T08:05:00.422640+00:00,3,25834,99
2026-09-22T08:05:05.502676+00:00,0,25794,93
2026-09-22T08:05:05.502676+00:00,1,25814,99
2026-09-22T08:05:05.502676+00:00,2,25814,94
2026-09-22T08:05:05.502676+00:00,3,25834,100
2026-09-22T08:05:10.574715+00:00,0,25794,92
2026-09-22T08:05:10.574715+00:00,1,25814,93
2026-09-22T08:05:10.574715+00:00,2,25814,91
2026-09-22T08:05:10.574715+00:00,3,25834,99
2026-09-22T08:05:15.643481+00:00,0,25794,88
2026-09-22T08:05:15.643481+00:00,1,25814,97
2026-09-22T08:05:15.643481+00:00,2,25814,95
2026-09-22T08:05:15.643481+00:00,3,25834,100
2026-09-22T08:05:20.714383+00:00,0,25794,93
2026-09-22T08:05:20.714383+00:00,1,25814,95
2026-09-22T08:05:20.714383+00:00,2,25814,95
2026-09-22T08:05:20.714383+00:00,3,25834,90
2026-09-22T08:05:25.778725+00:00,0,25794,99
2026-09-22T08:05:25.778725+00:00,1,25814,99
2026-09-22T08:05:25.778725+00:00,2,25814,99
2026-09-22T08:05:25.778725+00:00,3,25834,99
2026-09-22T08:05:30.851043+00:00,0,25854,99
2026-09-22T08:05:30.851043+00:00,1,25814,98
2026-09-22T08:05:30.851043+00:00,2,25814,98
2026-09-22T08:05:30.851043+00:00,3,25834,99
2026-09-22T08:05:35.918876+00:00,0,25854,99
2026-09-22T08:05:35.918876+00:00,1,25814,99
2026-09-22T08:05:35.918876+00:00,2,25814,99
2026-09-22T08:05:35.918876+00:00,3,25854,99
2026-09-22T08:05:40.982005+00:00,0,25854,99
2026-09-22T08:05:40.982005+00:00,1,25834,98
2026-09-22T08:05:40.982005+00:00,2,25814,100
2026-09-22T08:05:40.982005+00:00,3,25854,100
2026-09-22T08:05:46.055196+00:00,0,25854,98
2026-09-22T08:05:46.055196+00:00,1,25834,97
2026-09-22T08:05:46.055196+00:00,2,25814,97
2026-09-22T08:05:46.055196+00:00,3,25854,97
2026-09-22T08:05:51.128820+00:00,0,25854,100
2026-09-22T08:05:51.128820+00:00,1,25834,99
2026-09-22T08:05:51.128820+00:00,2,25814,99
2026-09-22T08:05:51.128820+00:00,3,25854,99
2026-09-22T08:05:56.198204+00:00,0,25854,99
2026-09-22T08:05:56.198204+00:00,1,25834,84
2026-09-22T08:05:56.198204+00:00,2,25814,94
2026-09-22T08:05:56.198204+00:00,3,25854,100
2026-09-22T08:06:01.268739+00:00,0,25854,96
2026-09-22T08:06:01.268739+00:00,1,25834,97
2026-09-22T08:06:01.268739+00:00,2,25814,82
2026-09-22T08:06:01.268739+00:00,3,25854,99
2026-09-22T08:06:06.337709+00:00,0,25854,99
2026-09-22T08:06:06.337709+00:00,1,25834,94
2026-09-22T08:06:06.337709+00:00,2,25814,98
2026-09-22T08:06:06.337709+00:00,3,25854,80
2026-09-22T08:06:11.409560+00:00,0,25854,99
2026-09-22T08:06:11.409560+00:00,1,25834,98
2026-09-22T08:06:11.409560+00:00,2,25814,97
2026-09-22T08:06:11.409560+00:00,3,25854,97
2026-09-22T08:06:16.479350+00:00,0,25854,95
2026-09-22T08:06:16.479350+00:00,1,25834,95
2026-09-22T08:06:16.479350+00:00,2,25814,95
2026-09-22T08:06:16.479350+00:00,3,25854,95
2026-09-22T08:06:21.554769+00:00,0,25854,96
2026-09-22T08:06:21.554769+00:00,1,25834,96
2026-09-22T08:06:21.554769+00:00,2,25814,96
2026-09-22T08:06:21.554769+00:00,3,25854,99
2026-09-22T08:06:26.618651+00:00,0,25854,97
2026-09-22T08:06:26.618651+00:00,1,25834,99
2026-09-22T08:06:26.618651+00:00,2,25814,98
2026-09-22T08:06:26.618651+00:00,3,25854,98
2026-09-22T08:06:31.690174+00:00,0,25854,96
2026-09-22T08:06:31.690174+00:00,1,25834,99
2026-09-22T08:06:31.690174+00:00,2,25814,96
2026-09-22T08:06:31.690174+00:00,3,25854,94
2026-09-22T08:06:36.760171+00:00,0,25854,95
2026-09-22T08:06:36.760171+00:00,1,25834,93
2026-09-22T08:06:36.760171+00:00,2,25814,95
2026-09-22T08:06:36.760171+00:00,3,25854,99
2026-09-22T08:06:41.822206+00:00,0,1596,0
2026-09-22T08:06:41.822206+00:00,1,1596,0
2026-09-22T08:06:41.822206+00:00,2,1576,0
2026-09-22T08:06:41.822206+00:00,3,1596,0
2026-09-22T08:06:46.874478+00:00,0,10096,7
2026-09-22T08:06:46.874478+00:00,1,10096,7
2026-09-22T08:06:46.874478+00:00,2,10076,7
2026-09-22T08:06:46.874478+00:00,3,10096,6
2026-09-22T08:06:51.934708+00:00,0,11426,100
2026-09-22T08:06:51.934708+00:00,1,11406,100
2026-09-22T08:06:51.934708+00:00,2,11406,10
2026-09-22T08:06:51.934708+00:00,3,11426,100
2026-09-22T08:06:56.985488+00:00,0,14726,32
2026-09-22T08:06:56.985488+00:00,1,15448,34
2026-09-22T08:06:56.985488+00:00,2,14506,29
2026-09-22T08:06:56.985488+00:00,3,14726,30
2026-09-22T08:07:02.050186+00:00,0,33002,59
2026-09-22T08:07:02.050186+00:00,1,32962,65
2026-09-22T08:07:02.050186+00:00,2,32962,63
2026-09-22T08:07:02.050186+00:00,3,32644,60
2026-09-22T08:07:07.111724+00:00,0,33002,63
2026-09-22T08:07:07.111724+00:00,1,32962,68
2026-09-22T08:07:07.111724+00:00,2,32962,59
2026-09-22T08:07:07.111724+00:00,3,32644,67
2026-09-22T08:07:12.178563+00:00,0,33002,67
2026-09-22T08:07:12.178563+00:00,1,32962,63
2026-09-22T08:07:12.178563+00:00,2,32962,67
2026-09-22T08:07:12.178563+00:00,3,32644,70
2026-09-22T08:07:17.245954+00:00,0,33002,66
2026-09-22T08:07:17.245954+00:00,1,32962,70
2026-09-22T08:07:17.245954+00:00,2,32962,66
2026-09-22T08:07:17.245954+00:00,3,32644,64
2026-09-22T08:07:22.322209+00:00,0,33002,65
2026-09-22T08:07:22.322209+00:00,1,32962,62
2026-09-22T08:07:22.322209+00:00,2,32962,65
2026-09-22T08:07:22.322209+00:00,3,32644,67
2026-09-22T08:07:27.406593+00:00,0,33002,67
2026-09-22T08:07:27.406593+00:00,1,32962,66
2026-09-22T08:07:27.406593+00:00,2,32962,68
2026-09-22T08:07:27.406593+00:00,3,32644,70
2026-09-22T08:07:32.489397+00:00,0,33002,74
2026-09-22T08:07:32.489397+00:00,1,32962,70
2026-09-22T08:07:32.489397+00:00,2,32962,70
2026-09-22T08:07:32.489397+00:00,3,32644,68
2026-09-22T08:07:37.560599+00:00,0,33002,76
2026-09-22T08:07:37.560599+00:00,1,32962,72
2026-09-22T08:07:37.560599+00:00,2,32962,72
2026-09-22T08:07:37.560599+00:00,3,32644,70
2026-09-22T08:07:42.632719+00:00,0,33002,70
2026-09-22T08:07:42.632719+00:00,1,32962,75
2026-09-22T08:07:42.632719+00:00,2,32962,70
2026-09-22T08:07:42.632719+00:00,3,32644,73
2026-09-22T08:07:47.715520+00:00,0,33002,75
2026-09-22T08:07:47.715520+00:00,1,32962,70
2026-09-22T08:07:47.715520+00:00,2,32962,74
2026-09-22T08:07:47.715520+00:00,3,32644,66
2026-09-22T08:07:52.802214+00:00,0,33002,75
2026-09-22T08:07:52.802214+00:00,1,32962,73
2026-09-22T08:07:52.802214+00:00,2,32962,74
2026-09-22T08:07:52.802214+00:00,3,32644,69
2026-09-22T08:07:57.881459+00:00,0,33002,75
2026-09-22T08:07:57.881459+00:00,1,32962,80
2026-09-22T08:07:57.881459+00:00,2,32962,73
2026-09-22T08:07:57.881459+00:00,3,32644,80
2026-09-22T08:08:02.967627+00:00,0,33002,78
2026-09-22T08:08:02.967627+00:00,1,32962,71
2026-09-22T08:08:02.967627+00:00,2,32962,73
2026-09-22T08:08:02.967627+00:00,3,32644,77
2026-09-22T08:08:08.038744+00:00,0,33002,78
2026-09-22T08:08:08.038744+00:00,1,32962,79
2026-09-22T08:08:08.038744+00:00,2,32962,82
2026-09-22T08:08:08.038744+00:00,3,32644,88
2026-09-22T08:08:13.112013+00:00,0,33002,80
2026-09-22T08:08:13.112013+00:00,1,32962,82
2026-09-22T08:08:13.112013+00:00,2,32962,85
2026-09-22T08:08:13.112013+00:00,3,32644,77
2026-09-22T08:08:18.187596+00:00,0,33002,84
2026-09-22T08:08:18.187596+00:00,1,32962,81
2026-09-22T08:08:18.187596+00:00,2,32962,77
2026-09-22T08:08:18.187596+00:00,3,32644,85
2026-09-22T08:08:23.258613+00:00,0,33002,78
2026-09-22T08:08:23.258613+00:00,1,32962,73
2026-09-22T08:08:23.258613+00:00,2,32962,76
2026-09-22T08:08:23.258613+00:00,3,32644,80
2026-09-22T08:08:28.344853+00:00,0,33002,88
2026-09-22T08:08:28.344853+00:00,1,32962,79
2026-09-22T08:08:28.344853+00:00,2,32962,77
2026-09-22T08:08:28.344853+00:00,3,32644,84
2026-09-22T08:08:33.416357+00:00,0,33002,84
2026-09-22T08:08:33.416357+00:00,1,32962,81
2026-09-22T08:08:33.416357+00:00,2,32962,79
2026-09-22T08:08:33.416357+00:00,3,32644,80
2026-09-22T08:08:38.476720+00:00,0,33002,88
2026-09-22T08:08:38.476720+00:00,1,32962,81
2026-09-22T08:08:38.476720+00:00,2,32962,80
2026-09-22T08:08:38.476720+00:00,3,32644,83
2026-09-22T08:08:43.545484+00:00,0,33002,80
2026-09-22T08:08:43.545484+00:00,1,32962,81
2026-09-22T08:08:43.545484+00:00,2,32962,80
2026-09-22T08:08:43.545484+00:00,3,32644,74
2026-09-22T08:08:48.633786+00:00,0,33002,77
2026-09-22T08:08:48.633786+00:00,1,32962,78
2026-09-22T08:08:48.633786+00:00,2,32962,82
2026-09-22T08:08:48.633786+00:00,3,32644,80
2026-09-22T08:08:53.724956+00:00,0,33002,83
2026-09-22T08:08:53.724956+00:00,1,32962,85
2026-09-22T08:08:53.724956+00:00,2,32962,85
2026-09-22T08:08:53.724956+00:00,3,32644,81
2026-09-22T08:08:58.793998+00:00,0,33002,85
2026-09-22T08:08:58.793998+00:00,1,32962,81
2026-09-22T08:08:58.793998+00:00,2,32962,82
2026-09-22T08:08:58.793998+00:00,3,32644,84
2026-09-22T08:09:03.866966+00:00,0,33002,81
2026-09-22T08:09:03.866966+00:00,1,32962,77
2026-09-22T08:09:03.866966+00:00,2,32962,77
2026-09-22T08:09:03.866966+00:00,3,32644,86
2026-09-22T08:09:08.975399+00:00,0,33002,86
2026-09-22T08:09:08.975399+00:00,1,32962,86
2026-09-22T08:09:08.975399+00:00,2,32962,80
2026-09-22T08:09:08.975399+00:00,3,32644,85
2026-09-22T08:09:14.044857+00:00,0,33002,80
2026-09-22T08:09:14.044857+00:00,1,32962,81
2026-09-22T08:09:14.044857+00:00,2,32962,79
2026-09-22T08:09:14.044857+00:00,3,32644,81
2026-09-22T08:09:19.130331+00:00,0,33002,83
2026-09-22T08:09:19.130331+00:00,1,32962,79
2026-09-22T08:09:19.130331+00:00,2,32962,79
2026-09-22T08:09:19.130331+00:00,3,32644,82
2026-09-22T08:09:24.217807+00:00,0,33002,87
2026-09-22T08:09:24.217807+00:00,1,32962,82
2026-09-22T08:09:24.217807+00:00,2,32962,83
2026-09-22T08:09:24.217807+00:00,3,32644,82
2026-09-22T08:09:29.290946+00:00,0,33002,85
2026-09-22T08:09:29.290946+00:00,1,32962,84
2026-09-22T08:09:29.290946+00:00,2,32962,83
2026-09-22T08:09:29.290946+00:00,3,32644,83
2026-09-22T08:09:34.355044+00:00,0,33002,83
2026-09-22T08:09:34.355044+00:00,1,32962,85
2026-09-22T08:09:34.355044+00:00,2,32962,82
2026-09-22T08:09:34.355044+00:00,3,32644,82
2026-09-22T08:09:39.443930+00:00,0,33002,82
2026-09-22T08:09:39.443930+00:00,1,32962,83
2026-09-22T08:09:39.443930+00:00,2,32962,84
2026-09-22T08:09:39.443930+00:00,3,32644,83
2026-09-22T08:09:44.542452+00:00,0,33002,83
2026-09-22T08:09:44.542452+00:00,1,32962,81
2026-09-22T08:09:44.542452+00:00,2,32962,80
2026-09-22T08:09:44.542452+00:00,3,32644,83
2026-09-22T08:09:49.609199+00:00,0,33002,82
2026-09-22T08:09:49.609199+00:00,1,32962,84
2026-09-22T08:09:49.609199+00:00,2,32962,87
2026-09-22T08:09:49.609199+00:00,3,32644,86
2026-09-22T08:09:54.681031+00:00,0,33002,85
2026-09-22T08:09:54.681031+00:00,1,32962,86
2026-09-22T08:09:54.681031+00:00,2,32962,85
2026-09-22T08:09:54.681031+00:00,3,32644,83
2026-09-22T08:09:59.759200+00:00,0,33002,85
2026-09-22T08:09:59.759200+00:00,1,32962,82
2026-09-22T08:09:59.759200+00:00,2,32962,86
2026-09-22T08:09:59.759200+00:00,3,32644,82
2026-09-22T08:10:04.828940+00:00,0,33002,86
2026-09-22T08:10:04.828940+00:00,1,32962,87
2026-09-22T08:10:04.828940+00:00,2,32962,83
2026-09-22T08:10:04.828940+00:00,3,32644,87
2026-09-22T08:10:09.909159+00:00,0,33002,83
2026-09-22T08:10:09.909159+00:00,1,32962,87
2026-09-22T08:10:09.909159+00:00,2,32962,84
2026-09-22T08:10:09.909159+00:00,3,32644,83
2026-09-22T08:10:14.982665+00:00,0,33002,84
2026-09-22T08:10:14.982665+00:00,1,32962,86
2026-09-22T08:10:14.982665+00:00,2,32962,83
2026-09-22T08:10:14.982665+00:00,3,32644,83
2026-09-22T08:10:20.054611+00:00,0,33002,85
2026-09-22T08:10:20.054611+00:00,1,32962,87
2026-09-22T08:10:20.054611+00:00,2,32962,87
2026-09-22T08:10:20.054611+00:00,3,32644,85
2026-09-22T08:10:25.130180+00:00,0,33002,85
2026-09-22T08:10:25.130180+00:00,1,32962,85
2026-09-22T08:10:25.130180+00:00,2,32962,86
2026-09-22T08:10:25.130180+00:00,3,32644,84
2026-09-22T08:10:30.190908+00:00,0,33002,86
2026-09-22T08:10:30.190908+00:00,1,32962,88
2026-09-22T08:10:30.190908+00:00,2,32962,85
2026-09-22T08:10:30.190908+00:00,3,32644,86
2026-09-22T08:10:35.264738+00:00,0,33002,89
2026-09-22T08:10:35.264738+00:00,1,32962,92
2026-09-22T08:10:35.264738+00:00,2,32962,85
2026-09-22T08:10:35.264738+00:00,3,32644,86
2026-09-22T08:10:40.336889+00:00,0,33002,88
2026-09-22T08:10:40.336889+00:00,1,32962,88
2026-09-22T08:10:40.336889+00:00,2,32962,86
2026-09-22T08:10:40.336889+00:00,3,32644,84
2026-09-22T08:10:45.412830+00:00,0,33002,91
2026-09-22T08:10:45.412830+00:00,1,32962,88
2026-09-22T08:10:45.412830+00:00,2,32962,88
2026-09-22T08:10:45.412830+00:00,3,32644,87
2026-09-22T08:10:50.487083+00:00,0,33002,92
2026-09-22T08:10:50.487083+00:00,1,32962,87
2026-09-22T08:10:50.487083+00:00,2,32962,85
2026-09-22T08:10:50.487083+00:00,3,32644,83
2026-09-22T08:10:55.559937+00:00,0,33002,86
2026-09-22T08:10:55.559937+00:00,1,32962,86
2026-09-22T08:10:55.559937+00:00,2,32962,87
2026-09-22T08:10:55.559937+00:00,3,32644,91
2026-09-22T08:11:00.637049+00:00,0,33002,89
2026-09-22T08:11:00.637049+00:00,1,32962,87
2026-09-22T08:11:00.637049+00:00,2,32962,84
2026-09-22T08:11:00.637049+00:00,3,32644,93
2026-09-22T08:11:05.719113+00:00,0,33002,88
2026-09-22T08:11:05.719113+00:00,1,32962,90
2026-09-22T08:11:05.719113+00:00,2,32962,87
2026-09-22T08:11:05.719113+00:00,3,32644,85
2026-09-22T08:11:10.795900+00:00,0,33002,89
2026-09-22T08:11:10.795900+00:00,1,32962,90
2026-09-22T08:11:10.795900+00:00,2,32962,86
2026-09-22T08:11:10.795900+00:00,3,32644,90
2026-09-22T08:11:15.891722+00:00,0,33002,87
2026-09-22T08:11:15.891722+00:00,1,32962,88
2026-09-22T08:11:15.891722+00:00,2,32962,87
2026-09-22T08:11:15.891722+00:00,3,32644,85
2026-09-22T08:11:20.968199+00:00,0,33002,90
2026-09-22T08:11:20.968199+00:00,1,32962,88
2026-09-22T08:11:20.968199+00:00,2,32962,90
2026-09-22T08:11:20.968199+00:00,3,32644,91
2026-09-22T08:11:26.049008+00:00,0,33002,86
2026-09-22T08:11:26.049008+00:00,1,32962,93
2026-09-22T08:11:26.049008+00:00,2,32962,87
2026-09-22T08:11:26.049008+00:00,3,32644,84
2026-09-22T08:11:31.124157+00:00,0,33002,87
2026-09-22T08:11:31.124157+00:00,1,32962,88
2026-09-22T08:11:31.124157+00:00,2,32962,85
2026-09-22T08:11:31.124157+00:00,3,32644,89
2026-09-22T08:11:36.200215+00:00,0,33002,0
2026-09-22T08:11:36.200215+00:00,1,32962,0
2026-09-22T08:11:36.200215+00:00,2,32962,86
2026-09-22T08:11:36.200215+00:00,3,32644,91
2026-09-22T08:11:41.260622+00:00,0,33002,0
2026-09-22T08:11:41.260622+00:00,1,32962,0
2026-09-22T08:11:41.260622+00:00,2,32962,89
2026-09-22T08:11:41.260622+00:00,3,32644,92
2026-09-22T08:11:46.325517+00:00,0,33002,0
2026-09-22T08:11:46.325517+00:00,1,32962,0
2026-09-22T08:11:46.325517+00:00,2,32962,0
2026-09-22T08:11:46.325517+00:00,3,32644,85
2026-09-22T08:11:51.387909+00:00,0,33002,0
2026-09-22T08:11:51.387909+00:00,1,32962,0
2026-09-22T08:11:51.387909+00:00,2,32962,0
2026-09-22T08:11:51.387909+00:00,3,32644,16
2026-09-22T08:11:56.444044+00:00,0,7808,96
2026-09-22T08:11:56.444044+00:00,1,7128,94
2026-09-22T08:11:56.444044+00:00,2,7808,99
2026-09-22T08:11:56.444044+00:00,3,7808,99
2026-09-22T08:12:01.513940+00:00,0,8412,99
2026-09-22T08:12:01.513940+00:00,1,7812,99
2026-09-22T08:12:01.513940+00:00,2,8452,99
2026-09-22T08:12:01.513940+00:00,3,8452,99
2026-09-22T08:12:06.581595+00:00,0,8956,97
2026-09-22T08:12:06.581595+00:00,1,8336,97
2026-09-22T08:12:06.581595+00:00,2,8996,99
2026-09-22T08:12:06.581595+00:00,3,8956,97
2026-09-22T08:12:11.647830+00:00,0,9320,99
2026-09-22T08:12:11.647830+00:00,1,8742,99
2026-09-22T08:12:11.647830+00:00,2,9340,99
2026-09-22T08:12:11.647830+00:00,3,9342,99
2026-09-22T08:12:16.715258+00:00,0,9726,97
2026-09-22T08:12:16.715258+00:00,1,9126,97
2026-09-22T08:12:16.715258+00:00,2,9726,98
2026-09-22T08:12:16.715258+00:00,3,9706,97
2026-09-22T08:12:21.784513+00:00,0,10010,99
2026-09-22T08:12:21.784513+00:00,1,9410,99
2026-09-22T08:12:21.784513+00:00,2,9990,99
2026-09-22T08:12:21.784513+00:00,3,10010,99
2026-09-22T08:12:26.851794+00:00,0,10094,99
2026-09-22T08:12:26.851794+00:00,1,9534,99
2026-09-22T08:12:26.851794+00:00,2,10114,99
2026-09-22T08:12:26.851794+00:00,3,10074,99
2026-09-22T08:12:31.915781+00:00,0,10096,99
2026-09-22T08:12:31.915781+00:00,1,9538,99
2026-09-22T08:12:31.915781+00:00,2,10116,98
2026-09-22T08:12:31.915781+00:00,3,10078,99
2026-09-22T08:12:36.981873+00:00,0,10102,99
2026-09-22T08:12:36.981873+00:00,1,9542,99
2026-09-22T08:12:36.981873+00:00,2,10122,99
2026-09-22T08:12:36.981873+00:00,3,10082,99
2026-09-22T08:12:42.048701+00:00,0,10106,99
2026-09-22T08:12:42.048701+00:00,1,9546,99
2026-09-22T08:12:42.048701+00:00,2,10126,99
2026-09-22T08:12:42.048701+00:00,3,10086,98
2026-09-22T08:12:47.116078+00:00,0,10110,97
2026-09-22T08:12:47.116078+00:00,1,9550,97
2026-09-22T08:12:47.116078+00:00,2,10130,96
2026-09-22T08:12:47.116078+00:00,3,10090,97
2026-09-22T08:12:52.184496+00:00,0,18948,59
2026-09-22T08:12:52.184496+00:00,1,18748,54
2026-09-22T08:12:52.184496+00:00,2,18788,56
2026-09-22T08:12:52.184496+00:00,3,19008,46
2026-09-22T08:12:57.248496+00:00,0,19138,99
2026-09-22T08:12:57.248496+00:00,1,19258,98
2026-09-22T08:12:57.248496+00:00,2,19238,99
2026-09-22T08:12:57.248496+00:00,3,19218,99
2026-09-22T08:13:02.313533+00:00,0,19320,96
2026-09-22T08:13:02.313533+00:00,1,19320,99
2026-09-22T08:13:02.313533+00:00,2,19340,98
2026-09-22T08:13:02.313533+00:00,3,19220,99
2026-09-22T08:13:07.373253+00:00,0,21422,97
2026-09-22T08:13:07.373253+00:00,1,21702,99
2026-09-22T08:13:07.373253+00:00,2,21742,97
2026-09-22T08:13:07.373253+00:00,3,21622,99
2026-09-22T08:13:12.441800+00:00,0,21424,99
2026-09-22T08:13:12.441800+00:00,1,21704,99
2026-09-22T08:13:12.441800+00:00,2,21744,98
2026-09-22T08:13:12.441800+00:00,3,21624,99
2026-09-22T08:13:17.504936+00:00,0,21426,94
2026-09-22T08:13:17.504936+00:00,1,21706,94
2026-09-22T08:13:17.504936+00:00,2,21746,99
2026-09-22T08:13:17.504936+00:00,3,21626,94
2026-09-22T08:13:22.566926+00:00,0,21428,100
2026-09-22T08:13:22.566926+00:00,1,21708,100
2026-09-22T08:13:22.566926+00:00,2,21748,99
2026-09-22T08:13:22.566926+00:00,3,21628,100
2026-09-22T08:13:27.636349+00:00,0,21434,98
2026-09-22T08:13:27.636349+00:00,1,21714,96
2026-09-22T08:13:27.636349+00:00,2,21754,94
2026-09-22T08:13:27.636349+00:00,3,21634,94
2026-09-22T08:13:32.698018+00:00,0,21434,91
2026-09-22T08:13:32.698018+00:00,1,21714,97
2026-09-22T08:13:32.698018+00:00,2,21754,99
2026-09-22T08:13:32.698018+00:00,3,21634,100
2026-09-22T08:13:37.766326+00:00,0,25714,99
2026-09-22T08:13:37.766326+00:00,1,25714,99
2026-09-22T08:13:37.766326+00:00,2,25714,99
2026-09-22T08:13:37.766326+00:00,3,25614,99
2026-09-22T08:13:42.841581+00:00,0,25774,98
2026-09-22T08:13:42.841581+00:00,1,25754,98
2026-09-22T08:13:42.841581+00:00,2,25754,88
2026-09-22T08:13:42.841581+00:00,3,25834,98
2026-09-22T08:13:47.913358+00:00,0,25834,99
2026-09-22T08:13:47.913358+00:00,1,25754,99
2026-09-22T08:13:47.913358+00:00,2,25754,99
2026-09-22T08:13:47.913358+00:00,3,25834,98
2026-09-22T08:13:52.983046+00:00,0,25834,99
2026-09-22T08:13:52.983046+00:00,1,25814,99
2026-09-22T08:13:52.983046+00:00,2,25774,100
2026-09-22T08:13:52.983046+00:00,3,25834,99
2026-09-22T08:13:58.058484+00:00,0,25834,99
2026-09-22T08:13:58.058484+00:00,1,25814,98
2026-09-22T08:13:58.058484+00:00,2,25814,98
2026-09-22T08:13:58.058484+00:00,3,25834,98
2026-09-22T08:14:03.128588+00:00,0,25834,99
2026-09-22T08:14:03.128588+00:00,1,25814,99
2026-09-22T08:14:03.128588+00:00,2,25814,99
2026-09-22T08:14:03.128588+00:00,3,25834,100
2026-09-22T08:14:08.201926+00:00,0,25834,92
2026-09-22T08:14:08.201926+00:00,1,25814,95
2026-09-22T08:14:08.201926+00:00,2,25814,95
2026-09-22T08:14:08.201926+00:00,3,25834,100
2026-09-22T08:14:13.274537+00:00,0,25834,92
2026-09-22T08:14:13.274537+00:00,1,25814,92
2026-09-22T08:14:13.274537+00:00,2,25814,97
2026-09-22T08:14:13.274537+00:00,3,25834,99
2026-09-22T08:14:18.347069+00:00,0,25834,94
2026-09-22T08:14:18.347069+00:00,1,25814,93
2026-09-22T08:14:18.347069+00:00,2,25814,93
2026-09-22T08:14:18.347069+00:00,3,25834,93
2026-09-22T08:14:23.416223+00:00,0,25834,94
2026-09-22T08:14:23.416223+00:00,1,25814,97
2026-09-22T08:14:23.416223+00:00,2,25814,97
2026-09-22T08:14:23.416223+00:00,3,25834,93
2026-09-22T08:14:28.485625+00:00,0,25834,88
2026-09-22T08:14:28.485625+00:00,1,25814,95
2026-09-22T08:14:28.485625+00:00,2,25814,95
2026-09-22T08:14:28.485625+00:00,3,25834,93
2026-09-22T08:14:33.556977+00:00,0,25834,100
2026-09-22T08:14:33.556977+00:00,1,25814,99
2026-09-22T08:14:33.556977+00:00,2,25814,97
2026-09-22T08:14:33.556977+00:00,3,25834,98
2026-09-22T08:14:38.628478+00:00,0,25834,99
2026-09-22T08:14:38.628478+00:00,1,25814,99
2026-09-22T08:14:38.628478+00:00,2,25814,99
2026-09-22T08:14:38.628478+00:00,3,25834,99
2026-09-22T08:14:43.705001+00:00,0,25834,98
2026-09-22T08:14:43.705001+00:00,1,25814,98
2026-09-22T08:14:43.705001+00:00,2,25814,98
2026-09-22T08:14:43.705001+00:00,3,25834,98
2026-09-22T08:14:48.774494+00:00,0,25834,99
2026-09-22T08:14:48.774494+00:00,1,25814,99
2026-09-22T08:14:48.774494+00:00,2,25834,99
2026-09-22T08:14:48.774494+00:00,3,25834,99
2026-09-22T08:14:53.845777+00:00,0,25834,99
2026-09-22T08:14:53.845777+00:00,1,25814,99
2026-09-22T08:14:53.845777+00:00,2,25834,99
2026-09-22T08:14:53.845777+00:00,3,25834,99
2026-09-22T08:14:58.917641+00:00,0,25834,98
2026-09-22T08:14:58.917641+00:00,1,25814,98
2026-09-22T08:14:58.917641+00:00,2,25834,98
2026-09-22T08:14:58.917641+00:00,3,25834,98
2026-09-22T08:15:03.989870+00:00,0,25834,94
2026-09-22T08:15:03.989870+00:00,1,25814,94
2026-09-22T08:15:03.989870+00:00,2,25834,94
2026-09-22T08:15:03.989870+00:00,3,25834,90
2026-09-22T08:15:09.059461+00:00,0,25834,100
2026-09-22T08:15:09.059461+00:00,1,25814,95
2026-09-22T08:15:09.059461+00:00,2,25834,99
2026-09-22T08:15:09.059461+00:00,3,25834,94
2026-09-22T08:15:14.127377+00:00,0,25834,97
2026-09-22T08:15:14.127377+00:00,1,25814,99
2026-09-22T08:15:14.127377+00:00,2,25834,98
2026-09-22T08:15:14.127377+00:00,3,25834,97
2026-09-22T08:15:19.199169+00:00,0,25834,99
2026-09-22T08:15:19.199169+00:00,1,25814,99
2026-09-22T08:15:19.199169+00:00,2,25834,97
2026-09-22T08:15:19.199169+00:00,3,25834,99
2026-09-22T08:15:24.269483+00:00,0,25834,97
2026-09-22T08:15:24.269483+00:00,1,25814,99
2026-09-22T08:15:24.269483+00:00,2,25834,97
2026-09-22T08:15:24.269483+00:00,3,25834,99
2026-09-22T08:15:29.336938+00:00,0,25834,97
2026-09-22T08:15:29.336938+00:00,1,25814,99
2026-09-22T08:15:29.336938+00:00,2,25834,97
2026-09-22T08:15:29.336938+00:00,3,25834,99
2026-09-22T08:15:34.404046+00:00,0,25834,97
2026-09-22T08:15:34.404046+00:00,1,25814,97
2026-09-22T08:15:34.404046+00:00,2,25834,97
2026-09-22T08:15:34.404046+00:00,3,25834,98
2026-09-22T08:15:39.485602+00:00,0,25834,99
2026-09-22T08:15:39.485602+00:00,1,25814,99
2026-09-22T08:15:39.485602+00:00,2,25834,97
2026-09-22T08:15:39.485602+00:00,3,25834,99
2026-09-22T08:15:44.556534+00:00,0,25834,89
2026-09-22T08:15:44.556534+00:00,1,25814,94
2026-09-22T08:15:44.556534+00:00,2,25834,99
2026-09-22T08:15:44.556534+00:00,3,25834,96
2026-09-22T08:15:49.627420+00:00,0,11426,6
2026-09-22T08:15:49.627420+00:00,1,11406,6
2026-09-22T08:15:49.627420+00:00,2,11106,100
2026-09-22T08:15:49.627420+00:00,3,11426,28
2026-09-22T08:15:54.692281+00:00,0,10178,6
2026-09-22T08:15:54.692281+00:00,1,10096,6
2026-09-22T08:15:54.692281+00:00,2,10320,8
2026-09-22T08:15:54.692281+00:00,3,10176,5
2026-09-22T08:15:59.752364+00:00,0,11426,22
2026-09-22T08:15:59.752364+00:00,1,11406,22
2026-09-22T08:15:59.752364+00:00,2,11406,24
2026-09-22T08:15:59.752364+00:00,3,11426,20
2026-09-22T08:16:04.813467+00:00,0,5208,9
2026-09-22T08:16:04.813467+00:00,1,5208,11
2026-09-22T08:16:04.813467+00:00,2,5188,13
2026-09-22T08:16:04.813467+00:00,3,5208,11
2026-09-22T08:16:09.871045+00:00,0,33328,65
2026-09-22T08:16:09.871045+00:00,1,33256,63
2026-09-22T08:16:09.871045+00:00,2,33098,62
2026-09-22T08:16:09.871045+00:00,3,33136,62
2026-09-22T08:16:14.942893+00:00,0,33328,63
2026-09-22T08:16:14.942893+00:00,1,33256,67
2026-09-22T08:16:14.942893+00:00,2,33098,65
2026-09-22T08:16:14.942893+00:00,3,33136,62
2026-09-22T08:16:20.010276+00:00,0,33328,69
2026-09-22T08:16:20.010276+00:00,1,33256,66
2026-09-22T08:16:20.010276+00:00,2,33098,67
2026-09-22T08:16:20.010276+00:00,3,33136,66
2026-09-22T08:16:25.083118+00:00,0,33328,72
2026-09-22T08:16:25.083118+00:00,1,33256,71
2026-09-22T08:16:25.083118+00:00,2,33098,73
2026-09-22T08:16:25.083118+00:00,3,33136,66
2026-09-22T08:16:30.148344+00:00,0,33328,72
2026-09-22T08:16:30.148344+00:00,1,33256,73
2026-09-22T08:16:30.148344+00:00,2,33098,67
2026-09-22T08:16:30.148344+00:00,3,33136,67
2026-09-22T08:16:35.218705+00:00,0,33328,78
2026-09-22T08:16:35.218705+00:00,1,33256,72
2026-09-22T08:16:35.218705+00:00,2,33098,66
2026-09-22T08:16:35.218705+00:00,3,33136,75
2026-09-22T08:16:40.290205+00:00,0,33328,79
2026-09-22T08:16:40.290205+00:00,1,33256,76
2026-09-22T08:16:40.290205+00:00,2,33098,74
2026-09-22T08:16:40.290205+00:00,3,33136,66
2026-09-22T08:16:45.369342+00:00,0,33328,71
2026-09-22T08:16:45.369342+00:00,1,33256,72
2026-09-22T08:16:45.369342+00:00,2,33098,68
2026-09-22T08:16:45.369342+00:00,3,33136,73
2026-09-22T08:16:50.451081+00:00,0,33328,75
2026-09-22T08:16:50.451081+00:00,1,33256,70
2026-09-22T08:16:50.451081+00:00,2,33098,71
2026-09-22T08:16:50.451081+00:00,3,33136,71
2026-09-22T08:16:55.538685+00:00,0,33328,77
2026-09-22T08:16:55.538685+00:00,1,33256,79
2026-09-22T08:16:55.538685+00:00,2,33098,71
2026-09-22T08:16:55.538685+00:00,3,33136,68
2026-09-22T08:17:00.624046+00:00,0,33328,73
2026-09-22T08:17:00.624046+00:00,1,33256,73
2026-09-22T08:17:00.624046+00:00,2,33098,75
2026-09-22T08:17:00.624046+00:00,3,33136,73
2026-09-22T08:17:05.704643+00:00,0,33328,73
2026-09-22T08:17:05.704643+00:00,1,33256,74
2026-09-22T08:17:05.704643+00:00,2,33098,74
2026-09-22T08:17:05.704643+00:00,3,33136,78
2026-09-22T08:17:10.792679+00:00,0,33328,75
2026-09-22T08:17:10.792679+00:00,1,33256,74
2026-09-22T08:17:10.792679+00:00,2,33098,78
2026-09-22T08:17:10.792679+00:00,3,33136,79
2026-09-22T08:17:15.880941+00:00,0,33328,71
2026-09-22T08:17:15.880941+00:00,1,33256,73
2026-09-22T08:17:15.880941+00:00,2,33098,71
2026-09-22T08:17:15.880941+00:00,3,33136,80
2026-09-22T08:17:20.966897+00:00,0,33328,77
2026-09-22T08:17:20.966897+00:00,1,33256,77
2026-09-22T08:17:20.966897+00:00,2,33098,78
2026-09-22T08:17:20.966897+00:00,3,33136,76
2026-09-22T08:17:26.051733+00:00,0,33328,80
2026-09-22T08:17:26.051733+00:00,1,33256,73
2026-09-22T08:17:26.051733+00:00,2,33098,75
2026-09-22T08:17:26.051733+00:00,3,33136,78
2026-09-22T08:17:31.134618+00:00,0,33328,80
2026-09-22T08:17:31.134618+00:00,1,33256,78
2026-09-22T08:17:31.134618+00:00,2,33098,76
2026-09-22T08:17:31.134618+00:00,3,33136,80
2026-09-22T08:17:36.220584+00:00,0,33328,75
2026-09-22T08:17:36.220584+00:00,1,33256,78
2026-09-22T08:17:36.220584+00:00,2,33098,75
2026-09-22T08:17:36.220584+00:00,3,33136,79
2026-09-22T08:17:41.304430+00:00,0,33328,74
2026-09-22T08:17:41.304430+00:00,1,33256,79
2026-09-22T08:17:41.304430+00:00,2,33098,76
2026-09-22T08:17:41.304430+00:00,3,33136,77
2026-09-22T08:17:46.389778+00:00,0,33328,77
2026-09-22T08:17:46.389778+00:00,1,33256,80
2026-09-22T08:17:46.389778+00:00,2,33098,79
2026-09-22T08:17:46.389778+00:00,3,33136,75
2026-09-22T08:17:51.475406+00:00,0,33328,83
2026-09-22T08:17:51.475406+00:00,1,33256,79
2026-09-22T08:17:51.475406+00:00,2,33098,79
2026-09-22T08:17:51.475406+00:00,3,33136,83
2026-09-22T08:17:56.536686+00:00,0,33328,84
2026-09-22T08:17:56.536686+00:00,1,33256,84
2026-09-22T08:17:56.536686+00:00,2,33098,83
2026-09-22T08:17:56.536686+00:00,3,33136,82
2026-09-22T08:18:01.608357+00:00,0,33328,79
2026-09-22T08:18:01.608357+00:00,1,33256,83
2026-09-22T08:18:01.608357+00:00,2,33098,87
2026-09-22T08:18:01.608357+00:00,3,33136,85
2026-09-22T08:18:06.676314+00:00,0,33328,82
2026-09-22T08:18:06.676314+00:00,1,33256,86
2026-09-22T08:18:06.676314+00:00,2,33098,86
2026-09-22T08:18:06.676314+00:00,3,33136,80
2026-09-22T08:18:11.743170+00:00,0,33328,79
2026-09-22T08:18:11.743170+00:00,1,33256,82
2026-09-22T08:18:11.743170+00:00,2,33098,90
2026-09-22T08:18:11.743170+00:00,3,33136,78
2026-09-22T08:18:16.819655+00:00,0,33328,81
2026-09-22T08:18:16.819655+00:00,1,33256,82
2026-09-22T08:18:16.819655+00:00,2,33098,90
2026-09-22T08:18:16.819655+00:00,3,33136,82
2026-09-22T08:18:21.890555+00:00,0,33328,85
2026-09-22T08:18:21.890555+00:00,1,33256,84
2026-09-22T08:18:21.890555+00:00,2,33098,82
2026-09-22T08:18:21.890555+00:00,3,33136,85
2026-09-22T08:18:26.961105+00:00,0,33328,83
2026-09-22T08:18:26.961105+00:00,1,33256,80
2026-09-22T08:18:26.961105+00:00,2,33098,83
2026-09-22T08:18:26.961105+00:00,3,33136,86
2026-09-22T08:18:32.035923+00:00,0,33328,82
2026-09-22T08:18:32.035923+00:00,1,33256,87
2026-09-22T08:18:32.035923+00:00,2,33098,83
2026-09-22T08:18:32.035923+00:00,3,33136,77
2026-09-22T08:18:37.099634+00:00,0,33328,79
2026-09-22T08:18:37.099634+00:00,1,33256,88
2026-09-22T08:18:37.099634+00:00,2,33098,86
2026-09-22T08:18:37.099634+00:00,3,33136,83
2026-09-22T08:18:42.176508+00:00,0,33328,86
2026-09-22T08:18:42.176508+00:00,1,33256,84
2026-09-22T08:18:42.176508+00:00,2,33098,90
2026-09-22T08:18:42.176508+00:00,3,33136,86
2026-09-22T08:18:47.251863+00:00,0,33328,82
2026-09-22T08:18:47.251863+00:00,1,33256,85
2026-09-22T08:18:47.251863+00:00,2,33098,86
2026-09-22T08:18:47.251863+00:00,3,33136,82
2026-09-22T08:18:52.322868+00:00,0,33328,87
2026-09-22T08:18:52.322868+00:00,1,33256,84
2026-09-22T08:18:52.322868+00:00,2,33098,85
2026-09-22T08:18:52.322868+00:00,3,33136,83
2026-09-22T08:18:57.396399+00:00,0,33328,87
2026-09-22T08:18:57.396399+00:00,1,33256,87
2026-09-22T08:18:57.396399+00:00,2,33098,81
2026-09-22T08:18:57.396399+00:00,3,33136,85
2026-09-22T08:19:02.467408+00:00,0,33328,88
2026-09-22T08:19:02.467408+00:00,1,33256,84
2026-09-22T08:19:02.467408+00:00,2,33098,83
2026-09-22T08:19:02.467408+00:00,3,33136,84
2026-09-22T08:19:07.540980+00:00,0,33328,84
2026-09-22T08:19:07.540980+00:00,1,33256,84
2026-09-22T08:19:07.540980+00:00,2,33098,87
2026-09-22T08:19:07.540980+00:00,3,33136,82
2026-09-22T08:19:12.615613+00:00,0,33328,85
2026-09-22T08:19:12.615613+00:00,1,33256,86
2026-09-22T08:19:12.615613+00:00,2,33098,85
2026-09-22T08:19:12.615613+00:00,3,33136,90
2026-09-22T08:19:17.687779+00:00,0,33328,85
2026-09-22T08:19:17.687779+00:00,1,33256,85
2026-09-22T08:19:17.687779+00:00,2,33098,84
2026-09-22T08:19:17.687779+00:00,3,33136,88
2026-09-22T08:19:22.758722+00:00,0,33328,90
2026-09-22T08:19:22.758722+00:00,1,33256,88
2026-09-22T08:19:22.758722+00:00,2,33098,86
2026-09-22T08:19:22.758722+00:00,3,33136,86
2026-09-22T08:19:27.832356+00:00,0,33328,85
2026-09-22T08:19:27.832356+00:00,1,33256,83
2026-09-22T08:19:27.832356+00:00,2,33098,83
2026-09-22T08:19:27.832356+00:00,3,33136,87
2026-09-22T08:19:32.915050+00:00,0,33328,82
2026-09-22T08:19:32.915050+00:00,1,33256,85
2026-09-22T08:19:32.915050+00:00,2,33098,89
2026-09-22T08:19:32.915050+00:00,3,33136,87
2026-09-22T08:19:37.979094+00:00,0,33328,82
2026-09-22T08:19:37.979094+00:00,1,33256,87
2026-09-22T08:19:37.979094+00:00,2,33098,85
2026-09-22T08:19:37.979094+00:00,3,33136,87
2026-09-22T08:19:43.049593+00:00,0,33328,89
2026-09-22T08:19:43.049593+00:00,1,33256,85
2026-09-22T08:19:43.049593+00:00,2,33098,82
2026-09-22T08:19:43.049593+00:00,3,33136,86
2026-09-22T08:19:48.123773+00:00,0,33328,83
2026-09-22T08:19:48.123773+00:00,1,33256,87
2026-09-22T08:19:48.123773+00:00,2,33098,85
2026-09-22T08:19:48.123773+00:00,3,33136,86
2026-09-22T08:19:53.196166+00:00,0,33328,88
2026-09-22T08:19:53.196166+00:00,1,33256,88
2026-09-22T08:19:53.196166+00:00,2,33098,88
2026-09-22T08:19:53.196166+00:00,3,33136,88
2026-09-22T08:19:58.268399+00:00,0,33328,86
2026-09-22T08:19:58.268399+00:00,1,33256,87
2026-09-22T08:19:58.268399+00:00,2,33098,86
2026-09-22T08:19:58.268399+00:00,3,33136,86
2026-09-22T08:20:03.338750+00:00,0,33328,89
2026-09-22T08:20:03.338750+00:00,1,33256,88
2026-09-22T08:20:03.338750+00:00,2,33098,87
2026-09-22T08:20:03.338750+00:00,3,33136,85
2026-09-22T08:20:08.411718+00:00,0,33328,86
2026-09-22T08:20:08.411718+00:00,1,33256,84
2026-09-22T08:20:08.411718+00:00,2,33098,86
2026-09-22T08:20:08.411718+00:00,3,33136,87
2026-09-22T08:20:13.501624+00:00,0,33328,86
2026-09-22T08:20:13.501624+00:00,1,33256,82
2026-09-22T08:20:13.501624+00:00,2,33098,85
2026-09-22T08:20:13.501624+00:00,3,33136,83
2026-09-22T08:20:18.582435+00:00,0,33328,82
2026-09-22T08:20:18.582435+00:00,1,33256,88
2026-09-22T08:20:18.582435+00:00,2,33098,82
2026-09-22T08:20:18.582435+00:00,3,33136,84
2026-09-22T08:20:23.645100+00:00,0,33328,88
2026-09-22T08:20:23.645100+00:00,1,33256,85
2026-09-22T08:20:23.645100+00:00,2,33098,85
2026-09-22T08:20:23.645100+00:00,3,33136,88
2026-09-22T08:20:28.717893+00:00,0,33328,77
2026-09-22T08:20:28.717893+00:00,1,33256,86
2026-09-22T08:20:28.717893+00:00,2,33098,73
2026-09-22T08:20:28.717893+00:00,3,33136,89
2026-09-22T08:20:33.785729+00:00,0,33328,0
2026-09-22T08:20:33.785729+00:00,1,33256,90
2026-09-22T08:20:33.785729+00:00,2,33098,0
2026-09-22T08:20:33.785729+00:00,3,33136,90
2026-09-22T08:20:38.850103+00:00,0,33328,0
2026-09-22T08:20:38.850103+00:00,1,33256,0
2026-09-22T08:20:38.850103+00:00,2,33098,0
2026-09-22T08:20:38.850103+00:00,3,33136,84
2026-09-22T08:20:43.925301+00:00,0,1576,0
2026-09-22T08:20:43.925301+00:00,1,1576,0
2026-09-22T08:20:43.925301+00:00,2,1556,0
2026-09-22T08:20:43.925301+00:00,3,1576,0
2026-09-22T08:20:48.991949+00:00,0,7828,94
2026-09-22T08:20:48.991949+00:00,1,7128,94
2026-09-22T08:20:48.991949+00:00,2,7808,94
2026-09-22T08:20:48.991949+00:00,3,7828,95
2026-09-22T08:20:54.061738+00:00,0,8772,99
2026-09-22T08:20:54.061738+00:00,1,8094,99
2026-09-22T08:20:54.061738+00:00,2,8734,99
2026-09-22T08:20:54.061738+00:00,3,8754,95
2026-09-22T08:20:59.129976+00:00,0,9118,97
2026-09-22T08:20:59.129976+00:00,1,8458,99
2026-09-22T08:20:59.129976+00:00,2,9118,99
2026-09-22T08:20:59.129976+00:00,3,9138,97
2026-09-22T08:21:04.196070+00:00,0,9362,96
2026-09-22T08:21:04.196070+00:00,1,8742,98
2026-09-22T08:21:04.196070+00:00,2,9342,97
2026-09-22T08:21:04.196070+00:00,3,9362,99
2026-09-22T08:21:09.263490+00:00,0,9566,99
2026-09-22T08:21:09.263490+00:00,1,8966,99
2026-09-22T08:21:09.263490+00:00,2,9546,99
2026-09-22T08:21:09.263490+00:00,3,9566,97
2026-09-22T08:21:14.332645+00:00,0,9630,99
2026-09-22T08:21:14.332645+00:00,1,9010,99
2026-09-22T08:21:14.332645+00:00,2,9610,99
2026-09-22T08:21:14.332645+00:00,3,9610,99
2026-09-22T08:21:19.390322+00:00,0,9634,98
2026-09-22T08:21:19.390322+00:00,1,9014,99
2026-09-22T08:21:19.390322+00:00,2,9614,99
2026-09-22T08:21:19.390322+00:00,3,9614,99
2026-09-22T08:21:24.453794+00:00,0,9638,99
2026-09-22T08:21:24.453794+00:00,1,9018,99
2026-09-22T08:21:24.453794+00:00,2,9618,99
2026-09-22T08:21:24.453794+00:00,3,9618,99
2026-09-22T08:21:29.523315+00:00,0,9644,97
2026-09-22T08:21:29.523315+00:00,1,9024,99
2026-09-22T08:21:29.523315+00:00,2,9624,96
2026-09-22T08:21:29.523315+00:00,3,9624,99
2026-09-22T08:21:34.588500+00:00,0,9648,98
2026-09-22T08:21:34.588500+00:00,1,9028,96
2026-09-22T08:21:34.588500+00:00,2,9628,99
2026-09-22T08:21:34.588500+00:00,3,9628,97
2026-09-22T08:21:39.653831+00:00,0,1576,0
2026-09-22T08:21:39.653831+00:00,1,1616,0
2026-09-22T08:21:39.653831+00:00,2,1596,0
2026-09-22T08:21:39.653831+00:00,3,1576,0
2026-09-22T08:21:44.704999+00:00,0,18756,97
2026-09-22T08:21:44.704999+00:00,1,18696,99
2026-09-22T08:21:44.704999+00:00,2,18756,97
2026-09-22T08:21:44.704999+00:00,3,18716,99
2026-09-22T08:21:49.762436+00:00,0,19698,99
2026-09-22T08:21:49.762436+00:00,1,19158,95
2026-09-22T08:21:49.762436+00:00,2,19678,95
2026-09-22T08:21:49.762436+00:00,3,18838,94
2026-09-22T08:21:54.870173+00:00,0,20922,99
2026-09-22T08:21:54.870173+00:00,1,21262,94
2026-09-22T08:21:54.870173+00:00,2,21022,95
2026-09-22T08:21:54.870173+00:00,3,21202,95
2026-09-22T08:21:59.951965+00:00,0,20924,97
2026-09-22T08:21:59.951965+00:00,1,21264,100
2026-09-22T08:21:59.951965+00:00,2,21024,99
2026-09-22T08:21:59.951965+00:00,3,21204,97
2026-09-22T08:22:05.022751+00:00,0,20926,99
2026-09-22T08:22:05.022751+00:00,1,21266,97
2026-09-22T08:22:05.022751+00:00,2,21026,98
2026-09-22T08:22:05.022751+00:00,3,21206,97
2026-09-22T08:22:10.093684+00:00,0,20928,99
2026-09-22T08:22:10.093684+00:00,1,21268,99
2026-09-22T08:22:10.093684+00:00,2,21028,97
2026-09-22T08:22:10.093684+00:00,3,21208,97
2026-09-22T08:22:15.155192+00:00,0,20934,100
2026-09-22T08:22:15.155192+00:00,1,21274,93
2026-09-22T08:22:15.155192+00:00,2,21034,92
2026-09-22T08:22:15.155192+00:00,3,21214,96
2026-09-22T08:22:20.226002+00:00,0,20934,92
2026-09-22T08:22:20.226002+00:00,1,21274,90
2026-09-22T08:22:20.226002+00:00,2,21034,92
2026-09-22T08:22:20.226002+00:00,3,21214,92
2026-09-22T08:22:25.286724+00:00,0,25294,98
2026-09-22T08:22:25.286724+00:00,1,25374,98
2026-09-22T08:22:25.286724+00:00,2,25314,98
2026-09-22T08:22:25.286724+00:00,3,25394,98
2026-09-22T08:22:30.357679+00:00,0,25814,99
2026-09-22T08:22:30.357679+00:00,1,25754,99
2026-09-22T08:22:30.357679+00:00,2,25774,99
2026-09-22T08:22:30.357679+00:00,3,25814,99
2026-09-22T08:22:35.432841+00:00,0,25814,98
2026-09-22T08:22:35.432841+00:00,1,25774,99
2026-09-22T08:22:35.432841+00:00,2,25774,98
2026-09-22T08:22:35.432841+00:00,3,25814,98
2026-09-22T08:22:40.507184+00:00,0,25814,99
2026-09-22T08:22:40.507184+00:00,1,25794,99
2026-09-22T08:22:40.507184+00:00,2,25774,99
2026-09-22T08:22:40.507184+00:00,3,25814,99
2026-09-22T08:22:45.579539+00:00,0,25814,98
2026-09-22T08:22:45.579539+00:00,1,25794,99
2026-09-22T08:22:45.579539+00:00,2,25774,99
2026-09-22T08:22:45.579539+00:00,3,25814,99
2026-09-22T08:22:50.653620+00:00,0,25814,98
2026-09-22T08:22:50.653620+00:00,1,25794,98
2026-09-22T08:22:50.653620+00:00,2,25774,98
2026-09-22T08:22:50.653620+00:00,3,25814,98
2026-09-22T08:22:55.725957+00:00,0,25814,93
2026-09-22T08:22:55.725957+00:00,1,25794,99
2026-09-22T08:22:55.725957+00:00,2,25774,87
2026-09-22T08:22:55.725957+00:00,3,25814,86
2026-09-22T08:23:00.798384+00:00,0,25814,94
2026-09-22T08:23:00.798384+00:00,1,25794,97
2026-09-22T08:23:00.798384+00:00,2,25774,86
2026-09-22T08:23:00.798384+00:00,3,25814,96
2026-09-22T08:23:05.870179+00:00,0,25814,97
2026-09-22T08:23:05.870179+00:00,1,25794,95
2026-09-22T08:23:05.870179+00:00,2,25774,100
2026-09-22T08:23:05.870179+00:00,3,25814,95
2026-09-22T08:23:10.946318+00:00,0,25814,92
2026-09-22T08:23:10.946318+00:00,1,25794,92
2026-09-22T08:23:10.946318+00:00,2,25774,93
2026-09-22T08:23:10.946318+00:00,3,25814,93
2026-09-22T08:23:16.015486+00:00,0,25814,93
2026-09-22T08:23:16.015486+00:00,1,25794,97
2026-09-22T08:23:16.015486+00:00,2,25774,99
2026-09-22T08:23:16.015486+00:00,3,25814,89
2026-09-22T08:23:21.088402+00:00,0,25814,99
2026-09-22T08:23:21.088402+00:00,1,25794,99
2026-09-22T08:23:21.088402+00:00,2,25774,99
2026-09-22T08:23:21.088402+00:00,3,25814,99
2026-09-22T08:23:26.162728+00:00,0,25814,99
2026-09-22T08:23:26.162728+00:00,1,25794,99
2026-09-22T08:23:26.162728+00:00,2,25774,100
2026-09-22T08:23:26.162728+00:00,3,25814,99
2026-09-22T08:23:31.235421+00:00,0,25814,99
2026-09-22T08:23:31.235421+00:00,1,25794,99
2026-09-22T08:23:31.235421+00:00,2,25834,99
2026-09-22T08:23:31.235421+00:00,3,25814,99
2026-09-22T08:23:36.304721+00:00,0,25814,99
2026-09-22T08:23:36.304721+00:00,1,25794,99
2026-09-22T08:23:36.304721+00:00,2,25834,98
2026-09-22T08:23:36.304721+00:00,3,25814,98
2026-09-22T08:23:41.379812+00:00,0,25814,99
2026-09-22T08:23:41.379812+00:00,1,25794,99
2026-09-22T08:23:41.379812+00:00,2,25834,99
2026-09-22T08:23:41.379812+00:00,3,25814,99
2026-09-22T08:23:46.455226+00:00,0,25814,99
2026-09-22T08:23:46.455226+00:00,1,25794,99
2026-09-22T08:23:46.455226+00:00,2,25834,99
2026-09-22T08:23:46.455226+00:00,3,25814,100
2026-09-22T08:23:51.521579+00:00,0,25814,99
2026-09-22T08:23:51.521579+00:00,1,25794,99
2026-09-22T08:23:51.521579+00:00,2,25834,92
2026-09-22T08:23:51.521579+00:00,3,25814,100
2026-09-22T08:23:56.592551+00:00,0,25814,91
2026-09-22T08:23:56.592551+00:00,1,25794,99
2026-09-22T08:23:56.592551+00:00,2,25834,99
2026-09-22T08:23:56.592551+00:00,3,25814,99
2026-09-22T08:24:01.665840+00:00,0,25814,99
2026-09-22T08:24:01.665840+00:00,1,25794,94
2026-09-22T08:24:01.665840+00:00,2,25834,99
2026-09-22T08:24:01.665840+00:00,3,25814,97
2026-09-22T08:24:06.727930+00:00,0,25814,99
2026-09-22T08:24:06.727930+00:00,1,25794,95
2026-09-22T08:24:06.727930+00:00,2,25834,96
2026-09-22T08:24:06.727930+00:00,3,25814,93
2026-09-22T08:24:11.789182+00:00,0,25814,99
2026-09-22T08:24:11.789182+00:00,1,25794,94
2026-09-22T08:24:11.789182+00:00,2,25834,90
2026-09-22T08:24:11.789182+00:00,3,25814,88
2026-09-22T08:24:16.856511+00:00,0,25814,99
2026-09-22T08:24:16.856511+00:00,1,25794,98
2026-09-22T08:24:16.856511+00:00,2,25834,100
2026-09-22T08:24:16.856511+00:00,3,25814,89
2026-09-22T08:24:21.927794+00:00,0,25814,99
2026-09-22T08:24:21.927794+00:00,1,25794,94
2026-09-22T08:24:21.927794+00:00,2,25834,95
2026-09-22T08:24:21.927794+00:00,3,25814,98
2026-09-22T08:24:27.006791+00:00,0,25814,99
2026-09-22T08:24:27.006791+00:00,1,25794,100
2026-09-22T08:24:27.006791+00:00,2,25834,97
2026-09-22T08:24:27.006791+00:00,3,25814,99
2026-09-22T08:24:32.080152+00:00,0,5060,93
2026-09-22T08:24:32.080152+00:00,1,5060,95
2026-09-22T08:24:32.080152+00:00,2,5040,17
2026-09-22T08:24:32.080152+00:00,3,5060,0
2026-09-22T08:24:37.137652+00:00,0,10096,7
2026-09-22T08:24:37.137652+00:00,1,10096,7
2026-09-22T08:24:37.137652+00:00,2,10076,6
2026-09-22T08:24:37.137652+00:00,3,10096,6
2026-09-22T08:24:42.197391+00:00,0,11426,20
2026-09-22T08:24:42.197391+00:00,1,11406,34
2026-09-22T08:24:42.197391+00:00,2,11406,20
2026-09-22T08:24:42.197391+00:00,3,11426,21
2026-09-22T08:24:47.257479+00:00,0,16872,28
2026-09-22T08:24:47.257479+00:00,1,11132,54
2026-09-22T08:24:47.257479+00:00,2,16872,27
2026-09-22T08:24:47.257479+00:00,3,16872,27
2026-09-22T08:24:52.320015+00:00,0,32818,68
2026-09-22T08:24:52.320015+00:00,1,32998,63
2026-09-22T08:24:52.320015+00:00,2,33070,69
2026-09-22T08:24:52.320015+00:00,3,33066,62
2026-09-22T08:24:57.375176+00:00,0,32818,65
2026-09-22T08:24:57.375176+00:00,1,32998,70
2026-09-22T08:24:57.375176+00:00,2,33070,68
2026-09-22T08:24:57.375176+00:00,3,33066,63
2026-09-22T08:25:02.446557+00:00,0,32818,71
2026-09-22T08:25:02.446557+00:00,1,32998,71
2026-09-22T08:25:02.446557+00:00,2,33070,62
2026-09-22T08:25:02.446557+00:00,3,33066,70
2026-09-22T08:25:07.515291+00:00,0,32818,72
2026-09-22T08:25:07.515291+00:00,1,32998,70
2026-09-22T08:25:07.515291+00:00,2,33070,71
2026-09-22T08:25:07.515291+00:00,3,33066,71
2026-09-22T08:25:12.578406+00:00,0,32818,71
2026-09-22T08:25:12.578406+00:00,1,32998,76
2026-09-22T08:25:12.578406+00:00,2,33070,66
2026-09-22T08:25:12.578406+00:00,3,33066,72
2026-09-22T08:25:17.648664+00:00,0,32818,65
2026-09-22T08:25:17.648664+00:00,1,32998,70
2026-09-22T08:25:17.648664+00:00,2,33070,71
2026-09-22T08:25:17.648664+00:00,3,33066,72
2026-09-22T08:25:22.734080+00:00,0,32818,79
2026-09-22T08:25:22.734080+00:00,1,32998,71
2026-09-22T08:25:22.734080+00:00,2,33070,73
2026-09-22T08:25:22.734080+00:00,3,33066,72
2026-09-22T08:25:27.806277+00:00,0,32818,73
2026-09-22T08:25:27.806277+00:00,1,32998,76
2026-09-22T08:25:27.806277+00:00,2,33070,73
2026-09-22T08:25:27.806277+00:00,3,33066,74
2026-09-22T08:25:32.874729+00:00,0,32818,74
2026-09-22T08:25:32.874729+00:00,1,32998,78
2026-09-22T08:25:32.874729+00:00,2,33070,77
2026-09-22T08:25:32.874729+00:00,3,33066,76
2026-09-22T08:25:37.945491+00:00,0,32818,75
2026-09-22T08:25:37.945491+00:00,1,32998,76
2026-09-22T08:25:37.945491+00:00,2,33070,73
2026-09-22T08:25:37.945491+00:00,3,33066,77
2026-09-22T08:25:43.027169+00:00,0,32818,74
2026-09-22T08:25:43.027169+00:00,1,32998,76
2026-09-22T08:25:43.027169+00:00,2,33070,76
2026-09-22T08:25:43.027169+00:00,3,33066,76
2026-09-22T08:25:48.113280+00:00,0,32818,76
2026-09-22T08:25:48.113280+00:00,1,32998,76
2026-09-22T08:25:48.113280+00:00,2,33070,73
2026-09-22T08:25:48.113280+00:00,3,33066,66
2026-09-22T08:25:53.199817+00:00,0,32818,74
2026-09-22T08:25:53.199817+00:00,1,32998,77
2026-09-22T08:25:53.199817+00:00,2,33070,80
2026-09-22T08:25:53.199817+00:00,3,33066,75
2026-09-22T08:25:58.281335+00:00,0,32818,73
2026-09-22T08:25:58.281335+00:00,1,32998,75
2026-09-22T08:25:58.281335+00:00,2,33070,78
2026-09-22T08:25:58.281335+00:00,3,33066,81
2026-09-22T08:26:03.362523+00:00,0,32818,73
2026-09-22T08:26:03.362523+00:00,1,32998,79
2026-09-22T08:26:03.362523+00:00,2,33070,78
2026-09-22T08:26:03.362523+00:00,3,33066,77
2026-09-22T08:26:08.451257+00:00,0,32818,83
2026-09-22T08:26:08.451257+00:00,1,32998,80
2026-09-22T08:26:08.451257+00:00,2,33070,75
2026-09-22T08:26:08.451257+00:00,3,33066,83
2026-09-22T08:26:13.517802+00:00,0,32818,80
2026-09-22T08:26:13.517802+00:00,1,32998,80
2026-09-22T08:26:13.517802+00:00,2,33070,84
2026-09-22T08:26:13.517802+00:00,3,33066,84
2026-09-22T08:26:18.590438+00:00,0,32818,86
2026-09-22T08:26:18.590438+00:00,1,32998,85
2026-09-22T08:26:18.590438+00:00,2,33070,81
2026-09-22T08:26:18.590438+00:00,3,33066,86
2026-09-22T08:26:23.658836+00:00,0,32818,81
2026-09-22T08:26:23.658836+00:00,1,32998,85
2026-09-22T08:26:23.658836+00:00,2,33070,77
2026-09-22T08:26:23.658836+00:00,3,33066,83
2026-09-22T08:26:28.731582+00:00,0,32818,83
2026-09-22T08:26:28.731582+00:00,1,32998,86
2026-09-22T08:26:28.731582+00:00,2,33070,87
2026-09-22T08:26:28.731582+00:00,3,33066,81
2026-09-22T08:26:33.806046+00:00,0,32818,85
2026-09-22T08:26:33.806046+00:00,1,32998,81
2026-09-22T08:26:33.806046+00:00,2,33070,87
2026-09-22T08:26:33.806046+00:00,3,33066,84
2026-09-22T08:26:38.868835+00:00,0,32818,84
2026-09-22T08:26:38.868835+00:00,1,32998,83
2026-09-22T08:26:38.868835+00:00,2,33070,84
2026-09-22T08:26:38.868835+00:00,3,33066,86
2026-09-22T08:26:43.941174+00:00,0,32818,83
2026-09-22T08:26:43.941174+00:00,1,32998,83
2026-09-22T08:26:43.941174+00:00,2,33070,86
2026-09-22T08:26:43.941174+00:00,3,33066,81
2026-09-22T08:26:49.015668+00:00,0,32818,82
2026-09-22T08:26:49.015668+00:00,1,32998,83
2026-09-22T08:26:49.015668+00:00,2,33070,92
2026-09-22T08:26:49.015668+00:00,3,33066,83
2026-09-22T08:26:54.092070+00:00,0,32818,80
2026-09-22T08:26:54.092070+00:00,1,32998,83
2026-09-22T08:26:54.092070+00:00,2,33070,78
2026-09-22T08:26:54.092070+00:00,3,33066,85
2026-09-22T08:26:59.164530+00:00,0,32818,84
2026-09-22T08:26:59.164530+00:00,1,32998,84
2026-09-22T08:26:59.164530+00:00,2,33070,92
2026-09-22T08:26:59.164530+00:00,3,33066,86
2026-09-22T08:27:04.236901+00:00,0,32818,80
2026-09-22T08:27:04.236901+00:00,1,32998,82
2026-09-22T08:27:04.236901+00:00,2,33070,88
2026-09-22T08:27:04.236901+00:00,3,33066,78
2026-09-22T08:27:09.312706+00:00,0,32818,83
2026-09-22T08:27:09.312706+00:00,1,32998,85
2026-09-22T08:27:09.312706+00:00,2,33070,86
2026-09-22T08:27:09.312706+00:00,3,33066,81
2026-09-22T08:27:14.382246+00:00,0,32818,84
2026-09-22T08:27:14.382246+00:00,1,32998,84
2026-09-22T08:27:14.382246+00:00,2,33070,89
2026-09-22T08:27:14.382246+00:00,3,33066,88
2026-09-22T08:27:19.452246+00:00,0,32818,81
2026-09-22T08:27:19.452246+00:00,1,32998,82
2026-09-22T08:27:19.452246+00:00,2,33070,85
2026-09-22T08:27:19.452246+00:00,3,33066,86
2026-09-22T08:27:24.530358+00:00,0,32818,78
2026-09-22T08:27:24.530358+00:00,1,32998,81
2026-09-22T08:27:24.530358+00:00,2,33070,81
2026-09-22T08:27:24.530358+00:00,3,33066,87
2026-09-22T08:27:29.620049+00:00,0,32818,80
2026-09-22T08:27:29.620049+00:00,1,32998,83
2026-09-22T08:27:29.620049+00:00,2,33070,79
2026-09-22T08:27:29.620049+00:00,3,33066,78
2026-09-22T08:27:34.708194+00:00,0,32818,79
2026-09-22T08:27:34.708194+00:00,1,32998,82
2026-09-22T08:27:34.708194+00:00,2,33070,83
2026-09-22T08:27:34.708194+00:00,3,33066,79
2026-09-22T08:27:39.798220+00:00,0,32818,80
2026-09-22T08:27:39.798220+00:00,1,32998,82
2026-09-22T08:27:39.798220+00:00,2,33070,80
2026-09-22T08:27:39.798220+00:00,3,33066,75
2026-09-22T08:27:44.884152+00:00,0,32818,78
2026-09-22T08:27:44.884152+00:00,1,32998,83
2026-09-22T08:27:44.884152+00:00,2,33070,85
2026-09-22T08:27:44.884152+00:00,3,33066,85
2026-09-22T08:27:49.976733+00:00,0,32818,81
2026-09-22T08:27:49.976733+00:00,1,32998,84
2026-09-22T08:27:49.976733+00:00,2,33070,85
2026-09-22T08:27:49.976733+00:00,3,33066,86
2026-09-22T08:27:55.054508+00:00,0,32818,86
2026-09-22T08:27:55.054508+00:00,1,32998,89
2026-09-22T08:27:55.054508+00:00,2,33070,85
2026-09-22T08:27:55.054508+00:00,3,33066,87
2026-09-22T08:28:00.131773+00:00,0,32818,86
2026-09-22T08:28:00.131773+00:00,1,32998,84
2026-09-22T08:28:00.131773+00:00,2,33070,87
2026-09-22T08:28:00.131773+00:00,3,33066,82
2026-09-22T08:28:05.202158+00:00,0,32818,89
2026-09-22T08:28:05.202158+00:00,1,32998,85
2026-09-22T08:28:05.202158+00:00,2,33070,82
2026-09-22T08:28:05.202158+00:00,3,33066,83
2026-09-22T08:28:10.313312+00:00,0,32818,85
2026-09-22T08:28:10.313312+00:00,1,32998,85
2026-09-22T08:28:10.313312+00:00,2,33070,83
2026-09-22T08:28:10.313312+00:00,3,33066,86
2026-09-22T08:28:15.391809+00:00,0,32818,81
2026-09-22T08:28:15.391809+00:00,1,32998,87
2026-09-22T08:28:15.391809+00:00,2,33070,79
2026-09-22T08:28:15.391809+00:00,3,33066,86
2026-09-22T08:28:20.462025+00:00,0,32818,84
2026-09-22T08:28:20.462025+00:00,1,32998,86
2026-09-22T08:28:20.462025+00:00,2,33070,87
2026-09-22T08:28:20.462025+00:00,3,33066,85
2026-09-22T08:28:25.538178+00:00,0,32818,85
2026-09-22T08:28:25.538178+00:00,1,32998,84
2026-09-22T08:28:25.538178+00:00,2,33070,87
2026-09-22T08:28:25.538178+00:00,3,33066,87
2026-09-22T08:28:30.604644+00:00,0,32818,86
2026-09-22T08:28:30.604644+00:00,1,32998,89
2026-09-22T08:28:30.604644+00:00,2,33070,89
2026-09-22T08:28:30.604644+00:00,3,33066,87
2026-09-22T08:28:35.681720+00:00,0,32818,85
2026-09-22T08:28:35.681720+00:00,1,32998,87
2026-09-22T08:28:35.681720+00:00,2,33070,85
2026-09-22T08:28:35.681720+00:00,3,33066,86
2026-09-22T08:28:40.760433+00:00,0,32818,88
2026-09-22T08:28:40.760433+00:00,1,32998,86
2026-09-22T08:28:40.760433+00:00,2,33070,84
2026-09-22T08:28:40.760433+00:00,3,33066,84
2026-09-22T08:28:45.828425+00:00,0,32818,86
2026-09-22T08:28:45.828425+00:00,1,32998,88
2026-09-22T08:28:45.828425+00:00,2,33070,84
2026-09-22T08:28:45.828425+00:00,3,33066,85
2026-09-22T08:28:50.905408+00:00,0,32818,87
2026-09-22T08:28:50.905408+00:00,1,32998,86
2026-09-22T08:28:50.905408+00:00,2,33070,89
2026-09-22T08:28:50.905408+00:00,3,33066,88
2026-09-22T08:28:55.980842+00:00,0,32818,81
2026-09-22T08:28:55.980842+00:00,1,32998,88
2026-09-22T08:28:55.980842+00:00,2,33070,85
2026-09-22T08:28:55.980842+00:00,3,33066,85
2026-09-22T08:29:01.056794+00:00,0,32818,90
2026-09-22T08:29:01.056794+00:00,1,32998,86
2026-09-22T08:29:01.056794+00:00,2,33070,82
2026-09-22T08:29:01.056794+00:00,3,33066,86
2026-09-22T08:29:06.122067+00:00,0,32818,86
2026-09-22T08:29:06.122067+00:00,1,32998,87
2026-09-22T08:29:06.122067+00:00,2,33070,89
2026-09-22T08:29:06.122067+00:00,3,33066,89
2026-09-22T08:29:11.200163+00:00,0,32818,87
2026-09-22T08:29:11.200163+00:00,1,32998,85
2026-09-22T08:29:11.200163+00:00,2,33070,87
2026-09-22T08:29:11.200163+00:00,3,33066,87
2026-09-22T08:29:16.267639+00:00,0,32818,83
2026-09-22T08:29:16.267639+00:00,1,32998,87
2026-09-22T08:29:16.267639+00:00,2,33070,90
2026-09-22T08:29:16.267639+00:00,3,33066,88
2026-09-22T08:29:21.342469+00:00,0,32818,86
2026-09-22T08:29:21.342469+00:00,1,32998,0
2026-09-22T08:29:21.342469+00:00,2,33070,88
2026-09-22T08:29:21.342469+00:00,3,33066,89
2026-09-22T08:29:26.411688+00:00,0,32818,0
2026-09-22T08:29:26.411688+00:00,1,32998,0
2026-09-22T08:29:26.411688+00:00,2,33070,86
2026-09-22T08:29:26.411688+00:00,3,33066,81
2026-09-22T08:29:31.476846+00:00,0,1576,0
2026-09-22T08:29:31.476846+00:00,1,1576,0
2026-09-22T08:29:31.476846+00:00,2,1556,0
2026-09-22T08:29:31.476846+00:00,3,1576,0
2026-09-22T08:29:36.532436+00:00,0,8128,96
2026-09-22T08:29:36.532436+00:00,1,7508,95
2026-09-22T08:29:36.532436+00:00,2,8128,98
2026-09-22T08:29:36.532436+00:00,3,8088,98
2026-09-22T08:29:41.598766+00:00,0,8554,98
2026-09-22T08:29:41.598766+00:00,1,7934,99
2026-09-22T08:29:41.598766+00:00,2,8554,95
2026-09-22T08:29:41.598766+00:00,3,8674,99
2026-09-22T08:29:46.666445+00:00,0,9198,97
2026-09-22T08:29:46.666445+00:00,1,8518,96
2026-09-22T08:29:46.666445+00:00,2,9198,99
2026-09-22T08:29:46.666445+00:00,3,9158,97
2026-09-22T08:29:51.731766+00:00,0,9522,99
2026-09-22T08:29:51.731766+00:00,1,8922,99
2026-09-22T08:29:51.731766+00:00,2,9542,97
2026-09-22T08:29:51.731766+00:00,3,9502,99
2026-09-22T08:29:56.799181+00:00,0,9786,99
2026-09-22T08:29:56.799181+00:00,1,9186,99
2026-09-22T08:29:56.799181+00:00,2,9786,99
2026-09-22T08:29:56.799181+00:00,3,9766,99
2026-09-22T08:30:01.867201+00:00,0,9910,97
2026-09-22T08:30:01.867201+00:00,1,9310,99
2026-09-22T08:30:01.867201+00:00,2,9912,99
2026-09-22T08:30:01.867201+00:00,3,9910,97
2026-09-22T08:30:06.935028+00:00,0,9914,99
2026-09-22T08:30:06.935028+00:00,1,9314,99
2026-09-22T08:30:06.935028+00:00,2,9914,99
2026-09-22T08:30:06.935028+00:00,3,9914,99
2026-09-22T08:30:12.005225+00:00,0,9918,99
2026-09-22T08:30:12.005225+00:00,1,9318,99
2026-09-22T08:30:12.005225+00:00,2,9918,99
2026-09-22T08:30:12.005225+00:00,3,9918,99
2026-09-22T08:30:17.075477+00:00,0,9924,97
2026-09-22T08:30:17.075477+00:00,1,9324,99
2026-09-22T08:30:17.075477+00:00,2,9924,98
2026-09-22T08:30:17.075477+00:00,3,9924,99
2026-09-22T08:30:22.143260+00:00,0,9928,97
2026-09-22T08:30:22.143260+00:00,1,9328,98
2026-09-22T08:30:22.143260+00:00,2,9928,97
2026-09-22T08:30:22.143260+00:00,3,9928,99
2026-09-22T08:30:27.211176+00:00,0,5510,91
2026-09-22T08:30:27.211176+00:00,1,4810,100
2026-09-22T08:30:27.211176+00:00,2,5390,97
2026-09-22T08:30:27.211176+00:00,3,5330,97
2026-09-22T08:30:32.276214+00:00,0,19436,99
2026-09-22T08:30:32.276214+00:00,1,19396,99
2026-09-22T08:30:32.276214+00:00,2,19456,98
2026-09-22T08:30:32.276214+00:00,3,19396,95
2026-09-22T08:30:37.344981+00:00,0,19538,99
2026-09-22T08:30:37.344981+00:00,1,19598,99
2026-09-22T08:30:37.344981+00:00,2,19618,98
2026-09-22T08:30:37.344981+00:00,3,19638,96
2026-09-22T08:30:42.420211+00:00,0,21182,99
2026-09-22T08:30:42.420211+00:00,1,20962,98
2026-09-22T08:30:42.420211+00:00,2,20942,98
2026-09-22T08:30:42.420211+00:00,3,21142,98
2026-09-22T08:30:47.490017+00:00,0,21564,99
2026-09-22T08:30:47.490017+00:00,1,21404,97
2026-09-22T08:30:47.490017+00:00,2,21684,98
2026-09-22T08:30:47.490017+00:00,3,21684,98
2026-09-22T08:30:52.565860+00:00,0,21566,99
2026-09-22T08:30:52.565860+00:00,1,21406,97
2026-09-22T08:30:52.565860+00:00,2,21686,98
2026-09-22T08:30:52.565860+00:00,3,21686,98
2026-09-22T08:30:57.636920+00:00,0,21568,97
2026-09-22T08:30:57.636920+00:00,1,21408,97
2026-09-22T08:30:57.636920+00:00,2,21688,97
2026-09-22T08:30:57.636920+00:00,3,21688,97
2026-09-22T08:31:02.711530+00:00,0,21574,97
2026-09-22T08:31:02.711530+00:00,1,21414,86
2026-09-22T08:31:02.711530+00:00,2,21694,89
2026-09-22T08:31:02.711530+00:00,3,21694,100
2026-09-22T08:31:07.783178+00:00,0,21574,98
2026-09-22T08:31:07.783178+00:00,1,21414,100
2026-09-22T08:31:07.783178+00:00,2,21694,88
2026-09-22T08:31:07.783178+00:00,3,21694,92
2026-09-22T08:31:12.852686+00:00,0,25594,100
2026-09-22T08:31:12.852686+00:00,1,25694,99
2026-09-22T08:31:12.852686+00:00,2,25674,99
2026-09-22T08:31:12.852686+00:00,3,25674,99
2026-09-22T08:31:17.917108+00:00,0,25794,99
2026-09-22T08:31:17.917108+00:00,1,25734,99
2026-09-22T08:31:17.917108+00:00,2,25714,99
2026-09-22T08:31:17.917108+00:00,3,25734,99
2026-09-22T08:31:22.987733+00:00,0,25794,100
2026-09-22T08:31:22.987733+00:00,1,25774,99
2026-09-22T08:31:22.987733+00:00,2,25794,99
2026-09-22T08:31:22.987733+00:00,3,25794,100
2026-09-22T08:31:28.060874+00:00,0,25794,99
2026-09-22T08:31:28.060874+00:00,1,25774,99
2026-09-22T08:31:28.060874+00:00,2,25794,98
2026-09-22T08:31:28.060874+00:00,3,25794,98
2026-09-22T08:31:33.129507+00:00,0,25794,100
2026-09-22T08:31:33.129507+00:00,1,25774,99
2026-09-22T08:31:33.129507+00:00,2,25794,99
2026-09-22T08:31:33.129507+00:00,3,25794,99
2026-09-22T08:31:38.195411+00:00,0,25794,99
2026-09-22T08:31:38.195411+00:00,1,25774,99
2026-09-22T08:31:38.195411+00:00,2,25794,99
2026-09-22T08:31:38.195411+00:00,3,25794,99
2026-09-22T08:31:43.266873+00:00,0,25794,91
2026-09-22T08:31:43.266873+00:00,1,25774,94
2026-09-22T08:31:43.266873+00:00,2,25794,92
2026-09-22T08:31:43.266873+00:00,3,25794,93
2026-09-22T08:31:48.333844+00:00,0,25794,98
2026-09-22T08:31:48.333844+00:00,1,25774,91
2026-09-22T08:31:48.333844+00:00,2,25794,94
2026-09-22T08:31:48.333844+00:00,3,25794,97
2026-09-22T08:31:53.403521+00:00,0,25794,86
2026-09-22T08:31:53.403521+00:00,1,25774,95
2026-09-22T08:31:53.403521+00:00,2,25794,95
2026-09-22T08:31:53.403521+00:00,3,25794,94
2026-09-22T08:31:58.478984+00:00,0,25794,97
2026-09-22T08:31:58.478984+00:00,1,25774,98
2026-09-22T08:31:58.478984+00:00,2,25794,89
2026-09-22T08:31:58.478984+00:00,3,25794,98
2026-09-22T08:32:03.554229+00:00,0,25794,96
2026-09-22T08:32:03.554229+00:00,1,25774,95
2026-09-22T08:32:03.554229+00:00,2,25794,95
2026-09-22T08:32:03.554229+00:00,3,25794,97
2026-09-22T08:32:08.627254+00:00,0,25794,99
2026-09-22T08:32:08.627254+00:00,1,25774,98
2026-09-22T08:32:08.627254+00:00,2,25794,99
2026-09-22T08:32:08.627254+00:00,3,25794,99
2026-09-22T08:32:13.703966+00:00,0,25794,98
2026-09-22T08:32:13.703966+00:00,1,25774,98
2026-09-22T08:32:13.703966+00:00,2,25834,98
2026-09-22T08:32:13.703966+00:00,3,25794,98
2026-09-22T08:32:18.776934+00:00,0,25794,99
2026-09-22T08:32:18.776934+00:00,1,25774,99
2026-09-22T08:32:18.776934+00:00,2,25834,99
2026-09-22T08:32:18.776934+00:00,3,25794,99
2026-09-22T08:32:23.854851+00:00,0,25794,99
2026-09-22T08:32:23.854851+00:00,1,25794,99
2026-09-22T08:32:23.854851+00:00,2,25834,99
2026-09-22T08:32:23.854851+00:00,3,25854,99
2026-09-22T08:32:28.930980+00:00,0,25814,98
2026-09-22T08:32:28.930980+00:00,1,25794,98
2026-09-22T08:32:28.930980+00:00,2,25834,98
2026-09-22T08:32:28.930980+00:00,3,25854,99
2026-09-22T08:32:34.007368+00:00,0,25814,99
2026-09-22T08:32:34.007368+00:00,1,25794,99
2026-09-22T08:32:34.007368+00:00,2,25834,98
2026-09-22T08:32:34.007368+00:00,3,25854,99
2026-09-22T08:32:39.081297+00:00,0,25814,94
2026-09-22T08:32:39.081297+00:00,1,25794,93
2026-09-22T08:32:39.081297+00:00,2,25834,94
2026-09-22T08:32:39.081297+00:00,3,25854,95
2026-09-22T08:32:44.161776+00:00,0,25814,94
2026-09-22T08:32:44.161776+00:00,1,25794,89
2026-09-22T08:32:44.161776+00:00,2,25834,90
2026-09-22T08:32:44.161776+00:00,3,25854,99
2026-09-22T08:32:49.236601+00:00,0,25814,99
2026-09-22T08:32:49.236601+00:00,1,25794,99
2026-09-22T08:32:49.236601+00:00,2,25834,97
2026-09-22T08:32:49.236601+00:00,3,25854,92
2026-09-22T08:32:54.303729+00:00,0,25814,95
2026-09-22T08:32:54.303729+00:00,1,25794,93
2026-09-22T08:32:54.303729+00:00,2,25834,95
2026-09-22T08:32:54.303729+00:00,3,25854,99
2026-09-22T08:32:59.382468+00:00,0,25814,88
2026-09-22T08:32:59.382468+00:00,1,25794,96
2026-09-22T08:32:59.382468+00:00,2,25834,96
2026-09-22T08:32:59.382468+00:00,3,25854,99
2026-09-22T08:33:04.456870+00:00,0,25814,97
2026-09-22T08:33:04.456870+00:00,1,25794,99
2026-09-22T08:33:04.456870+00:00,2,25834,99
2026-09-22T08:33:04.456870+00:00,3,25854,98
2026-09-22T08:33:09.520784+00:00,0,25814,95
2026-09-22T08:33:09.520784+00:00,1,25794,96
2026-09-22T08:33:09.520784+00:00,2,25834,99
2026-09-22T08:33:09.520784+00:00,3,25854,99
2026-09-22T08:33:14.590029+00:00,0,25814,99
2026-09-22T08:33:14.590029+00:00,1,25794,98
2026-09-22T08:33:14.590029+00:00,2,25834,96
2026-09-22T08:33:14.590029+00:00,3,25854,99
2026-09-22T08:33:19.654601+00:00,0,25814,96
2026-09-22T08:33:19.654601+00:00,1,25794,98
2026-09-22T08:33:19.654601+00:00,2,25834,98
2026-09-22T08:33:19.654601+00:00,3,25854,99
2026-09-22T08:33:24.728079+00:00,0,10198,84
2026-09-22T08:33:24.728079+00:00,1,10198,84
2026-09-22T08:33:24.728079+00:00,2,10218,86
2026-09-22T08:33:24.728079+00:00,3,10176,66
2026-09-22T08:33:29.792523+00:00,0,10280,7
2026-09-22T08:33:29.792523+00:00,1,10402,7
2026-09-22T08:33:29.792523+00:00,2,10076,5
2026-09-22T08:33:29.792523+00:00,3,10278,8
2026-09-22T08:33:34.852327+00:00,0,11426,25
2026-09-22T08:33:34.852327+00:00,1,11406,22
2026-09-22T08:33:34.852327+00:00,2,11406,19
2026-09-22T08:33:34.852327+00:00,3,11426,30
2026-09-22T08:33:39.911964+00:00,0,5208,11
2026-09-22T08:33:39.911964+00:00,1,5208,11
2026-09-22T08:33:39.911964+00:00,2,5188,11
2026-09-22T08:33:39.911964+00:00,3,5208,13
2026-09-22T08:33:44.971536+00:00,0,32754,61
2026-09-22T08:33:44.971536+00:00,1,32766,59
2026-09-22T08:33:44.971536+00:00,2,32736,63
2026-09-22T08:33:44.971536+00:00,3,32636,64
2026-09-22T08:33:50.036523+00:00,0,32754,68
2026-09-22T08:33:50.036523+00:00,1,32766,69
2026-09-22T08:33:50.036523+00:00,2,32736,67
2026-09-22T08:33:50.036523+00:00,3,32636,68
2026-09-22T08:33:55.098944+00:00,0,32754,66
2026-09-22T08:33:55.098944+00:00,1,32766,65
2026-09-22T08:33:55.098944+00:00,2,32736,70
2026-09-22T08:33:55.098944+00:00,3,32636,72
2026-09-22T08:34:00.162917+00:00,0,32754,71
2026-09-22T08:34:00.162917+00:00,1,32766,71
2026-09-22T08:34:00.162917+00:00,2,32736,73
2026-09-22T08:34:00.162917+00:00,3,32636,67
2026-09-22T08:34:05.225322+00:00,0,32754,74
2026-09-22T08:34:05.225322+00:00,1,32766,68
2026-09-22T08:34:05.225322+00:00,2,32736,70
2026-09-22T08:34:05.225322+00:00,3,32636,71
2026-09-22T08:34:10.299145+00:00,0,32754,66
2026-09-22T08:34:10.299145+00:00,1,32766,69
2026-09-22T08:34:10.299145+00:00,2,32736,70
2026-09-22T08:34:10.299145+00:00,3,32636,70
2026-09-22T08:34:15.379941+00:00,0,32754,67
2026-09-22T08:34:15.379941+00:00,1,32766,69
2026-09-22T08:34:15.379941+00:00,2,32736,71
2026-09-22T08:34:15.379941+00:00,3,32636,69
2026-09-22T08:34:20.459482+00:00,0,32754,75
2026-09-22T08:34:20.459482+00:00,1,32766,73
2026-09-22T08:34:20.459482+00:00,2,32736,74
2026-09-22T08:34:20.459482+00:00,3,32636,73
2026-09-22T08:34:25.549809+00:00,0,32754,75
2026-09-22T08:34:25.549809+00:00,1,32766,75
2026-09-22T08:34:25.549809+00:00,2,32736,76
2026-09-22T08:34:25.549809+00:00,3,32636,67
2026-09-22T08:34:30.635593+00:00,0,32754,74
2026-09-22T08:34:30.635593+00:00,1,32766,72
2026-09-22T08:34:30.635593+00:00,2,32736,78
2026-09-22T08:34:30.635593+00:00,3,32636,80
2026-09-22T08:34:35.709363+00:00,0,32754,84
2026-09-22T08:34:35.709363+00:00,1,32766,75
2026-09-22T08:34:35.709363+00:00,2,32736,80
2026-09-22T08:34:35.709363+00:00,3,32636,81
2026-09-22T08:34:40.780246+00:00,0,32754,80
2026-09-22T08:34:40.780246+00:00,1,32766,77
2026-09-22T08:34:40.780246+00:00,2,32736,75
2026-09-22T08:34:40.780246+00:00,3,32636,84
2026-09-22T08:34:45.848922+00:00,0,32754,74
2026-09-22T08:34:45.848922+00:00,1,32766,82
2026-09-22T08:34:45.848922+00:00,2,32736,82
2026-09-22T08:34:45.848922+00:00,3,32636,78
2026-09-22T08:34:50.918584+00:00,0,32754,75
2026-09-22T08:34:50.918584+00:00,1,32766,75
2026-09-22T08:34:50.918584+00:00,2,32736,74
2026-09-22T08:34:50.918584+00:00,3,32636,77
2026-09-22T08:34:55.999803+00:00,0,32754,78
2026-09-22T08:34:55.999803+00:00,1,32766,70
2026-09-22T08:34:55.999803+00:00,2,32736,73
2026-09-22T08:34:55.999803+00:00,3,32636,77
2026-09-22T08:35:01.086455+00:00,0,32754,79
2026-09-22T08:35:01.086455+00:00,1,32766,80
2026-09-22T08:35:01.086455+00:00,2,32736,74
2026-09-22T08:35:01.086455+00:00,3,32636,75
2026-09-22T08:35:06.172103+00:00,0,32754,77
2026-09-22T08:35:06.172103+00:00,1,32766,74
2026-09-22T08:35:06.172103+00:00,2,32736,76
2026-09-22T08:35:06.172103+00:00,3,32636,76
2026-09-22T08:35:11.260098+00:00,0,32754,77
2026-09-22T08:35:11.260098+00:00,1,32766,85
2026-09-22T08:35:11.260098+00:00,2,32736,81
2026-09-22T08:35:11.260098+00:00,3,32636,81
2026-09-22T08:35:16.333738+00:00,0,32754,83
2026-09-22T08:35:16.333738+00:00,1,32766,82
2026-09-22T08:35:16.333738+00:00,2,32736,81
2026-09-22T08:35:16.333738+00:00,3,32636,80
2026-09-22T08:35:21.408137+00:00,0,32754,83
2026-09-22T08:35:21.408137+00:00,1,32766,81
2026-09-22T08:35:21.408137+00:00,2,32736,80
2026-09-22T08:35:21.408137+00:00,3,32636,82
2026-09-22T08:35:26.476319+00:00,0,32754,78
2026-09-22T08:35:26.476319+00:00,1,32766,80
2026-09-22T08:35:26.476319+00:00,2,32736,82
2026-09-22T08:35:26.476319+00:00,3,32636,82
2026-09-22T08:35:31.552702+00:00,0,32754,87
2026-09-22T08:35:31.552702+00:00,1,32766,79
2026-09-22T08:35:31.552702+00:00,2,32736,88
2026-09-22T08:35:31.552702+00:00,3,32636,79
2026-09-22T08:35:36.631321+00:00,0,32754,78
2026-09-22T08:35:36.631321+00:00,1,32766,85
2026-09-22T08:35:36.631321+00:00,2,32736,85
2026-09-22T08:35:36.631321+00:00,3,32636,82
2026-09-22T08:35:41.701889+00:00,0,32754,92
2026-09-22T08:35:41.701889+00:00,1,32766,82
2026-09-22T08:35:41.701889+00:00,2,32736,83
2026-09-22T08:35:41.701889+00:00,3,32636,82
2026-09-22T08:35:46.776064+00:00,0,32754,80
2026-09-22T08:35:46.776064+00:00,1,32766,86
2026-09-22T08:35:46.776064+00:00,2,32736,83
2026-09-22T08:35:46.776064+00:00,3,32636,82
2026-09-22T08:35:51.847983+00:00,0,32754,86
2026-09-22T08:35:51.847983+00:00,1,32766,86
2026-09-22T08:35:51.847983+00:00,2,32736,85
2026-09-22T08:35:51.847983+00:00,3,32636,83
2026-09-22T08:35:56.910114+00:00,0,32754,85
2026-09-22T08:35:56.910114+00:00,1,32766,85
2026-09-22T08:35:56.910114+00:00,2,32736,86
2026-09-22T08:35:56.910114+00:00,3,32636,76
2026-09-22T08:36:01.986089+00:00,0,32754,82
2026-09-22T08:36:01.986089+00:00,1,32766,81
2026-09-22T08:36:01.986089+00:00,2,32736,81
2026-09-22T08:36:01.986089+00:00,3,32636,85
2026-09-22T08:36:07.058564+00:00,0,32754,85
2026-09-22T08:36:07.058564+00:00,1,32766,78
2026-09-22T08:36:07.058564+00:00,2,32736,80
2026-09-22T08:36:07.058564+00:00,3,32636,81
2026-09-22T08:36:12.144247+00:00,0,32754,82
2026-09-22T08:36:12.144247+00:00,1,32766,80
2026-09-22T08:36:12.144247+00:00,2,32736,85
2026-09-22T08:36:12.144247+00:00,3,32636,87
2026-09-22T08:36:17.222110+00:00,0,32754,91
2026-09-22T08:36:17.222110+00:00,1,32766,89
2026-09-22T08:36:17.222110+00:00,2,32736,85
2026-09-22T08:36:17.222110+00:00,3,32636,82
2026-09-22T08:36:22.298539+00:00,0,32754,86
2026-09-22T08:36:22.298539+00:00,1,32766,85
2026-09-22T08:36:22.298539+00:00,2,32736,83
2026-09-22T08:36:22.298539+00:00,3,32636,86
2026-09-22T08:36:27.373508+00:00,0,32754,82
2026-09-22T08:36:27.373508+00:00,1,32766,84
2026-09-22T08:36:27.373508+00:00,2,32736,87
2026-09-22T08:36:27.373508+00:00,3,32636,88
2026-09-22T08:36:32.450506+00:00,0,32754,91
2026-09-22T08:36:32.450506+00:00,1,32766,85
2026-09-22T08:36:32.450506+00:00,2,32736,83
2026-09-22T08:36:32.450506+00:00,3,32636,86
2026-09-22T08:36:37.526693+00:00,0,32754,80
2026-09-22T08:36:37.526693+00:00,1,32766,85
2026-09-22T08:36:37.526693+00:00,2,32736,82
2026-09-22T08:36:37.526693+00:00,3,32636,87
2026-09-22T08:36:42.603960+00:00,0,32754,82
2026-09-22T08:36:42.603960+00:00,1,32766,89
2026-09-22T08:36:42.603960+00:00,2,32736,83
2026-09-22T08:36:42.603960+00:00,3,32636,84
2026-09-22T08:36:47.677250+00:00,0,32754,84
2026-09-22T08:36:47.677250+00:00,1,32766,82
2026-09-22T08:36:47.677250+00:00,2,32736,83
2026-09-22T08:36:47.677250+00:00,3,32636,87
2026-09-22T08:36:52.752703+00:00,0,32754,87
2026-09-22T08:36:52.752703+00:00,1,32766,89
2026-09-22T08:36:52.752703+00:00,2,32736,84
2026-09-22T08:36:52.752703+00:00,3,32636,83
2026-09-22T08:36:57.833111+00:00,0,32754,82
2026-09-22T08:36:57.833111+00:00,1,32766,89
2026-09-22T08:36:57.833111+00:00,2,32736,82
2026-09-22T08:36:57.833111+00:00,3,32636,88
2026-09-22T08:37:02.908941+00:00,0,32754,86
2026-09-22T08:37:02.908941+00:00,1,32766,88
2026-09-22T08:37:02.908941+00:00,2,32736,83
2026-09-22T08:37:02.908941+00:00,3,32636,86
2026-09-22T08:37:07.985392+00:00,0,32754,81
2026-09-22T08:37:07.985392+00:00,1,32766,87
2026-09-22T08:37:07.985392+00:00,2,32736,76
2026-09-22T08:37:07.985392+00:00,3,32636,80
2026-09-22T08:37:13.076657+00:00,0,32754,80
2026-09-22T08:37:13.076657+00:00,1,32766,78
2026-09-22T08:37:13.076657+00:00,2,32736,87
2026-09-22T08:37:13.076657+00:00,3,32636,81
2026-09-22T08:37:18.168026+00:00,0,32754,79
2026-09-22T08:37:18.168026+00:00,1,32766,81
2026-09-22T08:37:18.168026+00:00,2,32736,81
2026-09-22T08:37:18.168026+00:00,3,32636,85
2026-09-22T08:37:23.257641+00:00,0,32754,82
2026-09-22T08:37:23.257641+00:00,1,32766,88
2026-09-22T08:37:23.257641+00:00,2,32736,82
2026-09-22T08:37:23.257641+00:00,3,32636,86
2026-09-22T08:37:28.351748+00:00,0,32754,87
2026-09-22T08:37:28.351748+00:00,1,32766,85
2026-09-22T08:37:28.351748+00:00,2,32736,83
2026-09-22T08:37:28.351748+00:00,3,32636,83
2026-09-22T08:37:33.446388+00:00,0,32754,82
2026-09-22T08:37:33.446388+00:00,1,32766,83
2026-09-22T08:37:33.446388+00:00,2,32736,82
2026-09-22T08:37:33.446388+00:00,3,32636,85
2026-09-22T08:37:38.541017+00:00,0,32754,83
2026-09-22T08:37:38.541017+00:00,1,32766,81
2026-09-22T08:37:38.541017+00:00,2,32736,84
2026-09-22T08:37:38.541017+00:00,3,32636,82
2026-09-22T08:37:43.634802+00:00,0,32754,83
2026-09-22T08:37:43.634802+00:00,1,32766,84
2026-09-22T08:37:43.634802+00:00,2,32736,81
2026-09-22T08:37:43.634802+00:00,3,32636,82
2026-09-22T08:37:48.727067+00:00,0,32754,81
2026-09-22T08:37:48.727067+00:00,1,32766,84
2026-09-22T08:37:48.727067+00:00,2,32736,83
2026-09-22T08:37:48.727067+00:00,3,32636,82
2026-09-22T08:37:53.813693+00:00,0,32754,85
2026-09-22T08:37:53.813693+00:00,1,32766,88
2026-09-22T08:37:53.813693+00:00,2,32736,87
2026-09-22T08:37:53.813693+00:00,3,32636,84
2026-09-22T08:37:58.903967+00:00,0,32754,81
2026-09-22T08:37:58.903967+00:00,1,32766,82
2026-09-22T08:37:58.903967+00:00,2,32736,81
2026-09-22T08:37:58.903967+00:00,3,32636,89
2026-09-22T08:38:03.991349+00:00,0,32754,85
2026-09-22T08:38:03.991349+00:00,1,32766,85
2026-09-22T08:38:03.991349+00:00,2,32736,90
2026-09-22T08:38:03.991349+00:00,3,32636,84
2026-09-22T08:38:09.065162+00:00,0,32754,86
2026-09-22T08:38:09.065162+00:00,1,32766,91
2026-09-22T08:38:09.065162+00:00,2,32736,84
2026-09-22T08:38:09.065162+00:00,3,32636,85
2026-09-22T08:38:14.135742+00:00,0,32754,83
2026-09-22T08:38:14.135742+00:00,1,32766,88
2026-09-22T08:38:14.135742+00:00,2,32736,87
2026-09-22T08:38:14.135742+00:00,3,32636,88
2026-09-22T08:38:19.213536+00:00,0,32754,89
2026-09-22T08:38:19.213536+00:00,1,32766,87
2026-09-22T08:38:19.213536+00:00,2,32736,86
2026-09-22T08:38:19.213536+00:00,3,32636,85
2026-09-22T08:38:24.289710+00:00,0,32754,87
2026-09-22T08:38:24.289710+00:00,1,32766,90
2026-09-22T08:38:24.289710+00:00,2,32736,0
2026-09-22T08:38:24.289710+00:00,3,32636,85
2026-09-22T08:38:29.362308+00:00,0,24322,0
2026-09-22T08:38:29.362308+00:00,1,26254,0
2026-09-22T08:38:29.362308+00:00,2,25264,0
2026-09-22T08:38:29.362308+00:00,3,24204,0
2026-09-22T08:38:34.440453+00:00,0,7788,94
2026-09-22T08:38:34.440453+00:00,1,7128,95
2026-09-22T08:38:34.440453+00:00,2,7788,99
2026-09-22T08:38:34.440453+00:00,3,7788,93
2026-09-22T08:38:39.509361+00:00,0,8452,99
2026-09-22T08:38:39.509361+00:00,1,7772,99
2026-09-22T08:38:39.509361+00:00,2,8452,98
2026-09-22T08:38:39.509361+00:00,3,8432,99
2026-09-22T08:38:44.576828+00:00,0,8996,98
2026-09-22T08:38:44.576828+00:00,1,8356,99
2026-09-22T08:38:44.576828+00:00,2,8976,99
2026-09-22T08:38:44.576828+00:00,3,8976,99
2026-09-22T08:38:49.644923+00:00,0,9302,99
2026-09-22T08:38:49.644923+00:00,1,8682,99
2026-09-22T08:38:49.644923+00:00,2,9302,99
2026-09-22T08:38:49.644923+00:00,3,9302,99
2026-09-22T08:38:54.713184+00:00,0,9786,99
2026-09-22T08:38:54.713184+00:00,1,9186,99
2026-09-22T08:38:54.713184+00:00,2,9806,96
2026-09-22T08:38:54.713184+00:00,3,9766,99
2026-09-22T08:38:59.782030+00:00,0,10110,99
2026-09-22T08:38:59.782030+00:00,1,9530,99
2026-09-22T08:38:59.782030+00:00,2,10110,99
2026-09-22T08:38:59.782030+00:00,3,10090,99
2026-09-22T08:39:04.851609+00:00,0,10172,99
2026-09-22T08:39:04.851609+00:00,1,9612,99
2026-09-22T08:39:04.851609+00:00,2,10172,97
2026-09-22T08:39:04.851609+00:00,3,10152,99
2026-09-22T08:39:09.923368+00:00,0,10176,99
2026-09-22T08:39:09.923368+00:00,1,9616,99
2026-09-22T08:39:09.923368+00:00,2,10176,99
2026-09-22T08:39:09.923368+00:00,3,10156,99
2026-09-22T08:39:14.988263+00:00,0,10182,99
2026-09-22T08:39:14.988263+00:00,1,9620,99
2026-09-22T08:39:14.988263+00:00,2,10182,99
2026-09-22T08:39:14.988263+00:00,3,10162,99
2026-09-22T08:39:20.055099+00:00,0,10186,99
2026-09-22T08:39:20.055099+00:00,1,9626,96
2026-09-22T08:39:20.055099+00:00,2,10186,97
2026-09-22T08:39:20.055099+00:00,3,10166,97
2026-09-22T08:39:25.115914+00:00,0,10190,99
2026-09-22T08:39:25.115914+00:00,1,9630,99
2026-09-22T08:39:25.115914+00:00,2,10190,99
2026-09-22T08:39:25.115914+00:00,3,10170,99
2026-09-22T08:39:30.183294+00:00,0,19268,47
2026-09-22T08:39:30.183294+00:00,1,18888,33
2026-09-22T08:39:30.183294+00:00,2,19248,49
2026-09-22T08:39:30.183294+00:00,3,18888,36
2026-09-22T08:39:35.255559+00:00,0,19898,98
2026-09-22T08:39:35.255559+00:00,1,19538,97
2026-09-22T08:39:35.255559+00:00,2,19478,99
2026-09-22T08:39:35.255559+00:00,3,19518,97
2026-09-22T08:39:40.326285+00:00,0,19900,98
2026-09-22T08:39:40.326285+00:00,1,19580,97
2026-09-22T08:39:40.326285+00:00,2,19660,99
2026-09-22T08:39:40.326285+00:00,3,19540,99
2026-09-22T08:39:45.393323+00:00,0,21742,97
2026-09-22T08:39:45.393323+00:00,1,21742,98
2026-09-22T08:39:45.393323+00:00,2,21602,99
2026-09-22T08:39:45.393323+00:00,3,21322,98
2026-09-22T08:39:50.453766+00:00,0,21744,99
2026-09-22T08:39:50.453766+00:00,1,21744,98
2026-09-22T08:39:50.453766+00:00,2,21604,98
2026-09-22T08:39:50.453766+00:00,3,21464,97
2026-09-22T08:39:55.524248+00:00,0,21746,97
2026-09-22T08:39:55.524248+00:00,1,21746,98
2026-09-22T08:39:55.524248+00:00,2,21606,97
2026-09-22T08:39:55.524248+00:00,3,21466,97
2026-09-22T08:40:00.590942+00:00,0,21748,95
2026-09-22T08:40:00.590942+00:00,1,21748,99
2026-09-22T08:40:00.590942+00:00,2,21608,95
2026-09-22T08:40:00.590942+00:00,3,21468,99
2026-09-22T08:40:05.663977+00:00,0,21754,95
2026-09-22T08:40:05.663977+00:00,1,21754,93
2026-09-22T08:40:05.663977+00:00,2,21614,96
2026-09-22T08:40:05.663977+00:00,3,21474,99
2026-09-22T08:40:10.755069+00:00,0,21754,99
2026-09-22T08:40:10.755069+00:00,1,21754,99
2026-09-22T08:40:10.755069+00:00,2,21614,94
2026-09-22T08:40:10.755069+00:00,3,21474,92
2026-09-22T08:40:15.813270+00:00,0,25734,90
2026-09-22T08:40:15.813270+00:00,1,25734,99
2026-09-22T08:40:15.813270+00:00,2,25734,99
2026-09-22T08:40:15.813270+00:00,3,25694,99
2026-09-22T08:40:20.881202+00:00,0,25794,99
2026-09-22T08:40:20.881202+00:00,1,25794,98
2026-09-22T08:40:20.881202+00:00,2,25834,98
2026-09-22T08:40:20.881202+00:00,3,25834,98
2026-09-22T08:40:25.944150+00:00,0,25794,99
2026-09-22T08:40:25.944150+00:00,1,25794,99
2026-09-22T08:40:25.944150+00:00,2,25834,100
2026-09-22T08:40:25.944150+00:00,3,25894,99
2026-09-22T08:40:31.016213+00:00,0,25794,98
2026-09-22T08:40:31.016213+00:00,1,25814,99
2026-09-22T08:40:31.016213+00:00,2,25834,99
2026-09-22T08:40:31.016213+00:00,3,25894,98
2026-09-22T08:40:36.093636+00:00,0,25794,100
2026-09-22T08:40:36.093636+00:00,1,25814,100
2026-09-22T08:40:36.093636+00:00,2,25834,99
2026-09-22T08:40:36.093636+00:00,3,25894,99
2026-09-22T08:40:41.160414+00:00,0,25794,99
2026-09-22T08:40:41.160414+00:00,1,25814,99
2026-09-22T08:40:41.160414+00:00,2,25834,99
2026-09-22T08:40:41.160414+00:00,3,25894,99
2026-09-22T08:40:46.232857+00:00,0,25794,88
2026-09-22T08:40:46.232857+00:00,1,25814,86
2026-09-22T08:40:46.232857+00:00,2,25834,89
2026-09-22T08:40:46.232857+00:00,3,25894,88
2026-09-22T08:40:51.304993+00:00,0,25794,92
2026-09-22T08:40:51.304993+00:00,1,25814,95
2026-09-22T08:40:51.304993+00:00,2,25834,82
2026-09-22T08:40:51.304993+00:00,3,25894,94
2026-09-22T08:40:56.376199+00:00,0,25794,96
2026-09-22T08:40:56.376199+00:00,1,25814,92
2026-09-22T08:40:56.376199+00:00,2,25834,93
2026-09-22T08:40:56.376199+00:00,3,25894,93
2026-09-22T08:41:01.448886+00:00,0,25794,91
2026-09-22T08:41:01.448886+00:00,1,25814,92
2026-09-22T08:41:01.448886+00:00,2,25834,92
2026-09-22T08:41:01.448886+00:00,3,25894,92
2026-09-22T08:41:06.517868+00:00,0,25794,93
2026-09-22T08:41:06.517868+00:00,1,25814,96
2026-09-22T08:41:06.517868+00:00,2,25834,94
2026-09-22T08:41:06.517868+00:00,3,25894,97
2026-09-22T08:41:11.585344+00:00,0,25794,99
2026-09-22T08:41:11.585344+00:00,1,25814,99
2026-09-22T08:41:11.585344+00:00,2,25834,99
2026-09-22T08:41:11.585344+00:00,3,25894,99
2026-09-22T08:41:16.657211+00:00,0,25834,100
2026-09-22T08:41:16.657211+00:00,1,25814,99
2026-09-22T08:41:16.657211+00:00,2,25834,99
2026-09-22T08:41:16.657211+00:00,3,25894,100
2026-09-22T08:41:21.732535+00:00,0,25854,99
2026-09-22T08:41:21.732535+00:00,1,25834,99
2026-09-22T08:41:21.732535+00:00,2,25834,99
2026-09-22T08:41:21.732535+00:00,3,25894,99
2026-09-22T08:41:26.797320+00:00,0,25854,100
2026-09-22T08:41:26.797320+00:00,1,25834,99
2026-09-22T08:41:26.797320+00:00,2,25834,99
2026-09-22T08:41:26.797320+00:00,3,25894,99
2026-09-22T08:41:31.874708+00:00,0,25854,92
2026-09-22T08:41:31.874708+00:00,1,25834,99
2026-09-22T08:41:31.874708+00:00,2,25834,99
2026-09-22T08:41:31.874708+00:00,3,25894,100
2026-09-22T08:41:36.949641+00:00,0,25854,99
2026-09-22T08:41:36.949641+00:00,1,25834,98
2026-09-22T08:41:36.949641+00:00,2,25834,98
2026-09-22T08:41:36.949641+00:00,3,25894,98
2026-09-22T08:41:42.023435+00:00,0,25854,100
2026-09-22T08:41:42.023435+00:00,1,25834,93
2026-09-22T08:41:42.023435+00:00,2,25834,94
2026-09-22T08:41:42.023435+00:00,3,25894,90
2026-09-22T08:41:47.093432+00:00,0,25854,94
2026-09-22T08:41:47.093432+00:00,1,25834,96
2026-09-22T08:41:47.093432+00:00,2,25834,94
2026-09-22T08:41:47.093432+00:00,3,25894,99
2026-09-22T08:41:52.165825+00:00,0,25854,95
2026-09-22T08:41:52.165825+00:00,1,25834,99
2026-09-22T08:41:52.165825+00:00,2,25834,95
2026-09-22T08:41:52.165825+00:00,3,25894,95
2026-09-22T08:41:57.229403+00:00,0,25854,100
2026-09-22T08:41:57.229403+00:00,1,25834,98
2026-09-22T08:41:57.229403+00:00,2,25834,97
2026-09-22T08:41:57.229403+00:00,3,25894,98
2026-09-22T08:42:02.300540+00:00,0,25854,97
2026-09-22T08:42:02.300540+00:00,1,25834,98
2026-09-22T08:42:02.300540+00:00,2,25834,98
2026-09-22T08:42:02.300540+00:00,3,25894,99
2026-09-22T08:42:07.371874+00:00,0,25854,98
2026-09-22T08:42:07.371874+00:00,1,25834,98
2026-09-22T08:42:07.371874+00:00,2,25834,99
2026-09-22T08:42:07.371874+00:00,3,25894,97
2026-09-22T08:42:12.445380+00:00,0,25854,99
2026-09-22T08:42:12.445380+00:00,1,25834,86
2026-09-22T08:42:12.445380+00:00,2,25834,87
2026-09-22T08:42:12.445380+00:00,3,25894,98
2026-09-22T08:42:17.517997+00:00,0,25854,99
2026-09-22T08:42:17.517997+00:00,1,25834,97
2026-09-22T08:42:17.517997+00:00,2,25834,98
2026-09-22T08:42:17.517997+00:00,3,25894,98
2026-09-22T08:42:22.592058+00:00,0,25854,98
2026-09-22T08:42:22.592058+00:00,1,25834,97
2026-09-22T08:42:22.592058+00:00,2,25834,98
2026-09-22T08:42:22.592058+00:00,3,25894,97
2026-09-22T08:42:27.663778+00:00,0,5966,100
2026-09-22T08:42:27.663778+00:00,1,5946,96
2026-09-22T08:42:27.663778+00:00,2,5946,84
2026-09-22T08:42:27.663778+00:00,3,5966,96
2026-09-22T08:42:32.730203+00:00,0,10096,6
2026-09-22T08:42:32.730203+00:00,1,10096,7
2026-09-22T08:42:32.730203+00:00,2,10076,7
2026-09-22T08:42:32.730203+00:00,3,10096,7
2026-09-22T08:42:37.787988+00:00,0,11426,18
2026-09-22T08:42:37.787988+00:00,1,11406,26
2026-09-22T08:42:37.787988+00:00,2,11406,20
2026-09-22T08:42:37.787988+00:00,3,11426,27
2026-09-22T08:42:42.848161+00:00,0,5208,45
2026-09-22T08:42:42.848161+00:00,1,5208,0
2026-09-22T08:42:42.848161+00:00,2,5188,18
2026-09-22T08:42:42.848161+00:00,3,5208,0
2026-09-22T08:42:47.904905+00:00,0,33184,64
2026-09-22T08:42:47.904905+00:00,1,32976,63
2026-09-22T08:42:47.904905+00:00,2,32964,62
2026-09-22T08:42:47.904905+00:00,3,32988,68
2026-09-22T08:42:52.970846+00:00,0,33184,63
2026-09-22T08:42:52.970846+00:00,1,32976,65
2026-09-22T08:42:52.970846+00:00,2,32964,70
2026-09-22T08:42:52.970846+00:00,3,32988,67
2026-09-22T08:42:58.023703+00:00,0,33184,68
2026-09-22T08:42:58.023703+00:00,1,32976,67
2026-09-22T08:42:58.023703+00:00,2,32964,65
2026-09-22T08:42:58.023703+00:00,3,32988,66
2026-09-22T08:43:03.101663+00:00,0,33184,64
2026-09-22T08:43:03.101663+00:00,1,32976,66
2026-09-22T08:43:03.101663+00:00,2,32964,73
2026-09-22T08:43:03.101663+00:00,3,32988,72
2026-09-22T08:43:08.172373+00:00,0,33184,72
2026-09-22T08:43:08.172373+00:00,1,32976,67
2026-09-22T08:43:08.172373+00:00,2,32964,63
2026-09-22T08:43:08.172373+00:00,3,32988,66
2026-09-22T08:43:13.241699+00:00,0,33184,71
2026-09-22T08:43:13.241699+00:00,1,32976,69
2026-09-22T08:43:13.241699+00:00,2,32964,72
2026-09-22T08:43:13.241699+00:00,3,32988,73
2026-09-22T08:43:18.316519+00:00,0,33184,73
2026-09-22T08:43:18.316519+00:00,1,32976,70
2026-09-22T08:43:18.316519+00:00,2,32964,75
2026-09-22T08:43:18.316519+00:00,3,32988,77
2026-09-22T08:43:23.387523+00:00,0,33184,76
2026-09-22T08:43:23.387523+00:00,1,32976,75
2026-09-22T08:43:23.387523+00:00,2,32964,73
2026-09-22T08:43:23.387523+00:00,3,32988,74
2026-09-22T08:43:28.459580+00:00,0,33184,75
2026-09-22T08:43:28.459580+00:00,1,32976,79
2026-09-22T08:43:28.459580+00:00,2,32964,71
2026-09-22T08:43:28.459580+00:00,3,32988,77
2026-09-22T08:43:33.528644+00:00,0,33184,77
2026-09-22T08:43:33.528644+00:00,1,32976,76
2026-09-22T08:43:33.528644+00:00,2,32964,73
2026-09-22T08:43:33.528644+00:00,3,32988,79
2026-09-22T08:43:38.601685+00:00,0,33184,79
2026-09-22T08:43:38.601685+00:00,1,32976,81
2026-09-22T08:43:38.601685+00:00,2,32964,75
2026-09-22T08:43:38.601685+00:00,3,32988,75
2026-09-22T08:43:43.670535+00:00,0,33184,73
2026-09-22T08:43:43.670535+00:00,1,32976,81
2026-09-22T08:43:43.670535+00:00,2,32964,81
2026-09-22T08:43:43.670535+00:00,3,32988,73
2026-09-22T08:43:48.740053+00:00,0,33184,75
2026-09-22T08:43:48.740053+00:00,1,32976,80
2026-09-22T08:43:48.740053+00:00,2,32964,81
2026-09-22T08:43:48.740053+00:00,3,32988,82
2026-09-22T08:43:53.811745+00:00,0,33184,78
2026-09-22T08:43:53.811745+00:00,1,32976,79
2026-09-22T08:43:53.811745+00:00,2,32964,79
2026-09-22T08:43:53.811745+00:00,3,32988,78
2026-09-22T08:43:58.884060+00:00,0,33184,76
2026-09-22T08:43:58.884060+00:00,1,32976,86
2026-09-22T08:43:58.884060+00:00,2,32964,76
2026-09-22T08:43:58.884060+00:00,3,32988,75
2026-09-22T08:44:03.958361+00:00,0,33184,70
2026-09-22T08:44:03.958361+00:00,1,32976,78
2026-09-22T08:44:03.958361+00:00,2,32964,80
2026-09-22T08:44:03.958361+00:00,3,32988,78
2026-09-22T08:44:09.044367+00:00,0,33184,79
2026-09-22T08:44:09.044367+00:00,1,32976,82
2026-09-22T08:44:09.044367+00:00,2,32964,80
2026-09-22T08:44:09.044367+00:00,3,32988,84
2026-09-22T08:44:14.116662+00:00,0,33184,85
2026-09-22T08:44:14.116662+00:00,1,32976,76
2026-09-22T08:44:14.116662+00:00,2,32964,76
2026-09-22T08:44:14.116662+00:00,3,32988,79
2026-09-22T08:44:19.188847+00:00,0,33184,84
2026-09-22T08:44:19.188847+00:00,1,32976,86
2026-09-22T08:44:19.188847+00:00,2,32964,79
2026-09-22T08:44:19.188847+00:00,3,32988,82
2026-09-22T08:44:24.263827+00:00,0,33184,80
2026-09-22T08:44:24.263827+00:00,1,32976,78
2026-09-22T08:44:24.263827+00:00,2,32964,80
2026-09-22T08:44:24.263827+00:00,3,32988,79
2026-09-22T08:44:29.333203+00:00,0,33184,80
2026-09-22T08:44:29.333203+00:00,1,32976,83
2026-09-22T08:44:29.333203+00:00,2,32964,81
2026-09-22T08:44:29.333203+00:00,3,32988,81
2026-09-22T08:44:34.404666+00:00,0,33184,84
2026-09-22T08:44:34.404666+00:00,1,32976,80
2026-09-22T08:44:34.404666+00:00,2,32964,79
2026-09-22T08:44:34.404666+00:00,3,32988,84
2026-09-22T08:44:39.478636+00:00,0,33184,82
2026-09-22T08:44:39.478636+00:00,1,32976,90
2026-09-22T08:44:39.478636+00:00,2,32964,86
2026-09-22T08:44:39.478636+00:00,3,32988,82
2026-09-22T08:44:44.558498+00:00,0,33184,84
2026-09-22T08:44:44.558498+00:00,1,32976,81
2026-09-22T08:44:44.558498+00:00,2,32964,82
2026-09-22T08:44:44.558498+00:00,3,32988,84
2026-09-22T08:44:49.628521+00:00,0,33184,81
2026-09-22T08:44:49.628521+00:00,1,32976,87
2026-09-22T08:44:49.628521+00:00,2,32964,85
2026-09-22T08:44:49.628521+00:00,3,32988,87
2026-09-22T08:44:54.704785+00:00,0,33184,83
2026-09-22T08:44:54.704785+00:00,1,32976,85
2026-09-22T08:44:54.704785+00:00,2,32964,84
2026-09-22T08:44:54.704785+00:00,3,32988,84
2026-09-22T08:44:59.777447+00:00,0,33184,85
2026-09-22T08:44:59.777447+00:00,1,32976,77
2026-09-22T08:44:59.777447+00:00,2,32964,81
2026-09-22T08:44:59.777447+00:00,3,32988,82
2026-09-22T08:45:04.848942+00:00,0,33184,81
2026-09-22T08:45:04.848942+00:00,1,32976,86
2026-09-22T08:45:04.848942+00:00,2,32964,88
2026-09-22T08:45:04.848942+00:00,3,32988,88
2026-09-22T08:45:09.921200+00:00,0,33184,88
2026-09-22T08:45:09.921200+00:00,1,32976,82
2026-09-22T08:45:09.921200+00:00,2,32964,85
2026-09-22T08:45:09.921200+00:00,3,32988,85
2026-09-22T08:45:14.994182+00:00,0,33184,82
2026-09-22T08:45:14.994182+00:00,1,32976,83
2026-09-22T08:45:14.994182+00:00,2,32964,86
2026-09-22T08:45:14.994182+00:00,3,32988,89
2026-09-22T08:45:20.057950+00:00,0,33184,83
2026-09-22T08:45:20.057950+00:00,1,32976,89
2026-09-22T08:45:20.057950+00:00,2,32964,86
2026-09-22T08:45:20.057950+00:00,3,32988,87
2026-09-22T08:45:25.133445+00:00,0,33184,89
2026-09-22T08:45:25.133445+00:00,1,32976,84
2026-09-22T08:45:25.133445+00:00,2,32964,82
2026-09-22T08:45:25.133445+00:00,3,32988,84
2026-09-22T08:45:30.207872+00:00,0,33184,83
2026-09-22T08:45:30.207872+00:00,1,32976,82
2026-09-22T08:45:30.207872+00:00,2,32964,83
2026-09-22T08:45:30.207872+00:00,3,32988,84
2026-09-22T08:45:35.272586+00:00,0,33184,84
2026-09-22T08:45:35.272586+00:00,1,32976,83
2026-09-22T08:45:35.272586+00:00,2,32964,87
2026-09-22T08:45:35.272586+00:00,3,32988,86
2026-09-22T08:45:40.351266+00:00,0,33184,82
2026-09-22T08:45:40.351266+00:00,1,32976,88
2026-09-22T08:45:40.351266+00:00,2,32964,82
2026-09-22T08:45:40.351266+00:00,3,32988,85
2026-09-22T08:45:45.424480+00:00,0,33184,87
2026-09-22T08:45:45.424480+00:00,1,32976,84
2026-09-22T08:45:45.424480+00:00,2,32964,84
2026-09-22T08:45:45.424480+00:00,3,32988,82
2026-09-22T08:45:50.493945+00:00,0,33184,89
2026-09-22T08:45:50.493945+00:00,1,32976,84
2026-09-22T08:45:50.493945+00:00,2,32964,87
2026-09-22T08:45:50.493945+00:00,3,32988,84
2026-09-22T08:45:55.561070+00:00,0,33184,86
2026-09-22T08:45:55.561070+00:00,1,32976,85
2026-09-22T08:45:55.561070+00:00,2,32964,87
2026-09-22T08:45:55.561070+00:00,3,32988,88
2026-09-22T08:46:00.631438+00:00,0,33184,83
2026-09-22T08:46:00.631438+00:00,1,32976,89
2026-09-22T08:46:00.631438+00:00,2,32964,86
2026-09-22T08:46:00.631438+00:00,3,32988,86
2026-09-22T08:46:05.706667+00:00,0,33184,87
2026-09-22T08:46:05.706667+00:00,1,32976,88
2026-09-22T08:46:05.706667+00:00,2,32964,86
2026-09-22T08:46:05.706667+00:00,3,32988,84
2026-09-22T08:46:10.774946+00:00,0,33184,86
2026-09-22T08:46:10.774946+00:00,1,32976,86
2026-09-22T08:46:10.774946+00:00,2,32964,83
2026-09-22T08:46:10.774946+00:00,3,32988,89
2026-09-22T08:46:15.840191+00:00,0,33184,87
2026-09-22T08:46:15.840191+00:00,1,32976,87
2026-09-22T08:46:15.840191+00:00,2,32964,90
2026-09-22T08:46:15.840191+00:00,3,32988,86
2026-09-22T08:46:20.900850+00:00,0,33184,85
2026-09-22T08:46:20.900850+00:00,1,32976,89
2026-09-22T08:46:20.900850+00:00,2,32964,82
2026-09-22T08:46:20.900850+00:00,3,32988,87
2026-09-22T08:46:25.974313+00:00,0,33184,88
2026-09-22T08:46:25.974313+00:00,1,32976,86
2026-09-22T08:46:25.974313+00:00,2,32964,86
2026-09-22T08:46:25.974313+00:00,3,32988,87
2026-09-22T08:46:31.104778+00:00,0,33184,87
2026-09-22T08:46:31.104778+00:00,1,32976,87
2026-09-22T08:46:31.104778+00:00,2,32964,86
2026-09-22T08:46:31.104778+00:00,3,32988,93
2026-09-22T08:46:36.196923+00:00,0,33184,89
2026-09-22T08:46:36.196923+00:00,1,32976,87
2026-09-22T08:46:36.196923+00:00,2,32964,90
2026-09-22T08:46:36.196923+00:00,3,32988,84
2026-09-22T08:46:41.272787+00:00,0,33184,89
2026-09-22T08:46:41.272787+00:00,1,32976,86
2026-09-22T08:46:41.272787+00:00,2,32964,88
2026-09-22T08:46:41.272787+00:00,3,32988,88
2026-09-22T08:46:46.346948+00:00,0,33184,83
2026-09-22T08:46:46.346948+00:00,1,32976,89
2026-09-22T08:46:46.346948+00:00,2,32964,83
2026-09-22T08:46:46.346948+00:00,3,32988,89
2026-09-22T08:46:51.418554+00:00,0,33184,85
2026-09-22T08:46:51.418554+00:00,1,32976,90
2026-09-22T08:46:51.418554+00:00,2,32964,87
2026-09-22T08:46:51.418554+00:00,3,32988,86
2026-09-22T08:46:56.491058+00:00,0,33184,86
2026-09-22T08:46:56.491058+00:00,1,32976,87
2026-09-22T08:46:56.491058+00:00,2,32964,87
2026-09-22T08:46:56.491058+00:00,3,32988,86
2026-09-22T08:47:01.566868+00:00,0,33184,84
2026-09-22T08:47:01.566868+00:00,1,32976,88
2026-09-22T08:47:01.566868+00:00,2,32964,84
2026-09-22T08:47:01.566868+00:00,3,32988,89
2026-09-22T08:47:06.630428+00:00,0,33184,88
2026-09-22T08:47:06.630428+00:00,1,32976,86
2026-09-22T08:47:06.630428+00:00,2,32964,88
2026-09-22T08:47:06.630428+00:00,3,32988,85
2026-09-22T08:47:11.706607+00:00,0,33184,92
2026-09-22T08:47:11.706607+00:00,1,32976,77
2026-09-22T08:47:11.706607+00:00,2,32964,87
2026-09-22T08:47:11.706607+00:00,3,32988,90
2026-09-22T08:47:16.778386+00:00,0,33184,0
2026-09-22T08:47:16.778386+00:00,1,32976,0
2026-09-22T08:47:16.778386+00:00,2,32964,86
2026-09-22T08:47:16.778386+00:00,3,32988,0
2026-09-22T08:47:21.840374+00:00,0,33184,0
2026-09-22T08:47:21.840374+00:00,1,32976,0
2026-09-22T08:47:21.840374+00:00,2,32964,84
2026-09-22T08:47:21.840374+00:00,3,32988,0
2026-09-22T08:47:26.892498+00:00,0,7786,94
2026-09-22T08:47:26.892498+00:00,1,7106,92
2026-09-22T08:47:26.892498+00:00,2,7786,97
2026-09-22T08:47:26.892498+00:00,3,7786,97
2026-09-22T08:47:31.956919+00:00,0,8512,96
2026-09-22T08:47:31.956919+00:00,1,7872,97
2026-09-22T08:47:31.956919+00:00,2,8532,95
2026-09-22T08:47:31.956919+00:00,3,8512,99
2026-09-22T08:47:37.016775+00:00,0,8836,99
2026-09-22T08:47:37.016775+00:00,1,8236,99
2026-09-22T08:47:37.016775+00:00,2,8876,99
2026-09-22T08:47:37.016775+00:00,3,8856,99
2026-09-22T08:47:42.084591+00:00,0,9220,99
2026-09-22T08:47:42.084591+00:00,1,8620,99
2026-09-22T08:47:42.084591+00:00,2,9220,99
2026-09-22T08:47:42.084591+00:00,3,9240,98
2026-09-22T08:47:47.147179+00:00,0,9626,99
2026-09-22T08:47:47.147179+00:00,1,9046,99
2026-09-22T08:47:47.147179+00:00,2,9646,99
2026-09-22T08:47:47.147179+00:00,3,9626,99
2026-09-22T08:47:52.216682+00:00,0,9888,99
2026-09-22T08:47:52.216682+00:00,1,9310,99
2026-09-22T08:47:52.216682+00:00,2,9928,99
2026-09-22T08:47:52.216682+00:00,3,9930,99
2026-09-22T08:47:57.284926+00:00,0,9952,98
2026-09-22T08:47:57.284926+00:00,1,9352,99
2026-09-22T08:47:57.284926+00:00,2,9952,99
2026-09-22T08:47:57.284926+00:00,3,9954,99
2026-09-22T08:48:02.357564+00:00,0,9956,99
2026-09-22T08:48:02.357564+00:00,1,9356,99
2026-09-22T08:48:02.357564+00:00,2,9956,97
2026-09-22T08:48:02.357564+00:00,3,9956,99
2026-09-22T08:48:07.425944+00:00,0,9962,99
2026-09-22T08:48:07.425944+00:00,1,9362,99
2026-09-22T08:48:07.425944+00:00,2,9962,99
2026-09-22T08:48:07.425944+00:00,3,9962,99
2026-09-22T08:48:12.490594+00:00,0,9966,99
2026-09-22T08:48:12.490594+00:00,1,9366,99
2026-09-22T08:48:12.490594+00:00,2,9966,99
2026-09-22T08:48:12.490594+00:00,3,9966,99
2026-09-22T08:48:17.558634+00:00,0,9970,97
2026-09-22T08:48:17.558634+00:00,1,9370,99
2026-09-22T08:48:17.558634+00:00,2,9970,99
2026-09-22T08:48:17.558634+00:00,3,9970,99
2026-09-22T08:48:22.626977+00:00,0,18334,97
2026-09-22T08:48:22.626977+00:00,1,18454,99
2026-09-22T08:48:22.626977+00:00,2,18474,95
2026-09-22T08:48:22.626977+00:00,3,18454,97
2026-09-22T08:48:27.699303+00:00,0,18518,95
2026-09-22T08:48:27.699303+00:00,1,18698,99
2026-09-22T08:48:27.699303+00:00,2,18818,95
2026-09-22T08:48:27.699303+00:00,3,18678,94
2026-09-22T08:48:32.762073+00:00,0,20840,99
2026-09-22T08:48:32.762073+00:00,1,20740,99
2026-09-22T08:48:32.762073+00:00,2,20660,95
2026-09-22T08:48:32.762073+00:00,3,20760,94
2026-09-22T08:48:37.822961+00:00,0,21462,99
2026-09-22T08:48:37.822961+00:00,1,21582,99
2026-09-22T08:48:37.822961+00:00,2,21542,95
2026-09-22T08:48:37.822961+00:00,3,21722,96
2026-09-22T08:48:42.892582+00:00,0,21544,99
2026-09-22T08:48:42.892582+00:00,1,21584,99
2026-09-22T08:48:42.892582+00:00,2,21544,94
2026-09-22T08:48:42.892582+00:00,3,21724,95
2026-09-22T08:48:47.960164+00:00,0,21548,97
2026-09-22T08:48:47.960164+00:00,1,21586,97
2026-09-22T08:48:47.960164+00:00,2,21546,97
2026-09-22T08:48:47.960164+00:00,3,21726,99
2026-09-22T08:48:53.031177+00:00,0,21554,91
2026-09-22T08:48:53.031177+00:00,1,21594,92
2026-09-22T08:48:53.031177+00:00,2,21554,95
2026-09-22T08:48:53.031177+00:00,3,21734,100
2026-09-22T08:48:58.100894+00:00,0,21554,88
2026-09-22T08:48:58.100894+00:00,1,21594,91
2026-09-22T08:48:58.100894+00:00,2,21554,89
2026-09-22T08:48:58.100894+00:00,3,21734,100
2026-09-22T08:49:03.171861+00:00,0,21554,99
2026-09-22T08:49:03.171861+00:00,1,21594,98
2026-09-22T08:49:03.171861+00:00,2,21554,98
2026-09-22T08:49:03.171861+00:00,3,21734,99
2026-09-22T08:49:08.234428+00:00,0,25754,99
2026-09-22T08:49:08.234428+00:00,1,25754,99
2026-09-22T08:49:08.234428+00:00,2,25794,99
2026-09-22T08:49:08.234428+00:00,3,25794,100
2026-09-22T08:49:13.309098+00:00,0,25794,98
2026-09-22T08:49:13.309098+00:00,1,25754,99
2026-09-22T08:49:13.309098+00:00,2,25794,98
2026-09-22T08:49:13.309098+00:00,3,25794,99
2026-09-22T08:49:18.377070+00:00,0,25794,99
2026-09-22T08:49:18.377070+00:00,1,25774,99
2026-09-22T08:49:18.377070+00:00,2,25794,99
2026-09-22T08:49:18.377070+00:00,3,25794,99
2026-09-22T08:49:23.452787+00:00,0,25794,99
2026-09-22T08:49:23.452787+00:00,1,25774,99
2026-09-22T08:49:23.452787+00:00,2,25794,99
2026-09-22T08:49:23.452787+00:00,3,25794,100
2026-09-22T08:49:28.525652+00:00,0,25794,98
2026-09-22T08:49:28.525652+00:00,1,25774,98
2026-09-22T08:49:28.525652+00:00,2,25794,98
2026-09-22T08:49:28.525652+00:00,3,25794,98
2026-09-22T08:49:33.600742+00:00,0,25794,99
2026-09-22T08:49:33.600742+00:00,1,25774,99
2026-09-22T08:49:33.600742+00:00,2,25794,99
2026-09-22T08:49:33.600742+00:00,3,25794,100
2026-09-22T08:49:38.673675+00:00,0,25794,90
2026-09-22T08:49:38.673675+00:00,1,25774,94
2026-09-22T08:49:38.673675+00:00,2,25794,93
2026-09-22T08:49:38.673675+00:00,3,25794,92
2026-09-22T08:49:43.746184+00:00,0,25794,93
2026-09-22T08:49:43.746184+00:00,1,25774,96
2026-09-22T08:49:43.746184+00:00,2,25794,96
2026-09-22T08:49:43.746184+00:00,3,25794,93
2026-09-22T08:49:48.815843+00:00,0,25794,90
2026-09-22T08:49:48.815843+00:00,1,25774,97
2026-09-22T08:49:48.815843+00:00,2,25794,97
2026-09-22T08:49:48.815843+00:00,3,25794,97
2026-09-22T08:49:53.889182+00:00,0,25794,95
2026-09-22T08:49:53.889182+00:00,1,25774,99
2026-09-22T08:49:53.889182+00:00,2,25794,92
2026-09-22T08:49:53.889182+00:00,3,25794,97
2026-09-22T08:49:58.959445+00:00,0,25794,100
2026-09-22T08:49:58.959445+00:00,1,25774,99
2026-09-22T08:49:58.959445+00:00,2,25794,99
2026-09-22T08:49:58.959445+00:00,3,25794,99
2026-09-22T08:50:04.034060+00:00,0,25794,98
2026-09-22T08:50:04.034060+00:00,1,25774,99
2026-09-22T08:50:04.034060+00:00,2,25834,98
2026-09-22T08:50:04.034060+00:00,3,25794,98
2026-09-22T08:50:09.110660+00:00,0,25794,99
2026-09-22T08:50:09.110660+00:00,1,25774,99
2026-09-22T08:50:09.110660+00:00,2,25834,99
2026-09-22T08:50:09.110660+00:00,3,25794,99
2026-09-22T08:50:14.184483+00:00,0,25854,98
2026-09-22T08:50:14.184483+00:00,1,25774,99
2026-09-22T08:50:14.184483+00:00,2,25834,99
2026-09-22T08:50:14.184483+00:00,3,25814,98
2026-09-22T08:50:19.256939+00:00,0,25854,99
2026-09-22T08:50:19.256939+00:00,1,25774,99
2026-09-22T08:50:19.256939+00:00,2,25834,100
2026-09-22T08:50:19.256939+00:00,3,25814,99
2026-09-22T08:50:24.330879+00:00,0,25854,99
2026-09-22T08:50:24.330879+00:00,1,25774,99
2026-09-22T08:50:24.330879+00:00,2,25834,99
2026-09-22T08:50:24.330879+00:00,3,25814,99
2026-09-22T08:50:29.403437+00:00,0,25854,92
2026-09-22T08:50:29.403437+00:00,1,25774,99
2026-09-22T08:50:29.403437+00:00,2,25834,92
2026-09-22T08:50:29.403437+00:00,3,25814,93
2026-09-22T08:50:34.467235+00:00,0,25854,99
2026-09-22T08:50:34.467235+00:00,1,25774,94
2026-09-22T08:50:34.467235+00:00,2,25834,99
2026-09-22T08:50:34.467235+00:00,3,25814,93
2026-09-22T08:50:39.537665+00:00,0,25854,100
2026-09-22T08:50:39.537665+00:00,1,25774,94
2026-09-22T08:50:39.537665+00:00,2,25834,96
2026-09-22T08:50:39.537665+00:00,3,25814,85
2026-09-22T08:50:44.609985+00:00,0,25854,99
2026-09-22T08:50:44.609985+00:00,1,25774,98
2026-09-22T08:50:44.609985+00:00,2,25834,99
2026-09-22T08:50:44.609985+00:00,3,25814,97
2026-09-22T08:50:49.686229+00:00,0,25854,97
2026-09-22T08:50:49.686229+00:00,1,25774,97
2026-09-22T08:50:49.686229+00:00,2,25834,99
2026-09-22T08:50:49.686229+00:00,3,25814,97
2026-09-22T08:50:54.757784+00:00,0,25854,99
2026-09-22T08:50:54.757784+00:00,1,25774,96
2026-09-22T08:50:54.757784+00:00,2,25834,97
2026-09-22T08:50:54.757784+00:00,3,25814,98
2026-09-22T08:50:59.830026+00:00,0,25854,97
2026-09-22T08:50:59.830026+00:00,1,25774,98
2026-09-22T08:50:59.830026+00:00,2,25834,98
2026-09-22T08:50:59.830026+00:00,3,25814,98
2026-09-22T08:51:04.900366+00:00,0,25854,99
2026-09-22T08:51:04.900366+00:00,1,25774,97
2026-09-22T08:51:04.900366+00:00,2,25834,99
2026-09-22T08:51:04.900366+00:00,3,25814,97
2026-09-22T08:51:09.973592+00:00,0,25854,99
2026-09-22T08:51:09.973592+00:00,1,25774,97
2026-09-22T08:51:09.973592+00:00,2,25834,96
2026-09-22T08:51:09.973592+00:00,3,25814,97
2026-09-22T08:51:15.044550+00:00,0,11426,16
2026-09-22T08:51:15.044550+00:00,1,11406,11
2026-09-22T08:51:15.044550+00:00,2,11406,7
2026-09-22T08:51:15.044550+00:00,3,11426,15
2026-09-22T08:51:20.108567+00:00,0,10096,6
2026-09-22T08:51:20.108567+00:00,1,10404,8
2026-09-22T08:51:20.108567+00:00,2,10218,8
2026-09-22T08:51:20.108567+00:00,3,10096,6
2026-09-22T08:51:25.167932+00:00,0,11324,8
2026-09-22T08:51:25.167932+00:00,1,11406,100
2026-09-22T08:51:25.167932+00:00,2,11406,100
2026-09-22T08:51:25.167932+00:00,3,11426,100
2026-09-22T08:51:30.225304+00:00,0,13426,29
2026-09-22T08:51:30.225304+00:00,1,14206,40
2026-09-22T08:51:30.225304+00:00,2,13966,41
2026-09-22T08:51:30.225304+00:00,3,13566,32
2026-09-22T08:51:35.287854+00:00,0,32744,67
2026-09-22T08:51:35.287854+00:00,1,32668,66
2026-09-22T08:51:35.287854+00:00,2,32652,61
2026-09-22T08:51:35.287854+00:00,3,32892,64
2026-09-22T08:51:40.349320+00:00,0,32744,65
2026-09-22T08:51:40.349320+00:00,1,32668,67
2026-09-22T08:51:40.349320+00:00,2,32652,63
2026-09-22T08:51:40.349320+00:00,3,32892,67
2026-09-22T08:51:45.410179+00:00,0,32744,67
2026-09-22T08:51:45.410179+00:00,1,32668,67
2026-09-22T08:51:45.410179+00:00,2,32652,67
2026-09-22T08:51:45.410179+00:00,3,32892,70
2026-09-22T08:51:50.471433+00:00,0,32744,73
2026-09-22T08:51:50.471433+00:00,1,32668,69
2026-09-22T08:51:50.471433+00:00,2,32652,67
2026-09-22T08:51:50.471433+00:00,3,32892,72
2026-09-22T08:51:55.534928+00:00,0,32744,77
2026-09-22T08:51:55.534928+00:00,1,32668,74
2026-09-22T08:51:55.534928+00:00,2,32652,72
2026-09-22T08:51:55.534928+00:00,3,32892,67
2026-09-22T08:52:00.603929+00:00,0,32744,79
2026-09-22T08:52:00.603929+00:00,1,32668,74
2026-09-22T08:52:00.603929+00:00,2,32652,77
2026-09-22T08:52:00.603929+00:00,3,32892,68
2026-09-22T08:52:05.667494+00:00,0,32744,74
2026-09-22T08:52:05.667494+00:00,1,32668,71
2026-09-22T08:52:05.667494+00:00,2,32652,71
2026-09-22T08:52:05.667494+00:00,3,32892,76
2026-09-22T08:52:10.735607+00:00,0,32744,72
2026-09-22T08:52:10.735607+00:00,1,32668,78
2026-09-22T08:52:10.735607+00:00,2,32652,76
2026-09-22T08:52:10.735607+00:00,3,32892,76
2026-09-22T08:52:15.804509+00:00,0,32744,76
2026-09-22T08:52:15.804509+00:00,1,32668,72
2026-09-22T08:52:15.804509+00:00,2,32652,72
2026-09-22T08:52:15.804509+00:00,3,32892,76
2026-09-22T08:52:20.888821+00:00,0,32744,71
2026-09-22T08:52:20.888821+00:00,1,32668,71
2026-09-22T08:52:20.888821+00:00,2,32652,71
2026-09-22T08:52:20.888821+00:00,3,32892,78
2026-09-22T08:52:25.971996+00:00,0,32744,80
2026-09-22T08:52:25.971996+00:00,1,32668,73
2026-09-22T08:52:25.971996+00:00,2,32652,80
2026-09-22T08:52:25.971996+00:00,3,32892,89
2026-09-22T08:52:31.039437+00:00,0,32744,77
2026-09-22T08:52:31.039437+00:00,1,32668,79
2026-09-22T08:52:31.039437+00:00,2,32652,79
2026-09-22T08:52:31.039437+00:00,3,32892,84
2026-09-22T08:52:36.108911+00:00,0,32744,73
2026-09-22T08:52:36.108911+00:00,1,32668,81
2026-09-22T08:52:36.108911+00:00,2,32652,72
2026-09-22T08:52:36.108911+00:00,3,32892,75
2026-09-22T08:52:41.198343+00:00,0,32744,79
2026-09-22T08:52:41.198343+00:00,1,32668,78
2026-09-22T08:52:41.198343+00:00,2,32652,76
2026-09-22T08:52:41.198343+00:00,3,32892,79
2026-09-22T08:52:46.257690+00:00,0,32744,76
2026-09-22T08:52:46.257690+00:00,1,32668,72
2026-09-22T08:52:46.257690+00:00,2,32652,74
2026-09-22T08:52:46.257690+00:00,3,32892,74
2026-09-22T08:52:51.372340+00:00,0,32744,81
2026-09-22T08:52:51.372340+00:00,1,32668,71
2026-09-22T08:52:51.372340+00:00,2,32652,79
2026-09-22T08:52:51.372340+00:00,3,32892,71
2026-09-22T08:52:56.473173+00:00,0,32744,80
2026-09-22T08:52:56.473173+00:00,1,32668,77
2026-09-22T08:52:56.473173+00:00,2,32652,81
2026-09-22T08:52:56.473173+00:00,3,32892,79
2026-09-22T08:53:01.561275+00:00,0,32744,80
2026-09-22T08:53:01.561275+00:00,1,32668,78
2026-09-22T08:53:01.561275+00:00,2,32652,71
2026-09-22T08:53:01.561275+00:00,3,32892,73
2026-09-22T08:53:06.653188+00:00,0,32744,77
2026-09-22T08:53:06.653188+00:00,1,32668,76
2026-09-22T08:53:06.653188+00:00,2,32652,77
2026-09-22T08:53:06.653188+00:00,3,32892,80
2026-09-22T08:53:11.742973+00:00,0,32744,81
2026-09-22T08:53:11.742973+00:00,1,32668,82
2026-09-22T08:53:11.742973+00:00,2,32652,74
2026-09-22T08:53:11.742973+00:00,3,32892,80
2026-09-22T08:53:16.833057+00:00,0,32744,81
2026-09-22T08:53:16.833057+00:00,1,32668,80
2026-09-22T08:53:16.833057+00:00,2,32652,83
2026-09-22T08:53:16.833057+00:00,3,32892,83
2026-09-22T08:53:21.906153+00:00,0,32744,91
2026-09-22T08:53:21.906153+00:00,1,32668,84
2026-09-22T08:53:21.906153+00:00,2,32652,81
2026-09-22T08:53:21.906153+00:00,3,32892,87
2026-09-22T08:53:26.972582+00:00,0,32744,84
2026-09-22T08:53:26.972582+00:00,1,32668,85
2026-09-22T08:53:26.972582+00:00,2,32652,84
2026-09-22T08:53:26.972582+00:00,3,32892,86
2026-09-22T08:53:32.046231+00:00,0,32744,88
2026-09-22T08:53:32.046231+00:00,1,32668,85
2026-09-22T08:53:32.046231+00:00,2,32652,82
2026-09-22T08:53:32.046231+00:00,3,32892,89
2026-09-22T08:53:37.108219+00:00,0,32744,81
2026-09-22T08:53:37.108219+00:00,1,32668,79
2026-09-22T08:53:37.108219+00:00,2,32652,81
2026-09-22T08:53:37.108219+00:00,3,32892,88
2026-09-22T08:53:42.177505+00:00,0,32744,89
2026-09-22T08:53:42.177505+00:00,1,32668,84
2026-09-22T08:53:42.177505+00:00,2,32652,83
2026-09-22T08:53:42.177505+00:00,3,32892,85
2026-09-22T08:53:47.243762+00:00,0,32744,81
2026-09-22T08:53:47.243762+00:00,1,32668,83
2026-09-22T08:53:47.243762+00:00,2,32652,84
2026-09-22T08:53:47.243762+00:00,3,32892,87
2026-09-22T08:53:52.307368+00:00,0,32744,86
2026-09-22T08:53:52.307368+00:00,1,32668,88
2026-09-22T08:53:52.307368+00:00,2,32652,82
2026-09-22T08:53:52.307368+00:00,3,32892,82
2026-09-22T08:53:57.379997+00:00,0,32744,84
2026-09-22T08:53:57.379997+00:00,1,32668,86
2026-09-22T08:53:57.379997+00:00,2,32652,88
2026-09-22T08:53:57.379997+00:00,3,32892,84
2026-09-22T08:54:02.450413+00:00,0,32744,87
2026-09-22T08:54:02.450413+00:00,1,32668,81
2026-09-22T08:54:02.450413+00:00,2,32652,84
2026-09-22T08:54:02.450413+00:00,3,32892,81
2026-09-22T08:54:07.524492+00:00,0,32744,85
2026-09-22T08:54:07.524492+00:00,1,32668,91
2026-09-22T08:54:07.524492+00:00,2,32652,82
2026-09-22T08:54:07.524492+00:00,3,32892,88
2026-09-22T08:54:12.597724+00:00,0,32744,86
2026-09-22T08:54:12.597724+00:00,1,32668,92
2026-09-22T08:54:12.597724+00:00,2,32652,85
2026-09-22T08:54:12.597724+00:00,3,32892,87
2026-09-22T08:54:17.671958+00:00,0,32744,86
2026-09-22T08:54:17.671958+00:00,1,32668,87
2026-09-22T08:54:17.671958+00:00,2,32652,85
2026-09-22T08:54:17.671958+00:00,3,32892,85
2026-09-22T08:54:22.738724+00:00,0,32744,87
2026-09-22T08:54:22.738724+00:00,1,32668,84
2026-09-22T08:54:22.738724+00:00,2,32652,84
2026-09-22T08:54:22.738724+00:00,3,32892,85
2026-09-22T08:54:27.802572+00:00,0,32744,91
2026-09-22T08:54:27.802572+00:00,1,32668,86
2026-09-22T08:54:27.802572+00:00,2,32652,88
2026-09-22T08:54:27.802572+00:00,3,32892,84
2026-09-22T08:54:32.875845+00:00,0,32744,78
2026-09-22T08:54:32.875845+00:00,1,32668,84
2026-09-22T08:54:32.875845+00:00,2,32652,78
2026-09-22T08:54:32.875845+00:00,3,32892,84
2026-09-22T08:54:37.963491+00:00,0,32744,86
2026-09-22T08:54:37.963491+00:00,1,32668,86
2026-09-22T08:54:37.963491+00:00,2,32652,85
2026-09-22T08:54:37.963491+00:00,3,32892,80
2026-09-22T08:54:43.032999+00:00,0,32744,87
2026-09-22T08:54:43.032999+00:00,1,32668,84
2026-09-22T08:54:43.032999+00:00,2,32652,86
2026-09-22T08:54:43.032999+00:00,3,32892,88
2026-09-22T08:54:48.106846+00:00,0,32744,87
2026-09-22T08:54:48.106846+00:00,1,32668,83
2026-09-22T08:54:48.106846+00:00,2,32652,86
2026-09-22T08:54:48.106846+00:00,3,32892,86
2026-09-22T08:54:53.181730+00:00,0,32744,84
2026-09-22T08:54:53.181730+00:00,1,32668,84
2026-09-22T08:54:53.181730+00:00,2,32652,86
2026-09-22T08:54:53.181730+00:00,3,32892,81
2026-09-22T08:54:58.255089+00:00,0,32744,90
2026-09-22T08:54:58.255089+00:00,1,32668,86
2026-09-22T08:54:58.255089+00:00,2,32652,86
2026-09-22T08:54:58.255089+00:00,3,32892,86
2026-09-22T08:55:03.329042+00:00,0,32744,93
2026-09-22T08:55:03.329042+00:00,1,32668,85
2026-09-22T08:55:03.329042+00:00,2,32652,87
2026-09-22T08:55:03.329042+00:00,3,32892,82
2026-09-22T08:55:08.403670+00:00,0,32744,91
2026-09-22T08:55:08.403670+00:00,1,32668,86
2026-09-22T08:55:08.403670+00:00,2,32652,85
2026-09-22T08:55:08.403670+00:00,3,32892,88
2026-09-22T08:55:13.480831+00:00,0,32744,82
2026-09-22T08:55:13.480831+00:00,1,32668,85
2026-09-22T08:55:13.480831+00:00,2,32652,85
2026-09-22T08:55:13.480831+00:00,3,32892,85
2026-09-22T08:55:18.553166+00:00,0,32744,87
2026-09-22T08:55:18.553166+00:00,1,32668,84
2026-09-22T08:55:18.553166+00:00,2,32652,85
2026-09-22T08:55:18.553166+00:00,3,32892,89
2026-09-22T08:55:23.629118+00:00,0,32744,89
2026-09-22T08:55:23.629118+00:00,1,32668,87
2026-09-22T08:55:23.629118+00:00,2,32652,85
2026-09-22T08:55:23.629118+00:00,3,32892,85
2026-09-22T08:55:28.702284+00:00,0,32744,88
2026-09-22T08:55:28.702284+00:00,1,32668,85
2026-09-22T08:55:28.702284+00:00,2,32652,85
2026-09-22T08:55:28.702284+00:00,3,32892,86
2026-09-22T08:55:33.774164+00:00,0,32744,77
2026-09-22T08:55:33.774164+00:00,1,32668,84
2026-09-22T08:55:33.774164+00:00,2,32652,86
2026-09-22T08:55:33.774164+00:00,3,32892,86
2026-09-22T08:55:38.848634+00:00,0,32744,86
2026-09-22T08:55:38.848634+00:00,1,32668,89
2026-09-22T08:55:38.848634+00:00,2,32652,84
2026-09-22T08:55:38.848634+00:00,3,32892,88
2026-09-22T08:55:43.924501+00:00,0,32744,0
2026-09-22T08:55:43.924501+00:00,1,32668,89
2026-09-22T08:55:43.924501+00:00,2,32652,83
2026-09-22T08:55:43.924501+00:00,3,32892,83
2026-09-22T08:55:48.995308+00:00,0,32744,0
2026-09-22T08:55:48.995308+00:00,1,32668,85
2026-09-22T08:55:48.995308+00:00,2,32652,0
2026-09-22T08:55:48.995308+00:00,3,32892,0
2026-09-22T08:55:54.050200+00:00,0,32744,0
2026-09-22T08:55:54.050200+00:00,1,32668,78
2026-09-22T08:55:54.050200+00:00,2,32652,0
2026-09-22T08:55:54.050200+00:00,3,32892,0
2026-09-22T08:55:59.125491+00:00,0,2036,0
2026-09-22T08:55:59.125491+00:00,1,2036,0
2026-09-22T08:55:59.125491+00:00,2,2016,0
2026-09-22T08:55:59.125491+00:00,3,2076,0
2026-09-22T08:56:04.221788+00:00,0,8350,96
2026-09-22T08:56:04.221788+00:00,1,7670,96
2026-09-22T08:56:04.221788+00:00,2,8330,96
2026-09-22T08:56:04.221788+00:00,3,8390,96
2026-09-22T08:56:09.291681+00:00,0,8796,98
2026-09-22T08:56:09.291681+00:00,1,8096,99
2026-09-22T08:56:09.291681+00:00,2,8756,99
2026-09-22T08:56:09.291681+00:00,3,8776,98
2026-09-22T08:56:14.360302+00:00,0,9060,99
2026-09-22T08:56:14.360302+00:00,1,8440,99
2026-09-22T08:56:14.360302+00:00,2,9100,99
2026-09-22T08:56:14.360302+00:00,3,9080,98
2026-09-22T08:56:19.429070+00:00,0,9424,99
2026-09-22T08:56:19.429070+00:00,1,8764,98
2026-09-22T08:56:19.429070+00:00,2,9424,99
2026-09-22T08:56:19.429070+00:00,3,9424,99
2026-09-22T08:56:24.496195+00:00,0,9568,99
2026-09-22T08:56:24.496195+00:00,1,8928,99
2026-09-22T08:56:24.496195+00:00,2,9568,99
2026-09-22T08:56:24.496195+00:00,3,9568,99
2026-09-22T08:56:29.566518+00:00,0,9632,99
2026-09-22T08:56:29.566518+00:00,1,8972,99
2026-09-22T08:56:29.566518+00:00,2,9572,99
2026-09-22T08:56:29.566518+00:00,3,9592,98
2026-09-22T08:56:34.636593+00:00,0,9636,99
2026-09-22T08:56:34.636593+00:00,1,8976,99
2026-09-22T08:56:34.636593+00:00,2,9576,99
2026-09-22T08:56:34.636593+00:00,3,9596,98
2026-09-22T08:56:39.705985+00:00,0,9642,99
2026-09-22T08:56:39.705985+00:00,1,8982,97
2026-09-22T08:56:39.705985+00:00,2,9582,99
2026-09-22T08:56:39.705985+00:00,3,9602,99
2026-09-22T08:56:44.773720+00:00,0,9646,99
2026-09-22T08:56:44.773720+00:00,1,8986,99
2026-09-22T08:56:44.773720+00:00,2,9586,99
2026-09-22T08:56:44.773720+00:00,3,9606,99
2026-09-22T08:56:49.843955+00:00,0,9650,98
2026-09-22T08:56:49.843955+00:00,1,8992,97
2026-09-22T08:56:49.843955+00:00,2,9590,99
2026-09-22T08:56:49.843955+00:00,3,9610,99
2026-09-22T08:56:54.910857+00:00,0,19076,92
2026-09-22T08:56:54.910857+00:00,1,19296,89
2026-09-22T08:56:54.910857+00:00,2,18376,99
2026-09-22T08:56:54.910857+00:00,3,19016,90
2026-09-22T08:56:59.990714+00:00,0,19360,96
2026-09-22T08:56:59.990714+00:00,1,19480,97
2026-09-22T08:56:59.990714+00:00,2,19158,99
2026-09-22T08:56:59.990714+00:00,3,19220,99
2026-09-22T08:57:05.053549+00:00,0,20502,99
2026-09-22T08:57:05.053549+00:00,1,20884,97
2026-09-22T08:57:05.053549+00:00,2,20422,99
2026-09-22T08:57:05.053549+00:00,3,20642,99
2026-09-22T08:57:10.116497+00:00,0,20504,99
2026-09-22T08:57:10.116497+00:00,1,20886,97
2026-09-22T08:57:10.116497+00:00,2,20884,97
2026-09-22T08:57:10.116497+00:00,3,20906,99
2026-09-22T08:57:15.191104+00:00,0,20506,91
2026-09-22T08:57:15.191104+00:00,1,20886,100
2026-09-22T08:57:15.191104+00:00,2,20886,99
2026-09-22T08:57:15.191104+00:00,3,20908,93
2026-09-22T08:57:20.251484+00:00,0,20514,92
2026-09-22T08:57:20.251484+00:00,1,20894,95
2026-09-22T08:57:20.251484+00:00,2,20894,98
2026-09-22T08:57:20.251484+00:00,3,20914,95
2026-09-22T08:57:25.312360+00:00,0,20514,89
2026-09-22T08:57:25.312360+00:00,1,20894,97
2026-09-22T08:57:25.312360+00:00,2,20894,95
2026-09-22T08:57:25.312360+00:00,3,20914,99
2026-09-22T08:57:30.382305+00:00,0,24914,99
2026-09-22T08:57:30.382305+00:00,1,24854,99
2026-09-22T08:57:30.382305+00:00,2,24794,99
2026-09-22T08:57:30.382305+00:00,3,24994,99
2026-09-22T08:57:35.456972+00:00,0,25394,98
2026-09-22T08:57:35.456972+00:00,1,25334,99
2026-09-22T08:57:35.456972+00:00,2,25194,98
2026-09-22T08:57:35.456972+00:00,3,25394,98
2026-09-22T08:57:40.529703+00:00,0,25794,99
2026-09-22T08:57:40.529703+00:00,1,25714,99
2026-09-22T08:57:40.529703+00:00,2,25654,99
2026-09-22T08:57:40.529703+00:00,3,25794,99
2026-09-22T08:57:45.603408+00:00,0,25794,98
2026-09-22T08:57:45.603408+00:00,1,25734,98
2026-09-22T08:57:45.603408+00:00,2,25694,98
2026-09-22T08:57:45.603408+00:00,3,25794,98
2026-09-22T08:57:50.674115+00:00,0,25794,99
2026-09-22T08:57:50.674115+00:00,1,25734,99
2026-09-22T08:57:50.674115+00:00,2,25754,99
2026-09-22T08:57:50.674115+00:00,3,25794,99
2026-09-22T08:57:55.751416+00:00,0,25794,99
2026-09-22T08:57:55.751416+00:00,1,25734,99
2026-09-22T08:57:55.751416+00:00,2,25754,99
2026-09-22T08:57:55.751416+00:00,3,25794,99
2026-09-22T08:58:00.827217+00:00,0,25794,99
2026-09-22T08:58:00.827217+00:00,1,25734,90
2026-09-22T08:58:00.827217+00:00,2,25754,94
2026-09-22T08:58:00.827217+00:00,3,25794,86
2026-09-22T08:58:05.897746+00:00,0,25794,87
2026-09-22T08:58:05.897746+00:00,1,25734,94
2026-09-22T08:58:05.897746+00:00,2,25754,86
2026-09-22T08:58:05.897746+00:00,3,25794,96
2026-09-22T08:58:10.972062+00:00,0,25794,96
2026-09-22T08:58:10.972062+00:00,1,25734,96
2026-09-22T08:58:10.972062+00:00,2,25754,96
2026-09-22T08:58:10.972062+00:00,3,25794,94
2026-09-22T08:58:16.047457+00:00,0,25794,91
2026-09-22T08:58:16.047457+00:00,1,25734,92
2026-09-22T08:58:16.047457+00:00,2,25754,93
2026-09-22T08:58:16.047457+00:00,3,25794,93
2026-09-22T08:58:21.121458+00:00,0,25794,95
2026-09-22T08:58:21.121458+00:00,1,25734,96
2026-09-22T08:58:21.121458+00:00,2,25754,97
2026-09-22T08:58:21.121458+00:00,3,25794,94
2026-09-22T08:58:26.194903+00:00,0,25794,99
2026-09-22T08:58:26.194903+00:00,1,25734,99
2026-09-22T08:58:26.194903+00:00,2,25754,99
2026-09-22T08:58:26.194903+00:00,3,25794,99
2026-09-22T08:58:31.270181+00:00,0,25814,99
2026-09-22T08:58:31.270181+00:00,1,25734,99
2026-09-22T08:58:31.270181+00:00,2,25754,99
2026-09-22T08:58:31.270181+00:00,3,25794,99
2026-09-22T08:58:36.343822+00:00,0,25814,98
2026-09-22T08:58:36.343822+00:00,1,25734,98
2026-09-22T08:58:36.343822+00:00,2,25754,98
2026-09-22T08:58:36.343822+00:00,3,25794,98
2026-09-22T08:58:41.416211+00:00,0,25814,99
2026-09-22T08:58:41.416211+00:00,1,25734,99
2026-09-22T08:58:41.416211+00:00,2,25754,99
2026-09-22T08:58:41.416211+00:00,3,25814,99
2026-09-22T08:58:46.492453+00:00,0,25814,98
2026-09-22T08:58:46.492453+00:00,1,25734,98
2026-09-22T08:58:46.492453+00:00,2,25754,98
2026-09-22T08:58:46.492453+00:00,3,25814,99
2026-09-22T08:58:51.565030+00:00,0,25814,99
2026-09-22T08:58:51.565030+00:00,1,25734,100
2026-09-22T08:58:51.565030+00:00,2,25754,99
2026-09-22T08:58:51.565030+00:00,3,25814,99
2026-09-22T08:58:56.633820+00:00,0,25814,95
2026-09-22T08:58:56.633820+00:00,1,25734,97
2026-09-22T08:58:56.633820+00:00,2,25754,100
2026-09-22T08:58:56.633820+00:00,3,25814,99
2026-09-22T08:59:01.701770+00:00,0,25814,91
2026-09-22T08:59:01.701770+00:00,1,25734,99
2026-09-22T08:59:01.701770+00:00,2,25754,100
2026-09-22T08:59:01.701770+00:00,3,25814,95
2026-09-22T08:59:06.792514+00:00,0,25814,99
2026-09-22T08:59:06.792514+00:00,1,25734,93
2026-09-22T08:59:06.792514+00:00,2,25754,95
2026-09-22T08:59:06.792514+00:00,3,25814,94
2026-09-22T08:59:11.874341+00:00,0,25814,97
2026-09-22T08:59:11.874341+00:00,1,25734,94
2026-09-22T08:59:11.874341+00:00,2,25754,99
2026-09-22T08:59:11.874341+00:00,3,25814,99
2026-09-22T08:59:16.945769+00:00,0,25814,98
2026-09-22T08:59:16.945769+00:00,1,25734,99
2026-09-22T08:59:16.945769+00:00,2,25754,99
2026-09-22T08:59:16.945769+00:00,3,25814,97
2026-09-22T08:59:22.021194+00:00,0,25814,96
2026-09-22T08:59:22.021194+00:00,1,25734,97
2026-09-22T08:59:22.021194+00:00,2,25754,99
2026-09-22T08:59:22.021194+00:00,3,25814,99
2026-09-22T08:59:27.095191+00:00,0,25814,96
2026-09-22T08:59:27.095191+00:00,1,25734,99
2026-09-22T08:59:27.095191+00:00,2,25754,99
2026-09-22T08:59:27.095191+00:00,3,25814,99
2026-09-22T08:59:32.171320+00:00,0,25814,97
2026-09-22T08:59:32.171320+00:00,1,25734,97
2026-09-22T08:59:32.171320+00:00,2,25754,99
2026-09-22T08:59:32.171320+00:00,3,25814,69
2026-09-22T08:59:37.242729+00:00,0,10096,6
2026-09-22T08:59:37.242729+00:00,1,10096,7
2026-09-22T08:59:37.242729+00:00,2,10076,5
2026-09-22T08:59:37.242729+00:00,3,10096,5
2026-09-22T08:59:42.303007+00:00,0,10956,6
2026-09-22T08:59:42.303007+00:00,1,11282,8
2026-09-22T08:59:42.303007+00:00,2,10934,8
2026-09-22T08:59:42.303007+00:00,3,10832,8
2026-09-22T08:59:47.364962+00:00,0,11426,16
2026-09-22T08:59:47.364962+00:00,1,11406,18
2026-09-22T08:59:47.364962+00:00,2,11406,19
2026-09-22T08:59:47.364962+00:00,3,11426,31
2026-09-22T08:59:52.422952+00:00,0,5208,3
2026-09-22T08:59:52.422952+00:00,1,5208,0
2026-09-22T08:59:52.422952+00:00,2,5188,0
2026-09-22T08:59:52.422952+00:00,3,32088,0
2026-09-22T08:59:57.480970+00:00,0,32830,61
2026-09-22T08:59:57.480970+00:00,1,32868,65
2026-09-22T08:59:57.480970+00:00,2,32790,70
2026-09-22T08:59:57.480970+00:00,3,32860,62
2026-09-22T09:00:02.546534+00:00,0,32830,67
2026-09-22T09:00:02.546534+00:00,1,32868,66
2026-09-22T09:00:02.546534+00:00,2,32790,62
2026-09-22T09:00:02.546534+00:00,3,32860,68
2026-09-22T09:00:07.611064+00:00,0,32830,70
2026-09-22T09:00:07.611064+00:00,1,32868,68
2026-09-22T09:00:07.611064+00:00,2,32790,68
2026-09-22T09:00:07.611064+00:00,3,32860,72
2026-09-22T09:00:12.679525+00:00,0,32830,76
2026-09-22T09:00:12.679525+00:00,1,32868,74
2026-09-22T09:00:12.679525+00:00,2,32790,67
2026-09-22T09:00:12.679525+00:00,3,32860,72
2026-09-22T09:00:17.754088+00:00,0,32830,73
2026-09-22T09:00:17.754088+00:00,1,32868,77
2026-09-22T09:00:17.754088+00:00,2,32790,78
2026-09-22T09:00:17.754088+00:00,3,32860,73
2026-09-22T09:00:22.819510+00:00,0,32830,75
2026-09-22T09:00:22.819510+00:00,1,32868,77
2026-09-22T09:00:22.819510+00:00,2,32790,73
2026-09-22T09:00:22.819510+00:00,3,32860,69
2026-09-22T09:00:27.882048+00:00,0,32830,72
2026-09-22T09:00:27.882048+00:00,1,32868,71
2026-09-22T09:00:27.882048+00:00,2,32790,72
2026-09-22T09:00:27.882048+00:00,3,32860,76
2026-09-22T09:00:32.944476+00:00,0,32830,72
2026-09-22T09:00:32.944476+00:00,1,32868,73
2026-09-22T09:00:32.944476+00:00,2,32790,72
2026-09-22T09:00:32.944476+00:00,3,32860,69
2026-09-22T09:00:38.026886+00:00,0,32830,76
2026-09-22T09:00:38.026886+00:00,1,32868,73
2026-09-22T09:00:38.026886+00:00,2,32790,77
2026-09-22T09:00:38.026886+00:00,3,32860,75
2026-09-22T09:00:43.093479+00:00,0,32830,81
2026-09-22T09:00:43.093479+00:00,1,32868,76
2026-09-22T09:00:43.093479+00:00,2,32790,74
2026-09-22T09:00:43.093479+00:00,3,32860,79
2026-09-22T09:00:48.167025+00:00,0,32830,74
2026-09-22T09:00:48.167025+00:00,1,32868,83
2026-09-22T09:00:48.167025+00:00,2,32790,76
2026-09-22T09:00:48.167025+00:00,3,32860,73
2026-09-22T09:00:53.240077+00:00,0,32830,77
2026-09-22T09:00:53.240077+00:00,1,32868,75
2026-09-22T09:00:53.240077+00:00,2,32790,67
2026-09-22T09:00:53.240077+00:00,3,32860,72
2026-09-22T09:00:58.330089+00:00,0,32830,74
2026-09-22T09:00:58.330089+00:00,1,32868,81
2026-09-22T09:00:58.330089+00:00,2,32790,78
2026-09-22T09:00:58.330089+00:00,3,32860,79
2026-09-22T09:01:03.419022+00:00,0,32830,81
2026-09-22T09:01:03.419022+00:00,1,32868,79
2026-09-22T09:01:03.419022+00:00,2,32790,76
2026-09-22T09:01:03.419022+00:00,3,32860,86
2026-09-22T09:01:08.489212+00:00,0,32830,75
2026-09-22T09:01:08.489212+00:00,1,32868,81
2026-09-22T09:01:08.489212+00:00,2,32790,82
2026-09-22T09:01:08.489212+00:00,3,32860,80
2026-09-22T09:01:13.555199+00:00,0,32830,76
2026-09-22T09:01:13.555199+00:00,1,32868,76
2026-09-22T09:01:13.555199+00:00,2,32790,76
2026-09-22T09:01:13.555199+00:00,3,32860,81
2026-09-22T09:01:18.642037+00:00,0,32830,83
2026-09-22T09:01:18.642037+00:00,1,32868,84
2026-09-22T09:01:18.642037+00:00,2,32790,85
2026-09-22T09:01:18.642037+00:00,3,32860,85
2026-09-22T09:01:23.712201+00:00,0,32830,82
2026-09-22T09:01:23.712201+00:00,1,32868,80
2026-09-22T09:01:23.712201+00:00,2,32790,86
2026-09-22T09:01:23.712201+00:00,3,32860,79
2026-09-22T09:01:28.793017+00:00,0,32830,84
2026-09-22T09:01:28.793017+00:00,1,32868,84
2026-09-22T09:01:28.793017+00:00,2,32790,78
2026-09-22T09:01:28.793017+00:00,3,32860,85
2026-09-22T09:01:33.868771+00:00,0,32830,80
2026-09-22T09:01:33.868771+00:00,1,32868,83
2026-09-22T09:01:33.868771+00:00,2,32790,81
2026-09-22T09:01:33.868771+00:00,3,32860,80
2026-09-22T09:01:38.940925+00:00,0,32830,84
2026-09-22T09:01:38.940925+00:00,1,32868,89
2026-09-22T09:01:38.940925+00:00,2,32790,84
2026-09-22T09:01:38.940925+00:00,3,32860,83
2026-09-22T09:01:44.012871+00:00,0,32830,84
2026-09-22T09:01:44.012871+00:00,1,32868,81
2026-09-22T09:01:44.012871+00:00,2,32790,83
2026-09-22T09:01:44.012871+00:00,3,32860,85
2026-09-22T09:01:49.084787+00:00,0,32830,84
2026-09-22T09:01:49.084787+00:00,1,32868,80
2026-09-22T09:01:49.084787+00:00,2,32790,81
2026-09-22T09:01:49.084787+00:00,3,32860,81
2026-09-22T09:01:54.156323+00:00,0,32830,78
2026-09-22T09:01:54.156323+00:00,1,32868,81
2026-09-22T09:01:54.156323+00:00,2,32790,80
2026-09-22T09:01:54.156323+00:00,3,32860,81
2026-09-22T09:01:59.245664+00:00,0,32830,78
2026-09-22T09:01:59.245664+00:00,1,32868,82
2026-09-22T09:01:59.245664+00:00,2,32790,79
2026-09-22T09:01:59.245664+00:00,3,32860,81
2026-09-22T09:02:04.327561+00:00,0,32830,76
2026-09-22T09:02:04.327561+00:00,1,32868,80
2026-09-22T09:02:04.327561+00:00,2,32790,79
2026-09-22T09:02:04.327561+00:00,3,32860,81
2026-09-22T09:02:09.414279+00:00,0,32830,80
2026-09-22T09:02:09.414279+00:00,1,32868,82
2026-09-22T09:02:09.414279+00:00,2,32790,80
2026-09-22T09:02:09.414279+00:00,3,32860,87
2026-09-22T09:02:14.493802+00:00,0,32830,81
2026-09-22T09:02:14.493802+00:00,1,32868,84
2026-09-22T09:02:14.493802+00:00,2,32790,85
2026-09-22T09:02:14.493802+00:00,3,32860,82
2026-09-22T09:02:19.559668+00:00,0,32830,85
2026-09-22T09:02:19.559668+00:00,1,32868,83
2026-09-22T09:02:19.559668+00:00,2,32790,83
2026-09-22T09:02:19.559668+00:00,3,32860,85
2026-09-22T09:02:24.633910+00:00,0,32830,85
2026-09-22T09:02:24.633910+00:00,1,32868,84
2026-09-22T09:02:24.633910+00:00,2,32790,86
2026-09-22T09:02:24.633910+00:00,3,32860,93
2026-09-22T09:02:29.707164+00:00,0,32830,86
2026-09-22T09:02:29.707164+00:00,1,32868,85
2026-09-22T09:02:29.707164+00:00,2,32790,85
2026-09-22T09:02:29.707164+00:00,3,32860,87
2026-09-22T09:02:34.780708+00:00,0,32830,84
2026-09-22T09:02:34.780708+00:00,1,32868,86
2026-09-22T09:02:34.780708+00:00,2,32790,83
2026-09-22T09:02:34.780708+00:00,3,32860,85
2026-09-22T09:02:39.852832+00:00,0,32830,86
2026-09-22T09:02:39.852832+00:00,1,32868,88
2026-09-22T09:02:39.852832+00:00,2,32790,86
2026-09-22T09:02:39.852832+00:00,3,32860,85
2026-09-22T09:02:44.925445+00:00,0,32830,82
2026-09-22T09:02:44.925445+00:00,1,32868,86
2026-09-22T09:02:44.925445+00:00,2,32790,87
2026-09-22T09:02:44.925445+00:00,3,32860,92
2026-09-22T09:02:49.997763+00:00,0,32830,88
2026-09-22T09:02:49.997763+00:00,1,32868,87
2026-09-22T09:02:49.997763+00:00,2,32790,83
2026-09-22T09:02:49.997763+00:00,3,32860,88
2026-09-22T09:02:55.069058+00:00,0,32830,82
2026-09-22T09:02:55.069058+00:00,1,32868,84
2026-09-22T09:02:55.069058+00:00,2,32790,87
2026-09-22T09:02:55.069058+00:00,3,32860,83
2026-09-22T09:03:00.141040+00:00,0,32830,86
2026-09-22T09:03:00.141040+00:00,1,32868,92
2026-09-22T09:03:00.141040+00:00,2,32790,86
2026-09-22T09:03:00.141040+00:00,3,32860,86
2026-09-22T09:03:05.213472+00:00,0,32830,91
2026-09-22T09:03:05.213472+00:00,1,32868,87
2026-09-22T09:03:05.213472+00:00,2,32790,87
2026-09-22T09:03:05.213472+00:00,3,32860,85
2026-09-22T09:03:10.283017+00:00,0,32830,93
2026-09-22T09:03:10.283017+00:00,1,32868,86
2026-09-22T09:03:10.283017+00:00,2,32790,91
2026-09-22T09:03:10.283017+00:00,3,32860,87
2026-09-22T09:03:15.348206+00:00,0,32830,90
2026-09-22T09:03:15.348206+00:00,1,32868,87
2026-09-22T09:03:15.348206+00:00,2,32790,84
2026-09-22T09:03:15.348206+00:00,3,32860,91
2026-09-22T09:03:20.415841+00:00,0,32830,89
2026-09-22T09:03:20.415841+00:00,1,32868,83
2026-09-22T09:03:20.415841+00:00,2,32790,85
2026-09-22T09:03:20.415841+00:00,3,32860,92
2026-09-22T09:03:25.488984+00:00,0,32830,83
2026-09-22T09:03:25.488984+00:00,1,32868,85
2026-09-22T09:03:25.488984+00:00,2,32790,86
2026-09-22T09:03:25.488984+00:00,3,32860,85
2026-09-22T09:03:30.565580+00:00,0,32830,86
2026-09-22T09:03:30.565580+00:00,1,32868,88
2026-09-22T09:03:30.565580+00:00,2,32790,87
2026-09-22T09:03:30.565580+00:00,3,32860,89
2026-09-22T09:03:35.632877+00:00,0,32830,85
2026-09-22T09:03:35.632877+00:00,1,32868,86
2026-09-22T09:03:35.632877+00:00,2,32790,84
2026-09-22T09:03:35.632877+00:00,3,32860,87
2026-09-22T09:03:40.700237+00:00,0,32830,89
2026-09-22T09:03:40.700237+00:00,1,32868,84
2026-09-22T09:03:40.700237+00:00,2,32790,89
2026-09-22T09:03:40.700237+00:00,3,32860,84
2026-09-22T09:03:45.778821+00:00,0,32830,90
2026-09-22T09:03:45.778821+00:00,1,32868,85
2026-09-22T09:03:45.778821+00:00,2,32790,85
2026-09-22T09:03:45.778821+00:00,3,32860,85
2026-09-22T09:03:50.852676+00:00,0,32830,85
2026-09-22T09:03:50.852676+00:00,1,32868,86
2026-09-22T09:03:50.852676+00:00,2,32790,85
2026-09-22T09:03:50.852676+00:00,3,32860,90
2026-09-22T09:03:55.925444+00:00,0,32830,83
2026-09-22T09:03:55.925444+00:00,1,32868,83
2026-09-22T09:03:55.925444+00:00,2,32790,85
2026-09-22T09:03:55.925444+00:00,3,32860,92
2026-09-22T09:04:00.998623+00:00,0,32830,88
2026-09-22T09:04:00.998623+00:00,1,32868,89
2026-09-22T09:04:00.998623+00:00,2,32790,85
2026-09-22T09:04:00.998623+00:00,3,32860,90
2026-09-22T09:04:06.075529+00:00,0,32830,86
2026-09-22T09:04:06.075529+00:00,1,32868,85
2026-09-22T09:04:06.075529+00:00,2,32790,88
2026-09-22T09:04:06.075529+00:00,3,32860,90
2026-09-22T09:04:11.152705+00:00,0,32830,83
2026-09-22T09:04:11.152705+00:00,1,32868,85
2026-09-22T09:04:11.152705+00:00,2,32790,86
2026-09-22T09:04:11.152705+00:00,3,32860,92
2026-09-22T09:04:16.222281+00:00,0,32830,91
2026-09-22T09:04:16.222281+00:00,1,32868,93
2026-09-22T09:04:16.222281+00:00,2,32790,85
2026-09-22T09:04:16.222281+00:00,3,32860,89
2026-09-22T09:04:21.297545+00:00,0,32830,85
2026-09-22T09:04:21.297545+00:00,1,32868,86
2026-09-22T09:04:21.297545+00:00,2,32790,0
2026-09-22T09:04:21.297545+00:00,3,32860,83
2026-09-22T09:04:26.376171+00:00,0,32830,0
2026-09-22T09:04:26.376171+00:00,1,32868,0
2026-09-22T09:04:26.376171+00:00,2,32790,0
2026-09-22T09:04:26.376171+00:00,3,32860,80
2026-09-22T09:04:31.457068+00:00,0,32830,0
2026-09-22T09:04:31.457068+00:00,1,32868,0
2026-09-22T09:04:31.457068+00:00,2,32790,0
2026-09-22T09:04:31.457068+00:00,3,32860,84
2026-09-22T09:04:36.534613+00:00,0,2318,24
2026-09-22T09:04:36.534613+00:00,1,2356,80
2026-09-22T09:04:36.534613+00:00,2,2278,79
2026-09-22T09:04:36.534613+00:00,3,2348,100
2026-09-22T09:04:41.607086+00:00,0,7806,95
2026-09-22T09:04:41.607086+00:00,1,7126,93
2026-09-22T09:04:41.607086+00:00,2,7806,94
2026-09-22T09:04:41.607086+00:00,3,7806,94
2026-09-22T09:04:46.675984+00:00,0,8250,99
2026-09-22T09:04:46.675984+00:00,1,7570,96
2026-09-22T09:04:46.675984+00:00,2,8250,98
2026-09-22T09:04:46.675984+00:00,3,8250,99
2026-09-22T09:04:51.742541+00:00,0,8776,99
2026-09-22T09:04:51.742541+00:00,1,8116,98
2026-09-22T09:04:51.742541+00:00,2,8736,99
2026-09-22T09:04:51.742541+00:00,3,8756,99
2026-09-22T09:04:56.808969+00:00,0,9240,99
2026-09-22T09:04:56.808969+00:00,1,8640,99
2026-09-22T09:04:56.808969+00:00,2,9240,98
2026-09-22T09:04:56.808969+00:00,3,9280,99
2026-09-22T09:05:01.876758+00:00,0,9644,99
2026-09-22T09:05:01.876758+00:00,1,9024,99
2026-09-22T09:05:01.876758+00:00,2,9624,98
2026-09-22T09:05:01.876758+00:00,3,9644,99
2026-09-22T09:05:06.942761+00:00,0,9990,100
2026-09-22T09:05:06.942761+00:00,1,9430,100
2026-09-22T09:05:06.942761+00:00,2,10010,98
2026-09-22T09:05:06.942761+00:00,3,10030,97
2026-09-22T09:05:12.028569+00:00,0,10052,99
2026-09-22T09:05:12.028569+00:00,1,9472,99
2026-09-22T09:05:12.028569+00:00,2,10032,99
2026-09-22T09:05:12.028569+00:00,3,10052,99
2026-09-22T09:05:17.111115+00:00,0,10058,99
2026-09-22T09:05:17.111115+00:00,1,9476,97
2026-09-22T09:05:17.111115+00:00,2,10036,99
2026-09-22T09:05:17.111115+00:00,3,10056,98
2026-09-22T09:05:22.177074+00:00,0,10062,93
2026-09-22T09:05:22.177074+00:00,1,9482,99
2026-09-22T09:05:22.177074+00:00,2,10042,99
2026-09-22T09:05:22.177074+00:00,3,10060,99
2026-09-22T09:05:27.246596+00:00,0,10066,99
2026-09-22T09:05:27.246596+00:00,1,9486,99
2026-09-22T09:05:27.246596+00:00,2,10046,95
2026-09-22T09:05:27.246596+00:00,3,10066,99
2026-09-22T09:05:32.311727+00:00,0,10070,99
2026-09-22T09:05:32.311727+00:00,1,9490,99
2026-09-22T09:05:32.311727+00:00,2,10050,99
2026-09-22T09:05:32.311727+00:00,3,10070,99
2026-09-22T09:05:37.378427+00:00,0,17952,97
2026-09-22T09:05:37.378427+00:00,1,18332,97
2026-09-22T09:05:37.378427+00:00,2,18532,97
2026-09-22T09:05:37.378427+00:00,3,18372,99
2026-09-22T09:05:42.444652+00:00,0,18638,99
2026-09-22T09:05:42.444652+00:00,1,18978,97
2026-09-22T09:05:42.444652+00:00,2,18958,97
2026-09-22T09:05:42.444652+00:00,3,18998,97
2026-09-22T09:05:47.517395+00:00,0,19780,99
2026-09-22T09:05:47.517395+00:00,1,19660,99
2026-09-22T09:05:47.517395+00:00,2,19700,96
2026-09-22T09:05:47.517395+00:00,3,19280,93
2026-09-22T09:05:52.586417+00:00,0,20682,95
2026-09-22T09:05:52.586417+00:00,1,20682,99
2026-09-22T09:05:52.586417+00:00,2,20682,94
2026-09-22T09:05:52.586417+00:00,3,20922,96
2026-09-22T09:05:57.648867+00:00,0,20686,95
2026-09-22T09:05:57.648867+00:00,1,20684,99
2026-09-22T09:05:57.648867+00:00,2,20684,95
2026-09-22T09:05:57.648867+00:00,3,20926,95
2026-09-22T09:06:02.709614+00:00,0,20688,98
2026-09-22T09:06:02.709614+00:00,1,20688,98
2026-09-22T09:06:02.709614+00:00,2,20688,97
2026-09-22T09:06:02.709614+00:00,3,20928,99
2026-09-22T09:06:07.780491+00:00,0,20694,99
2026-09-22T09:06:07.780491+00:00,1,20694,99
2026-09-22T09:06:07.780491+00:00,2,20694,93
2026-09-22T09:06:07.780491+00:00,3,20934,96
2026-09-22T09:06:12.850652+00:00,0,20694,89
2026-09-22T09:06:12.850652+00:00,1,20694,99
2026-09-22T09:06:12.850652+00:00,2,20694,92
2026-09-22T09:06:12.850652+00:00,3,20934,95
2026-09-22T09:06:17.920007+00:00,0,20694,98
2026-09-22T09:06:17.920007+00:00,1,20694,98
2026-09-22T09:06:17.920007+00:00,2,20694,98
2026-09-22T09:06:17.920007+00:00,3,20934,98
2026-09-22T09:06:22.990718+00:00,0,25814,99
2026-09-22T09:06:22.990718+00:00,1,25794,100
2026-09-22T09:06:22.990718+00:00,2,25694,99
2026-09-22T09:06:22.990718+00:00,3,25774,99
2026-09-22T09:06:28.062322+00:00,0,25814,99
2026-09-22T09:06:28.062322+00:00,1,25794,98
2026-09-22T09:06:28.062322+00:00,2,25754,98
2026-09-22T09:06:28.062322+00:00,3,25774,98
2026-09-22T09:06:33.139900+00:00,0,25894,100
2026-09-22T09:06:33.139900+00:00,1,25814,99
2026-09-22T09:06:33.139900+00:00,2,25754,99
2026-09-22T09:06:33.139900+00:00,3,25834,99
2026-09-22T09:06:38.213496+00:00,0,25894,99
2026-09-22T09:06:38.213496+00:00,1,25814,99
2026-09-22T09:06:38.213496+00:00,2,25754,99
2026-09-22T09:06:38.213496+00:00,3,25834,99
2026-09-22T09:06:43.290952+00:00,0,25894,98
2026-09-22T09:06:43.290952+00:00,1,25814,98
2026-09-22T09:06:43.290952+00:00,2,25794,98
2026-09-22T09:06:43.290952+00:00,3,25834,99
2026-09-22T09:06:48.365166+00:00,0,25894,99
2026-09-22T09:06:48.365166+00:00,1,25814,99
2026-09-22T09:06:48.365166+00:00,2,25794,99
2026-09-22T09:06:48.365166+00:00,3,25834,100
2026-09-22T09:06:53.438947+00:00,0,25894,90
2026-09-22T09:06:53.438947+00:00,1,25814,95
2026-09-22T09:06:53.438947+00:00,2,25794,93
2026-09-22T09:06:53.438947+00:00,3,25834,94
2026-09-22T09:06:58.509082+00:00,0,25894,83
2026-09-22T09:06:58.509082+00:00,1,25814,90
2026-09-22T09:06:58.509082+00:00,2,25794,99
2026-09-22T09:06:58.509082+00:00,3,25834,99
2026-09-22T09:07:03.578857+00:00,0,25894,92
2026-09-22T09:07:03.578857+00:00,1,25814,99
2026-09-22T09:07:03.578857+00:00,2,25794,92
2026-09-22T09:07:03.578857+00:00,3,25834,99
2026-09-22T09:07:08.653212+00:00,0,25894,99
2026-09-22T09:07:08.653212+00:00,1,25814,92
2026-09-22T09:07:08.653212+00:00,2,25794,92
2026-09-22T09:07:08.653212+00:00,3,25834,94
2026-09-22T09:07:13.715527+00:00,0,25894,99
2026-09-22T09:07:13.715527+00:00,1,25814,99
2026-09-22T09:07:13.715527+00:00,2,25794,99
2026-09-22T09:07:13.715527+00:00,3,25834,100
2026-09-22T09:07:18.791468+00:00,0,25894,0
2026-09-22T09:07:18.791468+00:00,1,25814,0
2026-09-22T09:07:18.791468+00:00,2,25794,0
2026-09-22T09:07:18.791468+00:00,3,25834,62
2026-09-22T09:07:23.854104+00:00,0,25894,99
2026-09-22T09:07:23.854104+00:00,1,25814,99
2026-09-22T09:07:23.854104+00:00,2,25814,99
2026-09-22T09:07:23.854104+00:00,3,25834,99
2026-09-22T09:07:28.926616+00:00,0,25894,99
2026-09-22T09:07:28.926616+00:00,1,25814,98
2026-09-22T09:07:28.926616+00:00,2,25854,98
2026-09-22T09:07:28.926616+00:00,3,25834,98
2026-09-22T09:07:34.003908+00:00,0,25894,99
2026-09-22T09:07:34.003908+00:00,1,25814,99
2026-09-22T09:07:34.003908+00:00,2,25854,98
2026-09-22T09:07:34.003908+00:00,3,25834,99
2026-09-22T09:07:39.076881+00:00,0,25894,99
2026-09-22T09:07:39.076881+00:00,1,25814,99
2026-09-22T09:07:39.076881+00:00,2,25854,99
2026-09-22T09:07:39.076881+00:00,3,25834,99
2026-09-22T09:07:44.151428+00:00,0,25894,89
2026-09-22T09:07:44.151428+00:00,1,25814,99
2026-09-22T09:07:44.151428+00:00,2,25854,92
2026-09-22T09:07:44.151428+00:00,3,25834,93
2026-09-22T09:07:49.220463+00:00,0,25894,97
2026-09-22T09:07:49.220463+00:00,1,25814,95
2026-09-22T09:07:49.220463+00:00,2,25854,86
2026-09-22T09:07:49.220463+00:00,3,25834,96
2026-09-22T09:07:54.279815+00:00,0,25894,100
2026-09-22T09:07:54.279815+00:00,1,25814,96
2026-09-22T09:07:54.279815+00:00,2,25854,93
2026-09-22T09:07:54.279815+00:00,3,25834,99
2026-09-22T09:07:59.354441+00:00,0,25894,99
2026-09-22T09:07:59.354441+00:00,1,25814,97
2026-09-22T09:07:59.354441+00:00,2,25854,97
2026-09-22T09:07:59.354441+00:00,3,25834,99
2026-09-22T09:08:04.424064+00:00,0,25894,96
2026-09-22T09:08:04.424064+00:00,1,25814,94
2026-09-22T09:08:04.424064+00:00,2,25854,96
2026-09-22T09:08:04.424064+00:00,3,25834,96
2026-09-22T09:08:09.497446+00:00,0,25894,99
2026-09-22T09:08:09.497446+00:00,1,25814,99
2026-09-22T09:08:09.497446+00:00,2,25854,96
2026-09-22T09:08:09.497446+00:00,3,25834,95
2026-09-22T09:08:14.560257+00:00,0,25894,0
2026-09-22T09:08:14.560257+00:00,1,25814,0
2026-09-22T09:08:14.560257+00:00,2,25854,0
2026-09-22T09:08:14.560257+00:00,3,25834,0
2026-09-22T09:08:19.621690+00:00,0,25894,94
2026-09-22T09:08:19.621690+00:00,1,25814,94
2026-09-22T09:08:19.621690+00:00,2,25854,95
2026-09-22T09:08:19.621690+00:00,3,25834,95
2026-09-22T09:08:24.700770+00:00,0,25894,87
2026-09-22T09:08:24.700770+00:00,1,25814,95
2026-09-22T09:08:24.700770+00:00,2,25854,100
2026-09-22T09:08:24.700770+00:00,3,25834,88
2026-09-22T09:08:29.772109+00:00,0,7034,84
2026-09-22T09:08:29.772109+00:00,1,7174,60
2026-09-22T09:08:29.772109+00:00,2,7194,69
2026-09-22T09:08:29.772109+00:00,3,7214,86
2026-09-22T09:08:34.833978+00:00,0,10444,6
2026-09-22T09:08:34.833978+00:00,1,10770,6
2026-09-22T09:08:34.833978+00:00,2,10668,9
2026-09-22T09:08:34.833978+00:00,3,10628,5
2026-09-22T09:08:39.893875+00:00,0,11426,29
2026-09-22T09:08:39.893875+00:00,1,11406,15
2026-09-22T09:08:39.893875+00:00,2,11406,36
2026-09-22T09:08:39.893875+00:00,3,11426,25
2026-09-22T09:08:44.953595+00:00,0,5208,10
2026-09-22T09:08:44.953595+00:00,1,5208,13
2026-09-22T09:08:44.953595+00:00,2,5188,13
2026-09-22T09:08:44.953595+00:00,3,5208,11
2026-09-22T09:08:50.012284+00:00,0,33026,60
2026-09-22T09:08:50.012284+00:00,1,32958,64
2026-09-22T09:08:50.012284+00:00,2,32914,74
2026-09-22T09:08:50.012284+00:00,3,32846,65
2026-09-22T09:08:55.075600+00:00,0,33026,69
2026-09-22T09:08:55.075600+00:00,1,32958,63
2026-09-22T09:08:55.075600+00:00,2,32914,68
2026-09-22T09:08:55.075600+00:00,3,32846,67
2026-09-22T09:09:00.144769+00:00,0,33026,67
2026-09-22T09:09:00.144769+00:00,1,32958,76
2026-09-22T09:09:00.144769+00:00,2,32914,71
2026-09-22T09:09:00.144769+00:00,3,32846,63
2026-09-22T09:09:05.213723+00:00,0,33026,69
2026-09-22T09:09:05.213723+00:00,1,32958,70
2026-09-22T09:09:05.213723+00:00,2,32914,66
2026-09-22T09:09:05.213723+00:00,3,32846,73
2026-09-22T09:09:10.278511+00:00,0,33026,76
2026-09-22T09:09:10.278511+00:00,1,32958,72
2026-09-22T09:09:10.278511+00:00,2,32914,71
2026-09-22T09:09:10.278511+00:00,3,32846,72
2026-09-22T09:09:15.346137+00:00,0,33026,71
2026-09-22T09:09:15.346137+00:00,1,32958,73
2026-09-22T09:09:15.346137+00:00,2,32914,72
2026-09-22T09:09:15.346137+00:00,3,32846,79
2026-09-22T09:09:20.420731+00:00,0,33026,72
2026-09-22T09:09:20.420731+00:00,1,32958,74
2026-09-22T09:09:20.420731+00:00,2,32914,71
2026-09-22T09:09:20.420731+00:00,3,32846,78
2026-09-22T09:09:25.489046+00:00,0,33026,77
2026-09-22T09:09:25.489046+00:00,1,32958,76
2026-09-22T09:09:25.489046+00:00,2,32914,72
2026-09-22T09:09:25.489046+00:00,3,32846,75
2026-09-22T09:09:30.561837+00:00,0,33026,81
2026-09-22T09:09:30.561837+00:00,1,32958,78
2026-09-22T09:09:30.561837+00:00,2,32914,76
2026-09-22T09:09:30.561837+00:00,3,32846,73
2026-09-22T09:09:35.631728+00:00,0,33026,72
2026-09-22T09:09:35.631728+00:00,1,32958,77
2026-09-22T09:09:35.631728+00:00,2,32914,78
2026-09-22T09:09:35.631728+00:00,3,32846,75
2026-09-22T09:09:40.700824+00:00,0,33026,75
2026-09-22T09:09:40.700824+00:00,1,32958,77
2026-09-22T09:09:40.700824+00:00,2,32914,79
2026-09-22T09:09:40.700824+00:00,3,32846,72
2026-09-22T09:09:45.771840+00:00,0,33026,77
2026-09-22T09:09:45.771840+00:00,1,32958,76
2026-09-22T09:09:45.771840+00:00,2,32914,74
2026-09-22T09:09:45.771840+00:00,3,32846,80
2026-09-22T09:09:50.846170+00:00,0,33026,75
2026-09-22T09:09:50.846170+00:00,1,32958,73
2026-09-22T09:09:50.846170+00:00,2,32914,80
2026-09-22T09:09:50.846170+00:00,3,32846,80
2026-09-22T09:09:55.917777+00:00,0,33026,83
2026-09-22T09:09:55.917777+00:00,1,32958,82
2026-09-22T09:09:55.917777+00:00,2,32914,73
2026-09-22T09:09:55.917777+00:00,3,32846,80
2026-09-22T09:10:00.988001+00:00,0,33026,83
2026-09-22T09:10:00.988001+00:00,1,32958,86
2026-09-22T09:10:00.988001+00:00,2,32914,76
2026-09-22T09:10:00.988001+00:00,3,32846,82
2026-09-22T09:10:06.057392+00:00,0,33026,80
2026-09-22T09:10:06.057392+00:00,1,32958,83
2026-09-22T09:10:06.057392+00:00,2,32914,80
2026-09-22T09:10:06.057392+00:00,3,32846,81
2026-09-22T09:10:11.123665+00:00,0,33026,82
2026-09-22T09:10:11.123665+00:00,1,32958,80
2026-09-22T09:10:11.123665+00:00,2,32914,80
2026-09-22T09:10:11.123665+00:00,3,32846,83
2026-09-22T09:10:16.191909+00:00,0,33026,84
2026-09-22T09:10:16.191909+00:00,1,32958,81
2026-09-22T09:10:16.191909+00:00,2,32914,81
2026-09-22T09:10:16.191909+00:00,3,32846,81
2026-09-22T09:10:21.261213+00:00,0,33026,79
2026-09-22T09:10:21.261213+00:00,1,32958,80
2026-09-22T09:10:21.261213+00:00,2,32914,80
2026-09-22T09:10:21.261213+00:00,3,32846,81
2026-09-22T09:10:26.335266+00:00,0,33026,82
2026-09-22T09:10:26.335266+00:00,1,32958,81
2026-09-22T09:10:26.335266+00:00,2,32914,90
2026-09-22T09:10:26.335266+00:00,3,32846,85
2026-09-22T09:10:31.399820+00:00,0,33026,80
2026-09-22T09:10:31.399820+00:00,1,32958,82
2026-09-22T09:10:31.399820+00:00,2,32914,81
2026-09-22T09:10:31.399820+00:00,3,32846,81
2026-09-22T09:10:36.470766+00:00,0,33026,84
2026-09-22T09:10:36.470766+00:00,1,32958,85
2026-09-22T09:10:36.470766+00:00,2,32914,83
2026-09-22T09:10:36.470766+00:00,3,32846,84
2026-09-22T09:10:41.543878+00:00,0,33026,81
2026-09-22T09:10:41.543878+00:00,1,32958,81
2026-09-22T09:10:41.543878+00:00,2,32914,86
2026-09-22T09:10:41.543878+00:00,3,32846,81
2026-09-22T09:10:46.616437+00:00,0,33026,79
2026-09-22T09:10:46.616437+00:00,1,32958,85
2026-09-22T09:10:46.616437+00:00,2,32914,85
2026-09-22T09:10:46.616437+00:00,3,32846,84
2026-09-22T09:10:51.683902+00:00,0,33026,84
2026-09-22T09:10:51.683902+00:00,1,32958,80
2026-09-22T09:10:51.683902+00:00,2,32914,88
2026-09-22T09:10:51.683902+00:00,3,32846,84
2026-09-22T09:10:56.753765+00:00,0,33026,87
2026-09-22T09:10:56.753765+00:00,1,32958,78
2026-09-22T09:10:56.753765+00:00,2,32914,80
2026-09-22T09:10:56.753765+00:00,3,32846,81
2026-09-22T09:11:01.829081+00:00,0,33026,87
2026-09-22T09:11:01.829081+00:00,1,32958,84
2026-09-22T09:11:01.829081+00:00,2,32914,85
2026-09-22T09:11:01.829081+00:00,3,32846,82
2026-09-22T09:11:06.902549+00:00,0,33026,87
2026-09-22T09:11:06.902549+00:00,1,32958,81
2026-09-22T09:11:06.902549+00:00,2,32914,90
2026-09-22T09:11:06.902549+00:00,3,32846,83
2026-09-22T09:11:11.967052+00:00,0,33026,82
2026-09-22T09:11:11.967052+00:00,1,32958,85
2026-09-22T09:11:11.967052+00:00,2,32914,86
2026-09-22T09:11:11.967052+00:00,3,32846,85
2026-09-22T09:11:17.042102+00:00,0,33026,86
2026-09-22T09:11:17.042102+00:00,1,32958,86
2026-09-22T09:11:17.042102+00:00,2,32914,84
2026-09-22T09:11:17.042102+00:00,3,32846,88
2026-09-22T09:11:22.110188+00:00,0,33026,82
2026-09-22T09:11:22.110188+00:00,1,32958,82
2026-09-22T09:11:22.110188+00:00,2,32914,93
2026-09-22T09:11:22.110188+00:00,3,32846,82
2026-09-22T09:11:27.176432+00:00,0,33026,87
2026-09-22T09:11:27.176432+00:00,1,32958,82
2026-09-22T09:11:27.176432+00:00,2,32914,87
2026-09-22T09:11:27.176432+00:00,3,32846,88
2026-09-22T09:11:32.247786+00:00,0,33026,88
2026-09-22T09:11:32.247786+00:00,1,32958,87
2026-09-22T09:11:32.247786+00:00,2,32914,90
2026-09-22T09:11:32.247786+00:00,3,32846,83
2026-09-22T09:11:37.324944+00:00,0,33026,87
2026-09-22T09:11:37.324944+00:00,1,32958,88
2026-09-22T09:11:37.324944+00:00,2,32914,92
2026-09-22T09:11:37.324944+00:00,3,32846,80
2026-09-22T09:11:42.421526+00:00,0,33026,82
2026-09-22T09:11:42.421526+00:00,1,32958,85
2026-09-22T09:11:42.421526+00:00,2,32914,85
2026-09-22T09:11:42.421526+00:00,3,32846,87
2026-09-22T09:11:47.505555+00:00,0,33026,86
2026-09-22T09:11:47.505555+00:00,1,32958,80
2026-09-22T09:11:47.505555+00:00,2,32914,83
2026-09-22T09:11:47.505555+00:00,3,32846,88
2026-09-22T09:11:52.578811+00:00,0,33026,88
2026-09-22T09:11:52.578811+00:00,1,32958,85
2026-09-22T09:11:52.578811+00:00,2,32914,85
2026-09-22T09:11:52.578811+00:00,3,32846,86
2026-09-22T09:11:57.651175+00:00,0,33026,88
2026-09-22T09:11:57.651175+00:00,1,32958,88
2026-09-22T09:11:57.651175+00:00,2,32914,85
2026-09-22T09:11:57.651175+00:00,3,32846,87
2026-09-22T09:12:02.725848+00:00,0,33026,86
2026-09-22T09:12:02.725848+00:00,1,32958,86
2026-09-22T09:12:02.725848+00:00,2,32914,86
2026-09-22T09:12:02.725848+00:00,3,32846,91
2026-09-22T09:12:07.788612+00:00,0,33026,86
2026-09-22T09:12:07.788612+00:00,1,32958,88
2026-09-22T09:12:07.788612+00:00,2,32914,91
2026-09-22T09:12:07.788612+00:00,3,32846,89
2026-09-22T09:12:12.857487+00:00,0,33026,90
2026-09-22T09:12:12.857487+00:00,1,32958,86
2026-09-22T09:12:12.857487+00:00,2,32914,91
2026-09-22T09:12:12.857487+00:00,3,32846,89
2026-09-22T09:12:17.932022+00:00,0,33026,90
2026-09-22T09:12:17.932022+00:00,1,32958,88
2026-09-22T09:12:17.932022+00:00,2,32914,91
2026-09-22T09:12:17.932022+00:00,3,32846,85
2026-09-22T09:12:22.999727+00:00,0,33026,87
2026-09-22T09:12:22.999727+00:00,1,32958,83
2026-09-22T09:12:22.999727+00:00,2,32914,85
2026-09-22T09:12:22.999727+00:00,3,32846,84
2026-09-22T09:12:28.066170+00:00,0,33026,85
2026-09-22T09:12:28.066170+00:00,1,32958,87
2026-09-22T09:12:28.066170+00:00,2,32914,87
2026-09-22T09:12:28.066170+00:00,3,32846,86
2026-09-22T09:12:33.145325+00:00,0,33026,85
2026-09-22T09:12:33.145325+00:00,1,32958,88
2026-09-22T09:12:33.145325+00:00,2,32914,89
2026-09-22T09:12:33.145325+00:00,3,32846,87
2026-09-22T09:12:38.220583+00:00,0,33026,87
2026-09-22T09:12:38.220583+00:00,1,32958,85
2026-09-22T09:12:38.220583+00:00,2,32914,87
2026-09-22T09:12:38.220583+00:00,3,32846,84
2026-09-22T09:12:43.291665+00:00,0,33026,90
2026-09-22T09:12:43.291665+00:00,1,32958,89
2026-09-22T09:12:43.291665+00:00,2,32914,94
2026-09-22T09:12:43.291665+00:00,3,32846,86
2026-09-22T09:12:48.359003+00:00,0,33026,86
2026-09-22T09:12:48.359003+00:00,1,32958,84
2026-09-22T09:12:48.359003+00:00,2,32914,86
2026-09-22T09:12:48.359003+00:00,3,32846,87
2026-09-22T09:12:53.420429+00:00,0,33026,92
2026-09-22T09:12:53.420429+00:00,1,32958,89
2026-09-22T09:12:53.420429+00:00,2,32914,89
2026-09-22T09:12:53.420429+00:00,3,32846,85
2026-09-22T09:12:58.497994+00:00,0,33026,89
2026-09-22T09:12:58.497994+00:00,1,32958,88
2026-09-22T09:12:58.497994+00:00,2,32914,90
2026-09-22T09:12:58.497994+00:00,3,32846,87
2026-09-22T09:13:03.574506+00:00,0,33026,82
2026-09-22T09:13:03.574506+00:00,1,32958,88
2026-09-22T09:13:03.574506+00:00,2,32914,87
2026-09-22T09:13:03.574506+00:00,3,32846,85
2026-09-22T09:13:08.649296+00:00,0,33026,85
2026-09-22T09:13:08.649296+00:00,1,32958,85
2026-09-22T09:13:08.649296+00:00,2,32914,87
2026-09-22T09:13:08.649296+00:00,3,32846,86
2026-09-22T09:13:13.723204+00:00,0,33026,90
2026-09-22T09:13:13.723204+00:00,1,32958,86
2026-09-22T09:13:13.723204+00:00,2,32914,87
2026-09-22T09:13:13.723204+00:00,3,32846,88
2026-09-22T09:13:18.792578+00:00,0,33026,86
2026-09-22T09:13:18.792578+00:00,1,32958,77
2026-09-22T09:13:18.792578+00:00,2,32914,83
2026-09-22T09:13:18.792578+00:00,3,32846,89
2026-09-22T09:13:23.862023+00:00,0,33026,82
2026-09-22T09:13:23.862023+00:00,1,32958,0
2026-09-22T09:13:23.862023+00:00,2,32914,0
2026-09-22T09:13:23.862023+00:00,3,32846,0
2026-09-22T09:13:28.924439+00:00,0,33026,85
2026-09-22T09:13:28.924439+00:00,1,32958,0
2026-09-22T09:13:28.924439+00:00,2,32914,0
2026-09-22T09:13:28.924439+00:00,3,32846,0
2026-09-22T09:13:33.986008+00:00,0,7786,99
2026-09-22T09:13:33.986008+00:00,1,7126,93
2026-09-22T09:13:33.986008+00:00,2,7786,97
2026-09-22T09:13:33.986008+00:00,3,7786,94
2026-09-22T09:13:39.052630+00:00,0,8570,99
2026-09-22T09:13:39.052630+00:00,1,7930,99
2026-09-22T09:13:39.052630+00:00,2,8590,99
2026-09-22T09:13:39.052630+00:00,3,8570,99
2026-09-22T09:13:44.118982+00:00,0,8956,99
2026-09-22T09:13:44.118982+00:00,1,8376,99
2026-09-22T09:13:44.118982+00:00,2,9016,99
2026-09-22T09:13:44.118982+00:00,3,8996,99
2026-09-22T09:13:49.185291+00:00,0,9300,99
2026-09-22T09:13:49.185291+00:00,1,8660,99
2026-09-22T09:13:49.185291+00:00,2,9280,99
2026-09-22T09:13:49.185291+00:00,3,9260,99
2026-09-22T09:13:54.254355+00:00,0,9624,99
2026-09-22T09:13:54.254355+00:00,1,9004,99
2026-09-22T09:13:54.254355+00:00,2,9644,99
2026-09-22T09:13:54.254355+00:00,3,9604,99
2026-09-22T09:13:59.321167+00:00,0,9828,97
2026-09-22T09:13:59.321167+00:00,1,9228,99
2026-09-22T09:13:59.321167+00:00,2,9828,99
2026-09-22T09:13:59.321167+00:00,3,9808,98
2026-09-22T09:14:04.383880+00:00,0,9832,98
2026-09-22T09:14:04.383880+00:00,1,9252,99
2026-09-22T09:14:04.383880+00:00,2,9832,99
2026-09-22T09:14:04.383880+00:00,3,9832,99
2026-09-22T09:14:09.453915+00:00,0,9836,99
2026-09-22T09:14:09.453915+00:00,1,9256,99
2026-09-22T09:14:09.453915+00:00,2,9836,99
2026-09-22T09:14:09.453915+00:00,3,9836,98
2026-09-22T09:14:14.515901+00:00,0,9840,99
2026-09-22T09:14:14.515901+00:00,1,9262,99
2026-09-22T09:14:14.515901+00:00,2,9840,99
2026-09-22T09:14:14.515901+00:00,3,9842,99
2026-09-22T09:14:19.586447+00:00,0,9846,98
2026-09-22T09:14:19.586447+00:00,1,9266,99
2026-09-22T09:14:19.586447+00:00,2,9846,99
2026-09-22T09:14:19.586447+00:00,3,9846,99
2026-09-22T09:14:24.653004+00:00,0,9850,99
2026-09-22T09:14:24.653004+00:00,1,9270,98
2026-09-22T09:14:24.653004+00:00,2,9850,99
2026-09-22T09:14:24.653004+00:00,3,9850,99
2026-09-22T09:14:29.720157+00:00,0,5944,99
2026-09-22T09:14:29.720157+00:00,1,5984,99
2026-09-22T09:14:29.720157+00:00,2,5944,94
2026-09-22T09:14:29.720157+00:00,3,6144,99
2026-09-22T09:14:34.778581+00:00,0,19276,98
2026-09-22T09:14:34.778581+00:00,1,19296,94
2026-09-22T09:14:34.778581+00:00,2,19396,94
2026-09-22T09:14:34.778581+00:00,3,19356,99
2026-09-22T09:14:39.849486+00:00,0,19440,98
2026-09-22T09:14:39.849486+00:00,1,19420,97
2026-09-22T09:14:39.849486+00:00,2,19458,92
2026-09-22T09:14:39.849486+00:00,3,19580,98
2026-09-22T09:14:44.924187+00:00,0,22522,97
2026-09-22T09:14:44.924187+00:00,1,22622,98
2026-09-22T09:14:44.924187+00:00,2,22602,98
2026-09-22T09:14:44.924187+00:00,3,22402,99
2026-09-22T09:14:49.997171+00:00,0,22544,99
2026-09-22T09:14:49.997171+00:00,1,22644,89
2026-09-22T09:14:49.997171+00:00,2,22604,99
2026-09-22T09:14:49.997171+00:00,3,22404,100
2026-09-22T09:14:55.069719+00:00,0,22546,99
2026-09-22T09:14:55.069719+00:00,1,22646,99
2026-09-22T09:14:55.069719+00:00,2,22606,97
2026-09-22T09:14:55.069719+00:00,3,22406,99
2026-09-22T09:15:00.147478+00:00,0,22548,99
2026-09-22T09:15:00.147478+00:00,1,22648,98
2026-09-22T09:15:00.147478+00:00,2,22608,97
2026-09-22T09:15:00.147478+00:00,3,22408,99
2026-09-22T09:15:05.220657+00:00,0,22554,99
2026-09-22T09:15:05.220657+00:00,1,22654,93
2026-09-22T09:15:05.220657+00:00,2,22614,92
2026-09-22T09:15:05.220657+00:00,3,22414,99
2026-09-22T09:15:10.284978+00:00,0,22554,99
2026-09-22T09:15:10.284978+00:00,1,22654,93
2026-09-22T09:15:10.284978+00:00,2,22614,93
2026-09-22T09:15:10.284978+00:00,3,22414,100
2026-09-22T09:15:15.362261+00:00,0,22554,0
2026-09-22T09:15:15.362261+00:00,1,22654,0
2026-09-22T09:15:15.362261+00:00,2,22614,15
2026-09-22T09:15:15.362261+00:00,3,22414,64
2026-09-22T09:15:20.433630+00:00,0,25754,99
2026-09-22T09:15:20.433630+00:00,1,25794,99
2026-09-22T09:15:20.433630+00:00,2,25754,99
2026-09-22T09:15:20.433630+00:00,3,25754,100
2026-09-22T09:15:25.508710+00:00,0,25754,100
2026-09-22T09:15:25.508710+00:00,1,25794,100
2026-09-22T09:15:25.508710+00:00,2,25834,99
2026-09-22T09:15:25.508710+00:00,3,25814,88
2026-09-22T09:15:30.580360+00:00,0,25754,97
2026-09-22T09:15:30.580360+00:00,1,25794,98
2026-09-22T09:15:30.580360+00:00,2,25834,97
2026-09-22T09:15:30.580360+00:00,3,25814,99
2026-09-22T09:15:35.661349+00:00,0,25754,99
2026-09-22T09:15:35.661349+00:00,1,25794,99
2026-09-22T09:15:35.661349+00:00,2,25834,99
2026-09-22T09:15:35.661349+00:00,3,25814,99
2026-09-22T09:15:40.737300+00:00,0,25754,98
2026-09-22T09:15:40.737300+00:00,1,25794,99
2026-09-22T09:15:40.737300+00:00,2,25834,98
2026-09-22T09:15:40.737300+00:00,3,25814,98
2026-09-22T09:15:45.808571+00:00,0,25754,99
2026-09-22T09:15:45.808571+00:00,1,25794,99
2026-09-22T09:15:45.808571+00:00,2,25834,99
2026-09-22T09:15:45.808571+00:00,3,25814,100
2026-09-22T09:15:50.883002+00:00,0,25754,91
2026-09-22T09:15:50.883002+00:00,1,25794,100
2026-09-22T09:15:50.883002+00:00,2,25834,100
2026-09-22T09:15:50.883002+00:00,3,25814,95
2026-09-22T09:15:55.959449+00:00,0,25754,90
2026-09-22T09:15:55.959449+00:00,1,25794,99
2026-09-22T09:15:55.959449+00:00,2,25834,90
2026-09-22T09:15:55.959449+00:00,3,25814,99
2026-09-22T09:16:01.024595+00:00,0,25754,92
2026-09-22T09:16:01.024595+00:00,1,25794,96
2026-09-22T09:16:01.024595+00:00,2,25834,100
2026-09-22T09:16:01.024595+00:00,3,25814,96
2026-09-22T09:16:06.097354+00:00,0,25754,99
2026-09-22T09:16:06.097354+00:00,1,25794,99
2026-09-22T09:16:06.097354+00:00,2,25834,99
2026-09-22T09:16:06.097354+00:00,3,25814,91
2026-09-22T09:16:11.167895+00:00,0,25754,99
2026-09-22T09:16:11.167895+00:00,1,25794,99
2026-09-22T09:16:11.167895+00:00,2,25834,100
2026-09-22T09:16:11.167895+00:00,3,25814,99
2026-09-22T09:16:16.240709+00:00,0,25754,98
2026-09-22T09:16:16.240709+00:00,1,25794,99
2026-09-22T09:16:16.240709+00:00,2,25834,98
2026-09-22T09:16:16.240709+00:00,3,25814,98
2026-09-22T09:16:21.314876+00:00,0,25754,99
2026-09-22T09:16:21.314876+00:00,1,25794,99
2026-09-22T09:16:21.314876+00:00,2,25834,100
2026-09-22T09:16:21.314876+00:00,3,25814,99
2026-09-22T09:16:26.387839+00:00,0,25754,99
2026-09-22T09:16:26.387839+00:00,1,25794,99
2026-09-22T09:16:26.387839+00:00,2,25834,100
2026-09-22T09:16:26.387839+00:00,3,25814,99
2026-09-22T09:16:31.460820+00:00,0,25754,98
2026-09-22T09:16:31.460820+00:00,1,25794,99
2026-09-22T09:16:31.460820+00:00,2,25834,99
2026-09-22T09:16:31.460820+00:00,3,25814,99
2026-09-22T09:16:36.533627+00:00,0,25754,99
2026-09-22T09:16:36.533627+00:00,1,25794,99
2026-09-22T09:16:36.533627+00:00,2,25834,99
2026-09-22T09:16:36.533627+00:00,3,25814,100
2026-09-22T09:16:41.607882+00:00,0,25754,94
2026-09-22T09:16:41.607882+00:00,1,25794,97
2026-09-22T09:16:41.607882+00:00,2,25834,99
2026-09-22T09:16:41.607882+00:00,3,25814,100
2026-09-22T09:16:46.679080+00:00,0,25754,92
2026-09-22T09:16:46.679080+00:00,1,25794,85
2026-09-22T09:16:46.679080+00:00,2,25834,85
2026-09-22T09:16:46.679080+00:00,3,25814,92
2026-09-22T09:16:51.744612+00:00,0,25754,99
2026-09-22T09:16:51.744612+00:00,1,25794,72
2026-09-22T09:16:51.744612+00:00,2,25834,55
2026-09-22T09:16:51.744612+00:00,3,25814,99
2026-09-22T09:16:56.806598+00:00,0,25754,99
2026-09-22T09:16:56.806598+00:00,1,25794,94
2026-09-22T09:16:56.806598+00:00,2,25834,94
2026-09-22T09:16:56.806598+00:00,3,25814,94
2026-09-22T09:17:01.866752+00:00,0,25754,98
2026-09-22T09:17:01.866752+00:00,1,25794,99
2026-09-22T09:17:01.866752+00:00,2,25834,99
2026-09-22T09:17:01.866752+00:00,3,25814,97
2026-09-22T09:17:06.940501+00:00,0,25754,98
2026-09-22T09:17:06.940501+00:00,1,25794,99
2026-09-22T09:17:06.940501+00:00,2,25834,99
2026-09-22T09:17:06.940501+00:00,3,25814,99
2026-09-22T09:17:12.011051+00:00,0,25754,97
2026-09-22T09:17:12.011051+00:00,1,25794,99
2026-09-22T09:17:12.011051+00:00,2,25834,99
2026-09-22T09:17:12.011051+00:00,3,25814,97
2026-09-22T09:17:17.083177+00:00,0,25754,96
2026-09-22T09:17:17.083177+00:00,1,25794,99
2026-09-22T09:17:17.083177+00:00,2,25834,99
2026-09-22T09:17:17.083177+00:00,3,25814,99
2026-09-22T09:17:22.154060+00:00,0,25754,99
2026-09-22T09:17:22.154060+00:00,1,25794,99
2026-09-22T09:17:22.154060+00:00,2,25834,96
2026-09-22T09:17:22.154060+00:00,3,25814,97
2026-09-22T09:17:27.223568+00:00,0,9954,78
2026-09-22T09:17:27.223568+00:00,1,9954,80
2026-09-22T09:17:27.223568+00:00,2,10014,83
2026-09-22T09:17:27.223568+00:00,3,9914,50
2026-09-22T09:17:32.282532+00:00,0,10096,8
2026-09-22T09:17:32.282532+00:00,1,10096,15
2026-09-22T09:17:32.282532+00:00,2,10076,7
2026-09-22T09:17:32.282532+00:00,3,10096,48
2026-09-22T09:17:37.343441+00:00,0,10956,7
2026-09-22T09:17:37.343441+00:00,1,11406,100
2026-09-22T09:17:37.343441+00:00,2,11222,8
2026-09-22T09:17:37.343441+00:00,3,11426,79
2026-09-22T09:17:42.407719+00:00,0,11426,17
2026-09-22T09:17:42.407719+00:00,1,11406,15
2026-09-22T09:17:42.407719+00:00,2,11406,23
2026-09-22T09:17:42.407719+00:00,3,11426,32
2026-09-22T09:17:47.474365+00:00,0,32184,8
2026-09-22T09:17:47.474365+00:00,1,32182,0
2026-09-22T09:17:47.474365+00:00,2,32130,0
2026-09-22T09:17:47.474365+00:00,3,32184,0
2026-09-22T09:17:52.533764+00:00,0,32690,63
2026-09-22T09:17:52.533764+00:00,1,32684,65
2026-09-22T09:17:52.533764+00:00,2,32720,67
2026-09-22T09:17:52.533764+00:00,3,32858,66
2026-09-22T09:17:57.599494+00:00,0,32690,63
2026-09-22T09:17:57.599494+00:00,1,32684,65
2026-09-22T09:17:57.599494+00:00,2,32720,77
2026-09-22T09:17:57.599494+00:00,3,32858,70
2026-09-22T09:18:02.660275+00:00,0,32690,67
2026-09-22T09:18:02.660275+00:00,1,32684,66
2026-09-22T09:18:02.660275+00:00,2,32720,67
2026-09-22T09:18:02.660275+00:00,3,32858,69
2026-09-22T09:18:07.725167+00:00,0,32690,71
2026-09-22T09:18:07.725167+00:00,1,32684,68
2026-09-22T09:18:07.725167+00:00,2,32720,66
2026-09-22T09:18:07.725167+00:00,3,32858,71
2026-09-22T09:18:12.796931+00:00,0,32690,77
2026-09-22T09:18:12.796931+00:00,1,32684,71
2026-09-22T09:18:12.796931+00:00,2,32720,64
2026-09-22T09:18:12.796931+00:00,3,32858,71
2026-09-22T09:18:17.865461+00:00,0,32690,79
2026-09-22T09:18:17.865461+00:00,1,32684,82
2026-09-22T09:18:17.865461+00:00,2,32720,76
2026-09-22T09:18:17.865461+00:00,3,32858,74
2026-09-22T09:18:22.937431+00:00,0,32690,76
2026-09-22T09:18:22.937431+00:00,1,32684,76
2026-09-22T09:18:22.937431+00:00,2,32720,71
2026-09-22T09:18:22.937431+00:00,3,32858,74
2026-09-22T09:18:28.004055+00:00,0,32690,76
2026-09-22T09:18:28.004055+00:00,1,32684,71
2026-09-22T09:18:28.004055+00:00,2,32720,82
2026-09-22T09:18:28.004055+00:00,3,32858,72
2026-09-22T09:18:33.072395+00:00,0,32690,75
2026-09-22T09:18:33.072395+00:00,1,32684,74
2026-09-22T09:18:33.072395+00:00,2,32720,75
2026-09-22T09:18:33.072395+00:00,3,32858,74
2026-09-22T09:18:38.143029+00:00,0,32690,84
2026-09-22T09:18:38.143029+00:00,1,32684,80
2026-09-22T09:18:38.143029+00:00,2,32720,78
2026-09-22T09:18:38.143029+00:00,3,32858,80
2026-09-22T09:18:43.212114+00:00,0,32690,75
2026-09-22T09:18:43.212114+00:00,1,32684,76
2026-09-22T09:18:43.212114+00:00,2,32720,78
2026-09-22T09:18:43.212114+00:00,3,32858,73
2026-09-22T09:18:48.279733+00:00,0,32690,73
2026-09-22T09:18:48.279733+00:00,1,32684,74
2026-09-22T09:18:48.279733+00:00,2,32720,78
2026-09-22T09:18:48.279733+00:00,3,32858,72
2026-09-22T09:18:53.355145+00:00,0,32690,80
2026-09-22T09:18:53.355145+00:00,1,32684,78
2026-09-22T09:18:53.355145+00:00,2,32720,83
2026-09-22T09:18:53.355145+00:00,3,32858,80
2026-09-22T09:18:58.433028+00:00,0,32690,85
2026-09-22T09:18:58.433028+00:00,1,32684,80
2026-09-22T09:18:58.433028+00:00,2,32720,79
2026-09-22T09:18:58.433028+00:00,3,32858,84
2026-09-22T09:19:03.503839+00:00,0,32690,74
2026-09-22T09:19:03.503839+00:00,1,32684,77
2026-09-22T09:19:03.503839+00:00,2,32720,78
2026-09-22T09:19:03.503839+00:00,3,32858,77
2026-09-22T09:19:08.582529+00:00,0,32690,82
2026-09-22T09:19:08.582529+00:00,1,32684,80
2026-09-22T09:19:08.582529+00:00,2,32720,73
2026-09-22T09:19:08.582529+00:00,3,32858,85
2026-09-22T09:19:13.650924+00:00,0,32690,80
2026-09-22T09:19:13.650924+00:00,1,32684,81
2026-09-22T09:19:13.650924+00:00,2,32720,78
2026-09-22T09:19:13.650924+00:00,3,32858,83
2026-09-22T09:19:18.721568+00:00,0,32690,84
2026-09-22T09:19:18.721568+00:00,1,32684,79
2026-09-22T09:19:18.721568+00:00,2,32720,78
2026-09-22T09:19:18.721568+00:00,3,32858,82
2026-09-22T09:19:23.792710+00:00,0,32690,84
2026-09-22T09:19:23.792710+00:00,1,32684,87
2026-09-22T09:19:23.792710+00:00,2,32720,78
2026-09-22T09:19:23.792710+00:00,3,32858,79
2026-09-22T09:19:28.865516+00:00,0,32690,79
2026-09-22T09:19:28.865516+00:00,1,32684,84
2026-09-22T09:19:28.865516+00:00,2,32720,87
2026-09-22T09:19:28.865516+00:00,3,32858,83
2026-09-22T09:19:33.939396+00:00,0,32690,81
2026-09-22T09:19:33.939396+00:00,1,32684,84
2026-09-22T09:19:33.939396+00:00,2,32720,76
2026-09-22T09:19:33.939396+00:00,3,32858,82
2026-09-22T09:19:39.011663+00:00,0,32690,82
2026-09-22T09:19:39.011663+00:00,1,32684,83
2026-09-22T09:19:39.011663+00:00,2,32720,81
2026-09-22T09:19:39.011663+00:00,3,32858,80
2026-09-22T09:19:44.080932+00:00,0,32690,83
2026-09-22T09:19:44.080932+00:00,1,32684,86
2026-09-22T09:19:44.080932+00:00,2,32720,80
2026-09-22T09:19:44.080932+00:00,3,32858,83
2026-09-22T09:19:49.149710+00:00,0,32690,84
2026-09-22T09:19:49.149710+00:00,1,32684,85
2026-09-22T09:19:49.149710+00:00,2,32720,81
2026-09-22T09:19:49.149710+00:00,3,32858,84
2026-09-22T09:19:54.218847+00:00,0,32690,84
2026-09-22T09:19:54.218847+00:00,1,32684,81
2026-09-22T09:19:54.218847+00:00,2,32720,82
2026-09-22T09:19:54.218847+00:00,3,32858,82
2026-09-22T09:19:59.288401+00:00,0,32690,86
2026-09-22T09:19:59.288401+00:00,1,32684,87
2026-09-22T09:19:59.288401+00:00,2,32720,85
2026-09-22T09:19:59.288401+00:00,3,32858,88
2026-09-22T09:20:04.367629+00:00,0,32690,80
2026-09-22T09:20:04.367629+00:00,1,32684,84
2026-09-22T09:20:04.367629+00:00,2,32720,86
2026-09-22T09:20:04.367629+00:00,3,32858,83
2026-09-22T09:20:09.442850+00:00,0,32690,82
2026-09-22T09:20:09.442850+00:00,1,32684,79
2026-09-22T09:20:09.442850+00:00,2,32720,84
2026-09-22T09:20:09.442850+00:00,3,32858,78
2026-09-22T09:20:14.533060+00:00,0,32690,85
2026-09-22T09:20:14.533060+00:00,1,32684,91
2026-09-22T09:20:14.533060+00:00,2,32720,84
2026-09-22T09:20:14.533060+00:00,3,32858,82
2026-09-22T09:20:19.599284+00:00,0,32690,82
2026-09-22T09:20:19.599284+00:00,1,32684,83
2026-09-22T09:20:19.599284+00:00,2,32720,84
2026-09-22T09:20:19.599284+00:00,3,32858,79
2026-09-22T09:20:24.663110+00:00,0,32690,86
2026-09-22T09:20:24.663110+00:00,1,32684,85
2026-09-22T09:20:24.663110+00:00,2,32720,82
2026-09-22T09:20:24.663110+00:00,3,32858,84
2026-09-22T09:20:29.741025+00:00,0,32690,86
2026-09-22T09:20:29.741025+00:00,1,32684,82
2026-09-22T09:20:29.741025+00:00,2,32720,85
2026-09-22T09:20:29.741025+00:00,3,32858,83
2026-09-22T09:20:34.813010+00:00,0,32690,84
2026-09-22T09:20:34.813010+00:00,1,32684,85
2026-09-22T09:20:34.813010+00:00,2,32720,83
2026-09-22T09:20:34.813010+00:00,3,32858,83
2026-09-22T09:20:39.880717+00:00,0,32690,88
2026-09-22T09:20:39.880717+00:00,1,32684,85
2026-09-22T09:20:39.880717+00:00,2,32720,88
2026-09-22T09:20:39.880717+00:00,3,32858,87
2026-09-22T09:20:44.953480+00:00,0,32690,83
2026-09-22T09:20:44.953480+00:00,1,32684,92
2026-09-22T09:20:44.953480+00:00,2,32720,85
2026-09-22T09:20:44.953480+00:00,3,32858,83
2026-09-22T09:20:50.026177+00:00,0,32690,82
2026-09-22T09:20:50.026177+00:00,1,32684,87
2026-09-22T09:20:50.026177+00:00,2,32720,85
2026-09-22T09:20:50.026177+00:00,3,32858,87
2026-09-22T09:20:55.102460+00:00,0,32690,84
2026-09-22T09:20:55.102460+00:00,1,32684,84
2026-09-22T09:20:55.102460+00:00,2,32720,87
2026-09-22T09:20:55.102460+00:00,3,32858,84
2026-09-22T09:21:00.176385+00:00,0,32690,85
2026-09-22T09:21:00.176385+00:00,1,32684,89
2026-09-22T09:21:00.176385+00:00,2,32720,85
2026-09-22T09:21:00.176385+00:00,3,32858,84
2026-09-22T09:21:05.250379+00:00,0,32690,82
2026-09-22T09:21:05.250379+00:00,1,32684,86
2026-09-22T09:21:05.250379+00:00,2,32720,85
2026-09-22T09:21:05.250379+00:00,3,32858,83
2026-09-22T09:21:10.324569+00:00,0,32690,83
2026-09-22T09:21:10.324569+00:00,1,32684,84
2026-09-22T09:21:10.324569+00:00,2,32720,85
2026-09-22T09:21:10.324569+00:00,3,32858,84
2026-09-22T09:21:15.407344+00:00,0,32690,79
2026-09-22T09:21:15.407344+00:00,1,32684,85
2026-09-22T09:21:15.407344+00:00,2,32720,83
2026-09-22T09:21:15.407344+00:00,3,32858,83
2026-09-22T09:21:20.495835+00:00,0,32690,87
2026-09-22T09:21:20.495835+00:00,1,32684,85
2026-09-22T09:21:20.495835+00:00,2,32720,86
2026-09-22T09:21:20.495835+00:00,3,32858,89
2026-09-22T09:21:25.571976+00:00,0,32690,90
2026-09-22T09:21:25.571976+00:00,1,32684,90
2026-09-22T09:21:25.571976+00:00,2,32720,86
2026-09-22T09:21:25.571976+00:00,3,32858,86
2026-09-22T09:21:30.644347+00:00,0,32690,83
2026-09-22T09:21:30.644347+00:00,1,32684,92
2026-09-22T09:21:30.644347+00:00,2,32720,87
2026-09-22T09:21:30.644347+00:00,3,32858,88
2026-09-22T09:21:35.711634+00:00,0,32690,85
2026-09-22T09:21:35.711634+00:00,1,32684,89
2026-09-22T09:21:35.711634+00:00,2,32720,86
2026-09-22T09:21:35.711634+00:00,3,32858,87
2026-09-22T09:21:40.781621+00:00,0,32690,86
2026-09-22T09:21:40.781621+00:00,1,32684,88
2026-09-22T09:21:40.781621+00:00,2,32720,84
2026-09-22T09:21:40.781621+00:00,3,32858,86
2026-09-22T09:21:45.855863+00:00,0,32690,80
2026-09-22T09:21:45.855863+00:00,1,32684,86
2026-09-22T09:21:45.855863+00:00,2,32720,87
2026-09-22T09:21:45.855863+00:00,3,32858,83
2026-09-22T09:21:50.927397+00:00,0,32690,86
2026-09-22T09:21:50.927397+00:00,1,32684,87
2026-09-22T09:21:50.927397+00:00,2,32720,90
2026-09-22T09:21:50.927397+00:00,3,32858,89
2026-09-22T09:21:56.000440+00:00,0,32690,0
2026-09-22T09:21:56.000440+00:00,1,32684,87
2026-09-22T09:21:56.000440+00:00,2,32720,86
2026-09-22T09:21:56.000440+00:00,3,32858,84
2026-09-22T09:22:01.068662+00:00,0,2178,100
2026-09-22T09:22:01.068662+00:00,1,2172,100
2026-09-22T09:22:01.068662+00:00,2,2208,100
2026-09-22T09:22:01.068662+00:00,3,2346,100
2026-09-22T09:22:06.128199+00:00,0,8468,96
2026-09-22T09:22:06.128199+00:00,1,7788,97
2026-09-22T09:22:06.128199+00:00,2,8428,94
2026-09-22T09:22:06.128199+00:00,3,8428,99
2026-09-22T09:22:11.195656+00:00,0,8774,99
2026-09-22T09:22:11.195656+00:00,1,8094,99
2026-09-22T09:22:11.195656+00:00,2,8774,99
2026-09-22T09:22:11.195656+00:00,3,8754,99
2026-09-22T09:22:16.261943+00:00,0,9038,99
2026-09-22T09:22:16.261943+00:00,1,8358,99
2026-09-22T09:22:16.261943+00:00,2,9018,99
2026-09-22T09:22:16.261943+00:00,3,9038,99
2026-09-22T09:22:21.330447+00:00,0,9302,97
2026-09-22T09:22:21.330447+00:00,1,8704,99
2026-09-22T09:22:21.330447+00:00,2,9284,99
2026-09-22T09:22:21.330447+00:00,3,9304,99
2026-09-22T09:22:26.397485+00:00,0,9428,98
2026-09-22T09:22:26.397485+00:00,1,8788,99
2026-09-22T09:22:26.397485+00:00,2,9388,99
2026-09-22T09:22:26.397485+00:00,3,9388,99
2026-09-22T09:22:31.464328+00:00,0,9472,99
2026-09-22T09:22:31.464328+00:00,1,8832,99
2026-09-22T09:22:31.464328+00:00,2,9452,97
2026-09-22T09:22:31.464328+00:00,3,9452,99
2026-09-22T09:22:36.534211+00:00,0,9476,97
2026-09-22T09:22:36.534211+00:00,1,8836,99
2026-09-22T09:22:36.534211+00:00,2,9456,99
2026-09-22T09:22:36.534211+00:00,3,9456,99
2026-09-22T09:22:41.602677+00:00,0,9480,97
2026-09-22T09:22:41.602677+00:00,1,8840,99
2026-09-22T09:22:41.602677+00:00,2,9460,99
2026-09-22T09:22:41.602677+00:00,3,9460,99
2026-09-22T09:22:46.661926+00:00,0,9484,99
2026-09-22T09:22:46.661926+00:00,1,8844,99
2026-09-22T09:22:46.661926+00:00,2,9464,99
2026-09-22T09:22:46.661926+00:00,3,9464,99
2026-09-22T09:22:51.725588+00:00,0,9488,99
2026-09-22T09:22:51.725588+00:00,1,8848,99
2026-09-22T09:22:51.725588+00:00,2,9468,96
2026-09-22T09:22:51.725588+00:00,3,9468,99
2026-09-22T09:22:56.781998+00:00,0,19692,99
2026-09-22T09:22:56.781998+00:00,1,19632,97
2026-09-22T09:22:56.781998+00:00,2,19092,97
2026-09-22T09:22:56.781998+00:00,3,19072,97
2026-09-22T09:23:01.852851+00:00,0,20218,97
2026-09-22T09:23:01.852851+00:00,1,20138,97
2026-09-22T09:23:01.852851+00:00,2,20098,98
2026-09-22T09:23:01.852851+00:00,3,20138,97
2026-09-22T09:23:06.923160+00:00,0,20780,99
2026-09-22T09:23:06.923160+00:00,1,20600,99
2026-09-22T09:23:06.923160+00:00,2,20882,97
2026-09-22T09:23:06.923160+00:00,3,20500,96
2026-09-22T09:23:11.996498+00:00,0,20784,99
2026-09-22T09:23:11.996498+00:00,1,20924,100
2026-09-22T09:23:11.996498+00:00,2,20884,97
2026-09-22T09:23:11.996498+00:00,3,21264,97
2026-09-22T09:23:17.064397+00:00,0,20786,99
2026-09-22T09:23:17.064397+00:00,1,20926,99
2026-09-22T09:23:17.064397+00:00,2,20886,98
2026-09-22T09:23:17.064397+00:00,3,21266,97
2026-09-22T09:23:22.121837+00:00,0,20794,92
2026-09-22T09:23:22.121837+00:00,1,20934,92
2026-09-22T09:23:22.121837+00:00,2,20894,91
2026-09-22T09:23:22.121837+00:00,3,21274,93
2026-09-22T09:23:27.190105+00:00,0,20794,93
2026-09-22T09:23:27.190105+00:00,1,20934,100
2026-09-22T09:23:27.190105+00:00,2,20894,93
2026-09-22T09:23:27.190105+00:00,3,21274,100
2026-09-22T09:23:32.259740+00:00,0,20794,90
2026-09-22T09:23:32.259740+00:00,1,20934,99
2026-09-22T09:23:32.259740+00:00,2,20894,88
2026-09-22T09:23:32.259740+00:00,3,21274,89
2026-09-22T09:23:37.327194+00:00,0,25134,88
2026-09-22T09:23:37.327194+00:00,1,25234,87
2026-09-22T09:23:37.327194+00:00,2,25174,98
2026-09-22T09:23:37.327194+00:00,3,25314,87
2026-09-22T09:23:42.396850+00:00,0,25714,97
2026-09-22T09:23:42.396850+00:00,1,25694,99
2026-09-22T09:23:42.396850+00:00,2,25694,98
2026-09-22T09:23:42.396850+00:00,3,25714,97
2026-09-22T09:23:47.456914+00:00,0,25794,99
2026-09-22T09:23:47.456914+00:00,1,25754,99
2026-09-22T09:23:47.456914+00:00,2,25694,99
2026-09-22T09:23:47.456914+00:00,3,25834,99
2026-09-22T09:23:52.535102+00:00,0,25794,99
2026-09-22T09:23:52.535102+00:00,1,25754,98
2026-09-22T09:23:52.535102+00:00,2,25754,98
2026-09-22T09:23:52.535102+00:00,3,25834,98
2026-09-22T09:23:57.605399+00:00,0,25794,99
2026-09-22T09:23:57.605399+00:00,1,25754,99
2026-09-22T09:23:57.605399+00:00,2,25754,99
2026-09-22T09:23:57.605399+00:00,3,25834,99
2026-09-22T09:24:02.692767+00:00,0,25794,99
2026-09-22T09:24:02.692767+00:00,1,25754,99
2026-09-22T09:24:02.692767+00:00,2,25754,99
2026-09-22T09:24:02.692767+00:00,3,25834,100
2026-09-22T09:24:07.786595+00:00,0,25794,91
2026-09-22T09:24:07.786595+00:00,1,25754,95
2026-09-22T09:24:07.786595+00:00,2,25754,99
2026-09-22T09:24:07.786595+00:00,3,25834,96
2026-09-22T09:24:12.860234+00:00,0,25794,95
2026-09-22T09:24:12.860234+00:00,1,25754,93
2026-09-22T09:24:12.860234+00:00,2,25754,100
2026-09-22T09:24:12.860234+00:00,3,25834,95
2026-09-22T09:24:17.932095+00:00,0,25794,99
2026-09-22T09:24:17.932095+00:00,1,25754,92
2026-09-22T09:24:17.932095+00:00,2,25754,92
2026-09-22T09:24:17.932095+00:00,3,25834,98
2026-09-22T09:24:23.004497+00:00,0,25794,99
2026-09-22T09:24:23.004497+00:00,1,25754,100
2026-09-22T09:24:23.004497+00:00,2,25754,99
2026-09-22T09:24:23.004497+00:00,3,25834,91
2026-09-22T09:24:28.070487+00:00,0,25794,99
2026-09-22T09:24:28.070487+00:00,1,25754,98
2026-09-22T09:24:28.070487+00:00,2,25754,99
2026-09-22T09:24:28.070487+00:00,3,25834,98
2026-09-22T09:24:33.134777+00:00,0,25794,99
2026-09-22T09:24:33.134777+00:00,1,25754,99
2026-09-22T09:24:33.134777+00:00,2,25754,99
2026-09-22T09:24:33.134777+00:00,3,25834,99
2026-09-22T09:24:38.202571+00:00,0,25794,99
2026-09-22T09:24:38.202571+00:00,1,25754,100
2026-09-22T09:24:38.202571+00:00,2,25754,99
2026-09-22T09:24:38.202571+00:00,3,25834,100
2026-09-22T09:24:43.273445+00:00,0,25794,0
2026-09-22T09:24:43.273445+00:00,1,25754,0
2026-09-22T09:24:43.273445+00:00,2,25754,0
2026-09-22T09:24:43.273445+00:00,3,25834,0
2026-09-22T09:24:48.330064+00:00,0,25794,99
2026-09-22T09:24:48.330064+00:00,1,25774,99
2026-09-22T09:24:48.330064+00:00,2,25754,99
2026-09-22T09:24:48.330064+00:00,3,25834,99
2026-09-22T09:24:53.406630+00:00,0,25794,92
2026-09-22T09:24:53.406630+00:00,1,25774,87
2026-09-22T09:24:53.406630+00:00,2,25754,88
2026-09-22T09:24:53.406630+00:00,3,25834,100
2026-09-22T09:24:58.478160+00:00,0,25794,92
2026-09-22T09:24:58.478160+00:00,1,25774,95
2026-09-22T09:24:58.478160+00:00,2,25754,97
2026-09-22T09:24:58.478160+00:00,3,25834,99
2026-09-22T09:25:03.539108+00:00,0,25794,99
2026-09-22T09:25:03.539108+00:00,1,25774,99
2026-09-22T09:25:03.539108+00:00,2,25754,99
2026-09-22T09:25:03.539108+00:00,3,25834,91
2026-09-22T09:25:08.611145+00:00,0,25794,100
2026-09-22T09:25:08.611145+00:00,1,25774,90
2026-09-22T09:25:08.611145+00:00,2,25754,99
2026-09-22T09:25:08.611145+00:00,3,25834,100
2026-09-22T09:25:13.683525+00:00,0,25794,99
2026-09-22T09:25:13.683525+00:00,1,25774,98
2026-09-22T09:25:13.683525+00:00,2,25754,96
2026-09-22T09:25:13.683525+00:00,3,25834,97
2026-09-22T09:25:18.755310+00:00,0,25794,99
2026-09-22T09:25:18.755310+00:00,1,25774,97
2026-09-22T09:25:18.755310+00:00,2,25754,94
2026-09-22T09:25:18.755310+00:00,3,25834,98
2026-09-22T09:25:23.826220+00:00,0,25794,93
2026-09-22T09:25:23.826220+00:00,1,25774,93
2026-09-22T09:25:23.826220+00:00,2,25754,94
2026-09-22T09:25:23.826220+00:00,3,25834,94
2026-09-22T09:25:28.890738+00:00,0,25794,94
2026-09-22T09:25:28.890738+00:00,1,25774,93
2026-09-22T09:25:28.890738+00:00,2,25754,93
2026-09-22T09:25:28.890738+00:00,3,25834,92
2026-09-22T09:25:33.969730+00:00,0,25794,97
2026-09-22T09:25:33.969730+00:00,1,25774,98
2026-09-22T09:25:33.969730+00:00,2,25754,95
2026-09-22T09:25:33.969730+00:00,3,25834,99
2026-09-22T09:25:39.042181+00:00,0,2918,0
2026-09-22T09:25:39.042181+00:00,1,1596,0
2026-09-22T09:25:39.042181+00:00,2,1576,0
2026-09-22T09:25:39.042181+00:00,3,2876,0
2026-09-22T09:25:44.097491+00:00,0,10096,8
2026-09-22T09:25:44.097491+00:00,1,10096,8
2026-09-22T09:25:44.097491+00:00,2,10076,6
2026-09-22T09:25:44.097491+00:00,3,10096,7
2026-09-22T09:25:49.157080+00:00,0,11426,8
2026-09-22T09:25:49.157080+00:00,1,11406,56
2026-09-22T09:25:49.157080+00:00,2,11406,100
2026-09-22T09:25:49.157080+00:00,3,11426,100
2026-09-22T09:25:54.216731+00:00,0,15446,27
2026-09-22T09:25:54.216731+00:00,1,15708,28
2026-09-22T09:25:54.216731+00:00,2,16872,29
2026-09-22T09:25:54.216731+00:00,3,16872,29
2026-09-22T09:25:59.280785+00:00,0,32748,63
2026-09-22T09:25:59.280785+00:00,1,32744,62
2026-09-22T09:25:59.280785+00:00,2,32670,66
2026-09-22T09:25:59.280785+00:00,3,32746,64
2026-09-22T09:26:04.346382+00:00,0,32748,69
2026-09-22T09:26:04.346382+00:00,1,32744,69
2026-09-22T09:26:04.346382+00:00,2,32670,69
2026-09-22T09:26:04.346382+00:00,3,32746,66
2026-09-22T09:26:09.412729+00:00,0,32748,61
2026-09-22T09:26:09.412729+00:00,1,32744,64
2026-09-22T09:26:09.412729+00:00,2,32670,61
2026-09-22T09:26:09.412729+00:00,3,32746,65
2026-09-22T09:26:14.481377+00:00,0,32748,67
2026-09-22T09:26:14.481377+00:00,1,32744,63
2026-09-22T09:26:14.481377+00:00,2,32670,64
2026-09-22T09:26:14.481377+00:00,3,32746,67
2026-09-22T09:26:19.561045+00:00,0,32748,68
2026-09-22T09:26:19.561045+00:00,1,32744,64
2026-09-22T09:26:19.561045+00:00,2,32670,66
2026-09-22T09:26:19.561045+00:00,3,32746,69
2026-09-22T09:26:24.628804+00:00,0,32748,70
2026-09-22T09:26:24.628804+00:00,1,32744,67
2026-09-22T09:26:24.628804+00:00,2,32670,66
2026-09-22T09:26:24.628804+00:00,3,32746,72
2026-09-22T09:26:29.709497+00:00,0,32748,67
2026-09-22T09:26:29.709497+00:00,1,32744,73
2026-09-22T09:26:29.709497+00:00,2,32670,72
2026-09-22T09:26:29.709497+00:00,3,32746,70
2026-09-22T09:26:34.786291+00:00,0,32748,69
2026-09-22T09:26:34.786291+00:00,1,32744,74
2026-09-22T09:26:34.786291+00:00,2,32670,71
2026-09-22T09:26:34.786291+00:00,3,32746,70
2026-09-22T09:26:39.867549+00:00,0,32748,73
2026-09-22T09:26:39.867549+00:00,1,32744,68
2026-09-22T09:26:39.867549+00:00,2,32670,72
2026-09-22T09:26:39.867549+00:00,3,32746,74
2026-09-22T09:26:44.955473+00:00,0,32748,73
2026-09-22T09:26:44.955473+00:00,1,32744,74
2026-09-22T09:26:44.955473+00:00,2,32670,75
2026-09-22T09:26:44.955473+00:00,3,32746,73
2026-09-22T09:26:50.043205+00:00,0,32748,87
2026-09-22T09:26:50.043205+00:00,1,32744,76
2026-09-22T09:26:50.043205+00:00,2,32670,72
2026-09-22T09:26:50.043205+00:00,3,32746,77
2026-09-22T09:26:55.113759+00:00,0,32748,90
2026-09-22T09:26:55.113759+00:00,1,32744,80
2026-09-22T09:26:55.113759+00:00,2,32670,77
2026-09-22T09:26:55.113759+00:00,3,32746,71
2026-09-22T09:27:00.179270+00:00,0,32748,71
2026-09-22T09:27:00.179270+00:00,1,32744,78
2026-09-22T09:27:00.179270+00:00,2,32670,76
2026-09-22T09:27:00.179270+00:00,3,32746,84
2026-09-22T09:27:05.253408+00:00,0,32748,78
2026-09-22T09:27:05.253408+00:00,1,32744,82
2026-09-22T09:27:05.253408+00:00,2,32670,81
2026-09-22T09:27:05.253408+00:00,3,32746,83
2026-09-22T09:27:10.318534+00:00,0,32748,79
2026-09-22T09:27:10.318534+00:00,1,32744,81
2026-09-22T09:27:10.318534+00:00,2,32670,69
2026-09-22T09:27:10.318534+00:00,3,32746,80
2026-09-22T09:27:15.391026+00:00,0,32748,79
2026-09-22T09:27:15.391026+00:00,1,32744,81
2026-09-22T09:27:15.391026+00:00,2,32670,74
2026-09-22T09:27:15.391026+00:00,3,32746,76
2026-09-22T09:27:20.464201+00:00,0,32748,76
2026-09-22T09:27:20.464201+00:00,1,32744,82
2026-09-22T09:27:20.464201+00:00,2,32670,78
2026-09-22T09:27:20.464201+00:00,3,32746,76
2026-09-22T09:27:25.539051+00:00,0,32748,80
2026-09-22T09:27:25.539051+00:00,1,32744,79
2026-09-22T09:27:25.539051+00:00,2,32670,81
2026-09-22T09:27:25.539051+00:00,3,32746,81
2026-09-22T09:27:30.616183+00:00,0,32748,81
2026-09-22T09:27:30.616183+00:00,1,32744,78
2026-09-22T09:27:30.616183+00:00,2,32670,79
2026-09-22T09:27:30.616183+00:00,3,32746,76
2026-09-22T09:27:35.704944+00:00,0,32748,74
2026-09-22T09:27:35.704944+00:00,1,32744,80
2026-09-22T09:27:35.704944+00:00,2,32670,78
2026-09-22T09:27:35.704944+00:00,3,32746,76
2026-09-22T09:27:40.792544+00:00,0,32748,83
2026-09-22T09:27:40.792544+00:00,1,32744,85
2026-09-22T09:27:40.792544+00:00,2,32670,82
2026-09-22T09:27:40.792544+00:00,3,32746,82
2026-09-22T09:27:45.865736+00:00,0,32748,80
2026-09-22T09:27:45.865736+00:00,1,32744,81
2026-09-22T09:27:45.865736+00:00,2,32670,80
2026-09-22T09:27:45.865736+00:00,3,32746,83
2026-09-22T09:27:50.939777+00:00,0,32748,85
2026-09-22T09:27:50.939777+00:00,1,32744,85
2026-09-22T09:27:50.939777+00:00,2,32670,77
2026-09-22T09:27:50.939777+00:00,3,32746,80
2026-09-22T09:27:56.014608+00:00,0,32748,85
2026-09-22T09:27:56.014608+00:00,1,32744,81
2026-09-22T09:27:56.014608+00:00,2,32670,85
2026-09-22T09:27:56.014608+00:00,3,32746,86
2026-09-22T09:28:01.081187+00:00,0,32748,87
2026-09-22T09:28:01.081187+00:00,1,32744,85
2026-09-22T09:28:01.081187+00:00,2,32670,83
2026-09-22T09:28:01.081187+00:00,3,32746,85
2026-09-22T09:28:06.142622+00:00,0,32748,82
2026-09-22T09:28:06.142622+00:00,1,32744,83
2026-09-22T09:28:06.142622+00:00,2,32670,82
2026-09-22T09:28:06.142622+00:00,3,32746,85
2026-09-22T09:28:11.213105+00:00,0,32748,81
2026-09-22T09:28:11.213105+00:00,1,32744,80
2026-09-22T09:28:11.213105+00:00,2,32670,80
2026-09-22T09:28:11.213105+00:00,3,32746,90
2026-09-22T09:28:16.281714+00:00,0,32748,86
2026-09-22T09:28:16.281714+00:00,1,32744,82
2026-09-22T09:28:16.281714+00:00,2,32670,83
2026-09-22T09:28:16.281714+00:00,3,32746,86
2026-09-22T09:28:21.350679+00:00,0,32748,88
2026-09-22T09:28:21.350679+00:00,1,32744,85
2026-09-22T09:28:21.350679+00:00,2,32670,83
2026-09-22T09:28:21.350679+00:00,3,32746,87
2026-09-22T09:28:26.427339+00:00,0,32748,84
2026-09-22T09:28:26.427339+00:00,1,32744,87
2026-09-22T09:28:26.427339+00:00,2,32670,83
2026-09-22T09:28:26.427339+00:00,3,32746,84
2026-09-22T09:28:31.491384+00:00,0,32748,86
2026-09-22T09:28:31.491384+00:00,1,32744,90
2026-09-22T09:28:31.491384+00:00,2,32670,88
2026-09-22T09:28:31.491384+00:00,3,32746,91
2026-09-22T09:28:36.555619+00:00,0,32748,86
2026-09-22T09:28:36.555619+00:00,1,32744,84
2026-09-22T09:28:36.555619+00:00,2,32670,84
2026-09-22T09:28:36.555619+00:00,3,32746,84
2026-09-22T09:28:41.631343+00:00,0,32748,86
2026-09-22T09:28:41.631343+00:00,1,32744,86
2026-09-22T09:28:41.631343+00:00,2,32670,87
2026-09-22T09:28:41.631343+00:00,3,32746,81
2026-09-22T09:28:46.706436+00:00,0,32748,91
2026-09-22T09:28:46.706436+00:00,1,32744,87
2026-09-22T09:28:46.706436+00:00,2,32670,83
2026-09-22T09:28:46.706436+00:00,3,32746,83
2026-09-22T09:28:51.777889+00:00,0,32748,90
2026-09-22T09:28:51.777889+00:00,1,32744,84
2026-09-22T09:28:51.777889+00:00,2,32670,83
2026-09-22T09:28:51.777889+00:00,3,32746,85
2026-09-22T09:28:56.853264+00:00,0,32748,87
2026-09-22T09:28:56.853264+00:00,1,32744,81
2026-09-22T09:28:56.853264+00:00,2,32670,89
2026-09-22T09:28:56.853264+00:00,3,32746,91
2026-09-22T09:29:01.919082+00:00,0,32748,86
2026-09-22T09:29:01.919082+00:00,1,32744,90
2026-09-22T09:29:01.919082+00:00,2,32670,87
2026-09-22T09:29:01.919082+00:00,3,32746,89
2026-09-22T09:29:06.985884+00:00,0,32748,88
2026-09-22T09:29:06.985884+00:00,1,32744,82
2026-09-22T09:29:06.985884+00:00,2,32670,87
2026-09-22T09:29:06.985884+00:00,3,32746,84
2026-09-22T09:29:12.061175+00:00,0,32748,87
2026-09-22T09:29:12.061175+00:00,1,32744,87
2026-09-22T09:29:12.061175+00:00,2,32670,89
2026-09-22T09:29:12.061175+00:00,3,32746,86
2026-09-22T09:29:17.133130+00:00,0,32748,84
2026-09-22T09:29:17.133130+00:00,1,32744,94
2026-09-22T09:29:17.133130+00:00,2,32670,85
2026-09-22T09:29:17.133130+00:00,3,32746,85
2026-09-22T09:29:22.209467+00:00,0,32748,85
2026-09-22T09:29:22.209467+00:00,1,32744,87
2026-09-22T09:29:22.209467+00:00,2,32670,90
2026-09-22T09:29:22.209467+00:00,3,32746,86
2026-09-22T09:29:27.285159+00:00,0,32748,84
2026-09-22T09:29:27.285159+00:00,1,32744,89
2026-09-22T09:29:27.285159+00:00,2,32670,85
2026-09-22T09:29:27.285159+00:00,3,32746,87
2026-09-22T09:29:32.354533+00:00,0,32748,84
2026-09-22T09:29:32.354533+00:00,1,32744,84
2026-09-22T09:29:32.354533+00:00,2,32670,89
2026-09-22T09:29:32.354533+00:00,3,32746,79
2026-09-22T09:29:37.425652+00:00,0,32748,89
2026-09-22T09:29:37.425652+00:00,1,32744,84
2026-09-22T09:29:37.425652+00:00,2,32670,87
2026-09-22T09:29:37.425652+00:00,3,32746,86
2026-09-22T09:29:42.499141+00:00,0,32748,87
2026-09-22T09:29:42.499141+00:00,1,32744,90
2026-09-22T09:29:42.499141+00:00,2,32670,89
2026-09-22T09:29:42.499141+00:00,3,32746,85
2026-09-22T09:29:47.572547+00:00,0,32748,87
2026-09-22T09:29:47.572547+00:00,1,32744,88
2026-09-22T09:29:47.572547+00:00,2,32670,89
2026-09-22T09:29:47.572547+00:00,3,32746,89
2026-09-22T09:29:52.636568+00:00,0,32748,87
2026-09-22T09:29:52.636568+00:00,1,32744,86
2026-09-22T09:29:52.636568+00:00,2,32670,87
2026-09-22T09:29:52.636568+00:00,3,32746,86
2026-09-22T09:29:57.707472+00:00,0,32748,89
2026-09-22T09:29:57.707472+00:00,1,32744,88
2026-09-22T09:29:57.707472+00:00,2,32670,90
2026-09-22T09:29:57.707472+00:00,3,32746,91
2026-09-22T09:30:02.771785+00:00,0,32748,88
2026-09-22T09:30:02.771785+00:00,1,32744,83
2026-09-22T09:30:02.771785+00:00,2,32670,89
2026-09-22T09:30:02.771785+00:00,3,32746,87
2026-09-22T09:30:07.844977+00:00,0,32748,90
2026-09-22T09:30:07.844977+00:00,1,32744,85
2026-09-22T09:30:07.844977+00:00,2,32670,86
2026-09-22T09:30:07.844977+00:00,3,32746,88
2026-09-22T09:30:12.915909+00:00,0,32748,0
2026-09-22T09:30:12.915909+00:00,1,32744,86
2026-09-22T09:30:12.915909+00:00,2,32670,93
2026-09-22T09:30:12.915909+00:00,3,32746,90
2026-09-22T09:30:18.021854+00:00,0,32748,0
2026-09-22T09:30:18.021854+00:00,1,32744,86
2026-09-22T09:30:18.021854+00:00,2,32670,86
2026-09-22T09:30:18.021854+00:00,3,32746,0
2026-09-22T09:30:23.080520+00:00,0,1576,0
2026-09-22T09:30:23.080520+00:00,1,1576,0
2026-09-22T09:30:23.080520+00:00,2,1556,0
2026-09-22T09:30:23.080520+00:00,3,1576,0
2026-09-22T09:30:28.140826+00:00,0,8230,98
2026-09-22T09:30:28.140826+00:00,1,7610,98
2026-09-22T09:30:28.140826+00:00,2,8270,98
2026-09-22T09:30:28.140826+00:00,3,8290,99
2026-09-22T09:30:33.206481+00:00,0,8754,97
2026-09-22T09:30:33.206481+00:00,1,8094,96
2026-09-22T09:30:33.206481+00:00,2,8754,99
2026-09-22T09:30:33.206481+00:00,3,8774,99
2026-09-22T09:30:38.266777+00:00,0,9038,99
2026-09-22T09:30:38.266777+00:00,1,8418,99
2026-09-22T09:30:38.266777+00:00,2,9078,99
2026-09-22T09:30:38.266777+00:00,3,9058,99
2026-09-22T09:30:43.335103+00:00,0,9384,99
2026-09-22T09:30:43.335103+00:00,1,8764,99
2026-09-22T09:30:43.335103+00:00,2,9384,99
2026-09-22T09:30:43.335103+00:00,3,9384,98
2026-09-22T09:30:48.404305+00:00,0,9608,99
2026-09-22T09:30:48.404305+00:00,1,9008,99
2026-09-22T09:30:48.404305+00:00,2,9608,99
2026-09-22T09:30:48.404305+00:00,3,9628,99
2026-09-22T09:30:53.470945+00:00,0,9672,99
2026-09-22T09:30:53.470945+00:00,1,9092,99
2026-09-22T09:30:53.470945+00:00,2,9652,99
2026-09-22T09:30:53.470945+00:00,3,9692,99
2026-09-22T09:30:58.540761+00:00,0,9676,97
2026-09-22T09:30:58.540761+00:00,1,9096,99
2026-09-22T09:30:58.540761+00:00,2,9656,98
2026-09-22T09:30:58.540761+00:00,3,9696,99
2026-09-22T09:31:03.610391+00:00,0,9680,99
2026-09-22T09:31:03.610391+00:00,1,9100,99
2026-09-22T09:31:03.610391+00:00,2,9660,99
2026-09-22T09:31:03.610391+00:00,3,9702,99
2026-09-22T09:31:08.678618+00:00,0,9686,99
2026-09-22T09:31:08.678618+00:00,1,9106,99
2026-09-22T09:31:08.678618+00:00,2,9666,99
2026-09-22T09:31:08.678618+00:00,3,9706,97
2026-09-22T09:31:13.746525+00:00,0,9690,97
2026-09-22T09:31:13.746525+00:00,1,9110,99
2026-09-22T09:31:13.746525+00:00,2,9670,93
2026-09-22T09:31:13.746525+00:00,3,9710,97
2026-09-22T09:31:18.801996+00:00,0,19028,94
2026-09-22T09:31:18.801996+00:00,1,19208,61
2026-09-22T09:31:18.801996+00:00,2,19328,27
2026-09-22T09:31:18.801996+00:00,3,18288,52
2026-09-22T09:31:23.862769+00:00,0,19038,97
2026-09-22T09:31:23.862769+00:00,1,19358,99
2026-09-22T09:31:23.862769+00:00,2,19678,97
2026-09-22T09:31:23.862769+00:00,3,19438,97
2026-09-22T09:31:28.925322+00:00,0,20280,99
2026-09-22T09:31:28.925322+00:00,1,20560,99
2026-09-22T09:31:28.925322+00:00,2,19980,97
2026-09-22T09:31:28.925322+00:00,3,20500,98
2026-09-22T09:31:33.988169+00:00,0,21082,99
2026-09-22T09:31:33.988169+00:00,1,21204,99
2026-09-22T09:31:33.988169+00:00,2,21324,99
2026-09-22T09:31:33.988169+00:00,3,21222,99
2026-09-22T09:31:39.060480+00:00,0,21086,95
2026-09-22T09:31:39.060480+00:00,1,21206,97
2026-09-22T09:31:39.060480+00:00,2,21326,98
2026-09-22T09:31:39.060480+00:00,3,21226,97
2026-09-22T09:31:44.131116+00:00,0,21088,99
2026-09-22T09:31:44.131116+00:00,1,21208,95
2026-09-22T09:31:44.131116+00:00,2,21328,99
2026-09-22T09:31:44.131116+00:00,3,21228,94
2026-09-22T09:31:49.201366+00:00,0,21094,85
2026-09-22T09:31:49.201366+00:00,1,21214,95
2026-09-22T09:31:49.201366+00:00,2,21334,97
2026-09-22T09:31:49.201366+00:00,3,21234,100
2026-09-22T09:31:54.271113+00:00,0,21094,93
2026-09-22T09:31:54.271113+00:00,1,21214,94
2026-09-22T09:31:54.271113+00:00,2,21334,92
2026-09-22T09:31:54.271113+00:00,3,21234,93
2026-09-22T09:31:59.344173+00:00,0,25374,99
2026-09-22T09:31:59.344173+00:00,1,25334,99
2026-09-22T09:31:59.344173+00:00,2,25374,99
2026-09-22T09:31:59.344173+00:00,3,25314,99
2026-09-22T09:32:04.415402+00:00,0,25774,99
2026-09-22T09:32:04.415402+00:00,1,25734,99
2026-09-22T09:32:04.415402+00:00,2,25734,99
2026-09-22T09:32:04.415402+00:00,3,25754,98
2026-09-22T09:32:09.480809+00:00,0,25834,99
2026-09-22T09:32:09.480809+00:00,1,25814,99
2026-09-22T09:32:09.480809+00:00,2,25834,99
2026-09-22T09:32:09.480809+00:00,3,25774,100
2026-09-22T09:32:14.544785+00:00,0,25834,88
2026-09-22T09:32:14.544785+00:00,1,25814,99
2026-09-22T09:32:14.544785+00:00,2,25834,100
2026-09-22T09:32:14.544785+00:00,3,25794,100
2026-09-22T09:32:19.617460+00:00,0,25834,99
2026-09-22T09:32:19.617460+00:00,1,25814,99
2026-09-22T09:32:19.617460+00:00,2,25834,98
2026-09-22T09:32:19.617460+00:00,3,25794,97
2026-09-22T09:32:24.689895+00:00,0,25834,99
2026-09-22T09:32:24.689895+00:00,1,25814,99
2026-09-22T09:32:24.689895+00:00,2,25834,99
2026-09-22T09:32:24.689895+00:00,3,25794,99
2026-09-22T09:32:29.764548+00:00,0,25834,99
2026-09-22T09:32:29.764548+00:00,1,25814,94
2026-09-22T09:32:29.764548+00:00,2,25834,99
2026-09-22T09:32:29.764548+00:00,3,25794,93
2026-09-22T09:32:34.834610+00:00,0,25834,91
2026-09-22T09:32:34.834610+00:00,1,25814,92
2026-09-22T09:32:34.834610+00:00,2,25834,99
2026-09-22T09:32:34.834610+00:00,3,25794,93
2026-09-22T09:32:39.897370+00:00,0,25834,97
2026-09-22T09:32:39.897370+00:00,1,25814,93
2026-09-22T09:32:39.897370+00:00,2,25834,94
2026-09-22T09:32:39.897370+00:00,3,25794,100
2026-09-22T09:32:44.970050+00:00,0,25834,85
2026-09-22T09:32:44.970050+00:00,1,25814,100
2026-09-22T09:32:44.970050+00:00,2,25834,95
2026-09-22T09:32:44.970050+00:00,3,25794,100
2026-09-22T09:32:50.043920+00:00,0,25834,89
2026-09-22T09:32:50.043920+00:00,1,25814,95
2026-09-22T09:32:50.043920+00:00,2,25834,100
2026-09-22T09:32:50.043920+00:00,3,25794,94
2026-09-22T09:32:55.116341+00:00,0,25834,97
2026-09-22T09:32:55.116341+00:00,1,25814,98
2026-09-22T09:32:55.116341+00:00,2,25834,98
2026-09-22T09:32:55.116341+00:00,3,25794,98
2026-09-22T09:33:00.179249+00:00,0,25834,99
2026-09-22T09:33:00.179249+00:00,1,25814,99
2026-09-22T09:33:00.179249+00:00,2,25834,99
2026-09-22T09:33:00.179249+00:00,3,25834,99
2026-09-22T09:33:05.242891+00:00,0,25834,99
2026-09-22T09:33:05.242891+00:00,1,25814,98
2026-09-22T09:33:05.242891+00:00,2,25834,98
2026-09-22T09:33:05.242891+00:00,3,25834,98
2026-09-22T09:33:10.307747+00:00,0,25834,100
2026-09-22T09:33:10.307747+00:00,1,25814,99
2026-09-22T09:33:10.307747+00:00,2,25834,99
2026-09-22T09:33:10.307747+00:00,3,25834,99
2026-09-22T09:33:15.377860+00:00,0,25834,100
2026-09-22T09:33:15.377860+00:00,1,25814,99
2026-09-22T09:33:15.377860+00:00,2,25834,99
2026-09-22T09:33:15.377860+00:00,3,25834,99
2026-09-22T09:33:20.451664+00:00,0,25834,98
2026-09-22T09:33:20.451664+00:00,1,25814,98
2026-09-22T09:33:20.451664+00:00,2,25834,99
2026-09-22T09:33:20.451664+00:00,3,25834,99
2026-09-22T09:33:25.523689+00:00,0,25834,99
2026-09-22T09:33:25.523689+00:00,1,25814,95
2026-09-22T09:33:25.523689+00:00,2,25834,94
2026-09-22T09:33:25.523689+00:00,3,25834,89
2026-09-22T09:33:30.585615+00:00,0,25834,95
2026-09-22T09:33:30.585615+00:00,1,25814,94
2026-09-22T09:33:30.585615+00:00,2,25834,99
2026-09-22T09:33:30.585615+00:00,3,25834,94
2026-09-22T09:33:35.652505+00:00,0,25834,99
2026-09-22T09:33:35.652505+00:00,1,25814,98
2026-09-22T09:33:35.652505+00:00,2,25834,85
2026-09-22T09:33:35.652505+00:00,3,25834,88
2026-09-22T09:33:40.726068+00:00,0,25834,99
2026-09-22T09:33:40.726068+00:00,1,25814,97
2026-09-22T09:33:40.726068+00:00,2,25834,99
2026-09-22T09:33:40.726068+00:00,3,25834,97
2026-09-22T09:33:45.795585+00:00,0,25834,99
2026-09-22T09:33:45.795585+00:00,1,25814,97
2026-09-22T09:33:45.795585+00:00,2,25834,99
2026-09-22T09:33:45.795585+00:00,3,25834,97
2026-09-22T09:33:50.867296+00:00,0,25834,99
2026-09-22T09:33:50.867296+00:00,1,25814,99
2026-09-22T09:33:50.867296+00:00,2,25834,97
2026-09-22T09:33:50.867296+00:00,3,25834,98
2026-09-22T09:33:55.942302+00:00,0,25834,97
2026-09-22T09:33:55.942302+00:00,1,25814,99
2026-09-22T09:33:55.942302+00:00,2,25834,99
2026-09-22T09:33:55.942302+00:00,3,25834,97
2026-09-22T09:34:01.015155+00:00,0,25834,96
2026-09-22T09:34:01.015155+00:00,1,25814,99
2026-09-22T09:34:01.015155+00:00,2,25834,99
2026-09-22T09:34:01.015155+00:00,3,25834,98
2026-09-22T09:34:06.088439+00:00,0,9188,66
2026-09-22T09:34:06.088439+00:00,1,9188,72
2026-09-22T09:34:06.088439+00:00,2,9188,85
2026-09-22T09:34:06.088439+00:00,3,9188,71
2026-09-22T09:34:11.145043+00:00,0,10096,6
2026-09-22T09:34:11.145043+00:00,1,10342,8
2026-09-22T09:34:11.145043+00:00,2,10076,6
2026-09-22T09:34:11.145043+00:00,3,10096,7
2026-09-22T09:34:16.203465+00:00,0,11426,19
2026-09-22T09:34:16.203465+00:00,1,11406,31
2026-09-22T09:34:16.203465+00:00,2,11406,25
2026-09-22T09:34:16.203465+00:00,3,11426,43
2026-09-22T09:34:21.261685+00:00,0,5208,22
2026-09-22T09:34:21.261685+00:00,1,5208,12
2026-09-22T09:34:21.261685+00:00,2,5188,18
2026-09-22T09:34:21.261685+00:00,3,5208,12
2026-09-22T09:34:26.319705+00:00,0,32820,60
2026-09-22T09:34:26.319705+00:00,1,33112,67
2026-09-22T09:34:26.319705+00:00,2,32846,62
2026-09-22T09:34:26.319705+00:00,3,32732,70
2026-09-22T09:34:31.384921+00:00,0,32820,63
2026-09-22T09:34:31.384921+00:00,1,33112,62
2026-09-22T09:34:31.384921+00:00,2,32846,65
2026-09-22T09:34:31.384921+00:00,3,32732,65
2026-09-22T09:34:36.448707+00:00,0,32820,65
2026-09-22T09:34:36.448707+00:00,1,33112,68
2026-09-22T09:34:36.448707+00:00,2,32846,67
2026-09-22T09:34:36.448707+00:00,3,32732,67
2026-09-22T09:34:41.515433+00:00,0,32820,69
2026-09-22T09:34:41.515433+00:00,1,33112,80
2026-09-22T09:34:41.515433+00:00,2,32846,65
2026-09-22T09:34:41.515433+00:00,3,32732,71
2026-09-22T09:34:46.583603+00:00,0,32820,77
2026-09-22T09:34:46.583603+00:00,1,33112,72
2026-09-22T09:34:46.583603+00:00,2,32846,69
2026-09-22T09:34:46.583603+00:00,3,32732,73
2026-09-22T09:34:51.651874+00:00,0,32820,73
2026-09-22T09:34:51.651874+00:00,1,33112,73
2026-09-22T09:34:51.651874+00:00,2,32846,77
2026-09-22T09:34:51.651874+00:00,3,32732,77
2026-09-22T09:34:56.721194+00:00,0,32820,74
2026-09-22T09:34:56.721194+00:00,1,33112,70
2026-09-22T09:34:56.721194+00:00,2,32846,70
2026-09-22T09:34:56.721194+00:00,3,32732,70
2026-09-22T09:35:01.785548+00:00,0,32820,71
2026-09-22T09:35:01.785548+00:00,1,33112,71
2026-09-22T09:35:01.785548+00:00,2,32846,71
2026-09-22T09:35:01.785548+00:00,3,32732,72
2026-09-22T09:35:06.870230+00:00,0,32820,69
2026-09-22T09:35:06.870230+00:00,1,33112,77
2026-09-22T09:35:06.870230+00:00,2,32846,71
2026-09-22T09:35:06.870230+00:00,3,32732,73
2026-09-22T09:35:11.938666+00:00,0,32820,69
2026-09-22T09:35:11.938666+00:00,1,33112,72
2026-09-22T09:35:11.938666+00:00,2,32846,73
2026-09-22T09:35:11.938666+00:00,3,32732,72
2026-09-22T09:35:17.022114+00:00,0,32820,76
2026-09-22T09:35:17.022114+00:00,1,33112,71
2026-09-22T09:35:17.022114+00:00,2,32846,75
2026-09-22T09:35:17.022114+00:00,3,32732,70
2026-09-22T09:35:22.105614+00:00,0,32820,74
2026-09-22T09:35:22.105614+00:00,1,33112,75
2026-09-22T09:35:22.105614+00:00,2,32846,75
2026-09-22T09:35:22.105614+00:00,3,32732,80
2026-09-22T09:35:27.188668+00:00,0,32820,76
2026-09-22T09:35:27.188668+00:00,1,33112,76
2026-09-22T09:35:27.188668+00:00,2,32846,77
2026-09-22T09:35:27.188668+00:00,3,32732,81
2026-09-22T09:35:32.257454+00:00,0,32820,75
2026-09-22T09:35:32.257454+00:00,1,33112,84
2026-09-22T09:35:32.257454+00:00,2,32846,78
2026-09-22T09:35:32.257454+00:00,3,32732,83
2026-09-22T09:35:37.323421+00:00,0,32820,82
2026-09-22T09:35:37.323421+00:00,1,33112,81
2026-09-22T09:35:37.323421+00:00,2,32846,86
2026-09-22T09:35:37.323421+00:00,3,32732,87
2026-09-22T09:35:42.392054+00:00,0,32820,83
2026-09-22T09:35:42.392054+00:00,1,33112,83
2026-09-22T09:35:42.392054+00:00,2,32846,83
2026-09-22T09:35:42.392054+00:00,3,32732,82
2026-09-22T09:35:47.461167+00:00,0,32820,78
2026-09-22T09:35:47.461167+00:00,1,33112,79
2026-09-22T09:35:47.461167+00:00,2,32846,80
2026-09-22T09:35:47.461167+00:00,3,32732,83
2026-09-22T09:35:52.520612+00:00,0,32820,86
2026-09-22T09:35:52.520612+00:00,1,33112,80
2026-09-22T09:35:52.520612+00:00,2,32846,83
2026-09-22T09:35:52.520612+00:00,3,32732,80
2026-09-22T09:35:57.591477+00:00,0,32820,81
2026-09-22T09:35:57.591477+00:00,1,33112,82
2026-09-22T09:35:57.591477+00:00,2,32846,77
2026-09-22T09:35:57.591477+00:00,3,32732,78
2026-09-22T09:36:02.666541+00:00,0,32820,78
2026-09-22T09:36:02.666541+00:00,1,33112,79
2026-09-22T09:36:02.666541+00:00,2,32846,77
2026-09-22T09:36:02.666541+00:00,3,32732,79
2026-09-22T09:36:07.753224+00:00,0,32820,79
2026-09-22T09:36:07.753224+00:00,1,33112,81
2026-09-22T09:36:07.753224+00:00,2,32846,79
2026-09-22T09:36:07.753224+00:00,3,32732,79
2026-09-22T09:36:12.839199+00:00,0,32820,78
2026-09-22T09:36:12.839199+00:00,1,33112,80
2026-09-22T09:36:12.839199+00:00,2,32846,78
2026-09-22T09:36:12.839199+00:00,3,32732,82
2026-09-22T09:36:17.926884+00:00,0,32820,76
2026-09-22T09:36:17.926884+00:00,1,33112,80
2026-09-22T09:36:17.926884+00:00,2,32846,82
2026-09-22T09:36:17.926884+00:00,3,32732,80
2026-09-22T09:36:23.012506+00:00,0,32820,84
2026-09-22T09:36:23.012506+00:00,1,33112,79
2026-09-22T09:36:23.012506+00:00,2,32846,85
2026-09-22T09:36:23.012506+00:00,3,32732,78
2026-09-22T09:36:28.134825+00:00,0,32820,79
2026-09-22T09:36:28.134825+00:00,1,33112,77
2026-09-22T09:36:28.134825+00:00,2,32846,81
2026-09-22T09:36:28.134825+00:00,3,32732,85
2026-09-22T09:36:33.239207+00:00,0,32820,87
2026-09-22T09:36:33.239207+00:00,1,33112,83
2026-09-22T09:36:33.239207+00:00,2,32846,86
2026-09-22T09:36:33.239207+00:00,3,32732,82
2026-09-22T09:36:38.314031+00:00,0,32820,73
2026-09-22T09:36:38.314031+00:00,1,33112,80
2026-09-22T09:36:38.314031+00:00,2,32846,81
2026-09-22T09:36:38.314031+00:00,3,32732,79
2026-09-22T09:36:43.398925+00:00,0,32820,80
2026-09-22T09:36:43.398925+00:00,1,33112,80
2026-09-22T09:36:43.398925+00:00,2,32846,80
2026-09-22T09:36:43.398925+00:00,3,32732,81
2026-09-22T09:36:48.487698+00:00,0,32820,80
2026-09-22T09:36:48.487698+00:00,1,33112,80
2026-09-22T09:36:48.487698+00:00,2,32846,82
2026-09-22T09:36:48.487698+00:00,3,32732,80
2026-09-22T09:36:53.578838+00:00,0,32820,85
2026-09-22T09:36:53.578838+00:00,1,33112,81
2026-09-22T09:36:53.578838+00:00,2,32846,86
2026-09-22T09:36:53.578838+00:00,3,32732,83
2026-09-22T09:36:58.657522+00:00,0,32820,82
2026-09-22T09:36:58.657522+00:00,1,33112,86
2026-09-22T09:36:58.657522+00:00,2,32846,80
2026-09-22T09:36:58.657522+00:00,3,32732,86
2026-09-22T09:37:03.731068+00:00,0,32820,83
2026-09-22T09:37:03.731068+00:00,1,33112,85
2026-09-22T09:37:03.731068+00:00,2,32846,85
2026-09-22T09:37:03.731068+00:00,3,32732,85
2026-09-22T09:37:08.806395+00:00,0,32820,86
2026-09-22T09:37:08.806395+00:00,1,33112,86
2026-09-22T09:37:08.806395+00:00,2,32846,85
2026-09-22T09:37:08.806395+00:00,3,32732,82
2026-09-22T09:37:13.879949+00:00,0,32820,84
2026-09-22T09:37:13.879949+00:00,1,33112,86
2026-09-22T09:37:13.879949+00:00,2,32846,82
2026-09-22T09:37:13.879949+00:00,3,32732,86
2026-09-22T09:37:18.955760+00:00,0,32820,84
2026-09-22T09:37:18.955760+00:00,1,33112,82
2026-09-22T09:37:18.955760+00:00,2,32846,85
2026-09-22T09:37:18.955760+00:00,3,32732,88
2026-09-22T09:37:24.027185+00:00,0,32820,88
2026-09-22T09:37:24.027185+00:00,1,33112,84
2026-09-22T09:37:24.027185+00:00,2,32846,84
2026-09-22T09:37:24.027185+00:00,3,32732,88
2026-09-22T09:37:29.099983+00:00,0,32820,93
2026-09-22T09:37:29.099983+00:00,1,33112,87
2026-09-22T09:37:29.099983+00:00,2,32846,88
2026-09-22T09:37:29.099983+00:00,3,32732,87
2026-09-22T09:37:34.173027+00:00,0,32820,83
2026-09-22T09:37:34.173027+00:00,1,33112,88
2026-09-22T09:37:34.173027+00:00,2,32846,89
2026-09-22T09:37:34.173027+00:00,3,32732,87
2026-09-22T09:37:39.245526+00:00,0,32820,84
2026-09-22T09:37:39.245526+00:00,1,33112,88
2026-09-22T09:37:39.245526+00:00,2,32846,85
2026-09-22T09:37:39.245526+00:00,3,32732,85
2026-09-22T09:37:44.321177+00:00,0,32820,86
2026-09-22T09:37:44.321177+00:00,1,33112,83
2026-09-22T09:37:44.321177+00:00,2,32846,87
2026-09-22T09:37:44.321177+00:00,3,32732,89
2026-09-22T09:37:49.392802+00:00,0,32820,86
2026-09-22T09:37:49.392802+00:00,1,33112,84
2026-09-22T09:37:49.392802+00:00,2,32846,87
2026-09-22T09:37:49.392802+00:00,3,32732,87
2026-09-22T09:37:54.465961+00:00,0,32820,86
2026-09-22T09:37:54.465961+00:00,1,33112,86
2026-09-22T09:37:54.465961+00:00,2,32846,89
2026-09-22T09:37:54.465961+00:00,3,32732,88
2026-09-22T09:37:59.543193+00:00,0,32820,87
2026-09-22T09:37:59.543193+00:00,1,33112,84
2026-09-22T09:37:59.543193+00:00,2,32846,87
2026-09-22T09:37:59.543193+00:00,3,32732,87
2026-09-22T09:38:04.618150+00:00,0,32820,88
2026-09-22T09:38:04.618150+00:00,1,33112,86
2026-09-22T09:38:04.618150+00:00,2,32846,87
2026-09-22T09:38:04.618150+00:00,3,32732,87
2026-09-22T09:38:09.693496+00:00,0,32820,87
2026-09-22T09:38:09.693496+00:00,1,33112,87
2026-09-22T09:38:09.693496+00:00,2,32846,88
2026-09-22T09:38:09.693496+00:00,3,32732,85
2026-09-22T09:38:14.771382+00:00,0,32820,86
2026-09-22T09:38:14.771382+00:00,1,33112,85
2026-09-22T09:38:14.771382+00:00,2,32846,90
2026-09-22T09:38:14.771382+00:00,3,32732,88
2026-09-22T09:38:19.846885+00:00,0,32820,89
2026-09-22T09:38:19.846885+00:00,1,33112,89
2026-09-22T09:38:19.846885+00:00,2,32846,83
2026-09-22T09:38:19.846885+00:00,3,32732,92
2026-09-22T09:38:24.922726+00:00,0,32820,91
2026-09-22T09:38:24.922726+00:00,1,33112,90
2026-09-22T09:38:24.922726+00:00,2,32846,88
2026-09-22T09:38:24.922726+00:00,3,32732,88
2026-09-22T09:38:29.991749+00:00,0,32820,85
2026-09-22T09:38:29.991749+00:00,1,33112,88
2026-09-22T09:38:29.991749+00:00,2,32846,91
2026-09-22T09:38:29.991749+00:00,3,32732,86
2026-09-22T09:38:35.061444+00:00,0,32820,86
2026-09-22T09:38:35.061444+00:00,1,33112,83
2026-09-22T09:38:35.061444+00:00,2,32846,85
2026-09-22T09:38:35.061444+00:00,3,32732,91
2026-09-22T09:38:40.131631+00:00,0,32820,90
2026-09-22T09:38:40.131631+00:00,1,33112,89
2026-09-22T09:38:40.131631+00:00,2,32846,92
2026-09-22T09:38:40.131631+00:00,3,32732,89
2026-09-22T09:38:45.202424+00:00,0,32820,88
2026-09-22T09:38:45.202424+00:00,1,33112,87
2026-09-22T09:38:45.202424+00:00,2,32846,88
2026-09-22T09:38:45.202424+00:00,3,32732,88
2026-09-22T09:38:50.280088+00:00,0,32820,86
2026-09-22T09:38:50.280088+00:00,1,33112,84
2026-09-22T09:38:50.280088+00:00,2,32846,85
2026-09-22T09:38:50.280088+00:00,3,32732,85
2026-09-22T09:38:55.358768+00:00,0,32820,87
2026-09-22T09:38:55.358768+00:00,1,33112,87
2026-09-22T09:38:55.358768+00:00,2,32846,85
2026-09-22T09:38:55.358768+00:00,3,32732,89
2026-09-22T09:39:00.431107+00:00,0,32820,84
2026-09-22T09:39:00.431107+00:00,1,33112,89
2026-09-22T09:39:00.431107+00:00,2,32846,87
2026-09-22T09:39:00.431107+00:00,3,32732,0
2026-09-22T09:39:05.503709+00:00,0,32820,0
2026-09-22T09:39:05.503709+00:00,1,33112,0
2026-09-22T09:39:05.503709+00:00,2,32846,82
2026-09-22T09:39:05.503709+00:00,3,32732,0
2026-09-22T09:39:10.569679+00:00,0,5366,94
2026-09-22T09:39:10.569679+00:00,1,5366,99
2026-09-22T09:39:10.569679+00:00,2,5366,96
2026-09-22T09:39:10.569679+00:00,3,5366,96
2026-09-22T09:39:15.637050+00:00,0,7990,96
2026-09-22T09:39:15.637050+00:00,1,7370,95
2026-09-22T09:39:15.637050+00:00,2,8030,99
2026-09-22T09:39:15.637050+00:00,3,7990,99
2026-09-22T09:39:20.702859+00:00,0,8774,94
2026-09-22T09:39:20.702859+00:00,1,8134,96
2026-09-22T09:39:20.702859+00:00,2,8794,96
2026-09-22T09:39:20.702859+00:00,3,8814,97
2026-09-22T09:39:25.768830+00:00,0,9178,98
2026-09-22T09:39:25.768830+00:00,1,8538,99
2026-09-22T09:39:25.768830+00:00,2,9198,99
2026-09-22T09:39:25.768830+00:00,3,9178,99
2026-09-22T09:39:30.827992+00:00,0,9504,99
2026-09-22T09:39:30.827992+00:00,1,8924,99
2026-09-22T09:39:30.827992+00:00,2,9544,99
2026-09-22T09:39:30.827992+00:00,3,9524,99
2026-09-22T09:39:35.896167+00:00,0,9848,97
2026-09-22T09:39:35.896167+00:00,1,9268,99
2026-09-22T09:39:35.896167+00:00,2,9848,97
2026-09-22T09:39:35.896167+00:00,3,9828,99
2026-09-22T09:39:40.961983+00:00,0,10072,99
2026-09-22T09:39:40.961983+00:00,1,9492,99
2026-09-22T09:39:40.961983+00:00,2,10072,99
2026-09-22T09:39:40.961983+00:00,3,10052,99
2026-09-22T09:39:46.029443+00:00,0,10076,97
2026-09-22T09:39:46.029443+00:00,1,9496,99
2026-09-22T09:39:46.029443+00:00,2,10076,97
2026-09-22T09:39:46.029443+00:00,3,10056,99
2026-09-22T09:39:51.097450+00:00,0,10080,99
2026-09-22T09:39:51.097450+00:00,1,9500,98
2026-09-22T09:39:51.097450+00:00,2,10080,98
2026-09-22T09:39:51.097450+00:00,3,10060,96
2026-09-22T09:39:56.169945+00:00,0,10084,99
2026-09-22T09:39:56.169945+00:00,1,9504,99
2026-09-22T09:39:56.169945+00:00,2,10084,99
2026-09-22T09:39:56.169945+00:00,3,10064,99
2026-09-22T09:40:01.237810+00:00,0,10088,99
2026-09-22T09:40:01.237810+00:00,1,9508,99
2026-09-22T09:40:01.237810+00:00,2,10088,98
2026-09-22T09:40:01.237810+00:00,3,10068,98
2026-09-22T09:40:06.304762+00:00,0,1576,0
2026-09-22T09:40:06.304762+00:00,1,1616,0
2026-09-22T09:40:06.304762+00:00,2,1596,0
2026-09-22T09:40:06.304762+00:00,3,1576,0
2026-09-22T09:40:11.358074+00:00,0,19116,98
2026-09-22T09:40:11.358074+00:00,1,19096,99
2026-09-22T09:40:11.358074+00:00,2,18976,97
2026-09-22T09:40:11.358074+00:00,3,18996,97
2026-09-22T09:40:16.431189+00:00,0,19138,97
2026-09-22T09:40:16.431189+00:00,1,19098,98
2026-09-22T09:40:16.431189+00:00,2,19238,97
2026-09-22T09:40:16.431189+00:00,3,19238,97
2026-09-22T09:40:21.499540+00:00,0,21020,95
2026-09-22T09:40:21.499540+00:00,1,21040,99
2026-09-22T09:40:21.499540+00:00,2,20460,99
2026-09-22T09:40:21.499540+00:00,3,20882,94
2026-09-22T09:40:26.561515+00:00,0,21844,95
2026-09-22T09:40:26.561515+00:00,1,21944,95
2026-09-22T09:40:26.561515+00:00,2,21864,95
2026-09-22T09:40:26.561515+00:00,3,21844,96
2026-09-22T09:40:31.634698+00:00,0,21844,96
2026-09-22T09:40:31.634698+00:00,1,21946,98
2026-09-22T09:40:31.634698+00:00,2,21864,94
2026-09-22T09:40:31.634698+00:00,3,21844,95
2026-09-22T09:40:36.710882+00:00,0,21846,99
2026-09-22T09:40:36.710882+00:00,1,21948,99
2026-09-22T09:40:36.710882+00:00,2,21868,99
2026-09-22T09:40:36.710882+00:00,3,21848,99
2026-09-22T09:40:41.787729+00:00,0,21854,83
2026-09-22T09:40:41.787729+00:00,1,21954,99
2026-09-22T09:40:41.787729+00:00,2,21874,87
2026-09-22T09:40:41.787729+00:00,3,21854,87
2026-09-22T09:40:46.850262+00:00,0,21854,94
2026-09-22T09:40:46.850262+00:00,1,21954,95
2026-09-22T09:40:46.850262+00:00,2,21874,100
2026-09-22T09:40:46.850262+00:00,3,21854,99
2026-09-22T09:40:51.921383+00:00,0,21854,91
2026-09-22T09:40:51.921383+00:00,1,21954,94
2026-09-22T09:40:51.921383+00:00,2,21874,98
2026-09-22T09:40:51.921383+00:00,3,21854,97
2026-09-22T09:40:56.992009+00:00,0,25794,99
2026-09-22T09:40:56.992009+00:00,1,25794,100
2026-09-22T09:40:56.992009+00:00,2,25834,99
2026-09-22T09:40:56.992009+00:00,3,25834,99
2026-09-22T09:41:02.069053+00:00,0,25834,98
2026-09-22T09:41:02.069053+00:00,1,25794,98
2026-09-22T09:41:02.069053+00:00,2,25834,98
2026-09-22T09:41:02.069053+00:00,3,25834,98
2026-09-22T09:41:07.132621+00:00,0,25834,99
2026-09-22T09:41:07.132621+00:00,1,25814,99
2026-09-22T09:41:07.132621+00:00,2,25834,99
2026-09-22T09:41:07.132621+00:00,3,25894,99
2026-09-22T09:41:12.208522+00:00,0,25834,100
2026-09-22T09:41:12.208522+00:00,1,25814,100
2026-09-22T09:41:12.208522+00:00,2,25834,99
2026-09-22T09:41:12.208522+00:00,3,25894,99
2026-09-22T09:41:17.285169+00:00,0,25834,98
2026-09-22T09:41:17.285169+00:00,1,25814,98
2026-09-22T09:41:17.285169+00:00,2,25834,98
2026-09-22T09:41:17.285169+00:00,3,25894,99
2026-09-22T09:41:22.359482+00:00,0,25834,100
2026-09-22T09:41:22.359482+00:00,1,25814,99
2026-09-22T09:41:22.359482+00:00,2,25834,99
2026-09-22T09:41:22.359482+00:00,3,25894,99
2026-09-22T09:41:27.434356+00:00,0,25834,94
2026-09-22T09:41:27.434356+00:00,1,25814,99
2026-09-22T09:41:27.434356+00:00,2,25834,91
2026-09-22T09:41:27.434356+00:00,3,25894,86
2026-09-22T09:41:32.513866+00:00,0,25834,95
2026-09-22T09:41:32.513866+00:00,1,25814,100
2026-09-22T09:41:32.513866+00:00,2,25834,85
2026-09-22T09:41:32.513866+00:00,3,25894,99
2026-09-22T09:41:37.584578+00:00,0,25834,99
2026-09-22T09:41:37.584578+00:00,1,25814,100
2026-09-22T09:41:37.584578+00:00,2,25834,91
2026-09-22T09:41:37.584578+00:00,3,25894,100
2026-09-22T09:41:42.648210+00:00,0,25834,86
2026-09-22T09:41:42.648210+00:00,1,25814,99
2026-09-22T09:41:42.648210+00:00,2,25834,99
2026-09-22T09:41:42.648210+00:00,3,25894,93
2026-09-22T09:41:47.706908+00:00,0,25834,99
2026-09-22T09:41:47.706908+00:00,1,25814,99
2026-09-22T09:41:47.706908+00:00,2,25834,99
2026-09-22T09:41:47.706908+00:00,3,25894,99
2026-09-22T09:41:52.771617+00:00,0,25834,99
2026-09-22T09:41:52.771617+00:00,1,25814,98
2026-09-22T09:41:52.771617+00:00,2,25834,99
2026-09-22T09:41:52.771617+00:00,3,25894,98
2026-09-22T09:41:57.843473+00:00,0,25854,99
2026-09-22T09:41:57.843473+00:00,1,25814,99
2026-09-22T09:41:57.843473+00:00,2,25834,99
2026-09-22T09:41:57.843473+00:00,3,25894,100
2026-09-22T09:42:02.915349+00:00,0,25854,89
2026-09-22T09:42:02.915349+00:00,1,25834,100
2026-09-22T09:42:02.915349+00:00,2,25834,99
2026-09-22T09:42:02.915349+00:00,3,25894,100
2026-09-22T09:42:07.988616+00:00,0,25854,99
2026-09-22T09:42:07.988616+00:00,1,25834,98
2026-09-22T09:42:07.988616+00:00,2,25834,98
2026-09-22T09:42:07.988616+00:00,3,25894,97
2026-09-22T09:42:13.062433+00:00,0,25854,99
2026-09-22T09:42:13.062433+00:00,1,25834,99
2026-09-22T09:42:13.062433+00:00,2,25834,99
2026-09-22T09:42:13.062433+00:00,3,25894,100
2026-09-22T09:42:18.135524+00:00,0,25854,96
2026-09-22T09:42:18.135524+00:00,1,25834,99
2026-09-22T09:42:18.135524+00:00,2,25834,90
2026-09-22T09:42:18.135524+00:00,3,25894,99
2026-09-22T09:42:23.199727+00:00,0,25854,90
2026-09-22T09:42:23.199727+00:00,1,25834,99
2026-09-22T09:42:23.199727+00:00,2,25834,98
2026-09-22T09:42:23.199727+00:00,3,25894,92
2026-09-22T09:42:28.263386+00:00,0,25854,99
2026-09-22T09:42:28.263386+00:00,1,25834,94
2026-09-22T09:42:28.263386+00:00,2,25834,95
2026-09-22T09:42:28.263386+00:00,3,25894,100
2026-09-22T09:42:33.334660+00:00,0,25854,97
2026-09-22T09:42:33.334660+00:00,1,25834,99
2026-09-22T09:42:33.334660+00:00,2,25834,98
2026-09-22T09:42:33.334660+00:00,3,25894,96
2026-09-22T09:42:38.395962+00:00,0,25854,93
2026-09-22T09:42:38.395962+00:00,1,25834,99
2026-09-22T09:42:38.395962+00:00,2,25834,99
2026-09-22T09:42:38.395962+00:00,3,25894,95
2026-09-22T09:42:43.470171+00:00,0,25854,95
2026-09-22T09:42:43.470171+00:00,1,25834,99
2026-09-22T09:42:43.470171+00:00,2,25834,96
2026-09-22T09:42:43.470171+00:00,3,25894,96
2026-09-22T09:42:48.546167+00:00,0,25854,99
2026-09-22T09:42:48.546167+00:00,1,25834,99
2026-09-22T09:42:48.546167+00:00,2,25834,99
2026-09-22T09:42:48.546167+00:00,3,25894,98
2026-09-22T09:42:53.607181+00:00,0,25854,94
2026-09-22T09:42:53.607181+00:00,1,25834,96
2026-09-22T09:42:53.607181+00:00,2,25834,99
2026-09-22T09:42:53.607181+00:00,3,25894,96
2026-09-22T09:42:58.680629+00:00,0,25854,94
2026-09-22T09:42:58.680629+00:00,1,25834,92
2026-09-22T09:42:58.680629+00:00,2,25834,95
2026-09-22T09:42:58.680629+00:00,3,25894,94
2026-09-22T09:43:03.755433+00:00,0,1596,0
2026-09-22T09:43:03.755433+00:00,1,5060,0
2026-09-22T09:43:03.755433+00:00,2,5040,0
2026-09-22T09:43:03.755433+00:00,3,1596,0
2026-09-22T09:43:08.818182+00:00,0,10096,7
2026-09-22T09:43:08.818182+00:00,1,10096,7
2026-09-22T09:43:08.818182+00:00,2,10076,7
2026-09-22T09:43:08.818182+00:00,3,10096,8
2026-09-22T09:43:13.879786+00:00,0,11242,7
2026-09-22T09:43:13.879786+00:00,1,11406,100
2026-09-22T09:43:13.879786+00:00,2,11406,100
2026-09-22T09:43:13.879786+00:00,3,11180,8
2026-09-22T09:43:18.940222+00:00,0,11646,15
2026-09-22T09:43:18.940222+00:00,1,11886,43
2026-09-22T09:43:18.940222+00:00,2,11886,29
2026-09-22T09:43:18.940222+00:00,3,11646,35
2026-09-22T09:43:24.001190+00:00,0,32492,8
2026-09-22T09:43:24.001190+00:00,1,32190,24
2026-09-22T09:43:24.001190+00:00,2,32620,74
2026-09-22T09:43:24.001190+00:00,3,32494,0
2026-09-22T09:43:29.054200+00:00,0,32642,67
2026-09-22T09:43:29.054200+00:00,1,32580,67
2026-09-22T09:43:29.054200+00:00,2,32620,59
2026-09-22T09:43:29.054200+00:00,3,32644,68
2026-09-22T09:43:34.107591+00:00,0,32642,66
2026-09-22T09:43:34.107591+00:00,1,32580,69
2026-09-22T09:43:34.107591+00:00,2,32620,64
2026-09-22T09:43:34.107591+00:00,3,32644,82
2026-09-22T09:43:39.169370+00:00,0,32642,65
2026-09-22T09:43:39.169370+00:00,1,32580,74
2026-09-22T09:43:39.169370+00:00,2,32620,66
2026-09-22T09:43:39.169370+00:00,3,32644,72
2026-09-22T09:43:44.237804+00:00,0,32642,68
2026-09-22T09:43:44.237804+00:00,1,32580,66
2026-09-22T09:43:44.237804+00:00,2,32620,65
2026-09-22T09:43:44.237804+00:00,3,32644,73
2026-09-22T09:43:49.322596+00:00,0,32642,68
2026-09-22T09:43:49.322596+00:00,1,32580,69
2026-09-22T09:43:49.322596+00:00,2,32620,68
2026-09-22T09:43:49.322596+00:00,3,32644,69
2026-09-22T09:43:54.402978+00:00,0,32642,67
2026-09-22T09:43:54.402978+00:00,1,32580,70
2026-09-22T09:43:54.402978+00:00,2,32620,71
2026-09-22T09:43:54.402978+00:00,3,32644,68
2026-09-22T09:43:59.487456+00:00,0,32642,70
2026-09-22T09:43:59.487456+00:00,1,32580,69
2026-09-22T09:43:59.487456+00:00,2,32620,72
2026-09-22T09:43:59.487456+00:00,3,32644,68
2026-09-22T09:44:04.574054+00:00,0,32642,69
2026-09-22T09:44:04.574054+00:00,1,32580,75
2026-09-22T09:44:04.574054+00:00,2,32620,69
2026-09-22T09:44:04.574054+00:00,3,32644,65
2026-09-22T09:44:09.657985+00:00,0,32642,69
2026-09-22T09:44:09.657985+00:00,1,32580,74
2026-09-22T09:44:09.657985+00:00,2,32620,76
2026-09-22T09:44:09.657985+00:00,3,32644,77
2026-09-22T09:44:14.739330+00:00,0,32642,69
2026-09-22T09:44:14.739330+00:00,1,32580,78
2026-09-22T09:44:14.739330+00:00,2,32620,76
2026-09-22T09:44:14.739330+00:00,3,32644,71
2026-09-22T09:44:19.824340+00:00,0,32642,72
2026-09-22T09:44:19.824340+00:00,1,32580,75
2026-09-22T09:44:19.824340+00:00,2,32620,72
2026-09-22T09:44:19.824340+00:00,3,32644,68
2026-09-22T09:44:24.907339+00:00,0,32642,73
2026-09-22T09:44:24.907339+00:00,1,32580,80
2026-09-22T09:44:24.907339+00:00,2,32620,73
2026-09-22T09:44:24.907339+00:00,3,32644,76
2026-09-22T09:44:29.990517+00:00,0,32642,76
2026-09-22T09:44:29.990517+00:00,1,32580,79
2026-09-22T09:44:29.990517+00:00,2,32620,78
2026-09-22T09:44:29.990517+00:00,3,32644,75
2026-09-22T09:44:35.072370+00:00,0,32642,83
2026-09-22T09:44:35.072370+00:00,1,32580,84
2026-09-22T09:44:35.072370+00:00,2,32620,78
2026-09-22T09:44:35.072370+00:00,3,32644,78
2026-09-22T09:44:40.144079+00:00,0,32642,83
2026-09-22T09:44:40.144079+00:00,1,32580,77
2026-09-22T09:44:40.144079+00:00,2,32620,79
2026-09-22T09:44:40.144079+00:00,3,32644,75
2026-09-22T09:44:45.217873+00:00,0,32642,75
2026-09-22T09:44:45.217873+00:00,1,32580,77
2026-09-22T09:44:45.217873+00:00,2,32620,79
2026-09-22T09:44:45.217873+00:00,3,32644,78
2026-09-22T09:44:50.301445+00:00,0,32642,79
2026-09-22T09:44:50.301445+00:00,1,32580,78
2026-09-22T09:44:50.301445+00:00,2,32620,79
2026-09-22T09:44:50.301445+00:00,3,32644,79
2026-09-22T09:44:55.387982+00:00,0,32642,83
2026-09-22T09:44:55.387982+00:00,1,32580,84
2026-09-22T09:44:55.387982+00:00,2,32620,76
2026-09-22T09:44:55.387982+00:00,3,32644,81
2026-09-22T09:45:00.467587+00:00,0,32642,78
2026-09-22T09:45:00.467587+00:00,1,32580,82
2026-09-22T09:45:00.467587+00:00,2,32620,81
2026-09-22T09:45:00.467587+00:00,3,32644,78
2026-09-22T09:45:05.554298+00:00,0,32642,80
2026-09-22T09:45:05.554298+00:00,1,32580,81
2026-09-22T09:45:05.554298+00:00,2,32620,78
2026-09-22T09:45:05.554298+00:00,3,32644,82
2026-09-22T09:45:10.625027+00:00,0,32642,79
2026-09-22T09:45:10.625027+00:00,1,32580,77
2026-09-22T09:45:10.625027+00:00,2,32620,77
2026-09-22T09:45:10.625027+00:00,3,32644,81
2026-09-22T09:45:15.709395+00:00,0,32642,78
2026-09-22T09:45:15.709395+00:00,1,32580,85
2026-09-22T09:45:15.709395+00:00,2,32620,81
2026-09-22T09:45:15.709395+00:00,3,32644,83
2026-09-22T09:45:20.777365+00:00,0,32642,84
2026-09-22T09:45:20.777365+00:00,1,32580,87
2026-09-22T09:45:20.777365+00:00,2,32620,82
2026-09-22T09:45:20.777365+00:00,3,32644,85
2026-09-22T09:45:25.843415+00:00,0,32642,86
2026-09-22T09:45:25.843415+00:00,1,32580,80
2026-09-22T09:45:25.843415+00:00,2,32620,81
2026-09-22T09:45:25.843415+00:00,3,32644,80
2026-09-22T09:45:30.917715+00:00,0,32642,88
2026-09-22T09:45:30.917715+00:00,1,32580,83
2026-09-22T09:45:30.917715+00:00,2,32620,79
2026-09-22T09:45:30.917715+00:00,3,32644,86
2026-09-22T09:45:35.989913+00:00,0,32642,85
2026-09-22T09:45:35.989913+00:00,1,32580,79
2026-09-22T09:45:35.989913+00:00,2,32620,84
2026-09-22T09:45:35.989913+00:00,3,32644,83
2026-09-22T09:45:41.072980+00:00,0,32642,82
2026-09-22T09:45:41.072980+00:00,1,32580,83
2026-09-22T09:45:41.072980+00:00,2,32620,81
2026-09-22T09:45:41.072980+00:00,3,32644,86
2026-09-22T09:45:46.139160+00:00,0,32642,82
2026-09-22T09:45:46.139160+00:00,1,32580,86
2026-09-22T09:45:46.139160+00:00,2,32620,87
2026-09-22T09:45:46.139160+00:00,3,32644,88
2026-09-22T09:45:51.202561+00:00,0,32642,86
2026-09-22T09:45:51.202561+00:00,1,32580,84
2026-09-22T09:45:51.202561+00:00,2,32620,86
2026-09-22T09:45:51.202561+00:00,3,32644,88
2026-09-22T09:45:56.279156+00:00,0,32642,85
2026-09-22T09:45:56.279156+00:00,1,32580,85
2026-09-22T09:45:56.279156+00:00,2,32620,87
2026-09-22T09:45:56.279156+00:00,3,32644,83
2026-09-22T09:46:01.352464+00:00,0,32642,87
2026-09-22T09:46:01.352464+00:00,1,32580,81
2026-09-22T09:46:01.352464+00:00,2,32620,84
2026-09-22T09:46:01.352464+00:00,3,32644,91
2026-09-22T09:46:06.422377+00:00,0,32642,84
2026-09-22T09:46:06.422377+00:00,1,32580,85
2026-09-22T09:46:06.422377+00:00,2,32620,85
2026-09-22T09:46:06.422377+00:00,3,32644,84
2026-09-22T09:46:11.494864+00:00,0,32642,87
2026-09-22T09:46:11.494864+00:00,1,32580,88
2026-09-22T09:46:11.494864+00:00,2,32620,87
2026-09-22T09:46:11.494864+00:00,3,32644,85
2026-09-22T09:46:16.571428+00:00,0,32642,87
2026-09-22T09:46:16.571428+00:00,1,32580,86
2026-09-22T09:46:16.571428+00:00,2,32620,87
2026-09-22T09:46:16.571428+00:00,3,32644,84
2026-09-22T09:46:21.634964+00:00,0,32642,81
2026-09-22T09:46:21.634964+00:00,1,32580,82
2026-09-22T09:46:21.634964+00:00,2,32620,81
2026-09-22T09:46:21.634964+00:00,3,32644,84
2026-09-22T09:46:26.719562+00:00,0,32642,80
2026-09-22T09:46:26.719562+00:00,1,32580,83
2026-09-22T09:46:26.719562+00:00,2,32620,81
2026-09-22T09:46:26.719562+00:00,3,32644,84
2026-09-22T09:46:31.786791+00:00,0,32642,82
2026-09-22T09:46:31.786791+00:00,1,32580,85
2026-09-22T09:46:31.786791+00:00,2,32620,83
2026-09-22T09:46:31.786791+00:00,3,32644,84
2026-09-22T09:46:36.860034+00:00,0,32642,82
2026-09-22T09:46:36.860034+00:00,1,32580,82
2026-09-22T09:46:36.860034+00:00,2,32620,86
2026-09-22T09:46:36.860034+00:00,3,32644,84
2026-09-22T09:46:41.921026+00:00,0,32642,86
2026-09-22T09:46:41.921026+00:00,1,32580,85
2026-09-22T09:46:41.921026+00:00,2,32620,84
2026-09-22T09:46:41.921026+00:00,3,32644,94
2026-09-22T09:46:46.991074+00:00,0,32642,85
2026-09-22T09:46:46.991074+00:00,1,32580,89
2026-09-22T09:46:46.991074+00:00,2,32620,86
2026-09-22T09:46:46.991074+00:00,3,32644,92
2026-09-22T09:46:52.063449+00:00,0,32642,91
2026-09-22T09:46:52.063449+00:00,1,32580,82
2026-09-22T09:46:52.063449+00:00,2,32620,86
2026-09-22T09:46:52.063449+00:00,3,32644,89
2026-09-22T09:46:57.128658+00:00,0,32642,92
2026-09-22T09:46:57.128658+00:00,1,32580,87
2026-09-22T09:46:57.128658+00:00,2,32620,85
2026-09-22T09:46:57.128658+00:00,3,32644,85
2026-09-22T09:47:02.202190+00:00,0,32642,86
2026-09-22T09:47:02.202190+00:00,1,32580,88
2026-09-22T09:47:02.202190+00:00,2,32620,86
2026-09-22T09:47:02.202190+00:00,3,32644,86
2026-09-22T09:47:07.275683+00:00,0,32642,86
2026-09-22T09:47:07.275683+00:00,1,32580,85
2026-09-22T09:47:07.275683+00:00,2,32620,87
2026-09-22T09:47:07.275683+00:00,3,32644,86
2026-09-22T09:47:12.339423+00:00,0,32642,88
2026-09-22T09:47:12.339423+00:00,1,32580,82
2026-09-22T09:47:12.339423+00:00,2,32620,83
2026-09-22T09:47:12.339423+00:00,3,32644,87
2026-09-22T09:47:17.413783+00:00,0,32642,84
2026-09-22T09:47:17.413783+00:00,1,32580,80
2026-09-22T09:47:17.413783+00:00,2,32620,85
2026-09-22T09:47:17.413783+00:00,3,32644,84
2026-09-22T09:47:22.492321+00:00,0,32642,84
2026-09-22T09:47:22.492321+00:00,1,32580,85
2026-09-22T09:47:22.492321+00:00,2,32620,91
2026-09-22T09:47:22.492321+00:00,3,32644,85
2026-09-22T09:47:27.566344+00:00,0,32642,86
2026-09-22T09:47:27.566344+00:00,1,32580,89
2026-09-22T09:47:27.566344+00:00,2,32620,87
2026-09-22T09:47:27.566344+00:00,3,32644,91
2026-09-22T09:47:32.633803+00:00,0,32642,85
2026-09-22T09:47:32.633803+00:00,1,32580,89
2026-09-22T09:47:32.633803+00:00,2,32620,86
2026-09-22T09:47:32.633803+00:00,3,32644,86
2026-09-22T09:47:37.710905+00:00,0,32642,87
2026-09-22T09:47:37.710905+00:00,1,32580,86
2026-09-22T09:47:37.710905+00:00,2,32620,87
2026-09-22T09:47:37.710905+00:00,3,32644,85
2026-09-22T09:47:42.782492+00:00,0,32642,79
2026-09-22T09:47:42.782492+00:00,1,32580,0
2026-09-22T09:47:42.782492+00:00,2,32620,87
2026-09-22T09:47:42.782492+00:00,3,32644,90
2026-09-22T09:47:47.853945+00:00,0,32642,0
2026-09-22T09:47:47.853945+00:00,1,32580,0
2026-09-22T09:47:47.853945+00:00,2,32620,78
2026-09-22T09:47:47.853945+00:00,3,32644,82
2026-09-22T09:47:52.930535+00:00,0,7826,94
2026-09-22T09:47:52.930535+00:00,1,7126,95
2026-09-22T09:47:52.930535+00:00,2,7806,95
2026-09-22T09:47:52.930535+00:00,3,7826,94
2026-09-22T09:47:58.004730+00:00,0,8590,99
2026-09-22T09:47:58.004730+00:00,1,7890,99
2026-09-22T09:47:58.004730+00:00,2,8530,96
2026-09-22T09:47:58.004730+00:00,3,8550,96
2026-09-22T09:48:03.071951+00:00,0,8896,99
2026-09-22T09:48:03.071951+00:00,1,8236,99
2026-09-22T09:48:03.071951+00:00,2,8876,99
2026-09-22T09:48:03.071951+00:00,3,8896,99
2026-09-22T09:48:08.140600+00:00,0,9180,99
2026-09-22T09:48:08.140600+00:00,1,8540,99
2026-09-22T09:48:08.140600+00:00,2,9160,99
2026-09-22T09:48:08.140600+00:00,3,9180,99
2026-09-22T09:48:13.209623+00:00,0,9464,99
2026-09-22T09:48:13.209623+00:00,1,8824,99
2026-09-22T09:48:13.209623+00:00,2,9464,99
2026-09-22T09:48:13.209623+00:00,3,9444,99
2026-09-22T09:48:18.276165+00:00,0,9630,99
2026-09-22T09:48:18.276165+00:00,1,9008,99
2026-09-22T09:48:18.276165+00:00,2,9590,99
2026-09-22T09:48:18.276165+00:00,3,9630,99
2026-09-22T09:48:23.345851+00:00,0,9634,99
2026-09-22T09:48:23.345851+00:00,1,9034,99
2026-09-22T09:48:23.345851+00:00,2,9654,99
2026-09-22T09:48:23.345851+00:00,3,9634,99
2026-09-22T09:48:28.415554+00:00,0,9638,99
2026-09-22T09:48:28.415554+00:00,1,9038,99
2026-09-22T09:48:28.415554+00:00,2,9658,99
2026-09-22T09:48:28.415554+00:00,3,9638,99
2026-09-22T09:48:33.497111+00:00,0,9642,99
2026-09-22T09:48:33.497111+00:00,1,9042,99
2026-09-22T09:48:33.497111+00:00,2,9662,99
2026-09-22T09:48:33.497111+00:00,3,9642,99
2026-09-22T09:48:38.592158+00:00,0,9648,99
2026-09-22T09:48:38.592158+00:00,1,9046,99
2026-09-22T09:48:38.592158+00:00,2,9668,99
2026-09-22T09:48:38.592158+00:00,3,9646,99
2026-09-22T09:48:43.660390+00:00,0,9652,99
2026-09-22T09:48:43.660390+00:00,1,9050,99
2026-09-22T09:48:43.660390+00:00,2,9670,97
2026-09-22T09:48:43.660390+00:00,3,9652,99
2026-09-22T09:48:48.729536+00:00,0,19856,94
2026-09-22T09:48:48.729536+00:00,1,19216,99
2026-09-22T09:48:48.729536+00:00,2,19196,99
2026-09-22T09:48:48.729536+00:00,3,19756,95
2026-09-22T09:48:53.798159+00:00,0,20298,99
2026-09-22T09:48:53.798159+00:00,1,20178,99
2026-09-22T09:48:53.798159+00:00,2,19798,94
2026-09-22T09:48:53.798159+00:00,3,20278,95
2026-09-22T09:48:58.870222+00:00,0,20302,99
2026-09-22T09:48:58.870222+00:00,1,20182,99
2026-09-22T09:48:58.870222+00:00,2,20502,98
2026-09-22T09:48:58.870222+00:00,3,20282,89
2026-09-22T09:49:03.931831+00:00,0,20504,97
2026-09-22T09:49:03.931831+00:00,1,20424,97
2026-09-22T09:49:03.931831+00:00,2,20504,99
2026-09-22T09:49:03.931831+00:00,3,20524,99
2026-09-22T09:49:08.997952+00:00,0,20506,97
2026-09-22T09:49:08.997952+00:00,1,20426,97
2026-09-22T09:49:08.997952+00:00,2,20506,97
2026-09-22T09:49:08.997952+00:00,3,20526,97
2026-09-22T09:49:14.060457+00:00,0,20508,97
2026-09-22T09:49:14.060457+00:00,1,20428,97
2026-09-22T09:49:14.060457+00:00,2,20508,96
2026-09-22T09:49:14.060457+00:00,3,20528,97
2026-09-22T09:49:19.131645+00:00,0,20514,92
2026-09-22T09:49:19.131645+00:00,1,20434,99
2026-09-22T09:49:19.131645+00:00,2,20514,93
2026-09-22T09:49:19.131645+00:00,3,20534,93
2026-09-22T09:49:24.206425+00:00,0,20514,90
2026-09-22T09:49:24.206425+00:00,1,20434,100
2026-09-22T09:49:24.206425+00:00,2,20514,99
2026-09-22T09:49:24.206425+00:00,3,20534,99
2026-09-22T09:49:29.279889+00:00,0,24974,99
2026-09-22T09:49:29.279889+00:00,1,25074,99
2026-09-22T09:49:29.279889+00:00,2,24974,99
2026-09-22T09:49:29.279889+00:00,3,25194,97
2026-09-22T09:49:34.351101+00:00,0,25714,99
2026-09-22T09:49:34.351101+00:00,1,25714,100
2026-09-22T09:49:34.351101+00:00,2,25714,100
2026-09-22T09:49:34.351101+00:00,3,25734,99
2026-09-22T09:49:39.424323+00:00,0,25714,99
2026-09-22T09:49:39.424323+00:00,1,25754,98
2026-09-22T09:49:39.424323+00:00,2,25734,98
2026-09-22T09:49:39.424323+00:00,3,25774,98
2026-09-22T09:49:44.496613+00:00,0,25714,99
2026-09-22T09:49:44.496613+00:00,1,25754,99
2026-09-22T09:49:44.496613+00:00,2,25734,99
2026-09-22T09:49:44.496613+00:00,3,25774,99
2026-09-22T09:49:49.573528+00:00,0,25754,98
2026-09-22T09:49:49.573528+00:00,1,25754,100
2026-09-22T09:49:49.573528+00:00,2,25734,99
2026-09-22T09:49:49.573528+00:00,3,25774,99
2026-09-22T09:49:54.648551+00:00,0,25754,98
2026-09-22T09:49:54.648551+00:00,1,25754,98
2026-09-22T09:49:54.648551+00:00,2,25734,98
2026-09-22T09:49:54.648551+00:00,3,25774,99
2026-09-22T09:49:59.711964+00:00,0,25754,95
2026-09-22T09:49:59.711964+00:00,1,25754,88
2026-09-22T09:49:59.711964+00:00,2,25734,94
2026-09-22T09:49:59.711964+00:00,3,25774,93
2026-09-22T09:50:04.784541+00:00,0,25754,92
2026-09-22T09:50:04.784541+00:00,1,25754,99
2026-09-22T09:50:04.784541+00:00,2,25734,94
2026-09-22T09:50:04.784541+00:00,3,25774,96
2026-09-22T09:50:09.860939+00:00,0,25754,99
2026-09-22T09:50:09.860939+00:00,1,25754,86
2026-09-22T09:50:09.860939+00:00,2,25734,90
2026-09-22T09:50:09.860939+00:00,3,25774,93
2026-09-22T09:50:14.931391+00:00,0,25754,84
2026-09-22T09:50:14.931391+00:00,1,25754,100
2026-09-22T09:50:14.931391+00:00,2,25734,98
2026-09-22T09:50:14.931391+00:00,3,25774,88
2026-09-22T09:50:20.002005+00:00,0,25754,97
2026-09-22T09:50:20.002005+00:00,1,25754,100
2026-09-22T09:50:20.002005+00:00,2,25734,99
2026-09-22T09:50:20.002005+00:00,3,25774,86
2026-09-22T09:50:25.075328+00:00,0,25754,99
2026-09-22T09:50:25.075328+00:00,1,25754,87
2026-09-22T09:50:25.075328+00:00,2,25814,99
2026-09-22T09:50:25.075328+00:00,3,25774,99
2026-09-22T09:50:30.155498+00:00,0,25754,99
2026-09-22T09:50:30.155498+00:00,1,25754,99
2026-09-22T09:50:30.155498+00:00,2,25814,100
2026-09-22T09:50:30.155498+00:00,3,25794,99
2026-09-22T09:50:35.231933+00:00,0,25834,99
2026-09-22T09:50:35.231933+00:00,1,25774,99
2026-09-22T09:50:35.231933+00:00,2,25814,100
2026-09-22T09:50:35.231933+00:00,3,25794,98
2026-09-22T09:50:40.311936+00:00,0,25834,99
2026-09-22T09:50:40.311936+00:00,1,25774,98
2026-09-22T09:50:40.311936+00:00,2,25814,98
2026-09-22T09:50:40.311936+00:00,3,25794,98
2026-09-22T09:50:45.386459+00:00,0,25834,99
2026-09-22T09:50:45.386459+00:00,1,25774,99
2026-09-22T09:50:45.386459+00:00,2,25814,100
2026-09-22T09:50:45.386459+00:00,3,25794,99
2026-09-22T09:50:50.459363+00:00,0,25834,99
2026-09-22T09:50:50.459363+00:00,1,25774,99
2026-09-22T09:50:50.459363+00:00,2,25814,99
2026-09-22T09:50:50.459363+00:00,3,25794,99
2026-09-22T09:50:55.534682+00:00,0,25834,93
2026-09-22T09:50:55.534682+00:00,1,25774,99
2026-09-22T09:50:55.534682+00:00,2,25814,99
2026-09-22T09:50:55.534682+00:00,3,25794,93
2026-09-22T09:51:00.605187+00:00,0,25834,91
2026-09-22T09:51:00.605187+00:00,1,25774,99
2026-09-22T09:51:00.605187+00:00,2,25814,91
2026-09-22T09:51:00.605187+00:00,3,25794,99
2026-09-22T09:51:05.682040+00:00,0,25834,96
2026-09-22T09:51:05.682040+00:00,1,25774,97
2026-09-22T09:51:05.682040+00:00,2,25814,99
2026-09-22T09:51:05.682040+00:00,3,25794,99
2026-09-22T09:51:10.755987+00:00,0,25834,99
2026-09-22T09:51:10.755987+00:00,1,25774,99
2026-09-22T09:51:10.755987+00:00,2,25814,94
2026-09-22T09:51:10.755987+00:00,3,25794,94
2026-09-22T09:51:15.833838+00:00,0,25834,97
2026-09-22T09:51:15.833838+00:00,1,25774,98
2026-09-22T09:51:15.833838+00:00,2,25814,99
2026-09-22T09:51:15.833838+00:00,3,25794,99
2026-09-22T09:51:20.906746+00:00,0,25834,97
2026-09-22T09:51:20.906746+00:00,1,25774,99
2026-09-22T09:51:20.906746+00:00,2,25814,99
2026-09-22T09:51:20.906746+00:00,3,25794,99
2026-09-22T09:51:25.980177+00:00,0,25834,96
2026-09-22T09:51:25.980177+00:00,1,25774,99
2026-09-22T09:51:25.980177+00:00,2,25814,96
2026-09-22T09:51:25.980177+00:00,3,25794,99
2026-09-22T09:51:31.044389+00:00,0,25834,97
2026-09-22T09:51:31.044389+00:00,1,25774,99
2026-09-22T09:51:31.044389+00:00,2,25814,97
2026-09-22T09:51:31.044389+00:00,3,25794,99
2026-09-22T09:51:36.119385+00:00,0,10178,65
2026-09-22T09:51:36.119385+00:00,1,10258,84
2026-09-22T09:51:36.119385+00:00,2,10258,83
2026-09-22T09:51:36.119385+00:00,3,10178,74
2026-09-22T09:51:41.184535+00:00,0,10096,7
2026-09-22T09:51:41.184535+00:00,1,10382,8
2026-09-22T09:51:41.184535+00:00,2,10076,6
2026-09-22T09:51:41.184535+00:00,3,10096,5
2026-09-22T09:51:46.244161+00:00,0,11426,34
2026-09-22T09:51:46.244161+00:00,1,11406,33
2026-09-22T09:51:46.244161+00:00,2,11406,29
2026-09-22T09:51:46.244161+00:00,3,11426,22
2026-09-22T09:51:51.304076+00:00,0,5208,12
2026-09-22T09:51:51.304076+00:00,1,5208,16
2026-09-22T09:51:51.304076+00:00,2,5188,17
2026-09-22T09:51:51.304076+00:00,3,5208,20
2026-09-22T09:51:56.353718+00:00,0,33322,64
2026-09-22T09:51:56.353718+00:00,1,33214,69
2026-09-22T09:51:56.353718+00:00,2,33028,66
2026-09-22T09:51:56.353718+00:00,3,33106,71
2026-09-22T09:52:01.414976+00:00,0,33322,70
2026-09-22T09:52:01.414976+00:00,1,33214,68
2026-09-22T09:52:01.414976+00:00,2,33028,66
2026-09-22T09:52:01.414976+00:00,3,33106,69
2026-09-22T09:52:06.480114+00:00,0,33322,71
2026-09-22T09:52:06.480114+00:00,1,33214,71
2026-09-22T09:52:06.480114+00:00,2,33028,71
2026-09-22T09:52:06.480114+00:00,3,33106,72
2026-09-22T09:52:11.547627+00:00,0,33322,69
2026-09-22T09:52:11.547627+00:00,1,33214,69
2026-09-22T09:52:11.547627+00:00,2,33028,68
2026-09-22T09:52:11.547627+00:00,3,33106,72
2026-09-22T09:52:16.614543+00:00,0,33322,68
2026-09-22T09:52:16.614543+00:00,1,33214,65
2026-09-22T09:52:16.614543+00:00,2,33028,61
2026-09-22T09:52:16.614543+00:00,3,33106,69
2026-09-22T09:52:21.695706+00:00,0,33322,68
2026-09-22T09:52:21.695706+00:00,1,33214,67
2026-09-22T09:52:21.695706+00:00,2,33028,71
2026-09-22T09:52:21.695706+00:00,3,33106,71
2026-09-22T09:52:26.783462+00:00,0,33322,69
2026-09-22T09:52:26.783462+00:00,1,33214,69
2026-09-22T09:52:26.783462+00:00,2,33028,67
2026-09-22T09:52:26.783462+00:00,3,33106,70
2026-09-22T09:52:31.870052+00:00,0,33322,70
2026-09-22T09:52:31.870052+00:00,1,33214,70
2026-09-22T09:52:31.870052+00:00,2,33028,74
2026-09-22T09:52:31.870052+00:00,3,33106,71
2026-09-22T09:52:36.954836+00:00,0,33322,76
2026-09-22T09:52:36.954836+00:00,1,33214,76
2026-09-22T09:52:36.954836+00:00,2,33028,78
2026-09-22T09:52:36.954836+00:00,3,33106,71
2026-09-22T09:52:42.019425+00:00,0,33322,70
2026-09-22T09:52:42.019425+00:00,1,33214,71
2026-09-22T09:52:42.019425+00:00,2,33028,79
2026-09-22T09:52:42.019425+00:00,3,33106,73
2026-09-22T09:52:47.105193+00:00,0,33322,76
2026-09-22T09:52:47.105193+00:00,1,33214,75
2026-09-22T09:52:47.105193+00:00,2,33028,76
2026-09-22T09:52:47.105193+00:00,3,33106,72
2026-09-22T09:52:52.195905+00:00,0,33322,75
2026-09-22T09:52:52.195905+00:00,1,33214,80
2026-09-22T09:52:52.195905+00:00,2,33028,77
2026-09-22T09:52:52.195905+00:00,3,33106,82
2026-09-22T09:52:57.272170+00:00,0,33322,76
2026-09-22T09:52:57.272170+00:00,1,33214,78
2026-09-22T09:52:57.272170+00:00,2,33028,79
2026-09-22T09:52:57.272170+00:00,3,33106,79
2026-09-22T09:53:02.362711+00:00,0,33322,76
2026-09-22T09:53:02.362711+00:00,1,33214,72
2026-09-22T09:53:02.362711+00:00,2,33028,82
2026-09-22T09:53:02.362711+00:00,3,33106,73
2026-09-22T09:53:07.442940+00:00,0,33322,78
2026-09-22T09:53:07.442940+00:00,1,33214,80
2026-09-22T09:53:07.442940+00:00,2,33028,85
2026-09-22T09:53:07.442940+00:00,3,33106,82
2026-09-22T09:53:12.513443+00:00,0,33322,79
2026-09-22T09:53:12.513443+00:00,1,33214,76
2026-09-22T09:53:12.513443+00:00,2,33028,79
2026-09-22T09:53:12.513443+00:00,3,33106,76
2026-09-22T09:53:17.599820+00:00,0,33322,79
2026-09-22T09:53:17.599820+00:00,1,33214,78
2026-09-22T09:53:17.599820+00:00,2,33028,77
2026-09-22T09:53:17.599820+00:00,3,33106,80
2026-09-22T09:53:22.672903+00:00,0,33322,77
2026-09-22T09:53:22.672903+00:00,1,33214,77
2026-09-22T09:53:22.672903+00:00,2,33028,81
2026-09-22T09:53:22.672903+00:00,3,33106,81
2026-09-22T09:53:27.748187+00:00,0,33322,83
2026-09-22T09:53:27.748187+00:00,1,33214,76
2026-09-22T09:53:27.748187+00:00,2,33028,80
2026-09-22T09:53:27.748187+00:00,3,33106,84
2026-09-22T09:53:32.820804+00:00,0,33322,77
2026-09-22T09:53:32.820804+00:00,1,33214,83
2026-09-22T09:53:32.820804+00:00,2,33028,79
2026-09-22T09:53:32.820804+00:00,3,33106,78
2026-09-22T09:53:37.893709+00:00,0,33322,76
2026-09-22T09:53:37.893709+00:00,1,33214,82
2026-09-22T09:53:37.893709+00:00,2,33028,79
2026-09-22T09:53:37.893709+00:00,3,33106,83
2026-09-22T09:53:42.964443+00:00,0,33322,80
2026-09-22T09:53:42.964443+00:00,1,33214,82
2026-09-22T09:53:42.964443+00:00,2,33028,87
2026-09-22T09:53:42.964443+00:00,3,33106,84
2026-09-22T09:53:48.035037+00:00,0,33322,77
2026-09-22T09:53:48.035037+00:00,1,33214,81
2026-09-22T09:53:48.035037+00:00,2,33028,78
2026-09-22T09:53:48.035037+00:00,3,33106,79
2026-09-22T09:53:53.125671+00:00,0,33322,82
2026-09-22T09:53:53.125671+00:00,1,33214,78
2026-09-22T09:53:53.125671+00:00,2,33028,79
2026-09-22T09:53:53.125671+00:00,3,33106,80
2026-09-22T09:53:58.207856+00:00,0,33322,90
2026-09-22T09:53:58.207856+00:00,1,33214,82
2026-09-22T09:53:58.207856+00:00,2,33028,82
2026-09-22T09:53:58.207856+00:00,3,33106,83
2026-09-22T09:54:03.277310+00:00,0,33322,83
2026-09-22T09:54:03.277310+00:00,1,33214,84
2026-09-22T09:54:03.277310+00:00,2,33028,80
2026-09-22T09:54:03.277310+00:00,3,33106,86
2026-09-22T09:54:08.348716+00:00,0,33322,84
2026-09-22T09:54:08.348716+00:00,1,33214,83
2026-09-22T09:54:08.348716+00:00,2,33028,90
2026-09-22T09:54:08.348716+00:00,3,33106,82
2026-09-22T09:54:13.420571+00:00,0,33322,78
2026-09-22T09:54:13.420571+00:00,1,33214,79
2026-09-22T09:54:13.420571+00:00,2,33028,81
2026-09-22T09:54:13.420571+00:00,3,33106,81
2026-09-22T09:54:18.516473+00:00,0,33322,89
2026-09-22T09:54:18.516473+00:00,1,33214,85
2026-09-22T09:54:18.516473+00:00,2,33028,82
2026-09-22T09:54:18.516473+00:00,3,33106,85
2026-09-22T09:54:23.587002+00:00,0,33322,87
2026-09-22T09:54:23.587002+00:00,1,33214,85
2026-09-22T09:54:23.587002+00:00,2,33028,85
2026-09-22T09:54:23.587002+00:00,3,33106,83
2026-09-22T09:54:28.657901+00:00,0,33322,82
2026-09-22T09:54:28.657901+00:00,1,33214,87
2026-09-22T09:54:28.657901+00:00,2,33028,86
2026-09-22T09:54:28.657901+00:00,3,33106,86
2026-09-22T09:54:33.729958+00:00,0,33322,86
2026-09-22T09:54:33.729958+00:00,1,33214,89
2026-09-22T09:54:33.729958+00:00,2,33028,84
2026-09-22T09:54:33.729958+00:00,3,33106,86
2026-09-22T09:54:38.805770+00:00,0,33322,78
2026-09-22T09:54:38.805770+00:00,1,33214,82
2026-09-22T09:54:38.805770+00:00,2,33028,83
2026-09-22T09:54:38.805770+00:00,3,33106,83
2026-09-22T09:54:43.894527+00:00,0,33322,81
2026-09-22T09:54:43.894527+00:00,1,33214,84
2026-09-22T09:54:43.894527+00:00,2,33028,82
2026-09-22T09:54:43.894527+00:00,3,33106,84
2026-09-22T09:54:48.975113+00:00,0,33322,82
2026-09-22T09:54:48.975113+00:00,1,33214,84
2026-09-22T09:54:48.975113+00:00,2,33028,82
2026-09-22T09:54:48.975113+00:00,3,33106,76
2026-09-22T09:54:54.094629+00:00,0,33322,84
2026-09-22T09:54:54.094629+00:00,1,33214,87
2026-09-22T09:54:54.094629+00:00,2,33028,87
2026-09-22T09:54:54.094629+00:00,3,33106,85
2026-09-22T09:54:59.168962+00:00,0,33322,84
2026-09-22T09:54:59.168962+00:00,1,33214,86
2026-09-22T09:54:59.168962+00:00,2,33028,83
2026-09-22T09:54:59.168962+00:00,3,33106,83
2026-09-22T09:55:04.244236+00:00,0,33322,87
2026-09-22T09:55:04.244236+00:00,1,33214,83
2026-09-22T09:55:04.244236+00:00,2,33028,82
2026-09-22T09:55:04.244236+00:00,3,33106,84
2026-09-22T09:55:09.319312+00:00,0,33322,85
2026-09-22T09:55:09.319312+00:00,1,33214,87
2026-09-22T09:55:09.319312+00:00,2,33028,84
2026-09-22T09:55:09.319312+00:00,3,33106,84
2026-09-22T09:55:14.386391+00:00,0,33322,85
2026-09-22T09:55:14.386391+00:00,1,33214,86
2026-09-22T09:55:14.386391+00:00,2,33028,85
2026-09-22T09:55:14.386391+00:00,3,33106,86
2026-09-22T09:55:19.456927+00:00,0,33322,90
2026-09-22T09:55:19.456927+00:00,1,33214,81
2026-09-22T09:55:19.456927+00:00,2,33028,88
2026-09-22T09:55:19.456927+00:00,3,33106,84
2026-09-22T09:55:24.525172+00:00,0,33322,86
2026-09-22T09:55:24.525172+00:00,1,33214,86
2026-09-22T09:55:24.525172+00:00,2,33028,91
2026-09-22T09:55:24.525172+00:00,3,33106,83
2026-09-22T09:55:29.597931+00:00,0,33322,85
2026-09-22T09:55:29.597931+00:00,1,33214,86
2026-09-22T09:55:29.597931+00:00,2,33028,86
2026-09-22T09:55:29.597931+00:00,3,33106,88
2026-09-22T09:55:34.671920+00:00,0,33322,81
2026-09-22T09:55:34.671920+00:00,1,33214,84
2026-09-22T09:55:34.671920+00:00,2,33028,86
2026-09-22T09:55:34.671920+00:00,3,33106,84
2026-09-22T09:55:39.746451+00:00,0,33322,91
2026-09-22T09:55:39.746451+00:00,1,33214,87
2026-09-22T09:55:39.746451+00:00,2,33028,85
2026-09-22T09:55:39.746451+00:00,3,33106,84
2026-09-22T09:55:44.824350+00:00,0,33322,88
2026-09-22T09:55:44.824350+00:00,1,33214,84
2026-09-22T09:55:44.824350+00:00,2,33028,93
2026-09-22T09:55:44.824350+00:00,3,33106,86
2026-09-22T09:55:49.902908+00:00,0,33322,88
2026-09-22T09:55:49.902908+00:00,1,33214,83
2026-09-22T09:55:49.902908+00:00,2,33028,85
2026-09-22T09:55:49.902908+00:00,3,33106,87
2026-09-22T09:55:54.974450+00:00,0,33322,86
2026-09-22T09:55:54.974450+00:00,1,33214,88
2026-09-22T09:55:54.974450+00:00,2,33028,88
2026-09-22T09:55:54.974450+00:00,3,33106,84
2026-09-22T09:56:00.050685+00:00,0,33322,85
2026-09-22T09:56:00.050685+00:00,1,33214,83
2026-09-22T09:56:00.050685+00:00,2,33028,90
2026-09-22T09:56:00.050685+00:00,3,33106,85
2026-09-22T09:56:05.133408+00:00,0,33322,85
2026-09-22T09:56:05.133408+00:00,1,33214,82
2026-09-22T09:56:05.133408+00:00,2,33028,87
2026-09-22T09:56:05.133408+00:00,3,33106,87
2026-09-22T09:56:10.205086+00:00,0,33322,79
2026-09-22T09:56:10.205086+00:00,1,33214,0
2026-09-22T09:56:10.205086+00:00,2,33028,0
2026-09-22T09:56:10.205086+00:00,3,33106,86
2026-09-22T09:56:15.269015+00:00,0,33322,0
2026-09-22T09:56:15.269015+00:00,1,33214,0
2026-09-22T09:56:15.269015+00:00,2,33028,0
2026-09-22T09:56:15.269015+00:00,3,33106,85
2026-09-22T09:56:20.332933+00:00,0,29734,67
2026-09-22T09:56:20.332933+00:00,1,29622,0
2026-09-22T09:56:20.332933+00:00,2,28436,0
2026-09-22T09:56:20.332933+00:00,3,27554,0
2026-09-22T09:56:25.404615+00:00,0,8188,97
2026-09-22T09:56:25.404615+00:00,1,7508,98
2026-09-22T09:56:25.404615+00:00,2,8208,96
2026-09-22T09:56:25.404615+00:00,3,8228,96
2026-09-22T09:56:30.472705+00:00,0,8614,99
2026-09-22T09:56:30.472705+00:00,1,7934,99
2026-09-22T09:56:30.472705+00:00,2,8574,99
2026-09-22T09:56:30.472705+00:00,3,8574,99
2026-09-22T09:56:35.536192+00:00,0,8938,99
2026-09-22T09:56:35.536192+00:00,1,8278,99
2026-09-22T09:56:35.536192+00:00,2,8918,99
2026-09-22T09:56:35.536192+00:00,3,8918,99
2026-09-22T09:56:40.604917+00:00,0,9302,99
2026-09-22T09:56:40.604917+00:00,1,8642,99
2026-09-22T09:56:40.604917+00:00,2,9282,99
2026-09-22T09:56:40.604917+00:00,3,9302,99
2026-09-22T09:56:45.668297+00:00,0,9566,99
2026-09-22T09:56:45.668297+00:00,1,8946,99
2026-09-22T09:56:45.668297+00:00,2,9566,99
2026-09-22T09:56:45.668297+00:00,3,9586,99
2026-09-22T09:56:50.736685+00:00,0,9652,99
2026-09-22T09:56:50.736685+00:00,1,9032,99
2026-09-22T09:56:50.736685+00:00,2,9632,99
2026-09-22T09:56:50.736685+00:00,3,9652,99
2026-09-22T09:56:55.799901+00:00,0,9656,99
2026-09-22T09:56:55.799901+00:00,1,9036,99
2026-09-22T09:56:55.799901+00:00,2,9636,95
2026-09-22T09:56:55.799901+00:00,3,9656,99
2026-09-22T09:57:00.871369+00:00,0,9660,99
2026-09-22T09:57:00.871369+00:00,1,9040,96
2026-09-22T09:57:00.871369+00:00,2,9640,98
2026-09-22T09:57:00.871369+00:00,3,9660,99
2026-09-22T09:57:05.939573+00:00,0,9664,99
2026-09-22T09:57:05.939573+00:00,1,9044,98
2026-09-22T09:57:05.939573+00:00,2,9644,99
2026-09-22T09:57:05.939573+00:00,3,9664,98
2026-09-22T09:57:11.009681+00:00,0,9668,98
2026-09-22T09:57:11.009681+00:00,1,9048,99
2026-09-22T09:57:11.009681+00:00,2,9648,99
2026-09-22T09:57:11.009681+00:00,3,9668,99
2026-09-22T09:57:16.076504+00:00,0,15404,99
2026-09-22T09:57:16.076504+00:00,1,15946,74
2026-09-22T09:57:16.076504+00:00,2,18824,82
2026-09-22T09:57:16.076504+00:00,3,18804,57
2026-09-22T09:57:21.194104+00:00,0,18998,97
2026-09-22T09:57:21.194104+00:00,1,19598,97
2026-09-22T09:57:21.194104+00:00,2,19478,97
2026-09-22T09:57:21.194104+00:00,3,19738,99
2026-09-22T09:57:26.256951+00:00,0,21460,99
2026-09-22T09:57:26.256951+00:00,1,20820,97
2026-09-22T09:57:26.256951+00:00,2,21400,98
2026-09-22T09:57:26.256951+00:00,3,21200,98
2026-09-22T09:57:31.327711+00:00,0,21904,98
2026-09-22T09:57:31.327711+00:00,1,21884,99
2026-09-22T09:57:31.327711+00:00,2,21964,99
2026-09-22T09:57:31.327711+00:00,3,21804,97
2026-09-22T09:57:36.399350+00:00,0,21906,97
2026-09-22T09:57:36.399350+00:00,1,21886,99
2026-09-22T09:57:36.399350+00:00,2,21966,99
2026-09-22T09:57:36.399350+00:00,3,21806,97
2026-09-22T09:57:41.471950+00:00,0,21914,99
2026-09-22T09:57:41.471950+00:00,1,21894,99
2026-09-22T09:57:41.471950+00:00,2,21974,97
2026-09-22T09:57:41.471950+00:00,3,21814,97
2026-09-22T09:57:46.538429+00:00,0,21914,94
2026-09-22T09:57:46.538429+00:00,1,21894,99
2026-09-22T09:57:46.538429+00:00,2,21974,99
2026-09-22T09:57:46.538429+00:00,3,21814,91
2026-09-22T09:57:51.611440+00:00,0,21914,90
2026-09-22T09:57:51.611440+00:00,1,21894,91
2026-09-22T09:57:51.611440+00:00,2,21974,92
2026-09-22T09:57:51.611440+00:00,3,21814,99
2026-09-22T09:57:56.680338+00:00,0,24614,99
2026-09-22T09:57:56.680338+00:00,1,24614,98
2026-09-22T09:57:56.680338+00:00,2,24534,98
2026-09-22T09:57:56.680338+00:00,3,24774,99
2026-09-22T09:58:01.745947+00:00,0,25834,99
2026-09-22T09:58:01.745947+00:00,1,25754,100
2026-09-22T09:58:01.745947+00:00,2,25774,99
2026-09-22T09:58:01.745947+00:00,3,25734,99
2026-09-22T09:58:06.821042+00:00,0,25834,99
2026-09-22T09:58:06.821042+00:00,1,25774,98
2026-09-22T09:58:06.821042+00:00,2,25774,99
2026-09-22T09:58:06.821042+00:00,3,25794,98
2026-09-22T09:58:11.901045+00:00,0,25834,99
2026-09-22T09:58:11.901045+00:00,1,25774,97
2026-09-22T09:58:11.901045+00:00,2,25774,100
2026-09-22T09:58:11.901045+00:00,3,25794,98
2026-09-22T09:58:16.971992+00:00,0,25834,99
2026-09-22T09:58:16.971992+00:00,1,25774,99
2026-09-22T09:58:16.971992+00:00,2,25774,99
2026-09-22T09:58:16.971992+00:00,3,25794,100
2026-09-22T09:58:22.043838+00:00,0,25834,99
2026-09-22T09:58:22.043838+00:00,1,25774,98
2026-09-22T09:58:22.043838+00:00,2,25774,98
2026-09-22T09:58:22.043838+00:00,3,25794,98
2026-09-22T09:58:27.120656+00:00,0,25834,91
2026-09-22T09:58:27.120656+00:00,1,25774,93
2026-09-22T09:58:27.120656+00:00,2,25774,100
2026-09-22T09:58:27.120656+00:00,3,25794,99
2026-09-22T09:58:32.190593+00:00,0,25834,91
2026-09-22T09:58:32.190593+00:00,1,25774,91
2026-09-22T09:58:32.190593+00:00,2,25774,93
2026-09-22T09:58:32.190593+00:00,3,25794,95
2026-09-22T09:58:37.256600+00:00,0,25834,94
2026-09-22T09:58:37.256600+00:00,1,25774,92
2026-09-22T09:58:37.256600+00:00,2,25774,100
2026-09-22T09:58:37.256600+00:00,3,25794,99
2026-09-22T09:58:42.327760+00:00,0,25834,99
2026-09-22T09:58:42.327760+00:00,1,25774,100
2026-09-22T09:58:42.327760+00:00,2,25774,100
2026-09-22T09:58:42.327760+00:00,3,25794,99
2026-09-22T09:58:47.393249+00:00,0,25834,99
2026-09-22T09:58:47.393249+00:00,1,25774,98
2026-09-22T09:58:47.393249+00:00,2,25774,98
2026-09-22T09:58:47.393249+00:00,3,25794,98
2026-09-22T09:58:52.457213+00:00,0,25834,99
2026-09-22T09:58:52.457213+00:00,1,25774,100
2026-09-22T09:58:52.457213+00:00,2,25774,99
2026-09-22T09:58:52.457213+00:00,3,25794,99
2026-09-22T09:58:57.531987+00:00,0,25834,99
2026-09-22T09:58:57.531987+00:00,1,25774,99
2026-09-22T09:58:57.531987+00:00,2,25774,99
2026-09-22T09:58:57.531987+00:00,3,25794,99
2026-09-22T09:59:02.606009+00:00,0,25834,47
2026-09-22T09:59:02.606009+00:00,1,25774,31
2026-09-22T09:59:02.606009+00:00,2,25794,99
2026-09-22T09:59:02.606009+00:00,3,25794,45
2026-09-22T09:59:07.664698+00:00,0,25834,99
2026-09-22T09:59:07.664698+00:00,1,25774,99
2026-09-22T09:59:07.664698+00:00,2,25794,99
2026-09-22T09:59:07.664698+00:00,3,25794,99
2026-09-22T09:59:12.740463+00:00,0,25834,98
2026-09-22T09:59:12.740463+00:00,1,25774,98
2026-09-22T09:59:12.740463+00:00,2,25794,99
2026-09-22T09:59:12.740463+00:00,3,25794,98
2026-09-22T09:59:17.810047+00:00,0,25834,99
2026-09-22T09:59:17.810047+00:00,1,25774,99
2026-09-22T09:59:17.810047+00:00,2,25794,99
2026-09-22T09:59:17.810047+00:00,3,25794,99
2026-09-22T09:59:22.886044+00:00,0,25834,99
2026-09-22T09:59:22.886044+00:00,1,25774,100
2026-09-22T09:59:22.886044+00:00,2,25794,93
2026-09-22T09:59:22.886044+00:00,3,25794,94
2026-09-22T09:59:27.958189+00:00,0,25834,91
2026-09-22T09:59:27.958189+00:00,1,25774,94
2026-09-22T09:59:27.958189+00:00,2,25794,89
2026-09-22T09:59:27.958189+00:00,3,25794,95
2026-09-22T09:59:33.021327+00:00,0,25834,96
2026-09-22T09:59:33.021327+00:00,1,25774,99
2026-09-22T09:59:33.021327+00:00,2,25794,98
2026-09-22T09:59:33.021327+00:00,3,25794,97
2026-09-22T09:59:38.091316+00:00,0,25834,97
2026-09-22T09:59:38.091316+00:00,1,25774,99
2026-09-22T09:59:38.091316+00:00,2,25794,98
2026-09-22T09:59:38.091316+00:00,3,25794,97
2026-09-22T09:59:43.156178+00:00,0,25834,97
2026-09-22T09:59:43.156178+00:00,1,25774,99
2026-09-22T09:59:43.156178+00:00,2,25794,97
2026-09-22T09:59:43.156178+00:00,3,25794,97
2026-09-22T09:59:48.227201+00:00,0,25834,93
2026-09-22T09:59:48.227201+00:00,1,25774,99
2026-09-22T09:59:48.227201+00:00,2,25794,98
2026-09-22T09:59:48.227201+00:00,3,25794,95
2026-09-22T09:59:53.296668+00:00,0,25834,93
2026-09-22T09:59:53.296668+00:00,1,25774,95
2026-09-22T09:59:53.296668+00:00,2,25794,95
2026-09-22T09:59:53.296668+00:00,3,25794,94
2026-09-22T09:59:58.372434+00:00,0,1596,79
2026-09-22T09:59:58.372434+00:00,1,1596,83
2026-09-22T09:59:58.372434+00:00,2,1576,70
2026-09-22T09:59:58.372434+00:00,3,1596,2
2026-09-22T10:00:03.422036+00:00,0,10096,7
2026-09-22T10:00:03.422036+00:00,1,10096,6
2026-09-22T10:00:03.422036+00:00,2,10076,6
2026-09-22T10:00:03.422036+00:00,3,10096,6
2026-09-22T10:00:08.481951+00:00,0,11426,100
2026-09-22T10:00:08.481951+00:00,1,11406,98
2026-09-22T10:00:08.481951+00:00,2,11406,14
2026-09-22T10:00:08.481951+00:00,3,11426,77
2026-09-22T10:00:13.542956+00:00,0,15528,31
2026-09-22T10:00:13.542956+00:00,1,15046,28
2026-09-22T10:00:13.542956+00:00,2,15528,30
2026-09-22T10:00:13.542956+00:00,3,14986,29
2026-09-22T10:00:18.605581+00:00,0,32840,63
2026-09-22T10:00:18.605581+00:00,1,32792,60
2026-09-22T10:00:18.605581+00:00,2,32708,58
2026-09-22T10:00:18.605581+00:00,3,33038,59
2026-09-22T10:00:23.670172+00:00,0,32840,65
2026-09-22T10:00:23.670172+00:00,1,32792,71
2026-09-22T10:00:23.670172+00:00,2,32708,66
2026-09-22T10:00:23.670172+00:00,3,33038,64
2026-09-22T10:00:28.735881+00:00,0,32840,73
2026-09-22T10:00:28.735881+00:00,1,32792,68
2026-09-22T10:00:28.735881+00:00,2,32708,68
2026-09-22T10:00:28.735881+00:00,3,33038,68
2026-09-22T10:00:33.792423+00:00,0,32840,75
2026-09-22T10:00:33.792423+00:00,1,32792,71
2026-09-22T10:00:33.792423+00:00,2,32708,72
2026-09-22T10:00:33.792423+00:00,3,33038,74
2026-09-22T10:00:38.848368+00:00,0,32840,71
2026-09-22T10:00:38.848368+00:00,1,32792,66
2026-09-22T10:00:38.848368+00:00,2,32708,69
2026-09-22T10:00:38.848368+00:00,3,33038,73
2026-09-22T10:00:43.914181+00:00,0,32840,75
2026-09-22T10:00:43.914181+00:00,1,32792,83
2026-09-22T10:00:43.914181+00:00,2,32708,73
2026-09-22T10:00:43.914181+00:00,3,33038,72
2026-09-22T10:00:48.984786+00:00,0,32840,68
2026-09-22T10:00:48.984786+00:00,1,32792,72
2026-09-22T10:00:48.984786+00:00,2,32708,78
2026-09-22T10:00:48.984786+00:00,3,33038,79
2026-09-22T10:00:54.047478+00:00,0,32840,70
2026-09-22T10:00:54.047478+00:00,1,32792,70
2026-09-22T10:00:54.047478+00:00,2,32708,72
2026-09-22T10:00:54.047478+00:00,3,33038,68
2026-09-22T10:00:59.131451+00:00,0,32840,74
2026-09-22T10:00:59.131451+00:00,1,32792,79
2026-09-22T10:00:59.131451+00:00,2,32708,76
2026-09-22T10:00:59.131451+00:00,3,33038,84
2026-09-22T10:01:04.195765+00:00,0,32840,76
2026-09-22T10:01:04.195765+00:00,1,32792,76
2026-09-22T10:01:04.195765+00:00,2,32708,78
2026-09-22T10:01:04.195765+00:00,3,33038,76
2026-09-22T10:01:09.264239+00:00,0,32840,80
2026-09-22T10:01:09.264239+00:00,1,32792,77
2026-09-22T10:01:09.264239+00:00,2,32708,78
2026-09-22T10:01:09.264239+00:00,3,33038,81
2026-09-22T10:01:14.333397+00:00,0,32840,77
2026-09-22T10:01:14.333397+00:00,1,32792,77
2026-09-22T10:01:14.333397+00:00,2,32708,77
2026-09-22T10:01:14.333397+00:00,3,33038,75
2026-09-22T10:01:19.434505+00:00,0,32840,74
2026-09-22T10:01:19.434505+00:00,1,32792,71
2026-09-22T10:01:19.434505+00:00,2,32708,72
2026-09-22T10:01:19.434505+00:00,3,33038,70
2026-09-22T10:01:24.560700+00:00,0,32840,72
2026-09-22T10:01:24.560700+00:00,1,32792,73
2026-09-22T10:01:24.560700+00:00,2,32708,80
2026-09-22T10:01:24.560700+00:00,3,33038,80
2026-09-22T10:01:29.648915+00:00,0,32840,76
2026-09-22T10:01:29.648915+00:00,1,32792,79
2026-09-22T10:01:29.648915+00:00,2,32708,78
2026-09-22T10:01:29.648915+00:00,3,33038,79
2026-09-22T10:01:34.719268+00:00,0,32840,76
2026-09-22T10:01:34.719268+00:00,1,32792,81
2026-09-22T10:01:34.719268+00:00,2,32708,83
2026-09-22T10:01:34.719268+00:00,3,33038,82
2026-09-22T10:01:39.789388+00:00,0,32840,85
2026-09-22T10:01:39.789388+00:00,1,32792,84
2026-09-22T10:01:39.789388+00:00,2,32708,82
2026-09-22T10:01:39.789388+00:00,3,33038,79
2026-09-22T10:01:44.864431+00:00,0,32840,79
2026-09-22T10:01:44.864431+00:00,1,32792,84
2026-09-22T10:01:44.864431+00:00,2,32708,86
2026-09-22T10:01:44.864431+00:00,3,33038,79
2026-09-22T10:01:49.938200+00:00,0,32840,82
2026-09-22T10:01:49.938200+00:00,1,32792,82
2026-09-22T10:01:49.938200+00:00,2,32708,85
2026-09-22T10:01:49.938200+00:00,3,33038,84
2026-09-22T10:01:55.010663+00:00,0,32840,78
2026-09-22T10:01:55.010663+00:00,1,32792,81
2026-09-22T10:01:55.010663+00:00,2,32708,82
2026-09-22T10:01:55.010663+00:00,3,33038,82
2026-09-22T10:02:00.081203+00:00,0,32840,83
2026-09-22T10:02:00.081203+00:00,1,32792,85
2026-09-22T10:02:00.081203+00:00,2,32708,83
2026-09-22T10:02:00.081203+00:00,3,33038,76
2026-09-22T10:02:05.156286+00:00,0,32840,82
2026-09-22T10:02:05.156286+00:00,1,32792,82
2026-09-22T10:02:05.156286+00:00,2,32708,81
2026-09-22T10:02:05.156286+00:00,3,33038,81
2026-09-22T10:02:10.230655+00:00,0,32840,85
2026-09-22T10:02:10.230655+00:00,1,32792,79
2026-09-22T10:02:10.230655+00:00,2,32708,81
2026-09-22T10:02:10.230655+00:00,3,33038,84
2026-09-22T10:02:15.300404+00:00,0,32840,86
2026-09-22T10:02:15.300404+00:00,1,32792,86
2026-09-22T10:02:15.300404+00:00,2,32708,85
2026-09-22T10:02:15.300404+00:00,3,33038,86
2026-09-22T10:02:20.372994+00:00,0,32840,84
2026-09-22T10:02:20.372994+00:00,1,32792,85
2026-09-22T10:02:20.372994+00:00,2,32708,84
2026-09-22T10:02:20.372994+00:00,3,33038,86
2026-09-22T10:02:25.444802+00:00,0,32840,81
2026-09-22T10:02:25.444802+00:00,1,32792,86
2026-09-22T10:02:25.444802+00:00,2,32708,78
2026-09-22T10:02:25.444802+00:00,3,33038,79
2026-09-22T10:02:30.518403+00:00,0,32840,83
2026-09-22T10:02:30.518403+00:00,1,32792,87
2026-09-22T10:02:30.518403+00:00,2,32708,84
2026-09-22T10:02:30.518403+00:00,3,33038,85
2026-09-22T10:02:35.588571+00:00,0,32840,80
2026-09-22T10:02:35.588571+00:00,1,32792,83
2026-09-22T10:02:35.588571+00:00,2,32708,83
2026-09-22T10:02:35.588571+00:00,3,33038,88
2026-09-22T10:02:40.662657+00:00,0,32840,83
2026-09-22T10:02:40.662657+00:00,1,32792,85
2026-09-22T10:02:40.662657+00:00,2,32708,87
2026-09-22T10:02:40.662657+00:00,3,33038,83
2026-09-22T10:02:45.737444+00:00,0,32840,88
2026-09-22T10:02:45.737444+00:00,1,32792,85
2026-09-22T10:02:45.737444+00:00,2,32708,89
2026-09-22T10:02:45.737444+00:00,3,33038,84
2026-09-22T10:02:50.803316+00:00,0,32840,84
2026-09-22T10:02:50.803316+00:00,1,32792,83
2026-09-22T10:02:50.803316+00:00,2,32708,84
2026-09-22T10:02:50.803316+00:00,3,33038,88
2026-09-22T10:02:55.874503+00:00,0,32840,85
2026-09-22T10:02:55.874503+00:00,1,32792,87
2026-09-22T10:02:55.874503+00:00,2,32708,81
2026-09-22T10:02:55.874503+00:00,3,33038,87
2026-09-22T10:03:00.951365+00:00,0,32840,85
2026-09-22T10:03:00.951365+00:00,1,32792,86
2026-09-22T10:03:00.951365+00:00,2,32708,87
2026-09-22T10:03:00.951365+00:00,3,33038,83
2026-09-22T10:03:06.021450+00:00,0,32840,82
2026-09-22T10:03:06.021450+00:00,1,32792,89
2026-09-22T10:03:06.021450+00:00,2,32708,81
2026-09-22T10:03:06.021450+00:00,3,33038,81
2026-09-22T10:03:11.091538+00:00,0,32840,83
2026-09-22T10:03:11.091538+00:00,1,32792,81
2026-09-22T10:03:11.091538+00:00,2,32708,86
2026-09-22T10:03:11.091538+00:00,3,33038,77
2026-09-22T10:03:16.163926+00:00,0,32840,83
2026-09-22T10:03:16.163926+00:00,1,32792,82
2026-09-22T10:03:16.163926+00:00,2,32708,85
2026-09-22T10:03:16.163926+00:00,3,33038,90
2026-09-22T10:03:21.236757+00:00,0,32840,87
2026-09-22T10:03:21.236757+00:00,1,32792,86
2026-09-22T10:03:21.236757+00:00,2,32708,78
2026-09-22T10:03:21.236757+00:00,3,33038,89
2026-09-22T10:03:26.309408+00:00,0,32840,81
2026-09-22T10:03:26.309408+00:00,1,32792,86
2026-09-22T10:03:26.309408+00:00,2,32708,89
2026-09-22T10:03:26.309408+00:00,3,33038,88
2026-09-22T10:03:31.374703+00:00,0,32840,86
2026-09-22T10:03:31.374703+00:00,1,32792,88
2026-09-22T10:03:31.374703+00:00,2,32708,86
2026-09-22T10:03:31.374703+00:00,3,33038,87
2026-09-22T10:03:36.446641+00:00,0,32840,88
2026-09-22T10:03:36.446641+00:00,1,32792,84
2026-09-22T10:03:36.446641+00:00,2,32708,87
2026-09-22T10:03:36.446641+00:00,3,33038,89
2026-09-22T10:03:41.519815+00:00,0,32840,82
2026-09-22T10:03:41.519815+00:00,1,32792,86
2026-09-22T10:03:41.519815+00:00,2,32708,86
2026-09-22T10:03:41.519815+00:00,3,33038,88
2026-09-22T10:03:46.591494+00:00,0,32840,83
2026-09-22T10:03:46.591494+00:00,1,32792,86
2026-09-22T10:03:46.591494+00:00,2,32708,85
2026-09-22T10:03:46.591494+00:00,3,33038,87
2026-09-22T10:03:51.650136+00:00,0,32840,88
2026-09-22T10:03:51.650136+00:00,1,32792,83
2026-09-22T10:03:51.650136+00:00,2,32708,89
2026-09-22T10:03:51.650136+00:00,3,33038,88
2026-09-22T10:03:56.720187+00:00,0,32840,81
2026-09-22T10:03:56.720187+00:00,1,32792,89
2026-09-22T10:03:56.720187+00:00,2,32708,80
2026-09-22T10:03:56.720187+00:00,3,33038,86
2026-09-22T10:04:01.796818+00:00,0,32840,85
2026-09-22T10:04:01.796818+00:00,1,32792,87
2026-09-22T10:04:01.796818+00:00,2,32708,90
2026-09-22T10:04:01.796818+00:00,3,33038,84
2026-09-22T10:04:06.865475+00:00,0,32840,83
2026-09-22T10:04:06.865475+00:00,1,32792,87
2026-09-22T10:04:06.865475+00:00,2,32708,84
2026-09-22T10:04:06.865475+00:00,3,33038,82
2026-09-22T10:04:11.934594+00:00,0,32840,85
2026-09-22T10:04:11.934594+00:00,1,32792,88
2026-09-22T10:04:11.934594+00:00,2,32708,85
2026-09-22T10:04:11.934594+00:00,3,33038,84
2026-09-22T10:04:17.004543+00:00,0,32842,0
2026-09-22T10:04:17.004543+00:00,1,32792,88
2026-09-22T10:04:17.004543+00:00,2,32708,0
2026-09-22T10:04:17.004543+00:00,3,33038,84
2026-09-22T10:04:22.069516+00:00,0,8506,97
2026-09-22T10:04:22.069516+00:00,1,7666,77
2026-09-22T10:04:22.069516+00:00,2,8486,99
2026-09-22T10:04:22.069516+00:00,3,8486,73
2026-09-22T10:04:27.136319+00:00,0,8752,99
2026-09-22T10:04:27.136319+00:00,1,7934,99
2026-09-22T10:04:27.136319+00:00,2,8712,99
2026-09-22T10:04:27.136319+00:00,3,8752,96
2026-09-22T10:04:32.206541+00:00,0,9018,98
2026-09-22T10:04:32.206541+00:00,1,8198,99
2026-09-22T10:04:32.206541+00:00,2,9018,99
2026-09-22T10:04:32.206541+00:00,3,9018,99
2026-09-22T10:04:37.278323+00:00,0,9382,99
2026-09-22T10:04:37.278323+00:00,1,8582,97
2026-09-22T10:04:37.278323+00:00,2,9362,97
2026-09-22T10:04:37.278323+00:00,3,9382,99
2026-09-22T10:04:42.348328+00:00,0,9546,99
2026-09-22T10:04:42.348328+00:00,1,8768,97
2026-09-22T10:04:42.348328+00:00,2,9526,99
2026-09-22T10:04:42.348328+00:00,3,9546,99
2026-09-22T10:04:47.416602+00:00,0,9652,97
2026-09-22T10:04:47.416602+00:00,1,8872,99
2026-09-22T10:04:47.416602+00:00,2,9612,99
2026-09-22T10:04:47.416602+00:00,3,9652,99
2026-09-22T10:04:52.487155+00:00,0,9656,98
2026-09-22T10:04:52.487155+00:00,1,8876,97
2026-09-22T10:04:52.487155+00:00,2,9616,96
2026-09-22T10:04:52.487155+00:00,3,9656,97
2026-09-22T10:04:57.554715+00:00,0,9660,99
2026-09-22T10:04:57.554715+00:00,1,8880,99
2026-09-22T10:04:57.554715+00:00,2,9620,99
2026-09-22T10:04:57.554715+00:00,3,9660,99
2026-09-22T10:05:02.621292+00:00,0,9664,99
2026-09-22T10:05:02.621292+00:00,1,8886,99
2026-09-22T10:05:02.621292+00:00,2,9624,99
2026-09-22T10:05:02.621292+00:00,3,9664,98
2026-09-22T10:05:07.685940+00:00,0,9670,97
2026-09-22T10:05:07.685940+00:00,1,8890,99
2026-09-22T10:05:07.685940+00:00,2,9630,99
2026-09-22T10:05:07.685940+00:00,3,9670,99
2026-09-22T10:05:12.752662+00:00,0,18416,98
2026-09-22T10:05:12.752662+00:00,1,18196,99
2026-09-22T10:05:12.752662+00:00,2,17616,99
2026-09-22T10:05:12.752662+00:00,3,18236,97
2026-09-22T10:05:17.818859+00:00,0,19078,93
2026-09-22T10:05:17.818859+00:00,1,19280,94
2026-09-22T10:05:17.818859+00:00,2,19098,99
2026-09-22T10:05:17.818859+00:00,3,19800,99
2026-09-22T10:05:22.887165+00:00,0,20284,94
2026-09-22T10:05:22.887165+00:00,1,20104,95
2026-09-22T10:05:22.887165+00:00,2,20282,99
2026-09-22T10:05:22.887165+00:00,3,20344,99
2026-09-22T10:05:27.958616+00:00,0,20286,99
2026-09-22T10:05:27.958616+00:00,1,20106,99
2026-09-22T10:05:27.958616+00:00,2,20286,97
2026-09-22T10:05:27.958616+00:00,3,20346,96
2026-09-22T10:05:33.030870+00:00,0,20288,99
2026-09-22T10:05:33.030870+00:00,1,20108,97
2026-09-22T10:05:33.030870+00:00,2,20288,97
2026-09-22T10:05:33.030870+00:00,3,20348,96
2026-09-22T10:05:38.099673+00:00,0,20294,99
2026-09-22T10:05:38.099673+00:00,1,20114,99
2026-09-22T10:05:38.099673+00:00,2,20294,99
2026-09-22T10:05:38.099673+00:00,3,20354,91
2026-09-22T10:05:43.172622+00:00,0,20294,90
2026-09-22T10:05:43.172622+00:00,1,20114,97
2026-09-22T10:05:43.172622+00:00,2,20294,99
2026-09-22T10:05:43.172622+00:00,3,20354,93
2026-09-22T10:05:48.244093+00:00,0,23934,98
2026-09-22T10:05:48.244093+00:00,1,23834,98
2026-09-22T10:05:48.244093+00:00,2,23894,99
2026-09-22T10:05:48.244093+00:00,3,23914,98
2026-09-22T10:05:53.320388+00:00,0,24834,99
2026-09-22T10:05:53.320388+00:00,1,24714,99
2026-09-22T10:05:53.320388+00:00,2,24734,99
2026-09-22T10:05:53.320388+00:00,3,24954,100
2026-09-22T10:05:58.392110+00:00,0,25754,88
2026-09-22T10:05:58.392110+00:00,1,25714,97
2026-09-22T10:05:58.392110+00:00,2,25794,94
2026-09-22T10:05:58.392110+00:00,3,25694,87
2026-09-22T10:06:03.470743+00:00,0,25754,98
2026-09-22T10:06:03.470743+00:00,1,25714,100
2026-09-22T10:06:03.470743+00:00,2,25794,98
2026-09-22T10:06:03.470743+00:00,3,25694,97
2026-09-22T10:06:08.562214+00:00,0,25754,99
2026-09-22T10:06:08.562214+00:00,1,25714,99
2026-09-22T10:06:08.562214+00:00,2,25794,99
2026-09-22T10:06:08.562214+00:00,3,25694,99
2026-09-22T10:06:13.635814+00:00,0,25754,99
2026-09-22T10:06:13.635814+00:00,1,25714,98
2026-09-22T10:06:13.635814+00:00,2,25794,100
2026-09-22T10:06:13.635814+00:00,3,25694,100
2026-09-22T10:06:18.701492+00:00,0,25754,92
2026-09-22T10:06:18.701492+00:00,1,25714,99
2026-09-22T10:06:18.701492+00:00,2,25794,100
2026-09-22T10:06:18.701492+00:00,3,25694,99
2026-09-22T10:06:23.771660+00:00,0,25754,90
2026-09-22T10:06:23.771660+00:00,1,25714,99
2026-09-22T10:06:23.771660+00:00,2,25794,99
2026-09-22T10:06:23.771660+00:00,3,25694,93
2026-09-22T10:06:28.840855+00:00,0,25754,90
2026-09-22T10:06:28.840855+00:00,1,25714,94
2026-09-22T10:06:28.840855+00:00,2,25794,89
2026-09-22T10:06:28.840855+00:00,3,25694,96
2026-09-22T10:06:33.900144+00:00,0,25754,98
2026-09-22T10:06:33.900144+00:00,1,25714,99
2026-09-22T10:06:33.900144+00:00,2,25794,99
2026-09-22T10:06:33.900144+00:00,3,25694,89
2026-09-22T10:06:38.970585+00:00,0,25754,98
2026-09-22T10:06:38.970585+00:00,1,25714,98
2026-09-22T10:06:38.970585+00:00,2,25794,99
2026-09-22T10:06:38.970585+00:00,3,25694,97
2026-09-22T10:06:44.032557+00:00,0,25754,99
2026-09-22T10:06:44.032557+00:00,1,25714,98
2026-09-22T10:06:44.032557+00:00,2,25794,99
2026-09-22T10:06:44.032557+00:00,3,25694,99
2026-09-22T10:06:49.108814+00:00,0,25754,99
2026-09-22T10:06:49.108814+00:00,1,25714,99
2026-09-22T10:06:49.108814+00:00,2,25794,100
2026-09-22T10:06:49.108814+00:00,3,25754,99
2026-09-22T10:06:54.171533+00:00,0,25754,98
2026-09-22T10:06:54.171533+00:00,1,25714,98
2026-09-22T10:06:54.171533+00:00,2,25794,98
2026-09-22T10:06:54.171533+00:00,3,25754,99
2026-09-22T10:06:59.266648+00:00,0,25754,99
2026-09-22T10:06:59.266648+00:00,1,25734,99
2026-09-22T10:06:59.266648+00:00,2,25794,99
2026-09-22T10:06:59.266648+00:00,3,25754,99
2026-09-22T10:07:04.336410+00:00,0,25754,99
2026-09-22T10:07:04.336410+00:00,1,25734,99
2026-09-22T10:07:04.336410+00:00,2,25794,99
2026-09-22T10:07:04.336410+00:00,3,25754,99
2026-09-22T10:07:09.406926+00:00,0,25754,93
2026-09-22T10:07:09.406926+00:00,1,25734,96
2026-09-22T10:07:09.406926+00:00,2,25794,89
2026-09-22T10:07:09.406926+00:00,3,25754,97
2026-09-22T10:07:14.465947+00:00,0,25754,93
2026-09-22T10:07:14.465947+00:00,1,25734,93
2026-09-22T10:07:14.465947+00:00,2,25794,91
2026-09-22T10:07:14.465947+00:00,3,25754,91
2026-09-22T10:07:19.535076+00:00,0,25754,99
2026-09-22T10:07:19.535076+00:00,1,25734,95
2026-09-22T10:07:19.535076+00:00,2,25794,96
2026-09-22T10:07:19.535076+00:00,3,25754,91
2026-09-22T10:07:24.602483+00:00,0,25754,100
2026-09-22T10:07:24.602483+00:00,1,25734,97
2026-09-22T10:07:24.602483+00:00,2,25794,95
2026-09-22T10:07:24.602483+00:00,3,25754,95
2026-09-22T10:07:29.672738+00:00,0,25754,94
2026-09-22T10:07:29.672738+00:00,1,25734,94
2026-09-22T10:07:29.672738+00:00,2,25794,95
2026-09-22T10:07:29.672738+00:00,3,25754,96
2026-09-22T10:07:34.751063+00:00,0,25754,99
2026-09-22T10:07:34.751063+00:00,1,25734,94
2026-09-22T10:07:34.751063+00:00,2,25794,90
2026-09-22T10:07:34.751063+00:00,3,25754,93
2026-09-22T10:07:39.848673+00:00,0,25754,99
2026-09-22T10:07:39.848673+00:00,1,25734,97
2026-09-22T10:07:39.848673+00:00,2,25794,99
2026-09-22T10:07:39.848673+00:00,3,25754,99
2026-09-22T10:07:44.910287+00:00,0,6852,82
2026-09-22T10:07:44.910287+00:00,1,6852,70
2026-09-22T10:07:44.910287+00:00,2,6852,62
2026-09-22T10:07:44.910287+00:00,3,6852,60
2026-09-22T10:07:49.974234+00:00,0,10096,6
2026-09-22T10:07:49.974234+00:00,1,10096,5
2026-09-22T10:07:49.974234+00:00,2,10076,6
2026-09-22T10:07:49.974234+00:00,3,10096,5
2026-09-22T10:07:55.035182+00:00,0,11426,21
2026-09-22T10:07:55.035182+00:00,1,11406,15
2026-09-22T10:07:55.035182+00:00,2,11406,22
2026-09-22T10:07:55.035182+00:00,3,11426,28
2026-09-22T10:08:00.096028+00:00,0,8492,50
2026-09-22T10:08:00.096028+00:00,1,7312,83
2026-09-22T10:08:00.096028+00:00,2,7572,23
2026-09-22T10:08:00.096028+00:00,3,3280,85
2026-09-22T10:08:05.153509+00:00,0,32606,63
2026-09-22T10:08:05.153509+00:00,1,32904,61
2026-09-22T10:08:05.153509+00:00,2,32892,60
2026-09-22T10:08:05.153509+00:00,3,33310,60
2026-09-22T10:08:10.215629+00:00,0,32606,64
2026-09-22T10:08:10.215629+00:00,1,32904,61
2026-09-22T10:08:10.215629+00:00,2,32892,68
2026-09-22T10:08:10.215629+00:00,3,33310,62
2026-09-22T10:08:15.282320+00:00,0,32606,68
2026-09-22T10:08:15.282320+00:00,1,32904,65
2026-09-22T10:08:15.282320+00:00,2,32892,66
2026-09-22T10:08:15.282320+00:00,3,33310,73
2026-09-22T10:08:20.351055+00:00,0,32606,70
2026-09-22T10:08:20.351055+00:00,1,32904,68
2026-09-22T10:08:20.351055+00:00,2,32892,70
2026-09-22T10:08:20.351055+00:00,3,33310,73
2026-09-22T10:08:25.419609+00:00,0,32606,65
2026-09-22T10:08:25.419609+00:00,1,32904,64
2026-09-22T10:08:25.419609+00:00,2,32892,69
2026-09-22T10:08:25.419609+00:00,3,33310,68
2026-09-22T10:08:30.487679+00:00,0,32606,70
2026-09-22T10:08:30.487679+00:00,1,32904,83
2026-09-22T10:08:30.487679+00:00,2,32892,74
2026-09-22T10:08:30.487679+00:00,3,33310,75
2026-09-22T10:08:35.562589+00:00,0,32606,72
2026-09-22T10:08:35.562589+00:00,1,32904,76
2026-09-22T10:08:35.562589+00:00,2,32892,71
2026-09-22T10:08:35.562589+00:00,3,33310,75
2026-09-22T10:08:40.634300+00:00,0,32606,72
2026-09-22T10:08:40.634300+00:00,1,32904,73
2026-09-22T10:08:40.634300+00:00,2,32892,75
2026-09-22T10:08:40.634300+00:00,3,33310,80
2026-09-22T10:08:45.702566+00:00,0,32606,80
2026-09-22T10:08:45.702566+00:00,1,32904,75
2026-09-22T10:08:45.702566+00:00,2,32892,72
2026-09-22T10:08:45.702566+00:00,3,33310,78
2026-09-22T10:08:50.781181+00:00,0,32606,76
2026-09-22T10:08:50.781181+00:00,1,32904,73
2026-09-22T10:08:50.781181+00:00,2,32892,75
2026-09-22T10:08:50.781181+00:00,3,33310,74
2026-09-22T10:08:55.852763+00:00,0,32606,74
2026-09-22T10:08:55.852763+00:00,1,32904,80
2026-09-22T10:08:55.852763+00:00,2,32892,77
2026-09-22T10:08:55.852763+00:00,3,33310,75
2026-09-22T10:09:00.911278+00:00,0,32606,80
2026-09-22T10:09:00.911278+00:00,1,32904,76
2026-09-22T10:09:00.911278+00:00,2,32892,81
2026-09-22T10:09:00.911278+00:00,3,33310,77
2026-09-22T10:09:05.982176+00:00,0,32606,77
2026-09-22T10:09:05.982176+00:00,1,32904,80
2026-09-22T10:09:05.982176+00:00,2,32892,78
2026-09-22T10:09:05.982176+00:00,3,33310,74
2026-09-22T10:09:11.050956+00:00,0,32606,78
2026-09-22T10:09:11.050956+00:00,1,32904,88
2026-09-22T10:09:11.050956+00:00,2,32892,72
2026-09-22T10:09:11.050956+00:00,3,33310,81
2026-09-22T10:09:16.122011+00:00,0,32606,79
2026-09-22T10:09:16.122011+00:00,1,32904,82
2026-09-22T10:09:16.122011+00:00,2,32892,78
2026-09-22T10:09:16.122011+00:00,3,33310,83
2026-09-22T10:09:21.190158+00:00,0,32606,82
2026-09-22T10:09:21.190158+00:00,1,32904,76
2026-09-22T10:09:21.190158+00:00,2,32892,81
2026-09-22T10:09:21.190158+00:00,3,33310,78
2026-09-22T10:09:26.260194+00:00,0,32606,83
2026-09-22T10:09:26.260194+00:00,1,32904,80
2026-09-22T10:09:26.260194+00:00,2,32892,81
2026-09-22T10:09:26.260194+00:00,3,33310,78
2026-09-22T10:09:31.327207+00:00,0,32606,80
2026-09-22T10:09:31.327207+00:00,1,32904,80
2026-09-22T10:09:31.327207+00:00,2,32892,79
2026-09-22T10:09:31.327207+00:00,3,33310,82
2026-09-22T10:09:36.396568+00:00,0,32606,83
2026-09-22T10:09:36.396568+00:00,1,32904,82
2026-09-22T10:09:36.396568+00:00,2,32892,89
2026-09-22T10:09:36.396568+00:00,3,33310,77
2026-09-22T10:09:41.468395+00:00,0,32606,82
2026-09-22T10:09:41.468395+00:00,1,32904,82
2026-09-22T10:09:41.468395+00:00,2,32892,79
2026-09-22T10:09:41.468395+00:00,3,33310,82
2026-09-22T10:09:46.536882+00:00,0,32606,79
2026-09-22T10:09:46.536882+00:00,1,32904,81
2026-09-22T10:09:46.536882+00:00,2,32892,82
2026-09-22T10:09:46.536882+00:00,3,33310,84
2026-09-22T10:09:51.609473+00:00,0,32606,81
2026-09-22T10:09:51.609473+00:00,1,32904,81
2026-09-22T10:09:51.609473+00:00,2,32892,73
2026-09-22T10:09:51.609473+00:00,3,33310,82
2026-09-22T10:09:56.681448+00:00,0,32606,81
2026-09-22T10:09:56.681448+00:00,1,32904,81
2026-09-22T10:09:56.681448+00:00,2,32892,84
2026-09-22T10:09:56.681448+00:00,3,33310,86
2026-09-22T10:10:01.753959+00:00,0,32606,81
2026-09-22T10:10:01.753959+00:00,1,32904,80
2026-09-22T10:10:01.753959+00:00,2,32892,81
2026-09-22T10:10:01.753959+00:00,3,33310,86
2026-09-22T10:10:06.826986+00:00,0,32606,84
2026-09-22T10:10:06.826986+00:00,1,32904,84
2026-09-22T10:10:06.826986+00:00,2,32892,83
2026-09-22T10:10:06.826986+00:00,3,33310,79
2026-09-22T10:10:11.898530+00:00,0,32606,76
2026-09-22T10:10:11.898530+00:00,1,32904,78
2026-09-22T10:10:11.898530+00:00,2,32892,76
2026-09-22T10:10:11.898530+00:00,3,33310,81
2026-09-22T10:10:16.984746+00:00,0,32606,82
2026-09-22T10:10:16.984746+00:00,1,32904,81
2026-09-22T10:10:16.984746+00:00,2,32892,81
2026-09-22T10:10:16.984746+00:00,3,33310,82
2026-09-22T10:10:22.071199+00:00,0,32606,81
2026-09-22T10:10:22.071199+00:00,1,32904,79
2026-09-22T10:10:22.071199+00:00,2,32892,81
2026-09-22T10:10:22.071199+00:00,3,33310,79
2026-09-22T10:10:27.163209+00:00,0,32606,84
2026-09-22T10:10:27.163209+00:00,1,32904,79
2026-09-22T10:10:27.163209+00:00,2,32892,84
2026-09-22T10:10:27.163209+00:00,3,33310,83
2026-09-22T10:10:32.231738+00:00,0,32606,85
2026-09-22T10:10:32.231738+00:00,1,32904,82
2026-09-22T10:10:32.231738+00:00,2,32892,83
2026-09-22T10:10:32.231738+00:00,3,33310,84
2026-09-22T10:10:37.305250+00:00,0,32606,83
2026-09-22T10:10:37.305250+00:00,1,32904,77
2026-09-22T10:10:37.305250+00:00,2,32892,79
2026-09-22T10:10:37.305250+00:00,3,33310,81
2026-09-22T10:10:42.393184+00:00,0,32606,81
2026-09-22T10:10:42.393184+00:00,1,32904,78
2026-09-22T10:10:42.393184+00:00,2,32892,80
2026-09-22T10:10:42.393184+00:00,3,33310,82
2026-09-22T10:10:47.486648+00:00,0,32606,81
2026-09-22T10:10:47.486648+00:00,1,32904,84
2026-09-22T10:10:47.486648+00:00,2,32892,83
2026-09-22T10:10:47.486648+00:00,3,33310,79
2026-09-22T10:10:52.568531+00:00,0,32606,86
2026-09-22T10:10:52.568531+00:00,1,32904,81
2026-09-22T10:10:52.568531+00:00,2,32892,93
2026-09-22T10:10:52.568531+00:00,3,33310,82
2026-09-22T10:10:57.636395+00:00,0,32606,86
2026-09-22T10:10:57.636395+00:00,1,32904,85
2026-09-22T10:10:57.636395+00:00,2,32892,82
2026-09-22T10:10:57.636395+00:00,3,33310,81
2026-09-22T10:11:02.708489+00:00,0,32606,83
2026-09-22T10:11:02.708489+00:00,1,32904,84
2026-09-22T10:11:02.708489+00:00,2,32892,81
2026-09-22T10:11:02.708489+00:00,3,33310,83
2026-09-22T10:11:07.801026+00:00,0,32606,85
2026-09-22T10:11:07.801026+00:00,1,32904,81
2026-09-22T10:11:07.801026+00:00,2,32892,88
2026-09-22T10:11:07.801026+00:00,3,33310,89
2026-09-22T10:11:12.870893+00:00,0,32606,83
2026-09-22T10:11:12.870893+00:00,1,32904,85
2026-09-22T10:11:12.870893+00:00,2,32892,84
2026-09-22T10:11:12.870893+00:00,3,33310,87
2026-09-22T10:11:17.946186+00:00,0,32606,84
2026-09-22T10:11:17.946186+00:00,1,32904,84
2026-09-22T10:11:17.946186+00:00,2,32892,89
2026-09-22T10:11:17.946186+00:00,3,33310,89
2026-09-22T10:11:23.020655+00:00,0,32606,90
2026-09-22T10:11:23.020655+00:00,1,32904,91
2026-09-22T10:11:23.020655+00:00,2,32892,89
2026-09-22T10:11:23.020655+00:00,3,33310,86
2026-09-22T10:11:28.099291+00:00,0,32606,87
2026-09-22T10:11:28.099291+00:00,1,32904,87
2026-09-22T10:11:28.099291+00:00,2,32892,88
2026-09-22T10:11:28.099291+00:00,3,33310,82
2026-09-22T10:11:33.175305+00:00,0,32606,88
2026-09-22T10:11:33.175305+00:00,1,32904,92
2026-09-22T10:11:33.175305+00:00,2,32892,86
2026-09-22T10:11:33.175305+00:00,3,33310,85
2026-09-22T10:11:38.248619+00:00,0,32606,82
2026-09-22T10:11:38.248619+00:00,1,32904,85
2026-09-22T10:11:38.248619+00:00,2,32892,85
2026-09-22T10:11:38.248619+00:00,3,33310,91
2026-09-22T10:11:43.321307+00:00,0,32606,82
2026-09-22T10:11:43.321307+00:00,1,32904,84
2026-09-22T10:11:43.321307+00:00,2,32892,85
2026-09-22T10:11:43.321307+00:00,3,33310,85
2026-09-22T10:11:48.392578+00:00,0,32606,83
2026-09-22T10:11:48.392578+00:00,1,32904,87
2026-09-22T10:11:48.392578+00:00,2,32892,80
2026-09-22T10:11:48.392578+00:00,3,33310,81
2026-09-22T10:11:53.467771+00:00,0,32606,80
2026-09-22T10:11:53.467771+00:00,1,32904,82
2026-09-22T10:11:53.467771+00:00,2,32892,83
2026-09-22T10:11:53.467771+00:00,3,33310,84
2026-09-22T10:11:58.555983+00:00,0,32606,90
2026-09-22T10:11:58.555983+00:00,1,32904,90
2026-09-22T10:11:58.555983+00:00,2,32892,83
2026-09-22T10:11:58.555983+00:00,3,33310,88
2026-09-22T10:12:03.634064+00:00,0,32606,90
2026-09-22T10:12:03.634064+00:00,1,32904,89
2026-09-22T10:12:03.634064+00:00,2,32892,88
2026-09-22T10:12:03.634064+00:00,3,33310,87
2026-09-22T10:12:08.712502+00:00,0,32606,87
2026-09-22T10:12:08.712502+00:00,1,32904,88
2026-09-22T10:12:08.712502+00:00,2,32892,86
2026-09-22T10:12:08.712502+00:00,3,33310,86
2026-09-22T10:12:13.791848+00:00,0,32606,91
2026-09-22T10:12:13.791848+00:00,1,32904,87
2026-09-22T10:12:13.791848+00:00,2,32892,86
2026-09-22T10:12:13.791848+00:00,3,33310,85
2026-09-22T10:12:18.865852+00:00,0,32606,90
2026-09-22T10:12:18.865852+00:00,1,32904,86
2026-09-22T10:12:18.865852+00:00,2,32892,88
2026-09-22T10:12:18.865852+00:00,3,33310,86
2026-09-22T10:12:23.942564+00:00,0,32606,84
2026-09-22T10:12:23.942564+00:00,1,32904,89
2026-09-22T10:12:23.942564+00:00,2,32892,88
2026-09-22T10:12:23.942564+00:00,3,33310,84
2026-09-22T10:12:29.016975+00:00,0,32606,80
2026-09-22T10:12:29.016975+00:00,1,32904,81
2026-09-22T10:12:29.016975+00:00,2,32892,84
2026-09-22T10:12:29.016975+00:00,3,33310,87
2026-09-22T10:12:34.106111+00:00,0,32606,89
2026-09-22T10:12:34.106111+00:00,1,32904,86
2026-09-22T10:12:34.106111+00:00,2,32892,86
2026-09-22T10:12:34.106111+00:00,3,33310,0
2026-09-22T10:12:39.173670+00:00,0,32606,86
2026-09-22T10:12:39.173670+00:00,1,32904,83
2026-09-22T10:12:39.173670+00:00,2,32892,0
2026-09-22T10:12:39.173670+00:00,3,33310,0
2026-09-22T10:12:44.237048+00:00,0,1576,0
2026-09-22T10:12:44.237048+00:00,1,1576,0
2026-09-22T10:12:44.237048+00:00,2,1556,0
2026-09-22T10:12:44.237048+00:00,3,1576,0
2026-09-22T10:12:49.297321+00:00,0,7848,93
2026-09-22T10:12:49.297321+00:00,1,7148,99
2026-09-22T10:12:49.297321+00:00,2,7828,96
2026-09-22T10:12:49.297321+00:00,3,7828,95
2026-09-22T10:12:54.361063+00:00,0,8634,99
2026-09-22T10:12:54.361063+00:00,1,7954,99
2026-09-22T10:12:54.361063+00:00,2,8614,99
2026-09-22T10:12:54.361063+00:00,3,8594,99
2026-09-22T10:12:59.427829+00:00,0,9078,99
2026-09-22T10:12:59.427829+00:00,1,8418,99
2026-09-22T10:12:59.427829+00:00,2,9038,98
2026-09-22T10:12:59.427829+00:00,3,9018,99
2026-09-22T10:13:04.487938+00:00,0,9462,99
2026-09-22T10:13:04.487938+00:00,1,8842,99
2026-09-22T10:13:04.487938+00:00,2,9442,99
2026-09-22T10:13:04.487938+00:00,3,9442,99
2026-09-22T10:13:09.554728+00:00,0,9806,99
2026-09-22T10:13:09.554728+00:00,1,9206,99
2026-09-22T10:13:09.554728+00:00,2,9806,99
2026-09-22T10:13:09.554728+00:00,3,9786,99
2026-09-22T10:13:14.621530+00:00,0,9950,99
2026-09-22T10:13:14.621530+00:00,1,9370,97
2026-09-22T10:13:14.621530+00:00,2,9950,99
2026-09-22T10:13:14.621530+00:00,3,9950,99
2026-09-22T10:13:19.689467+00:00,0,9954,99
2026-09-22T10:13:19.689467+00:00,1,9374,99
2026-09-22T10:13:19.689467+00:00,2,9954,99
2026-09-22T10:13:19.689467+00:00,3,9954,99
2026-09-22T10:13:24.754704+00:00,0,9958,99
2026-09-22T10:13:24.754704+00:00,1,9378,99
2026-09-22T10:13:24.754704+00:00,2,9958,99
2026-09-22T10:13:24.754704+00:00,3,9958,99
2026-09-22T10:13:29.822325+00:00,0,9962,99
2026-09-22T10:13:29.822325+00:00,1,9382,99
2026-09-22T10:13:29.822325+00:00,2,9962,99
2026-09-22T10:13:29.822325+00:00,3,9962,99
2026-09-22T10:13:34.886328+00:00,0,9968,99
2026-09-22T10:13:34.886328+00:00,1,9388,97
2026-09-22T10:13:34.886328+00:00,2,9968,96
2026-09-22T10:13:34.886328+00:00,3,9968,99
2026-09-22T10:13:39.967024+00:00,0,9970,99
2026-09-22T10:13:39.967024+00:00,1,9390,94
2026-09-22T10:13:39.967024+00:00,2,9970,99
2026-09-22T10:13:39.967024+00:00,3,9970,99
2026-09-22T10:13:45.048904+00:00,0,18816,97
2026-09-22T10:13:45.048904+00:00,1,18316,95
2026-09-22T10:13:45.048904+00:00,2,18836,99
2026-09-22T10:13:45.048904+00:00,3,18876,93
2026-09-22T10:13:50.118061+00:00,0,18818,96
2026-09-22T10:13:50.118061+00:00,1,18998,95
2026-09-22T10:13:50.118061+00:00,2,19018,99
2026-09-22T10:13:50.118061+00:00,3,19018,92
2026-09-22T10:13:55.193562+00:00,0,20260,97
2026-09-22T10:13:55.193562+00:00,1,20340,97
2026-09-22T10:13:55.193562+00:00,2,20022,99
2026-09-22T10:13:55.193562+00:00,3,19900,99
2026-09-22T10:14:00.264703+00:00,0,21404,97
2026-09-22T10:14:00.264703+00:00,1,21444,99
2026-09-22T10:14:00.264703+00:00,2,21384,98
2026-09-22T10:14:00.264703+00:00,3,21484,96
2026-09-22T10:14:05.337909+00:00,0,21404,97
2026-09-22T10:14:05.337909+00:00,1,21444,99
2026-09-22T10:14:05.337909+00:00,2,21384,96
2026-09-22T10:14:05.337909+00:00,3,21484,98
2026-09-22T10:14:10.413601+00:00,0,21406,97
2026-09-22T10:14:10.413601+00:00,1,21446,99
2026-09-22T10:14:10.413601+00:00,2,21386,97
2026-09-22T10:14:10.413601+00:00,3,21486,96
2026-09-22T10:14:15.484211+00:00,0,21414,99
2026-09-22T10:14:15.484211+00:00,1,21454,93
2026-09-22T10:14:15.484211+00:00,2,21394,99
2026-09-22T10:14:15.484211+00:00,3,21494,91
2026-09-22T10:14:20.555169+00:00,0,21414,93
2026-09-22T10:14:20.555169+00:00,1,21454,99
2026-09-22T10:14:20.555169+00:00,2,21394,94
2026-09-22T10:14:20.555169+00:00,3,21494,99
2026-09-22T10:14:25.625029+00:00,0,21414,43
2026-09-22T10:14:25.625029+00:00,1,21454,0
2026-09-22T10:14:25.625029+00:00,2,21394,0
2026-09-22T10:14:25.625029+00:00,3,21494,12
2026-09-22T10:14:30.689953+00:00,0,25714,99
2026-09-22T10:14:30.689953+00:00,1,25714,98
2026-09-22T10:14:30.689953+00:00,2,25754,98
2026-09-22T10:14:30.689953+00:00,3,25714,98
2026-09-22T10:14:35.760323+00:00,0,25834,99
2026-09-22T10:14:35.760323+00:00,1,25774,99
2026-09-22T10:14:35.760323+00:00,2,25814,99
2026-09-22T10:14:35.760323+00:00,3,25834,99
2026-09-22T10:14:40.827181+00:00,0,25894,99
2026-09-22T10:14:40.827181+00:00,1,25814,99
2026-09-22T10:14:40.827181+00:00,2,25834,99
2026-09-22T10:14:40.827181+00:00,3,25834,99
2026-09-22T10:14:45.897937+00:00,0,25894,99
2026-09-22T10:14:45.897937+00:00,1,25814,99
2026-09-22T10:14:45.897937+00:00,2,25834,98
2026-09-22T10:14:45.897937+00:00,3,25834,99
2026-09-22T10:14:50.970181+00:00,0,25894,99
2026-09-22T10:14:50.970181+00:00,1,25814,100
2026-09-22T10:14:50.970181+00:00,2,25834,99
2026-09-22T10:14:50.970181+00:00,3,25834,100
2026-09-22T10:14:56.043640+00:00,0,25894,99
2026-09-22T10:14:56.043640+00:00,1,25814,99
2026-09-22T10:14:56.043640+00:00,2,25834,99
2026-09-22T10:14:56.043640+00:00,3,25834,99
2026-09-22T10:15:01.113755+00:00,0,25894,99
2026-09-22T10:15:01.113755+00:00,1,25814,98
2026-09-22T10:15:01.113755+00:00,2,25834,94
2026-09-22T10:15:01.113755+00:00,3,25834,94
2026-09-22T10:15:06.180979+00:00,0,25894,92
2026-09-22T10:15:06.180979+00:00,1,25814,99
2026-09-22T10:15:06.180979+00:00,2,25834,84
2026-09-22T10:15:06.180979+00:00,3,25834,93
2026-09-22T10:15:11.253526+00:00,0,25894,97
2026-09-22T10:15:11.253526+00:00,1,25814,96
2026-09-22T10:15:11.253526+00:00,2,25834,93
2026-09-22T10:15:11.253526+00:00,3,25834,97
2026-09-22T10:15:16.325410+00:00,0,25894,94
2026-09-22T10:15:16.325410+00:00,1,25814,94
2026-09-22T10:15:16.325410+00:00,2,25834,93
2026-09-22T10:15:16.325410+00:00,3,25834,99
2026-09-22T10:15:21.386797+00:00,0,25894,98
2026-09-22T10:15:21.386797+00:00,1,25814,98
2026-09-22T10:15:21.386797+00:00,2,25834,99
2026-09-22T10:15:21.386797+00:00,3,25834,99
2026-09-22T10:15:26.459543+00:00,0,25894,99
2026-09-22T10:15:26.459543+00:00,1,25814,99
2026-09-22T10:15:26.459543+00:00,2,25834,99
2026-09-22T10:15:26.459543+00:00,3,25834,99
2026-09-22T10:15:31.532547+00:00,0,25894,98
2026-09-22T10:15:31.532547+00:00,1,25814,98
2026-09-22T10:15:31.532547+00:00,2,25834,98
2026-09-22T10:15:31.532547+00:00,3,25834,98
2026-09-22T10:15:36.603314+00:00,0,25894,99
2026-09-22T10:15:36.603314+00:00,1,25834,99
2026-09-22T10:15:36.603314+00:00,2,25834,99
2026-09-22T10:15:36.603314+00:00,3,25854,99
2026-09-22T10:15:41.669975+00:00,0,25894,100
2026-09-22T10:15:41.669975+00:00,1,25834,99
2026-09-22T10:15:41.669975+00:00,2,25834,99
2026-09-22T10:15:41.669975+00:00,3,25854,99
2026-09-22T10:15:46.746955+00:00,0,25894,99
2026-09-22T10:15:46.746955+00:00,1,25834,98
2026-09-22T10:15:46.746955+00:00,2,25834,98
2026-09-22T10:15:46.746955+00:00,3,25854,98
2026-09-22T10:15:51.811627+00:00,0,25894,99
2026-09-22T10:15:51.811627+00:00,1,25834,99
2026-09-22T10:15:51.811627+00:00,2,25834,99
2026-09-22T10:15:51.811627+00:00,3,25854,100
2026-09-22T10:15:56.881847+00:00,0,25894,91
2026-09-22T10:15:56.881847+00:00,1,25834,92
2026-09-22T10:15:56.881847+00:00,2,25834,93
2026-09-22T10:15:56.881847+00:00,3,25854,99
2026-09-22T10:16:01.955587+00:00,0,25894,97
2026-09-22T10:16:01.955587+00:00,1,25834,95
2026-09-22T10:16:01.955587+00:00,2,25834,93
2026-09-22T10:16:01.955587+00:00,3,25854,100
2026-09-22T10:16:07.018702+00:00,0,25894,94
2026-09-22T10:16:07.018702+00:00,1,25834,91
2026-09-22T10:16:07.018702+00:00,2,25834,94
2026-09-22T10:16:07.018702+00:00,3,25854,95
2026-09-22T10:16:12.097894+00:00,0,25894,99
2026-09-22T10:16:12.097894+00:00,1,25834,99
2026-09-22T10:16:12.097894+00:00,2,25834,97
2026-09-22T10:16:12.097894+00:00,3,25854,97
2026-09-22T10:16:17.165987+00:00,0,25894,99
2026-09-22T10:16:17.165987+00:00,1,25834,98
2026-09-22T10:16:17.165987+00:00,2,25834,99
2026-09-22T10:16:17.165987+00:00,3,25854,100
2026-09-22T10:16:22.237929+00:00,0,25894,98
2026-09-22T10:16:22.237929+00:00,1,25834,98
2026-09-22T10:16:22.237929+00:00,2,25834,98
2026-09-22T10:16:22.237929+00:00,3,25854,99
2026-09-22T10:16:27.314354+00:00,0,25894,99
2026-09-22T10:16:27.314354+00:00,1,25834,97
2026-09-22T10:16:27.314354+00:00,2,25834,97
2026-09-22T10:16:27.314354+00:00,3,25854,97
2026-09-22T10:16:32.387479+00:00,0,25894,99
2026-09-22T10:16:32.387479+00:00,1,25834,97
2026-09-22T10:16:32.387479+00:00,2,25834,97
2026-09-22T10:16:32.387479+00:00,3,25854,96
2026-09-22T10:16:37.460017+00:00,0,17894,93
2026-09-22T10:16:37.460017+00:00,1,17994,83
2026-09-22T10:16:37.460017+00:00,2,17794,83
2026-09-22T10:16:37.460017+00:00,3,17854,74
2026-09-22T10:16:42.526766+00:00,0,10096,6
2026-09-22T10:16:42.526766+00:00,1,10096,7
2026-09-22T10:16:42.526766+00:00,2,10076,5
2026-09-22T10:16:42.526766+00:00,3,10096,7
2026-09-22T10:16:47.589868+00:00,0,10812,5
2026-09-22T10:16:47.589868+00:00,1,10812,6
2026-09-22T10:16:47.589868+00:00,2,10566,8
2026-09-22T10:16:47.589868+00:00,3,10730,7
2026-09-22T10:16:52.650087+00:00,0,11426,17
2026-09-22T10:16:52.650087+00:00,1,11406,21
2026-09-22T10:16:52.650087+00:00,2,11406,34
2026-09-22T10:16:52.650087+00:00,3,11426,14
2026-09-22T10:16:57.709984+00:00,0,5208,3
2026-09-22T10:16:57.709984+00:00,1,5208,3
2026-09-22T10:16:57.709984+00:00,2,32068,0
2026-09-22T10:16:57.709984+00:00,3,5208,0
2026-09-22T10:17:02.758464+00:00,0,33184,66
2026-09-22T10:17:02.758464+00:00,1,33044,66
2026-09-22T10:17:02.758464+00:00,2,33014,66
2026-09-22T10:17:02.758464+00:00,3,32928,59
2026-09-22T10:17:07.816880+00:00,0,33184,66
2026-09-22T10:17:07.816880+00:00,1,33044,64
2026-09-22T10:17:07.816880+00:00,2,33014,74
2026-09-22T10:17:07.816880+00:00,3,32928,61
2026-09-22T10:17:12.871459+00:00,0,33184,68
2026-09-22T10:17:12.871459+00:00,1,33044,68
2026-09-22T10:17:12.871459+00:00,2,33014,75
2026-09-22T10:17:12.871459+00:00,3,32928,65
2026-09-22T10:17:17.938171+00:00,0,33184,69
2026-09-22T10:17:17.938171+00:00,1,33044,73
2026-09-22T10:17:17.938171+00:00,2,33014,68
2026-09-22T10:17:17.938171+00:00,3,32928,73
2026-09-22T10:17:23.006242+00:00,0,33184,70
2026-09-22T10:17:23.006242+00:00,1,33044,68
2026-09-22T10:17:23.006242+00:00,2,33014,70
2026-09-22T10:17:23.006242+00:00,3,32928,74
2026-09-22T10:17:28.080080+00:00,0,33184,70
2026-09-22T10:17:28.080080+00:00,1,33044,72
2026-09-22T10:17:28.080080+00:00,2,33014,68
2026-09-22T10:17:28.080080+00:00,3,32928,67
2026-09-22T10:17:33.169076+00:00,0,33184,78
2026-09-22T10:17:33.169076+00:00,1,33044,73
2026-09-22T10:17:33.169076+00:00,2,33014,77
2026-09-22T10:17:33.169076+00:00,3,32928,73
2026-09-22T10:17:38.233182+00:00,0,33184,79
2026-09-22T10:17:38.233182+00:00,1,33044,71
2026-09-22T10:17:38.233182+00:00,2,33014,74
2026-09-22T10:17:38.233182+00:00,3,32928,74
2026-09-22T10:17:43.302573+00:00,0,33184,77
2026-09-22T10:17:43.302573+00:00,1,33044,78
2026-09-22T10:17:43.302573+00:00,2,33014,76
2026-09-22T10:17:43.302573+00:00,3,32928,78
2026-09-22T10:17:48.370284+00:00,0,33184,77
2026-09-22T10:17:48.370284+00:00,1,33044,71
2026-09-22T10:17:48.370284+00:00,2,33014,74
2026-09-22T10:17:48.370284+00:00,3,32928,76
2026-09-22T10:17:53.458741+00:00,0,33184,73
2026-09-22T10:17:53.458741+00:00,1,33044,75
2026-09-22T10:17:53.458741+00:00,2,33014,70
2026-09-22T10:17:53.458741+00:00,3,32928,73
2026-09-22T10:17:58.542434+00:00,0,33184,75
2026-09-22T10:17:58.542434+00:00,1,33044,80
2026-09-22T10:17:58.542434+00:00,2,33014,83
2026-09-22T10:17:58.542434+00:00,3,32928,80
2026-09-22T10:18:03.615267+00:00,0,33184,83
2026-09-22T10:18:03.615267+00:00,1,33044,79
2026-09-22T10:18:03.615267+00:00,2,33014,81
2026-09-22T10:18:03.615267+00:00,3,32928,75
2026-09-22T10:18:08.684203+00:00,0,33184,82
2026-09-22T10:18:08.684203+00:00,1,33044,81
2026-09-22T10:18:08.684203+00:00,2,33014,80
2026-09-22T10:18:08.684203+00:00,3,32928,85
2026-09-22T10:18:13.758754+00:00,0,33184,79
2026-09-22T10:18:13.758754+00:00,1,33044,79
2026-09-22T10:18:13.758754+00:00,2,33014,78
2026-09-22T10:18:13.758754+00:00,3,32928,85
2026-09-22T10:18:18.829210+00:00,0,33184,80
2026-09-22T10:18:18.829210+00:00,1,33044,81
2026-09-22T10:18:18.829210+00:00,2,33014,83
2026-09-22T10:18:18.829210+00:00,3,32928,80
2026-09-22T10:18:23.918771+00:00,0,33184,72
2026-09-22T10:18:23.918771+00:00,1,33044,77
2026-09-22T10:18:23.918771+00:00,2,33014,79
2026-09-22T10:18:23.918771+00:00,3,32928,81
2026-09-22T10:18:29.007688+00:00,0,33184,77
2026-09-22T10:18:29.007688+00:00,1,33044,80
2026-09-22T10:18:29.007688+00:00,2,33014,79
2026-09-22T10:18:29.007688+00:00,3,32928,72
2026-09-22T10:18:34.094025+00:00,0,33184,80
2026-09-22T10:18:34.094025+00:00,1,33044,78
2026-09-22T10:18:34.094025+00:00,2,33014,75
2026-09-22T10:18:34.094025+00:00,3,32928,74
2026-09-22T10:18:39.181339+00:00,0,33184,77
2026-09-22T10:18:39.181339+00:00,1,33044,79
2026-09-22T10:18:39.181339+00:00,2,33014,76
2026-09-22T10:18:39.181339+00:00,3,32928,76
2026-09-22T10:18:44.268080+00:00,0,33184,80
2026-09-22T10:18:44.268080+00:00,1,33044,78
2026-09-22T10:18:44.268080+00:00,2,33014,75
2026-09-22T10:18:44.268080+00:00,3,32928,78
2026-09-22T10:18:49.352643+00:00,0,33184,78
2026-09-22T10:18:49.352643+00:00,1,33044,82
2026-09-22T10:18:49.352643+00:00,2,33014,77
2026-09-22T10:18:49.352643+00:00,3,32928,82
2026-09-22T10:18:54.435739+00:00,0,33184,82
2026-09-22T10:18:54.435739+00:00,1,33044,79
2026-09-22T10:18:54.435739+00:00,2,33014,81
2026-09-22T10:18:54.435739+00:00,3,32928,81
2026-09-22T10:18:59.523888+00:00,0,33184,79
2026-09-22T10:18:59.523888+00:00,1,33044,82
2026-09-22T10:18:59.523888+00:00,2,33014,82
2026-09-22T10:18:59.523888+00:00,3,32928,84
2026-09-22T10:19:04.610277+00:00,0,33184,81
2026-09-22T10:19:04.610277+00:00,1,33044,77
2026-09-22T10:19:04.610277+00:00,2,33014,83
2026-09-22T10:19:04.610277+00:00,3,32928,81
2026-09-22T10:19:09.697085+00:00,0,33184,85
2026-09-22T10:19:09.697085+00:00,1,33044,84
2026-09-22T10:19:09.697085+00:00,2,33014,79
2026-09-22T10:19:09.697085+00:00,3,32928,79
2026-09-22T10:19:14.762073+00:00,0,33184,81
2026-09-22T10:19:14.762073+00:00,1,33044,76
2026-09-22T10:19:14.762073+00:00,2,33014,82
2026-09-22T10:19:14.762073+00:00,3,32928,83
2026-09-22T10:19:19.834822+00:00,0,33184,83
2026-09-22T10:19:19.834822+00:00,1,33044,83
2026-09-22T10:19:19.834822+00:00,2,33014,87
2026-09-22T10:19:19.834822+00:00,3,32928,84
2026-09-22T10:19:24.904984+00:00,0,33184,86
2026-09-22T10:19:24.904984+00:00,1,33044,87
2026-09-22T10:19:24.904984+00:00,2,33014,85
2026-09-22T10:19:24.904984+00:00,3,32928,84
2026-09-22T10:19:29.971277+00:00,0,33184,92
2026-09-22T10:19:29.971277+00:00,1,33044,86
2026-09-22T10:19:29.971277+00:00,2,33014,86
2026-09-22T10:19:29.971277+00:00,3,32928,83
2026-09-22T10:19:35.040463+00:00,0,33184,88
2026-09-22T10:19:35.040463+00:00,1,33044,86
2026-09-22T10:19:35.040463+00:00,2,33014,85
2026-09-22T10:19:35.040463+00:00,3,32928,85
2026-09-22T10:19:40.116402+00:00,0,33184,82
2026-09-22T10:19:40.116402+00:00,1,33044,82
2026-09-22T10:19:40.116402+00:00,2,33014,88
2026-09-22T10:19:40.116402+00:00,3,32928,83
2026-09-22T10:19:45.192739+00:00,0,33184,86
2026-09-22T10:19:45.192739+00:00,1,33044,85
2026-09-22T10:19:45.192739+00:00,2,33014,80
2026-09-22T10:19:45.192739+00:00,3,32928,85
2026-09-22T10:19:50.272191+00:00,0,33184,89
2026-09-22T10:19:50.272191+00:00,1,33044,81
2026-09-22T10:19:50.272191+00:00,2,33014,88
2026-09-22T10:19:50.272191+00:00,3,32928,84
2026-09-22T10:19:55.390320+00:00,0,33184,87
2026-09-22T10:19:55.390320+00:00,1,33044,85
2026-09-22T10:19:55.390320+00:00,2,33014,87
2026-09-22T10:19:55.390320+00:00,3,32928,89
2026-09-22T10:20:00.465541+00:00,0,33184,84
2026-09-22T10:20:00.465541+00:00,1,33044,84
2026-09-22T10:20:00.465541+00:00,2,33014,85
2026-09-22T10:20:00.465541+00:00,3,32928,79
2026-09-22T10:20:05.537330+00:00,0,33184,82
2026-09-22T10:20:05.537330+00:00,1,33044,85
2026-09-22T10:20:05.537330+00:00,2,33014,88
2026-09-22T10:20:05.537330+00:00,3,32928,88
2026-09-22T10:20:10.614913+00:00,0,33184,87
2026-09-22T10:20:10.614913+00:00,1,33044,80
2026-09-22T10:20:10.614913+00:00,2,33014,85
2026-09-22T10:20:10.614913+00:00,3,32928,87
2026-09-22T10:20:15.682660+00:00,0,33184,86
2026-09-22T10:20:15.682660+00:00,1,33044,85
2026-09-22T10:20:15.682660+00:00,2,33014,89
2026-09-22T10:20:15.682660+00:00,3,32928,82
2026-09-22T10:20:20.756433+00:00,0,33184,81
2026-09-22T10:20:20.756433+00:00,1,33044,87
2026-09-22T10:20:20.756433+00:00,2,33014,85
2026-09-22T10:20:20.756433+00:00,3,32928,92
2026-09-22T10:20:25.824958+00:00,0,33184,88
2026-09-22T10:20:25.824958+00:00,1,33044,87
2026-09-22T10:20:25.824958+00:00,2,33014,85
2026-09-22T10:20:25.824958+00:00,3,32928,86
2026-09-22T10:20:30.901625+00:00,0,33184,86
2026-09-22T10:20:30.901625+00:00,1,33044,86
2026-09-22T10:20:30.901625+00:00,2,33014,85
2026-09-22T10:20:30.901625+00:00,3,32928,89
2026-09-22T10:20:35.967901+00:00,0,33184,86
2026-09-22T10:20:35.967901+00:00,1,33044,84
2026-09-22T10:20:35.967901+00:00,2,33014,81
2026-09-22T10:20:35.967901+00:00,3,32928,86
2026-09-22T10:20:41.041450+00:00,0,33184,87
2026-09-22T10:20:41.041450+00:00,1,33044,84
2026-09-22T10:20:41.041450+00:00,2,33014,86
2026-09-22T10:20:41.041450+00:00,3,32928,84
2026-09-22T10:20:46.115801+00:00,0,33184,86
2026-09-22T10:20:46.115801+00:00,1,33044,86
2026-09-22T10:20:46.115801+00:00,2,33014,88
2026-09-22T10:20:46.115801+00:00,3,32928,87
2026-09-22T10:20:51.189065+00:00,0,33184,86
2026-09-22T10:20:51.189065+00:00,1,33044,89
2026-09-22T10:20:51.189065+00:00,2,33014,84
2026-09-22T10:20:51.189065+00:00,3,32928,86
2026-09-22T10:20:56.262186+00:00,0,33184,86
2026-09-22T10:20:56.262186+00:00,1,33044,87
2026-09-22T10:20:56.262186+00:00,2,33014,87
2026-09-22T10:20:56.262186+00:00,3,32928,82
2026-09-22T10:21:01.335047+00:00,0,33184,81
2026-09-22T10:21:01.335047+00:00,1,33044,84
2026-09-22T10:21:01.335047+00:00,2,33014,84
2026-09-22T10:21:01.335047+00:00,3,32928,84
2026-09-22T10:21:06.428198+00:00,0,33184,77
2026-09-22T10:21:06.428198+00:00,1,33044,80
2026-09-22T10:21:06.428198+00:00,2,33014,0
2026-09-22T10:21:06.428198+00:00,3,32928,0
2026-09-22T10:21:11.512993+00:00,0,2672,100
2026-09-22T10:21:11.512993+00:00,1,2532,100
2026-09-22T10:21:11.512993+00:00,2,2502,100
2026-09-22T10:21:11.512993+00:00,3,2416,74
2026-09-22T10:21:16.585987+00:00,0,8348,95
2026-09-22T10:21:16.585987+00:00,1,7628,94
2026-09-22T10:21:16.585987+00:00,2,8368,94
2026-09-22T10:21:16.585987+00:00,3,8388,95
2026-09-22T10:21:21.654731+00:00,0,8692,97
2026-09-22T10:21:21.654731+00:00,1,7952,99
2026-09-22T10:21:21.654731+00:00,2,8692,95
2026-09-22T10:21:21.654731+00:00,3,8692,99
2026-09-22T10:21:26.721908+00:00,0,8916,99
2026-09-22T10:21:26.721908+00:00,1,8176,99
2026-09-22T10:21:26.721908+00:00,2,8916,99
2026-09-22T10:21:26.721908+00:00,3,8896,99
2026-09-22T10:21:31.781139+00:00,0,9182,99
2026-09-22T10:21:31.781139+00:00,1,8482,99
2026-09-22T10:21:31.781139+00:00,2,9182,99
2026-09-22T10:21:31.781139+00:00,3,9182,97
2026-09-22T10:21:36.849783+00:00,0,9406,99
2026-09-22T10:21:36.849783+00:00,1,8746,99
2026-09-22T10:21:36.849783+00:00,2,9426,99
2026-09-22T10:21:36.849783+00:00,3,9426,97
2026-09-22T10:21:41.918971+00:00,0,9470,97
2026-09-22T10:21:41.918971+00:00,1,8810,99
2026-09-22T10:21:41.918971+00:00,2,9470,99
2026-09-22T10:21:41.918971+00:00,3,9470,97
2026-09-22T10:21:46.985602+00:00,0,9474,97
2026-09-22T10:21:46.985602+00:00,1,8814,97
2026-09-22T10:21:46.985602+00:00,2,9474,97
2026-09-22T10:21:46.985602+00:00,3,9476,99
2026-09-22T10:21:52.051462+00:00,0,9478,96
2026-09-22T10:21:52.051462+00:00,1,8818,99
2026-09-22T10:21:52.051462+00:00,2,9478,99
2026-09-22T10:21:52.051462+00:00,3,9480,99
2026-09-22T10:21:57.112405+00:00,0,9484,97
2026-09-22T10:21:57.112405+00:00,1,8824,99
2026-09-22T10:21:57.112405+00:00,2,9484,97
2026-09-22T10:21:57.112405+00:00,3,9484,99
2026-09-22T10:22:02.180963+00:00,0,9488,97
2026-09-22T10:22:02.180963+00:00,1,8828,99
2026-09-22T10:22:02.180963+00:00,2,9488,97
2026-09-22T10:22:02.180963+00:00,3,9490,99
2026-09-22T10:22:07.249507+00:00,0,18426,30
2026-09-22T10:22:07.249507+00:00,1,18466,48
2026-09-22T10:22:07.249507+00:00,2,18566,77
2026-09-22T10:22:07.249507+00:00,3,18486,48
2026-09-22T10:22:12.321676+00:00,0,18818,96
2026-09-22T10:22:12.321676+00:00,1,18798,97
2026-09-22T10:22:12.321676+00:00,2,18958,99
2026-09-22T10:22:12.321676+00:00,3,18798,99
2026-09-22T10:22:17.392921+00:00,0,19120,97
2026-09-22T10:22:17.392921+00:00,1,19422,97
2026-09-22T10:22:17.392921+00:00,2,19040,99
2026-09-22T10:22:17.392921+00:00,3,19180,99
2026-09-22T10:22:22.464442+00:00,0,20384,91
2026-09-22T10:22:22.464442+00:00,1,19944,99
2026-09-22T10:22:22.464442+00:00,2,20464,100
2026-09-22T10:22:22.464442+00:00,3,19884,99
2026-09-22T10:22:27.525539+00:00,0,20386,94
2026-09-22T10:22:27.525539+00:00,1,19946,96
2026-09-22T10:22:27.525539+00:00,2,20466,96
2026-09-22T10:22:27.525539+00:00,3,19888,94
2026-09-22T10:22:32.598387+00:00,0,20394,99
2026-09-22T10:22:32.598387+00:00,1,19954,94
2026-09-22T10:22:32.598387+00:00,2,20474,98
2026-09-22T10:22:32.598387+00:00,3,19894,99
2026-09-22T10:22:37.671713+00:00,0,20394,97
2026-09-22T10:22:37.671713+00:00,1,19954,89
2026-09-22T10:22:37.671713+00:00,2,20474,100
2026-09-22T10:22:37.671713+00:00,3,19894,87
2026-09-22T10:22:42.745395+00:00,0,20394,99
2026-09-22T10:22:42.745395+00:00,1,19954,99
2026-09-22T10:22:42.745395+00:00,2,20474,98
2026-09-22T10:22:42.745395+00:00,3,19894,98
2026-09-22T10:22:47.806477+00:00,0,24714,99
2026-09-22T10:22:47.806477+00:00,1,24994,99
2026-09-22T10:22:47.806477+00:00,2,25014,100
2026-09-22T10:22:47.806477+00:00,3,24854,100
2026-09-22T10:22:52.880930+00:00,0,25674,0
2026-09-22T10:22:52.880930+00:00,1,25694,0
2026-09-22T10:22:52.880930+00:00,2,25674,0
2026-09-22T10:22:52.880930+00:00,3,25654,0
2026-09-22T10:22:57.945010+00:00,0,25834,100
2026-09-22T10:22:57.945010+00:00,1,25774,99
2026-09-22T10:22:57.945010+00:00,2,25814,99
2026-09-22T10:22:57.945010+00:00,3,25834,99
2026-09-22T10:23:03.009347+00:00,0,25834,100
2026-09-22T10:23:03.009347+00:00,1,25774,99
2026-09-22T10:23:03.009347+00:00,2,25814,99
2026-09-22T10:23:03.009347+00:00,3,25834,99
2026-09-22T10:23:08.086035+00:00,0,25834,99
2026-09-22T10:23:08.086035+00:00,1,25774,99
2026-09-22T10:23:08.086035+00:00,2,25814,98
2026-09-22T10:23:08.086035+00:00,3,25834,99
2026-09-22T10:23:13.149778+00:00,0,25834,100
2026-09-22T10:23:13.149778+00:00,1,25774,99
2026-09-22T10:23:13.149778+00:00,2,25814,99
2026-09-22T10:23:13.149778+00:00,3,25834,99
2026-09-22T10:23:18.213985+00:00,0,25834,99
2026-09-22T10:23:18.213985+00:00,1,25774,99
2026-09-22T10:23:18.213985+00:00,2,25814,93
2026-09-22T10:23:18.213985+00:00,3,25834,95
2026-09-22T10:23:23.285757+00:00,0,25834,92
2026-09-22T10:23:23.285757+00:00,1,25774,99
2026-09-22T10:23:23.285757+00:00,2,25814,90
2026-09-22T10:23:23.285757+00:00,3,25834,94
2026-09-22T10:23:28.347828+00:00,0,25834,99
2026-09-22T10:23:28.347828+00:00,1,25774,94
2026-09-22T10:23:28.347828+00:00,2,25814,95
2026-09-22T10:23:28.347828+00:00,3,25834,92
2026-09-22T10:23:33.417325+00:00,0,25834,100
2026-09-22T10:23:33.417325+00:00,1,25774,96
2026-09-22T10:23:33.417325+00:00,2,25814,97
2026-09-22T10:23:33.417325+00:00,3,25834,95
2026-09-22T10:23:38.490866+00:00,0,25834,99
2026-09-22T10:23:38.490866+00:00,1,25774,99
2026-09-22T10:23:38.490866+00:00,2,25814,99
2026-09-22T10:23:38.490866+00:00,3,25834,99
2026-09-22T10:23:43.562790+00:00,0,25834,99
2026-09-22T10:23:43.562790+00:00,1,25774,99
2026-09-22T10:23:43.562790+00:00,2,25814,99
2026-09-22T10:23:43.562790+00:00,3,25834,99
2026-09-22T10:23:48.638072+00:00,0,25834,99
2026-09-22T10:23:48.638072+00:00,1,25774,99
2026-09-22T10:23:48.638072+00:00,2,25814,99
2026-09-22T10:23:48.638072+00:00,3,25834,99
2026-09-22T10:23:53.709653+00:00,0,25834,99
2026-09-22T10:23:53.709653+00:00,1,25774,100
2026-09-22T10:23:53.709653+00:00,2,25814,99
2026-09-22T10:23:53.709653+00:00,3,25834,99
2026-09-22T10:23:58.775890+00:00,0,25834,98
2026-09-22T10:23:58.775890+00:00,1,25774,99
2026-09-22T10:23:58.775890+00:00,2,25814,98
2026-09-22T10:23:58.775890+00:00,3,25834,98
2026-09-22T10:24:03.840336+00:00,0,25834,99
2026-09-22T10:24:03.840336+00:00,1,25774,99
2026-09-22T10:24:03.840336+00:00,2,25814,99
2026-09-22T10:24:03.840336+00:00,3,25834,99
2026-09-22T10:24:08.905108+00:00,0,25834,90
2026-09-22T10:24:08.905108+00:00,1,25774,99
2026-09-22T10:24:08.905108+00:00,2,25814,99
2026-09-22T10:24:08.905108+00:00,3,25834,92
2026-09-22T10:24:13.966502+00:00,0,25834,95
2026-09-22T10:24:13.966502+00:00,1,25774,100
2026-09-22T10:24:13.966502+00:00,2,25814,94
2026-09-22T10:24:13.966502+00:00,3,25834,91
2026-09-22T10:24:19.035715+00:00,0,25834,92
2026-09-22T10:24:19.035715+00:00,1,25774,99
2026-09-22T10:24:19.035715+00:00,2,25814,93
2026-09-22T10:24:19.035715+00:00,3,25834,93
2026-09-22T10:24:24.134991+00:00,0,25834,97
2026-09-22T10:24:24.134991+00:00,1,25774,92
2026-09-22T10:24:24.134991+00:00,2,25814,89
2026-09-22T10:24:24.134991+00:00,3,25834,87
2026-09-22T10:24:29.211088+00:00,0,25834,97
2026-09-22T10:24:29.211088+00:00,1,25774,99
2026-09-22T10:24:29.211088+00:00,2,25814,95
2026-09-22T10:24:29.211088+00:00,3,25834,97
2026-09-22T10:24:34.283745+00:00,0,25834,96
2026-09-22T10:24:34.283745+00:00,1,25774,98
2026-09-22T10:24:34.283745+00:00,2,25814,97
2026-09-22T10:24:34.283745+00:00,3,25834,97
2026-09-22T10:24:39.358054+00:00,0,25834,97
2026-09-22T10:24:39.358054+00:00,1,25774,98
2026-09-22T10:24:39.358054+00:00,2,25814,97
2026-09-22T10:24:39.358054+00:00,3,25834,90
2026-09-22T10:24:44.430786+00:00,0,6194,81
2026-09-22T10:24:44.430786+00:00,1,6114,80
2026-09-22T10:24:44.430786+00:00,2,5914,81
2026-09-22T10:24:44.430786+00:00,3,5814,81
2026-09-22T10:24:49.520199+00:00,0,10096,40
2026-09-22T10:24:49.520199+00:00,1,10096,6
2026-09-22T10:24:49.520199+00:00,2,10076,6
2026-09-22T10:24:49.520199+00:00,3,10096,5
2026-09-22T10:24:54.579889+00:00,0,11324,8
2026-09-22T10:24:54.579889+00:00,1,10976,8
2026-09-22T10:24:54.579889+00:00,2,10402,5
2026-09-22T10:24:54.579889+00:00,3,11222,8
2026-09-22T10:24:59.641770+00:00,0,11426,46
2026-09-22T10:24:59.641770+00:00,1,11406,31
2026-09-22T10:24:59.641770+00:00,2,11406,17
2026-09-22T10:24:59.641770+00:00,3,11426,35
2026-09-22T10:25:04.702341+00:00,0,5208,0
2026-09-22T10:25:04.702341+00:00,1,5208,0
2026-09-22T10:25:04.702341+00:00,2,5188,0
2026-09-22T10:25:04.702341+00:00,3,5208,0
2026-09-22T10:25:09.758223+00:00,0,32698,59
2026-09-22T10:25:09.758223+00:00,1,32948,61
2026-09-22T10:25:09.758223+00:00,2,32728,64
2026-09-22T10:25:09.758223+00:00,3,33072,60
2026-09-22T10:25:14.822288+00:00,0,32698,65
2026-09-22T10:25:14.822288+00:00,1,32948,71
2026-09-22T10:25:14.822288+00:00,2,32728,61
2026-09-22T10:25:14.822288+00:00,3,33072,70
2026-09-22T10:25:19.888488+00:00,0,32698,66
2026-09-22T10:25:19.888488+00:00,1,32948,74
2026-09-22T10:25:19.888488+00:00,2,32728,67
2026-09-22T10:25:19.888488+00:00,3,33072,68
2026-09-22T10:25:24.957639+00:00,0,32698,70
2026-09-22T10:25:24.957639+00:00,1,32948,74
2026-09-22T10:25:24.957639+00:00,2,32728,68
2026-09-22T10:25:24.957639+00:00,3,33072,66
2026-09-22T10:25:30.015747+00:00,0,32698,71
2026-09-22T10:25:30.015747+00:00,1,32948,77
2026-09-22T10:25:30.015747+00:00,2,32728,73
2026-09-22T10:25:30.015747+00:00,3,33072,71
2026-09-22T10:25:35.082194+00:00,0,32698,72
2026-09-22T10:25:35.082194+00:00,1,32948,68
2026-09-22T10:25:35.082194+00:00,2,32728,74
2026-09-22T10:25:35.082194+00:00,3,33072,74
2026-09-22T10:25:40.151215+00:00,0,32698,74
2026-09-22T10:25:40.151215+00:00,1,32948,71
2026-09-22T10:25:40.151215+00:00,2,32728,72
2026-09-22T10:25:40.151215+00:00,3,33072,71
2026-09-22T10:25:45.234233+00:00,0,32698,75
2026-09-22T10:25:45.234233+00:00,1,32948,73
2026-09-22T10:25:45.234233+00:00,2,32728,70
2026-09-22T10:25:45.234233+00:00,3,33072,74
2026-09-22T10:25:50.307535+00:00,0,32698,71
2026-09-22T10:25:50.307535+00:00,1,32948,72
2026-09-22T10:25:50.307535+00:00,2,32728,79
2026-09-22T10:25:50.307535+00:00,3,33072,74
2026-09-22T10:25:55.388364+00:00,0,32698,69
2026-09-22T10:25:55.388364+00:00,1,32948,69
2026-09-22T10:25:55.388364+00:00,2,32728,68
2026-09-22T10:25:55.388364+00:00,3,33072,77
2026-09-22T10:26:00.473185+00:00,0,32698,76
2026-09-22T10:26:00.473185+00:00,1,32948,70
2026-09-22T10:26:00.473185+00:00,2,32728,74
2026-09-22T10:26:00.473185+00:00,3,33072,78
2026-09-22T10:26:05.553775+00:00,0,32698,82
2026-09-22T10:26:05.553775+00:00,1,32948,80
2026-09-22T10:26:05.553775+00:00,2,32728,80
2026-09-22T10:26:05.553775+00:00,3,33072,82
2026-09-22T10:26:10.657537+00:00,0,32698,76
2026-09-22T10:26:10.657537+00:00,1,32948,77
2026-09-22T10:26:10.657537+00:00,2,32728,74
2026-09-22T10:26:10.657537+00:00,3,33072,82
2026-09-22T10:26:15.733009+00:00,0,32698,76
2026-09-22T10:26:15.733009+00:00,1,32948,78
2026-09-22T10:26:15.733009+00:00,2,32728,75
2026-09-22T10:26:15.733009+00:00,3,33072,78
2026-09-22T10:26:20.815185+00:00,0,32698,77
2026-09-22T10:26:20.815185+00:00,1,32948,79
2026-09-22T10:26:20.815185+00:00,2,32728,76
2026-09-22T10:26:20.815185+00:00,3,33072,74
2026-09-22T10:26:25.903514+00:00,0,32698,78
2026-09-22T10:26:25.903514+00:00,1,32948,75
2026-09-22T10:26:25.903514+00:00,2,32728,78
2026-09-22T10:26:25.903514+00:00,3,33072,80
2026-09-22T10:26:30.985694+00:00,0,32698,76
2026-09-22T10:26:30.985694+00:00,1,32948,80
2026-09-22T10:26:30.985694+00:00,2,32728,77
2026-09-22T10:26:30.985694+00:00,3,33072,76
2026-09-22T10:26:36.070393+00:00,0,32698,82
2026-09-22T10:26:36.070393+00:00,1,32948,80
2026-09-22T10:26:36.070393+00:00,2,32728,75
2026-09-22T10:26:36.070393+00:00,3,33072,82
2026-09-22T10:26:41.142094+00:00,0,32698,83
2026-09-22T10:26:41.142094+00:00,1,32948,79
2026-09-22T10:26:41.142094+00:00,2,32728,81
2026-09-22T10:26:41.142094+00:00,3,33072,78
2026-09-22T10:26:46.217818+00:00,0,32698,80
2026-09-22T10:26:46.217818+00:00,1,32948,79
2026-09-22T10:26:46.217818+00:00,2,32728,76
2026-09-22T10:26:46.217818+00:00,3,33072,76
2026-09-22T10:26:51.302466+00:00,0,32698,80
2026-09-22T10:26:51.302466+00:00,1,32948,84
2026-09-22T10:26:51.302466+00:00,2,32728,83
2026-09-22T10:26:51.302466+00:00,3,33072,83
2026-09-22T10:26:56.371839+00:00,0,32698,82
2026-09-22T10:26:56.371839+00:00,1,32948,86
2026-09-22T10:26:56.371839+00:00,2,32728,86
2026-09-22T10:26:56.371839+00:00,3,33072,88
2026-09-22T10:27:01.444556+00:00,0,32698,82
2026-09-22T10:27:01.444556+00:00,1,32948,82
2026-09-22T10:27:01.444556+00:00,2,32728,80
2026-09-22T10:27:01.444556+00:00,3,33072,84
2026-09-22T10:27:06.515693+00:00,0,32698,82
2026-09-22T10:27:06.515693+00:00,1,32948,88
2026-09-22T10:27:06.515693+00:00,2,32728,84
2026-09-22T10:27:06.515693+00:00,3,33072,87
2026-09-22T10:27:11.587514+00:00,0,32698,87
2026-09-22T10:27:11.587514+00:00,1,32948,78
2026-09-22T10:27:11.587514+00:00,2,32728,83
2026-09-22T10:27:11.587514+00:00,3,33072,78
2026-09-22T10:27:16.653064+00:00,0,32698,82
2026-09-22T10:27:16.653064+00:00,1,32948,78
2026-09-22T10:27:16.653064+00:00,2,32728,77
2026-09-22T10:27:16.653064+00:00,3,33072,76
2026-09-22T10:27:21.744040+00:00,0,32698,80
2026-09-22T10:27:21.744040+00:00,1,32948,80
2026-09-22T10:27:21.744040+00:00,2,32728,82
2026-09-22T10:27:21.744040+00:00,3,33072,80
2026-09-22T10:27:26.830772+00:00,0,32698,81
2026-09-22T10:27:26.830772+00:00,1,32948,73
2026-09-22T10:27:26.830772+00:00,2,32728,78
2026-09-22T10:27:26.830772+00:00,3,33072,81
2026-09-22T10:27:31.917601+00:00,0,32698,85
2026-09-22T10:27:31.917601+00:00,1,32948,83
2026-09-22T10:27:31.917601+00:00,2,32728,83
2026-09-22T10:27:31.917601+00:00,3,33072,84
2026-09-22T10:27:36.990049+00:00,0,32698,81
2026-09-22T10:27:36.990049+00:00,1,32948,83
2026-09-22T10:27:36.990049+00:00,2,32728,81
2026-09-22T10:27:36.990049+00:00,3,33072,84
2026-09-22T10:27:42.061448+00:00,0,32698,85
2026-09-22T10:27:42.061448+00:00,1,32948,85
2026-09-22T10:27:42.061448+00:00,2,32728,89
2026-09-22T10:27:42.061448+00:00,3,33072,80
2026-09-22T10:27:47.137296+00:00,0,32698,84
2026-09-22T10:27:47.137296+00:00,1,32948,83
2026-09-22T10:27:47.137296+00:00,2,32728,88
2026-09-22T10:27:47.137296+00:00,3,33072,89
2026-09-22T10:27:52.211614+00:00,0,32698,85
2026-09-22T10:27:52.211614+00:00,1,32948,87
2026-09-22T10:27:52.211614+00:00,2,32728,89
2026-09-22T10:27:52.211614+00:00,3,33072,86
2026-09-22T10:27:57.275161+00:00,0,32698,83
2026-09-22T10:27:57.275161+00:00,1,32948,90
2026-09-22T10:27:57.275161+00:00,2,32728,83
2026-09-22T10:27:57.275161+00:00,3,33072,85
2026-09-22T10:28:02.347878+00:00,0,32698,81
2026-09-22T10:28:02.347878+00:00,1,32948,78
2026-09-22T10:28:02.347878+00:00,2,32728,80
2026-09-22T10:28:02.347878+00:00,3,33072,76
2026-09-22T10:28:07.431577+00:00,0,32698,89
2026-09-22T10:28:07.431577+00:00,1,32948,83
2026-09-22T10:28:07.431577+00:00,2,32728,86
2026-09-22T10:28:07.431577+00:00,3,33072,84
2026-09-22T10:28:12.505053+00:00,0,32698,89
2026-09-22T10:28:12.505053+00:00,1,32948,85
2026-09-22T10:28:12.505053+00:00,2,32728,89
2026-09-22T10:28:12.505053+00:00,3,33072,88
2026-09-22T10:28:17.578314+00:00,0,32698,86
2026-09-22T10:28:17.578314+00:00,1,32948,88
2026-09-22T10:28:17.578314+00:00,2,32728,87
2026-09-22T10:28:17.578314+00:00,3,33072,88
2026-09-22T10:28:22.645998+00:00,0,32698,85
2026-09-22T10:28:22.645998+00:00,1,32948,83
2026-09-22T10:28:22.645998+00:00,2,32728,87
2026-09-22T10:28:22.645998+00:00,3,33072,80
2026-09-22T10:28:27.720935+00:00,0,32698,86
2026-09-22T10:28:27.720935+00:00,1,32948,85
2026-09-22T10:28:27.720935+00:00,2,32728,85
2026-09-22T10:28:27.720935+00:00,3,33072,85
2026-09-22T10:28:32.792811+00:00,0,32698,85
2026-09-22T10:28:32.792811+00:00,1,32948,85
2026-09-22T10:28:32.792811+00:00,2,32728,88
2026-09-22T10:28:32.792811+00:00,3,33072,83
2026-09-22T10:28:37.864359+00:00,0,32698,85
2026-09-22T10:28:37.864359+00:00,1,32948,86
2026-09-22T10:28:37.864359+00:00,2,32728,88
2026-09-22T10:28:37.864359+00:00,3,33072,85
2026-09-22T10:28:42.938095+00:00,0,32698,85
2026-09-22T10:28:42.938095+00:00,1,32948,85
2026-09-22T10:28:42.938095+00:00,2,32728,91
2026-09-22T10:28:42.938095+00:00,3,33072,90
2026-09-22T10:28:48.014829+00:00,0,32698,88
2026-09-22T10:28:48.014829+00:00,1,32948,88
2026-09-22T10:28:48.014829+00:00,2,32728,82
2026-09-22T10:28:48.014829+00:00,3,33072,83
2026-09-22T10:28:53.088885+00:00,0,32698,84
2026-09-22T10:28:53.088885+00:00,1,32948,86
2026-09-22T10:28:53.088885+00:00,2,32728,88
2026-09-22T10:28:53.088885+00:00,3,33072,84
2026-09-22T10:28:58.163048+00:00,0,32698,85
2026-09-22T10:28:58.163048+00:00,1,32948,86
2026-09-22T10:28:58.163048+00:00,2,32728,87
2026-09-22T10:28:58.163048+00:00,3,33072,84
2026-09-22T10:29:03.236170+00:00,0,32698,84
2026-09-22T10:29:03.236170+00:00,1,32948,89
2026-09-22T10:29:03.236170+00:00,2,32728,87
2026-09-22T10:29:03.236170+00:00,3,33072,82
2026-09-22T10:29:08.312756+00:00,0,32698,84
2026-09-22T10:29:08.312756+00:00,1,32948,82
2026-09-22T10:29:08.312756+00:00,2,32728,89
2026-09-22T10:29:08.312756+00:00,3,33072,93
2026-09-22T10:29:13.383853+00:00,0,32698,88
2026-09-22T10:29:13.383853+00:00,1,32948,0
2026-09-22T10:29:13.383853+00:00,2,32728,90
2026-09-22T10:29:13.383853+00:00,3,33072,83
2026-09-22T10:29:18.444214+00:00,0,32698,91
2026-09-22T10:29:18.444214+00:00,1,32948,0
2026-09-22T10:29:18.444214+00:00,2,32728,83
2026-09-22T10:29:18.444214+00:00,3,33072,0
2026-09-22T10:29:23.507807+00:00,0,32698,79
2026-09-22T10:29:23.507807+00:00,1,32948,0
2026-09-22T10:29:23.507807+00:00,2,32728,0
2026-09-22T10:29:23.507807+00:00,3,33072,0
2026-09-22T10:29:28.575183+00:00,0,32698,0
2026-09-22T10:29:28.575183+00:00,1,32948,0
2026-09-22T10:29:28.575183+00:00,2,32728,0
2026-09-22T10:29:28.575183+00:00,3,33072,0
2026-09-22T10:29:33.625097+00:00,0,8328,99
2026-09-22T10:29:33.625097+00:00,1,7568,94
2026-09-22T10:29:33.625097+00:00,2,8248,96
2026-09-22T10:29:33.625097+00:00,3,8328,93
2026-09-22T10:29:38.693296+00:00,0,8634,97
2026-09-22T10:29:38.693296+00:00,1,7974,99
2026-09-22T10:29:38.693296+00:00,2,8634,95
2026-09-22T10:29:38.693296+00:00,3,8634,99
2026-09-22T10:29:43.759701+00:00,0,8958,99
2026-09-22T10:29:43.759701+00:00,1,8258,99
2026-09-22T10:29:43.759701+00:00,2,8958,99
2026-09-22T10:29:43.759701+00:00,3,8958,98
2026-09-22T10:29:48.828925+00:00,0,9202,99
2026-09-22T10:29:48.828925+00:00,1,8582,97
2026-09-22T10:29:48.828925+00:00,2,9222,99
2026-09-22T10:29:48.828925+00:00,3,9202,97
2026-09-22T10:29:53.896320+00:00,0,9406,99
2026-09-22T10:29:53.896320+00:00,1,8806,97
2026-09-22T10:29:53.896320+00:00,2,9386,99
2026-09-22T10:29:53.896320+00:00,3,9426,97
2026-09-22T10:29:58.968221+00:00,0,9450,97
2026-09-22T10:29:58.968221+00:00,1,8852,99
2026-09-22T10:29:58.968221+00:00,2,9432,97
2026-09-22T10:29:58.968221+00:00,3,9450,97
2026-09-22T10:30:04.037558+00:00,0,9456,99
2026-09-22T10:30:04.037558+00:00,1,8856,99
2026-09-22T10:30:04.037558+00:00,2,9436,99
2026-09-22T10:30:04.037558+00:00,3,9456,97
2026-09-22T10:30:09.106360+00:00,0,9460,99
2026-09-22T10:30:09.106360+00:00,1,8860,99
2026-09-22T10:30:09.106360+00:00,2,9440,99
2026-09-22T10:30:09.106360+00:00,3,9460,99
2026-09-22T10:30:14.174899+00:00,0,9464,99
2026-09-22T10:30:14.174899+00:00,1,8864,98
2026-09-22T10:30:14.174899+00:00,2,9444,99
2026-09-22T10:30:14.174899+00:00,3,9464,97
2026-09-22T10:30:19.243467+00:00,0,9470,99
2026-09-22T10:30:19.243467+00:00,1,8870,99
2026-09-22T10:30:19.243467+00:00,2,9450,99
2026-09-22T10:30:19.243467+00:00,3,9468,97
2026-09-22T10:30:24.309918+00:00,0,19366,54
2026-09-22T10:30:24.309918+00:00,1,19306,51
2026-09-22T10:30:24.309918+00:00,2,19306,51
2026-09-22T10:30:24.309918+00:00,3,18804,85
2026-09-22T10:30:29.377272+00:00,0,19598,97
2026-09-22T10:30:29.377272+00:00,1,19718,99
2026-09-22T10:30:29.377272+00:00,2,19678,97
2026-09-22T10:30:29.377272+00:00,3,19878,97
2026-09-22T10:30:34.445912+00:00,0,20122,96
2026-09-22T10:30:34.445912+00:00,1,20060,99
2026-09-22T10:30:34.445912+00:00,2,20160,97
2026-09-22T10:30:34.445912+00:00,3,20080,99
2026-09-22T10:30:39.523061+00:00,0,20124,99
2026-09-22T10:30:39.523061+00:00,1,21104,99
2026-09-22T10:30:39.523061+00:00,2,21284,99
2026-09-22T10:30:39.523061+00:00,3,20244,99
2026-09-22T10:30:44.594522+00:00,0,20126,91
2026-09-22T10:30:44.594522+00:00,1,21106,96
2026-09-22T10:30:44.594522+00:00,2,21286,99
2026-09-22T10:30:44.594522+00:00,3,20246,97
2026-09-22T10:30:49.664876+00:00,0,20134,99
2026-09-22T10:30:49.664876+00:00,1,21114,90
2026-09-22T10:30:49.664876+00:00,2,21294,99
2026-09-22T10:30:49.664876+00:00,3,20254,94
2026-09-22T10:30:54.736158+00:00,0,20134,99
2026-09-22T10:30:54.736158+00:00,1,21114,99
2026-09-22T10:30:54.736158+00:00,2,21294,99
2026-09-22T10:30:54.736158+00:00,3,20254,99
2026-09-22T10:30:59.804604+00:00,0,20134,99
2026-09-22T10:30:59.804604+00:00,1,21114,99
2026-09-22T10:30:59.804604+00:00,2,21294,99
2026-09-22T10:30:59.804604+00:00,3,20254,99
2026-09-22T10:31:04.874918+00:00,0,24914,99
2026-09-22T10:31:04.874918+00:00,1,24874,99
2026-09-22T10:31:04.874918+00:00,2,24874,99
2026-09-22T10:31:04.874918+00:00,3,24934,99
2026-09-22T10:31:09.947784+00:00,0,25434,99
2026-09-22T10:31:09.947784+00:00,1,25394,99
2026-09-22T10:31:09.947784+00:00,2,25334,98
2026-09-22T10:31:09.947784+00:00,3,25414,98
2026-09-22T10:31:15.022946+00:00,0,25694,98
2026-09-22T10:31:15.022946+00:00,1,25714,99
2026-09-22T10:31:15.022946+00:00,2,25794,99
2026-09-22T10:31:15.022946+00:00,3,25774,99
2026-09-22T10:31:20.097770+00:00,0,25694,99
2026-09-22T10:31:20.097770+00:00,1,25734,98
2026-09-22T10:31:20.097770+00:00,2,25794,98
2026-09-22T10:31:20.097770+00:00,3,25774,98
2026-09-22T10:31:25.158372+00:00,0,25694,99
2026-09-22T10:31:25.158372+00:00,1,25734,99
2026-09-22T10:31:25.158372+00:00,2,25794,100
2026-09-22T10:31:25.158372+00:00,3,25774,97
2026-09-22T10:31:30.227718+00:00,0,25694,99
2026-09-22T10:31:30.227718+00:00,1,25734,99
2026-09-22T10:31:30.227718+00:00,2,25794,99
2026-09-22T10:31:30.227718+00:00,3,25774,99
2026-09-22T10:31:35.300232+00:00,0,25694,92
2026-09-22T10:31:35.300232+00:00,1,25734,99
2026-09-22T10:31:35.300232+00:00,2,25794,91
2026-09-22T10:31:35.300232+00:00,3,25774,99
2026-09-22T10:31:40.366541+00:00,0,25694,99
2026-09-22T10:31:40.366541+00:00,1,25734,99
2026-09-22T10:31:40.366541+00:00,2,25794,100
2026-09-22T10:31:40.366541+00:00,3,25774,92
2026-09-22T10:31:45.435230+00:00,0,25694,98
2026-09-22T10:31:45.435230+00:00,1,25734,93
2026-09-22T10:31:45.435230+00:00,2,25794,100
2026-09-22T10:31:45.435230+00:00,3,25774,93
2026-09-22T10:31:50.506916+00:00,0,25694,93
2026-09-22T10:31:50.506916+00:00,1,25734,91
2026-09-22T10:31:50.506916+00:00,2,25794,92
2026-09-22T10:31:50.506916+00:00,3,25774,92
2026-09-22T10:31:55.589324+00:00,0,25694,99
2026-09-22T10:31:55.589324+00:00,1,25734,99
2026-09-22T10:31:55.589324+00:00,2,25794,99
2026-09-22T10:31:55.589324+00:00,3,25774,99
2026-09-22T10:32:00.664213+00:00,0,25694,99
2026-09-22T10:32:00.664213+00:00,1,25734,98
2026-09-22T10:32:00.664213+00:00,2,25794,99
2026-09-22T10:32:00.664213+00:00,3,25774,98
2026-09-22T10:32:05.738113+00:00,0,25694,99
2026-09-22T10:32:05.738113+00:00,1,25734,99
2026-09-22T10:32:05.738113+00:00,2,25794,99
2026-09-22T10:32:05.738113+00:00,3,25774,99
2026-09-22T10:32:10.809942+00:00,0,25694,98
2026-09-22T10:32:10.809942+00:00,1,25754,98
2026-09-22T10:32:10.809942+00:00,2,25794,98
2026-09-22T10:32:10.809942+00:00,3,25774,98
2026-09-22T10:32:15.879035+00:00,0,25754,99
2026-09-22T10:32:15.879035+00:00,1,25754,99
2026-09-22T10:32:15.879035+00:00,2,25794,99
2026-09-22T10:32:15.879035+00:00,3,25774,99
2026-09-22T10:32:20.953328+00:00,0,25754,99
2026-09-22T10:32:20.953328+00:00,1,25754,99
2026-09-22T10:32:20.953328+00:00,2,25794,99
2026-09-22T10:32:20.953328+00:00,3,25774,99
2026-09-22T10:32:26.079272+00:00,0,25754,99
2026-09-22T10:32:26.079272+00:00,1,25754,96
2026-09-22T10:32:26.079272+00:00,2,25794,95
2026-09-22T10:32:26.079272+00:00,3,25774,96
2026-09-22T10:32:31.149010+00:00,0,25754,92
2026-09-22T10:32:31.149010+00:00,1,25754,93
2026-09-22T10:32:31.149010+00:00,2,25794,91
2026-09-22T10:32:31.149010+00:00,3,25774,90
2026-09-22T10:32:36.223067+00:00,0,25754,98
2026-09-22T10:32:36.223067+00:00,1,25754,93
2026-09-22T10:32:36.223067+00:00,2,25794,95
2026-09-22T10:32:36.223067+00:00,3,25774,92
2026-09-22T10:32:41.300291+00:00,0,25754,99
2026-09-22T10:32:41.300291+00:00,1,25754,97
2026-09-22T10:32:41.300291+00:00,2,25794,97
2026-09-22T10:32:41.300291+00:00,3,25774,97
2026-09-22T10:32:46.371654+00:00,0,25754,98
2026-09-22T10:32:46.371654+00:00,1,25754,96
2026-09-22T10:32:46.371654+00:00,2,25794,98
2026-09-22T10:32:46.371654+00:00,3,25774,96
2026-09-22T10:32:51.443528+00:00,0,25754,93
2026-09-22T10:32:51.443528+00:00,1,25754,95
2026-09-22T10:32:51.443528+00:00,2,25794,97
2026-09-22T10:32:51.443528+00:00,3,25774,97
2026-09-22T10:32:56.516151+00:00,0,25754,94
2026-09-22T10:32:56.516151+00:00,1,25754,95
2026-09-22T10:32:56.516151+00:00,2,25794,94
2026-09-22T10:32:56.516151+00:00,3,25774,95
2026-09-22T10:33:01.591862+00:00,0,25754,95
2026-09-22T10:33:01.591862+00:00,1,25754,94
2026-09-22T10:33:01.591862+00:00,2,25794,94
2026-09-22T10:33:01.591862+00:00,3,25774,94
2026-09-22T10:33:06.654846+00:00,0,11426,97
2026-09-22T10:33:06.654846+00:00,1,11406,6
2026-09-22T10:33:06.654846+00:00,2,11406,7
2026-09-22T10:33:06.654846+00:00,3,11426,13
2026-09-22T10:33:11.721910+00:00,0,10096,7
2026-09-22T10:33:11.721910+00:00,1,10096,7
2026-09-22T10:33:11.721910+00:00,2,10076,8
2026-09-22T10:33:11.721910+00:00,3,10096,7
2026-09-22T10:33:16.781718+00:00,0,11426,100
2026-09-22T10:33:16.781718+00:00,1,11406,61
2026-09-22T10:33:16.781718+00:00,2,11406,8
2026-09-22T10:33:16.781718+00:00,3,11426,100
2026-09-22T10:33:21.842237+00:00,0,15528,27
2026-09-22T10:33:21.842237+00:00,1,16872,29
2026-09-22T10:33:21.842237+00:00,2,15568,27
2026-09-22T10:33:21.842237+00:00,3,15346,28
2026-09-22T10:33:26.903670+00:00,0,33280,66
2026-09-22T10:33:26.903670+00:00,1,33412,66
2026-09-22T10:33:26.903670+00:00,2,33304,69
2026-09-22T10:33:26.903670+00:00,3,33048,66
2026-09-22T10:33:31.973176+00:00,0,33280,64
2026-09-22T10:33:31.973176+00:00,1,33412,72
2026-09-22T10:33:31.973176+00:00,2,33304,63
2026-09-22T10:33:31.973176+00:00,3,33048,64
2026-09-22T10:33:37.030513+00:00,0,33280,66
2026-09-22T10:33:37.030513+00:00,1,33412,74
2026-09-22T10:33:37.030513+00:00,2,33304,68
2026-09-22T10:33:37.030513+00:00,3,33048,73
2026-09-22T10:33:42.094032+00:00,0,33280,69
2026-09-22T10:33:42.094032+00:00,1,33412,68
2026-09-22T10:33:42.094032+00:00,2,33304,74
2026-09-22T10:33:42.094032+00:00,3,33048,70
2026-09-22T10:33:47.150240+00:00,0,33280,77
2026-09-22T10:33:47.150240+00:00,1,33412,75
2026-09-22T10:33:47.150240+00:00,2,33304,72
2026-09-22T10:33:47.150240+00:00,3,33048,75
2026-09-22T10:33:52.219047+00:00,0,33280,67
2026-09-22T10:33:52.219047+00:00,1,33412,78
2026-09-22T10:33:52.219047+00:00,2,33304,70
2026-09-22T10:33:52.219047+00:00,3,33048,76
2026-09-22T10:33:57.288184+00:00,0,33280,72
2026-09-22T10:33:57.288184+00:00,1,33412,80
2026-09-22T10:33:57.288184+00:00,2,33304,80
2026-09-22T10:33:57.288184+00:00,3,33048,71
2026-09-22T10:34:02.356877+00:00,0,33280,77
2026-09-22T10:34:02.356877+00:00,1,33412,75
2026-09-22T10:34:02.356877+00:00,2,33304,76
2026-09-22T10:34:02.356877+00:00,3,33048,84
2026-09-22T10:34:07.421837+00:00,0,33280,76
2026-09-22T10:34:07.421837+00:00,1,33412,78
2026-09-22T10:34:07.421837+00:00,2,33304,75
2026-09-22T10:34:07.421837+00:00,3,33048,76
2026-09-22T10:34:12.490541+00:00,0,33280,77
2026-09-22T10:34:12.490541+00:00,1,33412,75
2026-09-22T10:34:12.490541+00:00,2,33304,84
2026-09-22T10:34:12.490541+00:00,3,33048,75
2026-09-22T10:34:17.554399+00:00,0,33280,75
2026-09-22T10:34:17.554399+00:00,1,33412,74
2026-09-22T10:34:17.554399+00:00,2,33304,78
2026-09-22T10:34:17.554399+00:00,3,33048,82
2026-09-22T10:34:22.618001+00:00,0,33280,77
2026-09-22T10:34:22.618001+00:00,1,33412,82
2026-09-22T10:34:22.618001+00:00,2,33304,77
2026-09-22T10:34:22.618001+00:00,3,33048,82
2026-09-22T10:34:27.687601+00:00,0,33280,84
2026-09-22T10:34:27.687601+00:00,1,33412,85
2026-09-22T10:34:27.687601+00:00,2,33304,82
2026-09-22T10:34:27.687601+00:00,3,33048,78
2026-09-22T10:34:32.755591+00:00,0,33280,82
2026-09-22T10:34:32.755591+00:00,1,33412,77
2026-09-22T10:34:32.755591+00:00,2,33304,80
2026-09-22T10:34:32.755591+00:00,3,33048,79
2026-09-22T10:34:37.824910+00:00,0,33280,81
2026-09-22T10:34:37.824910+00:00,1,33412,78
2026-09-22T10:34:37.824910+00:00,2,33304,77
2026-09-22T10:34:37.824910+00:00,3,33048,76
2026-09-22T10:34:42.901190+00:00,0,33280,82
2026-09-22T10:34:42.901190+00:00,1,33412,81
2026-09-22T10:34:42.901190+00:00,2,33304,80
2026-09-22T10:34:42.901190+00:00,3,33048,84
2026-09-22T10:34:47.971156+00:00,0,33280,81
2026-09-22T10:34:47.971156+00:00,1,33412,82
2026-09-22T10:34:47.971156+00:00,2,33304,84
2026-09-22T10:34:47.971156+00:00,3,33048,83
2026-09-22T10:34:53.044151+00:00,0,33280,82
2026-09-22T10:34:53.044151+00:00,1,33412,79
2026-09-22T10:34:53.044151+00:00,2,33304,82
2026-09-22T10:34:53.044151+00:00,3,33048,75
2026-09-22T10:34:58.120332+00:00,0,33280,82
2026-09-22T10:34:58.120332+00:00,1,33412,80
2026-09-22T10:34:58.120332+00:00,2,33304,86
2026-09-22T10:34:58.120332+00:00,3,33048,81
2026-09-22T10:35:03.183741+00:00,0,33280,86
2026-09-22T10:35:03.183741+00:00,1,33412,86
2026-09-22T10:35:03.183741+00:00,2,33304,85
2026-09-22T10:35:03.183741+00:00,3,33048,84
2026-09-22T10:35:08.253841+00:00,0,33280,83
2026-09-22T10:35:08.253841+00:00,1,33412,79
2026-09-22T10:35:08.253841+00:00,2,33304,82
2026-09-22T10:35:08.253841+00:00,3,33048,79
2026-09-22T10:35:13.326407+00:00,0,33280,82
2026-09-22T10:35:13.326407+00:00,1,33412,82
2026-09-22T10:35:13.326407+00:00,2,33304,83
2026-09-22T10:35:13.326407+00:00,3,33048,81
2026-09-22T10:35:18.397152+00:00,0,33280,84
2026-09-22T10:35:18.397152+00:00,1,33412,83
2026-09-22T10:35:18.397152+00:00,2,33304,83
2026-09-22T10:35:18.397152+00:00,3,33048,80
2026-09-22T10:35:23.469073+00:00,0,33280,80
2026-09-22T10:35:23.469073+00:00,1,33412,85
2026-09-22T10:35:23.469073+00:00,2,33304,86
2026-09-22T10:35:23.469073+00:00,3,33048,80
2026-09-22T10:35:28.541147+00:00,0,33280,77
2026-09-22T10:35:28.541147+00:00,1,33412,78
2026-09-22T10:35:28.541147+00:00,2,33304,80
2026-09-22T10:35:28.541147+00:00,3,33048,82
2026-09-22T10:35:33.617875+00:00,0,33280,86
2026-09-22T10:35:33.617875+00:00,1,33412,80
2026-09-22T10:35:33.617875+00:00,2,33304,77
2026-09-22T10:35:33.617875+00:00,3,33048,80
2026-09-22T10:35:38.703181+00:00,0,33280,80
2026-09-22T10:35:38.703181+00:00,1,33412,85
2026-09-22T10:35:38.703181+00:00,2,33304,85
2026-09-22T10:35:38.703181+00:00,3,33048,85
2026-09-22T10:35:43.770163+00:00,0,33280,82
2026-09-22T10:35:43.770163+00:00,1,33412,83
2026-09-22T10:35:43.770163+00:00,2,33304,86
2026-09-22T10:35:43.770163+00:00,3,33048,80
2026-09-22T10:35:48.842928+00:00,0,33280,78
2026-09-22T10:35:48.842928+00:00,1,33412,81
2026-09-22T10:35:48.842928+00:00,2,33304,81
2026-09-22T10:35:48.842928+00:00,3,33048,79
2026-09-22T10:35:53.931317+00:00,0,33280,83
2026-09-22T10:35:53.931317+00:00,1,33412,82
2026-09-22T10:35:53.931317+00:00,2,33304,77
2026-09-22T10:35:53.931317+00:00,3,33048,80
2026-09-22T10:35:59.014674+00:00,0,33280,79
2026-09-22T10:35:59.014674+00:00,1,33412,80
2026-09-22T10:35:59.014674+00:00,2,33304,78
2026-09-22T10:35:59.014674+00:00,3,33048,80
2026-09-22T10:36:04.104979+00:00,0,33280,85
2026-09-22T10:36:04.104979+00:00,1,33412,83
2026-09-22T10:36:04.104979+00:00,2,33304,83
2026-09-22T10:36:04.104979+00:00,3,33048,78
2026-09-22T10:36:09.173575+00:00,0,33280,84
2026-09-22T10:36:09.173575+00:00,1,33412,81
2026-09-22T10:36:09.173575+00:00,2,33304,78
2026-09-22T10:36:09.173575+00:00,3,33048,84
2026-09-22T10:36:14.257640+00:00,0,33280,80
2026-09-22T10:36:14.257640+00:00,1,33412,86
2026-09-22T10:36:14.257640+00:00,2,33304,84
2026-09-22T10:36:14.257640+00:00,3,33048,80
2026-09-22T10:36:19.324984+00:00,0,33280,84
2026-09-22T10:36:19.324984+00:00,1,33412,87
2026-09-22T10:36:19.324984+00:00,2,33304,85
2026-09-22T10:36:19.324984+00:00,3,33048,84
2026-09-22T10:36:24.398097+00:00,0,33280,85
2026-09-22T10:36:24.398097+00:00,1,33412,84
2026-09-22T10:36:24.398097+00:00,2,33304,84
2026-09-22T10:36:24.398097+00:00,3,33048,86
2026-09-22T10:36:29.469849+00:00,0,33280,82
2026-09-22T10:36:29.469849+00:00,1,33412,81
2026-09-22T10:36:29.469849+00:00,2,33304,81
2026-09-22T10:36:29.469849+00:00,3,33048,78
2026-09-22T10:36:34.561771+00:00,0,33280,82
2026-09-22T10:36:34.561771+00:00,1,33412,82
2026-09-22T10:36:34.561771+00:00,2,33304,75
2026-09-22T10:36:34.561771+00:00,3,33048,82
2026-09-22T10:36:39.651806+00:00,0,33280,89
2026-09-22T10:36:39.651806+00:00,1,33412,83
2026-09-22T10:36:39.651806+00:00,2,33304,84
2026-09-22T10:36:39.651806+00:00,3,33048,86
2026-09-22T10:36:44.722430+00:00,0,33280,83
2026-09-22T10:36:44.722430+00:00,1,33412,86
2026-09-22T10:36:44.722430+00:00,2,33304,83
2026-09-22T10:36:44.722430+00:00,3,33048,82
2026-09-22T10:36:49.794770+00:00,0,33280,81
2026-09-22T10:36:49.794770+00:00,1,33412,83
2026-09-22T10:36:49.794770+00:00,2,33304,84
2026-09-22T10:36:49.794770+00:00,3,33048,84
2026-09-22T10:36:54.881223+00:00,0,33280,86
2026-09-22T10:36:54.881223+00:00,1,33412,89
2026-09-22T10:36:54.881223+00:00,2,33304,85
2026-09-22T10:36:54.881223+00:00,3,33048,84
2026-09-22T10:36:59.958173+00:00,0,33280,86
2026-09-22T10:36:59.958173+00:00,1,33412,89
2026-09-22T10:36:59.958173+00:00,2,33304,85
2026-09-22T10:36:59.958173+00:00,3,33048,85
2026-09-22T10:37:05.031339+00:00,0,33280,86
2026-09-22T10:37:05.031339+00:00,1,33412,88
2026-09-22T10:37:05.031339+00:00,2,33304,82
2026-09-22T10:37:05.031339+00:00,3,33048,87
2026-09-22T10:37:10.109714+00:00,0,33280,84
2026-09-22T10:37:10.109714+00:00,1,33412,84
2026-09-22T10:37:10.109714+00:00,2,33304,83
2026-09-22T10:37:10.109714+00:00,3,33048,81
2026-09-22T10:37:15.184380+00:00,0,33280,87
2026-09-22T10:37:15.184380+00:00,1,33412,82
2026-09-22T10:37:15.184380+00:00,2,33304,85
2026-09-22T10:37:15.184380+00:00,3,33048,87
2026-09-22T10:37:20.262906+00:00,0,33280,85
2026-09-22T10:37:20.262906+00:00,1,33412,85
2026-09-22T10:37:20.262906+00:00,2,33304,92
2026-09-22T10:37:20.262906+00:00,3,33048,87
2026-09-22T10:37:25.337636+00:00,0,33280,86
2026-09-22T10:37:25.337636+00:00,1,33412,90
2026-09-22T10:37:25.337636+00:00,2,33304,90
2026-09-22T10:37:25.337636+00:00,3,33048,88
2026-09-22T10:37:30.411010+00:00,0,33280,89
2026-09-22T10:37:30.411010+00:00,1,33412,89
2026-09-22T10:37:30.411010+00:00,2,33304,90
2026-09-22T10:37:30.411010+00:00,3,33048,86
2026-09-22T10:37:35.491177+00:00,0,33280,86
2026-09-22T10:37:35.491177+00:00,1,33412,89
2026-09-22T10:37:35.491177+00:00,2,33304,83
2026-09-22T10:37:35.491177+00:00,3,33048,86
2026-09-22T10:37:40.565322+00:00,0,33280,87
2026-09-22T10:37:40.565322+00:00,1,33412,92
2026-09-22T10:37:40.565322+00:00,2,33304,85
2026-09-22T10:37:40.565322+00:00,3,33048,83
2026-09-22T10:37:45.637471+00:00,0,33280,87
2026-09-22T10:37:45.637471+00:00,1,33412,84
2026-09-22T10:37:45.637471+00:00,2,33304,81
2026-09-22T10:37:45.637471+00:00,3,33048,0
2026-09-22T10:37:50.706761+00:00,0,33280,85
2026-09-22T10:37:50.706761+00:00,1,33412,0
2026-09-22T10:37:50.706761+00:00,2,33304,0
2026-09-22T10:37:50.706761+00:00,3,33048,0
2026-09-22T10:37:55.768610+00:00,0,2296,29
2026-09-22T10:37:55.768610+00:00,1,2352,100
2026-09-22T10:37:55.768610+00:00,2,2010,24
2026-09-22T10:37:55.768610+00:00,3,2460,0
2026-09-22T10:38:00.869091+00:00,0,8108,97
2026-09-22T10:38:00.869091+00:00,1,7468,95
2026-09-22T10:38:00.869091+00:00,2,8168,97
2026-09-22T10:38:00.869091+00:00,3,8128,96
2026-09-22T10:38:05.935366+00:00,0,8674,99
2026-09-22T10:38:05.935366+00:00,1,8054,99
2026-09-22T10:38:05.935366+00:00,2,8694,99
2026-09-22T10:38:05.935366+00:00,3,8674,95
2026-09-22T10:38:11.003856+00:00,0,8998,99
2026-09-22T10:38:11.003856+00:00,1,8378,99
2026-09-22T10:38:11.003856+00:00,2,9018,98
2026-09-22T10:38:11.003856+00:00,3,8978,99
2026-09-22T10:38:16.073157+00:00,0,9302,99
2026-09-22T10:38:16.073157+00:00,1,8702,99
2026-09-22T10:38:16.073157+00:00,2,9322,99
2026-09-22T10:38:16.073157+00:00,3,9282,99
2026-09-22T10:38:21.140908+00:00,0,9546,99
2026-09-22T10:38:21.140908+00:00,1,8966,99
2026-09-22T10:38:21.140908+00:00,2,9566,99
2026-09-22T10:38:21.140908+00:00,3,9566,98
2026-09-22T10:38:26.214026+00:00,0,9690,99
2026-09-22T10:38:26.214026+00:00,1,9070,99
2026-09-22T10:38:26.214026+00:00,2,9690,99
2026-09-22T10:38:26.214026+00:00,3,9690,99
2026-09-22T10:38:31.305028+00:00,0,9696,99
2026-09-22T10:38:31.305028+00:00,1,9076,99
2026-09-22T10:38:31.305028+00:00,2,9696,99
2026-09-22T10:38:31.305028+00:00,3,9696,98
2026-09-22T10:38:36.367587+00:00,0,9700,99
2026-09-22T10:38:36.367587+00:00,1,9080,99
2026-09-22T10:38:36.367587+00:00,2,9700,99
2026-09-22T10:38:36.367587+00:00,3,9700,97
2026-09-22T10:38:41.434196+00:00,0,9704,99
2026-09-22T10:38:41.434196+00:00,1,9084,99
2026-09-22T10:38:41.434196+00:00,2,9704,99
2026-09-22T10:38:41.434196+00:00,3,9704,99
2026-09-22T10:38:46.501309+00:00,0,9708,99
2026-09-22T10:38:46.501309+00:00,1,9088,98
2026-09-22T10:38:46.501309+00:00,2,9708,99
2026-09-22T10:38:46.501309+00:00,3,9708,96
2026-09-22T10:38:51.566707+00:00,0,1576,0
2026-09-22T10:38:51.566707+00:00,1,1616,0
2026-09-22T10:38:51.566707+00:00,2,1596,0
2026-09-22T10:38:51.566707+00:00,3,1576,0
2026-09-22T10:38:56.623711+00:00,0,18976,96
2026-09-22T10:38:56.623711+00:00,1,18996,98
2026-09-22T10:38:56.623711+00:00,2,19958,99
2026-09-22T10:38:56.623711+00:00,3,19136,94
2026-09-22T10:39:01.685171+00:00,0,20680,95
2026-09-22T10:39:01.685171+00:00,1,20260,96
2026-09-22T10:39:01.685171+00:00,2,19958,96
2026-09-22T10:39:01.685171+00:00,3,19358,93
2026-09-22T10:39:06.745770+00:00,0,21202,93
2026-09-22T10:39:06.745770+00:00,1,21722,97
2026-09-22T10:39:06.745770+00:00,2,21462,96
2026-09-22T10:39:06.745770+00:00,3,21622,99
2026-09-22T10:39:11.818497+00:00,0,21726,94
2026-09-22T10:39:11.818497+00:00,1,21724,95
2026-09-22T10:39:11.818497+00:00,2,21624,95
2026-09-22T10:39:11.818497+00:00,3,21624,94
2026-09-22T10:39:16.893565+00:00,0,21726,95
2026-09-22T10:39:16.893565+00:00,1,21726,95
2026-09-22T10:39:16.893565+00:00,2,21626,94
2026-09-22T10:39:16.893565+00:00,3,21626,94
2026-09-22T10:39:21.967379+00:00,0,21734,100
2026-09-22T10:39:21.967379+00:00,1,21734,99
2026-09-22T10:39:21.967379+00:00,2,21634,96
2026-09-22T10:39:21.967379+00:00,3,21634,91
2026-09-22T10:39:27.037367+00:00,0,21734,92
2026-09-22T10:39:27.037367+00:00,1,21734,95
2026-09-22T10:39:27.037367+00:00,2,21634,92
2026-09-22T10:39:27.037367+00:00,3,21634,92
2026-09-22T10:39:32.107781+00:00,0,21734,94
2026-09-22T10:39:32.107781+00:00,1,21734,96
2026-09-22T10:39:32.107781+00:00,2,21634,94
2026-09-22T10:39:32.107781+00:00,3,21634,99
2026-09-22T10:39:37.179883+00:00,0,25694,86
2026-09-22T10:39:37.179883+00:00,1,25694,87
2026-09-22T10:39:37.179883+00:00,2,25714,99
2026-09-22T10:39:37.179883+00:00,3,25634,88
2026-09-22T10:39:42.255198+00:00,0,25714,100
2026-09-22T10:39:42.255198+00:00,1,25714,99
2026-09-22T10:39:42.255198+00:00,2,25714,97
2026-09-22T10:39:42.255198+00:00,3,25774,99
2026-09-22T10:39:47.328400+00:00,0,25774,99
2026-09-22T10:39:47.328400+00:00,1,25754,99
2026-09-22T10:39:47.328400+00:00,2,25774,99
2026-09-22T10:39:47.328400+00:00,3,25794,99
2026-09-22T10:39:52.401889+00:00,0,25814,98
2026-09-22T10:39:52.401889+00:00,1,25754,98
2026-09-22T10:39:52.401889+00:00,2,25774,98
2026-09-22T10:39:52.401889+00:00,3,25794,99
2026-09-22T10:39:57.477943+00:00,0,25814,99
2026-09-22T10:39:57.477943+00:00,1,25754,99
2026-09-22T10:39:57.477943+00:00,2,25774,99
2026-09-22T10:39:57.477943+00:00,3,25794,99
2026-09-22T10:40:02.550407+00:00,0,25814,99
2026-09-22T10:40:02.550407+00:00,1,25754,99
2026-09-22T10:40:02.550407+00:00,2,25774,99
2026-09-22T10:40:02.550407+00:00,3,25794,99
2026-09-22T10:40:07.613596+00:00,0,25814,89
2026-09-22T10:40:07.613596+00:00,1,25754,97
2026-09-22T10:40:07.613596+00:00,2,25774,100
2026-09-22T10:40:07.613596+00:00,3,25794,95
2026-09-22T10:40:12.674950+00:00,0,25814,100
2026-09-22T10:40:12.674950+00:00,1,25754,100
2026-09-22T10:40:12.674950+00:00,2,25774,90
2026-09-22T10:40:12.674950+00:00,3,25794,95
2026-09-22T10:40:17.741173+00:00,0,25814,91
2026-09-22T10:40:17.741173+00:00,1,25754,92
2026-09-22T10:40:17.741173+00:00,2,25774,93
2026-09-22T10:40:17.741173+00:00,3,25794,99
2026-09-22T10:40:22.818375+00:00,0,25814,99
2026-09-22T10:40:22.818375+00:00,1,25754,99
2026-09-22T10:40:22.818375+00:00,2,25774,93
2026-09-22T10:40:22.818375+00:00,3,25794,92
2026-09-22T10:40:27.889104+00:00,0,25814,99
2026-09-22T10:40:27.889104+00:00,1,25754,100
2026-09-22T10:40:27.889104+00:00,2,25774,88
2026-09-22T10:40:27.889104+00:00,3,25794,99
2026-09-22T10:40:32.962794+00:00,0,25814,98
2026-09-22T10:40:32.962794+00:00,1,25754,98
2026-09-22T10:40:32.962794+00:00,2,25814,98
2026-09-22T10:40:32.962794+00:00,3,25794,98
2026-09-22T10:40:38.027710+00:00,0,25814,99
2026-09-22T10:40:38.027710+00:00,1,25774,99
2026-09-22T10:40:38.027710+00:00,2,25814,99
2026-09-22T10:40:38.027710+00:00,3,25834,99
2026-09-22T10:40:43.101093+00:00,0,25814,99
2026-09-22T10:40:43.101093+00:00,1,25774,98
2026-09-22T10:40:43.101093+00:00,2,25814,98
2026-09-22T10:40:43.101093+00:00,3,25834,99
2026-09-22T10:40:48.170802+00:00,0,25814,99
2026-09-22T10:40:48.170802+00:00,1,25774,99
2026-09-22T10:40:48.170802+00:00,2,25814,99
2026-09-22T10:40:48.170802+00:00,3,25834,99
2026-09-22T10:40:53.241029+00:00,0,25814,99
2026-09-22T10:40:53.241029+00:00,1,25774,99
2026-09-22T10:40:53.241029+00:00,2,25814,100
2026-09-22T10:40:53.241029+00:00,3,25834,99
2026-09-22T10:40:58.312357+00:00,0,25814,94
2026-09-22T10:40:58.312357+00:00,1,25774,88
2026-09-22T10:40:58.312357+00:00,2,25814,95
2026-09-22T10:40:58.312357+00:00,3,25834,96
2026-09-22T10:41:03.377641+00:00,0,25814,94
2026-09-22T10:41:03.377641+00:00,1,25774,93
2026-09-22T10:41:03.377641+00:00,2,25814,95
2026-09-22T10:41:03.377641+00:00,3,25834,100
2026-09-22T10:41:08.440656+00:00,0,25814,92
2026-09-22T10:41:08.440656+00:00,1,25774,93
2026-09-22T10:41:08.440656+00:00,2,25814,92
2026-09-22T10:41:08.440656+00:00,3,25834,99
2026-09-22T10:41:13.508272+00:00,0,25814,96
2026-09-22T10:41:13.508272+00:00,1,25774,95
2026-09-22T10:41:13.508272+00:00,2,25814,99
2026-09-22T10:41:13.508272+00:00,3,25834,96
2026-09-22T10:41:18.581021+00:00,0,25814,94
2026-09-22T10:41:18.581021+00:00,1,25774,95
2026-09-22T10:41:18.581021+00:00,2,25814,95
2026-09-22T10:41:18.581021+00:00,3,25834,99
2026-09-22T10:41:23.642429+00:00,0,25814,95
2026-09-22T10:41:23.642429+00:00,1,25774,95
2026-09-22T10:41:23.642429+00:00,2,25814,96
2026-09-22T10:41:23.642429+00:00,3,25834,99
2026-09-22T10:41:28.708860+00:00,0,25814,94
2026-09-22T10:41:28.708860+00:00,1,25774,99
2026-09-22T10:41:28.708860+00:00,2,25814,94
2026-09-22T10:41:28.708860+00:00,3,25834,99
2026-09-22T10:41:33.773331+00:00,0,25814,90
2026-09-22T10:41:33.773331+00:00,1,25774,94
2026-09-22T10:41:33.773331+00:00,2,25814,95
2026-09-22T10:41:33.773331+00:00,3,25834,95
2026-09-22T10:41:38.837699+00:00,0,25814,99
2026-09-22T10:41:38.837699+00:00,1,25774,97
2026-09-22T10:41:38.837699+00:00,2,25814,96
2026-09-22T10:41:38.837699+00:00,3,25834,99
2026-09-22T10:41:43.908717+00:00,0,9550,84
2026-09-22T10:41:43.908717+00:00,1,9552,84
2026-09-22T10:41:43.908717+00:00,2,9552,62
2026-09-22T10:41:43.908717+00:00,3,9732,83
2026-09-22T10:41:48.975442+00:00,0,10914,8
2026-09-22T10:41:48.975442+00:00,1,11140,8
2026-09-22T10:41:48.975442+00:00,2,10402,8
2026-09-22T10:41:48.975442+00:00,3,10832,5
2026-09-22T10:41:54.034465+00:00,0,11426,32
2026-09-22T10:41:54.034465+00:00,1,11406,44
2026-09-22T10:41:54.034465+00:00,2,11406,15
2026-09-22T10:41:54.034465+00:00,3,11426,19
2026-09-22T10:41:59.094431+00:00,0,5208,0
2026-09-22T10:41:59.094431+00:00,1,5208,19
2026-09-22T10:41:59.094431+00:00,2,5188,0
2026-09-22T10:41:59.094431+00:00,3,5208,0
2026-09-22T10:42:04.143698+00:00,0,32766,61
2026-09-22T10:42:04.143698+00:00,1,32942,63
2026-09-22T10:42:04.143698+00:00,2,32752,65
2026-09-22T10:42:04.143698+00:00,3,33050,65
2026-09-22T10:42:09.209848+00:00,0,32766,61
2026-09-22T10:42:09.209848+00:00,1,32942,66
2026-09-22T10:42:09.209848+00:00,2,32752,71
2026-09-22T10:42:09.209848+00:00,3,33050,71
2026-09-22T10:42:14.276689+00:00,0,32766,67
2026-09-22T10:42:14.276689+00:00,1,32942,69
2026-09-22T10:42:14.276689+00:00,2,32752,66
2026-09-22T10:42:14.276689+00:00,3,33050,65
2026-09-22T10:42:19.346607+00:00,0,32766,64
2026-09-22T10:42:19.346607+00:00,1,32942,63
2026-09-22T10:42:19.346607+00:00,2,32752,70
2026-09-22T10:42:19.346607+00:00,3,33050,66
2026-09-22T10:42:24.426749+00:00,0,32766,72
2026-09-22T10:42:24.426749+00:00,1,32942,68
2026-09-22T10:42:24.426749+00:00,2,32752,67
2026-09-22T10:42:24.426749+00:00,3,33050,68
2026-09-22T10:42:29.491013+00:00,0,32766,72
2026-09-22T10:42:29.491013+00:00,1,32942,71
2026-09-22T10:42:29.491013+00:00,2,32752,73
2026-09-22T10:42:29.491013+00:00,3,33050,75
2026-09-22T10:42:34.557669+00:00,0,32766,72
2026-09-22T10:42:34.557669+00:00,1,32942,67
2026-09-22T10:42:34.557669+00:00,2,32752,69
2026-09-22T10:42:34.557669+00:00,3,33050,68
2026-09-22T10:42:39.629370+00:00,0,32766,76
2026-09-22T10:42:39.629370+00:00,1,32942,78
2026-09-22T10:42:39.629370+00:00,2,32752,72
2026-09-22T10:42:39.629370+00:00,3,33050,82
2026-09-22T10:42:44.697297+00:00,0,32766,74
2026-09-22T10:42:44.697297+00:00,1,32942,73
2026-09-22T10:42:44.697297+00:00,2,32752,69
2026-09-22T10:42:44.697297+00:00,3,33050,68
2026-09-22T10:42:49.779789+00:00,0,32766,75
2026-09-22T10:42:49.779789+00:00,1,32942,74
2026-09-22T10:42:49.779789+00:00,2,32752,75
2026-09-22T10:42:49.779789+00:00,3,33050,77
2026-09-22T10:42:54.847670+00:00,0,32766,78
2026-09-22T10:42:54.847670+00:00,1,32942,81
2026-09-22T10:42:54.847670+00:00,2,32752,80
2026-09-22T10:42:54.847670+00:00,3,33050,75
2026-09-22T10:42:59.920828+00:00,0,32766,79
2026-09-22T10:42:59.920828+00:00,1,32942,80
2026-09-22T10:42:59.920828+00:00,2,32752,82
2026-09-22T10:42:59.920828+00:00,3,33050,74
2026-09-22T10:43:04.982884+00:00,0,32766,87
2026-09-22T10:43:04.982884+00:00,1,32942,82
2026-09-22T10:43:04.982884+00:00,2,32752,79
2026-09-22T10:43:04.982884+00:00,3,33050,80
2026-09-22T10:43:10.055489+00:00,0,32766,82
2026-09-22T10:43:10.055489+00:00,1,32942,82
2026-09-22T10:43:10.055489+00:00,2,32752,80
2026-09-22T10:43:10.055489+00:00,3,33050,80
2026-09-22T10:43:15.127593+00:00,0,32766,80
2026-09-22T10:43:15.127593+00:00,1,32942,80
2026-09-22T10:43:15.127593+00:00,2,32752,76
2026-09-22T10:43:15.127593+00:00,3,33050,81
2026-09-22T10:43:20.198953+00:00,0,32766,82
2026-09-22T10:43:20.198953+00:00,1,32942,91
2026-09-22T10:43:20.198953+00:00,2,32752,78
2026-09-22T10:43:20.198953+00:00,3,33050,84
2026-09-22T10:43:25.270890+00:00,0,32766,83
2026-09-22T10:43:25.270890+00:00,1,32942,80
2026-09-22T10:43:25.270890+00:00,2,32752,78
2026-09-22T10:43:25.270890+00:00,3,33050,81
2026-09-22T10:43:30.343744+00:00,0,32766,77
2026-09-22T10:43:30.343744+00:00,1,32942,79
2026-09-22T10:43:30.343744+00:00,2,32752,76
2026-09-22T10:43:30.343744+00:00,3,33050,80
2026-09-22T10:43:35.428297+00:00,0,32766,80
2026-09-22T10:43:35.428297+00:00,1,32942,80
2026-09-22T10:43:35.428297+00:00,2,32752,81
2026-09-22T10:43:35.428297+00:00,3,33050,79
2026-09-22T10:43:40.500277+00:00,0,32766,86
2026-09-22T10:43:40.500277+00:00,1,32942,83
2026-09-22T10:43:40.500277+00:00,2,32752,83
2026-09-22T10:43:40.500277+00:00,3,33050,79
2026-09-22T10:43:45.574100+00:00,0,32766,80
2026-09-22T10:43:45.574100+00:00,1,32942,81
2026-09-22T10:43:45.574100+00:00,2,32752,82
2026-09-22T10:43:45.574100+00:00,3,33050,80
2026-09-22T10:43:50.642649+00:00,0,32766,78
2026-09-22T10:43:50.642649+00:00,1,32942,77
2026-09-22T10:43:50.642649+00:00,2,32752,78
2026-09-22T10:43:50.642649+00:00,3,33050,82
2026-09-22T10:43:55.733505+00:00,0,32766,77
2026-09-22T10:43:55.733505+00:00,1,32942,81
2026-09-22T10:43:55.733505+00:00,2,32752,78
2026-09-22T10:43:55.733505+00:00,3,33050,79
2026-09-22T10:44:00.824406+00:00,0,32766,82
2026-09-22T10:44:00.824406+00:00,1,32942,82
2026-09-22T10:44:00.824406+00:00,2,32752,84
2026-09-22T10:44:00.824406+00:00,3,33050,80
2026-09-22T10:44:05.897857+00:00,0,32766,82
2026-09-22T10:44:05.897857+00:00,1,32942,80
2026-09-22T10:44:05.897857+00:00,2,32752,85
2026-09-22T10:44:05.897857+00:00,3,33050,82
2026-09-22T10:44:10.979705+00:00,0,32766,86
2026-09-22T10:44:10.979705+00:00,1,32942,83
2026-09-22T10:44:10.979705+00:00,2,32752,86
2026-09-22T10:44:10.979705+00:00,3,33050,83
2026-09-22T10:44:16.056582+00:00,0,32766,83
2026-09-22T10:44:16.056582+00:00,1,32942,85
2026-09-22T10:44:16.056582+00:00,2,32752,85
2026-09-22T10:44:16.056582+00:00,3,33050,85
2026-09-22T10:44:21.130825+00:00,0,32766,83
2026-09-22T10:44:21.130825+00:00,1,32942,86
2026-09-22T10:44:21.130825+00:00,2,32752,84
2026-09-22T10:44:21.130825+00:00,3,33050,83
2026-09-22T10:44:26.204385+00:00,0,32766,85
2026-09-22T10:44:26.204385+00:00,1,32942,86
2026-09-22T10:44:26.204385+00:00,2,32752,86
2026-09-22T10:44:26.204385+00:00,3,33050,87
2026-09-22T10:44:31.266188+00:00,0,32766,89
2026-09-22T10:44:31.266188+00:00,1,32942,85
2026-09-22T10:44:31.266188+00:00,2,32752,83
2026-09-22T10:44:31.266188+00:00,3,33050,82
2026-09-22T10:44:36.379831+00:00,0,32766,85
2026-09-22T10:44:36.379831+00:00,1,32942,87
2026-09-22T10:44:36.379831+00:00,2,32752,84
2026-09-22T10:44:36.379831+00:00,3,33050,82
2026-09-22T10:44:41.466872+00:00,0,32766,84
2026-09-22T10:44:41.466872+00:00,1,32942,86
2026-09-22T10:44:41.466872+00:00,2,32752,88
2026-09-22T10:44:41.466872+00:00,3,33050,84
2026-09-22T10:44:46.536414+00:00,0,32766,85
2026-09-22T10:44:46.536414+00:00,1,32942,85
2026-09-22T10:44:46.536414+00:00,2,32752,82
2026-09-22T10:44:46.536414+00:00,3,33050,84
2026-09-22T10:44:51.606762+00:00,0,32766,86
2026-09-22T10:44:51.606762+00:00,1,32942,83
2026-09-22T10:44:51.606762+00:00,2,32752,83
2026-09-22T10:44:51.606762+00:00,3,33050,80
2026-09-22T10:44:56.683413+00:00,0,32766,80
2026-09-22T10:44:56.683413+00:00,1,32942,79
2026-09-22T10:44:56.683413+00:00,2,32752,84
2026-09-22T10:44:56.683413+00:00,3,33050,81
2026-09-22T10:45:01.775262+00:00,0,32766,84
2026-09-22T10:45:01.775262+00:00,1,32942,83
2026-09-22T10:45:01.775262+00:00,2,32752,84
2026-09-22T10:45:01.775262+00:00,3,33050,85
2026-09-22T10:45:06.849804+00:00,0,32766,83
2026-09-22T10:45:06.849804+00:00,1,32942,85
2026-09-22T10:45:06.849804+00:00,2,32752,88
2026-09-22T10:45:06.849804+00:00,3,33050,84
2026-09-22T10:45:11.927612+00:00,0,32766,86
2026-09-22T10:45:11.927612+00:00,1,32942,84
2026-09-22T10:45:11.927612+00:00,2,32752,86
2026-09-22T10:45:11.927612+00:00,3,33050,89
2026-09-22T10:45:16.995319+00:00,0,32766,82
2026-09-22T10:45:16.995319+00:00,1,32942,84
2026-09-22T10:45:16.995319+00:00,2,32752,83
2026-09-22T10:45:16.995319+00:00,3,33050,81
2026-09-22T10:45:22.087212+00:00,0,32766,80
2026-09-22T10:45:22.087212+00:00,1,32942,81
2026-09-22T10:45:22.087212+00:00,2,32752,85
2026-09-22T10:45:22.087212+00:00,3,33050,82
2026-09-22T10:45:27.180054+00:00,0,32766,85
2026-09-22T10:45:27.180054+00:00,1,32942,86
2026-09-22T10:45:27.180054+00:00,2,32752,85
2026-09-22T10:45:27.180054+00:00,3,33050,83
2026-09-22T10:45:32.258645+00:00,0,32766,86
2026-09-22T10:45:32.258645+00:00,1,32942,85
2026-09-22T10:45:32.258645+00:00,2,32752,85
2026-09-22T10:45:32.258645+00:00,3,33050,88
2026-09-22T10:45:37.337048+00:00,0,32766,89
2026-09-22T10:45:37.337048+00:00,1,32942,85
2026-09-22T10:45:37.337048+00:00,2,32752,87
2026-09-22T10:45:37.337048+00:00,3,33050,87
2026-09-22T10:45:42.412173+00:00,0,32766,89
2026-09-22T10:45:42.412173+00:00,1,32942,86
2026-09-22T10:45:42.412173+00:00,2,32752,86
2026-09-22T10:45:42.412173+00:00,3,33050,83
2026-09-22T10:45:47.487507+00:00,0,32766,88
2026-09-22T10:45:47.487507+00:00,1,32942,86
2026-09-22T10:45:47.487507+00:00,2,32752,89
2026-09-22T10:45:47.487507+00:00,3,33050,87
2026-09-22T10:45:52.551565+00:00,0,32766,88
2026-09-22T10:45:52.551565+00:00,1,32942,85
2026-09-22T10:45:52.551565+00:00,2,32752,87
2026-09-22T10:45:52.551565+00:00,3,33050,88
2026-09-22T10:45:57.627226+00:00,0,32766,89
2026-09-22T10:45:57.627226+00:00,1,32942,86
2026-09-22T10:45:57.627226+00:00,2,32752,89
2026-09-22T10:45:57.627226+00:00,3,33050,85
2026-09-22T10:46:02.701769+00:00,0,32766,86
2026-09-22T10:46:02.701769+00:00,1,32942,88
2026-09-22T10:46:02.701769+00:00,2,32752,85
2026-09-22T10:46:02.701769+00:00,3,33050,90
2026-09-22T10:46:07.774975+00:00,0,32766,86
2026-09-22T10:46:07.774975+00:00,1,32942,86
2026-09-22T10:46:07.774975+00:00,2,32752,87
2026-09-22T10:46:07.774975+00:00,3,33050,89
2026-09-22T10:46:12.849235+00:00,0,32766,84
2026-09-22T10:46:12.849235+00:00,1,32942,84
2026-09-22T10:46:12.849235+00:00,2,32752,84
2026-09-22T10:46:12.849235+00:00,3,33050,82
2026-09-22T10:46:17.930158+00:00,0,32766,83
2026-09-22T10:46:17.930158+00:00,1,32942,85
2026-09-22T10:46:17.930158+00:00,2,32752,83
2026-09-22T10:46:17.930158+00:00,3,33050,87
2026-09-22T10:46:23.007718+00:00,0,32766,0
2026-09-22T10:46:23.007718+00:00,1,32942,0
2026-09-22T10:46:23.007718+00:00,2,32752,88
2026-09-22T10:46:23.007718+00:00,3,33050,88
2026-09-22T10:46:28.074986+00:00,0,32766,0
2026-09-22T10:46:28.074986+00:00,1,32942,0
2026-09-22T10:46:28.074986+00:00,2,32752,0
2026-09-22T10:46:28.074986+00:00,3,33050,87
2026-09-22T10:46:33.137967+00:00,0,32766,0
2026-09-22T10:46:33.137967+00:00,1,32942,0
2026-09-22T10:46:33.137967+00:00,2,32752,0
2026-09-22T10:46:33.137967+00:00,3,33050,86
2026-09-22T10:46:38.203340+00:00,0,32766,0
2026-09-22T10:46:38.203340+00:00,1,32942,0
2026-09-22T10:46:38.203340+00:00,2,32752,0
2026-09-22T10:46:38.203340+00:00,3,33050,88
2026-09-22T10:46:43.265704+00:00,0,1576,13
2026-09-22T10:46:43.265704+00:00,1,1576,0
2026-09-22T10:46:43.265704+00:00,2,1556,0
2026-09-22T10:46:43.265704+00:00,3,1576,0
2026-09-22T10:46:48.325595+00:00,0,8268,94
2026-09-22T10:46:48.325595+00:00,1,7588,95
2026-09-22T10:46:48.325595+00:00,2,8208,91
2026-09-22T10:46:48.325595+00:00,3,8248,91
2026-09-22T10:46:53.393586+00:00,0,8672,99
2026-09-22T10:46:53.393586+00:00,1,7992,95
2026-09-22T10:46:53.393586+00:00,2,8632,99
2026-09-22T10:46:53.393586+00:00,3,8652,97
2026-09-22T10:46:58.461573+00:00,0,8998,99
2026-09-22T10:46:58.461573+00:00,1,8358,99
2026-09-22T10:46:58.461573+00:00,2,8998,98
2026-09-22T10:46:58.461573+00:00,3,8998,99
2026-09-22T10:47:03.530662+00:00,0,9302,99
2026-09-22T10:47:03.530662+00:00,1,8682,99
2026-09-22T10:47:03.530662+00:00,2,9282,99
2026-09-22T10:47:03.530662+00:00,3,9302,99
2026-09-22T10:47:08.601161+00:00,0,9646,99
2026-09-22T10:47:08.601161+00:00,1,9066,99
2026-09-22T10:47:08.601161+00:00,2,9646,99
2026-09-22T10:47:08.601161+00:00,3,9666,99
2026-09-22T10:47:13.669137+00:00,0,9890,99
2026-09-22T10:47:13.669137+00:00,1,9270,97
2026-09-22T10:47:13.669137+00:00,2,9930,99
2026-09-22T10:47:13.669137+00:00,3,9910,97
2026-09-22T10:47:18.737626+00:00,0,9894,99
2026-09-22T10:47:18.737626+00:00,1,9274,99
2026-09-22T10:47:18.737626+00:00,2,9934,99
2026-09-22T10:47:18.737626+00:00,3,9914,99
2026-09-22T10:47:23.807088+00:00,0,9898,99
2026-09-22T10:47:23.807088+00:00,1,9278,99
2026-09-22T10:47:23.807088+00:00,2,9938,99
2026-09-22T10:47:23.807088+00:00,3,9918,99
2026-09-22T10:47:28.867210+00:00,0,9904,99
2026-09-22T10:47:28.867210+00:00,1,9284,99
2026-09-22T10:47:28.867210+00:00,2,9944,98
2026-09-22T10:47:28.867210+00:00,3,9924,99
2026-09-22T10:47:33.936786+00:00,0,9908,99
2026-09-22T10:47:33.936786+00:00,1,9288,99
2026-09-22T10:47:33.936786+00:00,2,9948,99
2026-09-22T10:47:33.936786+00:00,3,9928,99
2026-09-22T10:47:39.006900+00:00,0,1576,0
2026-09-22T10:47:39.006900+00:00,1,1616,0
2026-09-22T10:47:39.006900+00:00,2,1596,0
2026-09-22T10:47:39.006900+00:00,3,1576,0
2026-09-22T10:47:44.064999+00:00,0,18856,98
2026-09-22T10:47:44.064999+00:00,1,18836,99
2026-09-22T10:47:44.064999+00:00,2,18876,99
2026-09-22T10:47:44.064999+00:00,3,18736,95
2026-09-22T10:47:49.134208+00:00,0,20900,99
2026-09-22T10:47:49.134208+00:00,1,20880,98
2026-09-22T10:47:49.134208+00:00,2,20960,99
2026-09-22T10:47:49.134208+00:00,3,20800,99
2026-09-22T10:47:54.196102+00:00,0,21442,96
2026-09-22T10:47:54.196102+00:00,1,21462,99
2026-09-22T10:47:54.196102+00:00,2,21402,99
2026-09-22T10:47:54.196102+00:00,3,21562,99
2026-09-22T10:47:59.258204+00:00,0,21444,95
2026-09-22T10:47:59.258204+00:00,1,21464,94
2026-09-22T10:47:59.258204+00:00,2,21504,99
2026-09-22T10:47:59.258204+00:00,3,21564,94
2026-09-22T10:48:04.322400+00:00,0,21448,84
2026-09-22T10:48:04.322400+00:00,1,21468,87
2026-09-22T10:48:04.322400+00:00,2,21508,99
2026-09-22T10:48:04.322400+00:00,3,21568,86
2026-09-22T10:48:09.394034+00:00,0,21454,100
2026-09-22T10:48:09.394034+00:00,1,21474,97
2026-09-22T10:48:09.394034+00:00,2,21514,89
2026-09-22T10:48:09.394034+00:00,3,21574,99
2026-09-22T10:48:14.468187+00:00,0,21454,89
2026-09-22T10:48:14.468187+00:00,1,21474,91
2026-09-22T10:48:14.468187+00:00,2,21514,99
2026-09-22T10:48:14.468187+00:00,3,21574,99
2026-09-22T10:48:19.539839+00:00,0,21454,97
2026-09-22T10:48:19.539839+00:00,1,21474,100
2026-09-22T10:48:19.539839+00:00,2,21514,99
2026-09-22T10:48:19.539839+00:00,3,21574,100
2026-09-22T10:48:24.604101+00:00,0,25754,100
2026-09-22T10:48:24.604101+00:00,1,25774,99
2026-09-22T10:48:24.604101+00:00,2,25674,99
2026-09-22T10:48:24.604101+00:00,3,25814,100
2026-09-22T10:48:29.677403+00:00,0,25754,98
2026-09-22T10:48:29.677403+00:00,1,25774,98
2026-09-22T10:48:29.677403+00:00,2,25734,99
2026-09-22T10:48:29.677403+00:00,3,25814,98
2026-09-22T10:48:34.741898+00:00,0,25834,99
2026-09-22T10:48:34.741898+00:00,1,25814,99
2026-09-22T10:48:34.741898+00:00,2,25754,99
2026-09-22T10:48:34.741898+00:00,3,25814,99
2026-09-22T10:48:39.817507+00:00,0,25834,100
2026-09-22T10:48:39.817507+00:00,1,25814,99
2026-09-22T10:48:39.817507+00:00,2,25754,99
2026-09-22T10:48:39.817507+00:00,3,25814,100
2026-09-22T10:48:44.895455+00:00,0,25834,98
2026-09-22T10:48:44.895455+00:00,1,25814,98
2026-09-22T10:48:44.895455+00:00,2,25754,99
2026-09-22T10:48:44.895455+00:00,3,25814,99
2026-09-22T10:48:49.967918+00:00,0,25834,99
2026-09-22T10:48:49.967918+00:00,1,25814,99
2026-09-22T10:48:49.967918+00:00,2,25754,99
2026-09-22T10:48:49.967918+00:00,3,25814,99
2026-09-22T10:48:55.041862+00:00,0,25834,93
2026-09-22T10:48:55.041862+00:00,1,25814,91
2026-09-22T10:48:55.041862+00:00,2,25754,94
2026-09-22T10:48:55.041862+00:00,3,25814,93
2026-09-22T10:49:00.103333+00:00,0,25834,94
2026-09-22T10:49:00.103333+00:00,1,25814,92
2026-09-22T10:49:00.103333+00:00,2,25754,100
2026-09-22T10:49:00.103333+00:00,3,25814,100
2026-09-22T10:49:05.174005+00:00,0,25834,91
2026-09-22T10:49:05.174005+00:00,1,25814,96
2026-09-22T10:49:05.174005+00:00,2,25754,94
2026-09-22T10:49:05.174005+00:00,3,25814,85
2026-09-22T10:49:10.243115+00:00,0,25834,88
2026-09-22T10:49:10.243115+00:00,1,25814,97
2026-09-22T10:49:10.243115+00:00,2,25754,100
2026-09-22T10:49:10.243115+00:00,3,25814,96
2026-09-22T10:49:15.304584+00:00,0,25834,99
2026-09-22T10:49:15.304584+00:00,1,25814,99
2026-09-22T10:49:15.304584+00:00,2,25754,100
2026-09-22T10:49:15.304584+00:00,3,25814,99
2026-09-22T10:49:20.376949+00:00,0,25834,99
2026-09-22T10:49:20.376949+00:00,1,25814,98
2026-09-22T10:49:20.376949+00:00,2,25754,99
2026-09-22T10:49:20.376949+00:00,3,25814,99
2026-09-22T10:49:25.440702+00:00,0,25834,99
2026-09-22T10:49:25.440702+00:00,1,25814,99
2026-09-22T10:49:25.440702+00:00,2,25794,100
2026-09-22T10:49:25.440702+00:00,3,25834,99
2026-09-22T10:49:30.512491+00:00,0,25894,99
2026-09-22T10:49:30.512491+00:00,1,25814,98
2026-09-22T10:49:30.512491+00:00,2,25794,99
2026-09-22T10:49:30.512491+00:00,3,25834,98
2026-09-22T10:49:35.585420+00:00,0,25894,99
2026-09-22T10:49:35.585420+00:00,1,25814,99
2026-09-22T10:49:35.585420+00:00,2,25794,99
2026-09-22T10:49:35.585420+00:00,3,25834,99
2026-09-22T10:49:40.658263+00:00,0,25894,100
2026-09-22T10:49:40.658263+00:00,1,25814,99
2026-09-22T10:49:40.658263+00:00,2,25794,99
2026-09-22T10:49:40.658263+00:00,3,25834,99
2026-09-22T10:49:45.731419+00:00,0,25894,90
2026-09-22T10:49:45.731419+00:00,1,25814,93
2026-09-22T10:49:45.731419+00:00,2,25794,91
2026-09-22T10:49:45.731419+00:00,3,25834,99
2026-09-22T10:49:50.802325+00:00,0,25894,99
2026-09-22T10:49:50.802325+00:00,1,25814,99
2026-09-22T10:49:50.802325+00:00,2,25794,91
2026-09-22T10:49:50.802325+00:00,3,25834,99
2026-09-22T10:49:55.872491+00:00,0,25894,91
2026-09-22T10:49:55.872491+00:00,1,25814,100
2026-09-22T10:49:55.872491+00:00,2,25794,97
2026-09-22T10:49:55.872491+00:00,3,25834,96
2026-09-22T10:50:00.946044+00:00,0,25894,97
2026-09-22T10:50:00.946044+00:00,1,25814,99
2026-09-22T10:50:00.946044+00:00,2,25794,99
2026-09-22T10:50:00.946044+00:00,3,25834,99
2026-09-22T10:50:06.017872+00:00,0,25894,95
2026-09-22T10:50:06.017872+00:00,1,25814,93
2026-09-22T10:50:06.017872+00:00,2,25794,99
2026-09-22T10:50:06.017872+00:00,3,25834,94
2026-09-22T10:50:11.079200+00:00,0,25894,95
2026-09-22T10:50:11.079200+00:00,1,25814,96
2026-09-22T10:50:11.079200+00:00,2,25794,94
2026-09-22T10:50:11.079200+00:00,3,25834,94
2026-09-22T10:50:16.152160+00:00,0,25894,95
2026-09-22T10:50:16.152160+00:00,1,25814,94
2026-09-22T10:50:16.152160+00:00,2,25794,99
2026-09-22T10:50:16.152160+00:00,3,25834,95
2026-09-22T10:50:21.218483+00:00,0,25894,95
2026-09-22T10:50:21.218483+00:00,1,25814,94
2026-09-22T10:50:21.218483+00:00,2,25794,99
2026-09-22T10:50:21.218483+00:00,3,25834,94
2026-09-22T10:50:26.289326+00:00,0,25894,95
2026-09-22T10:50:26.289326+00:00,1,25814,99
2026-09-22T10:50:26.289326+00:00,2,25794,95
2026-09-22T10:50:26.289326+00:00,3,25834,96
2026-09-22T10:50:31.359786+00:00,0,9370,70
2026-09-22T10:50:31.359786+00:00,1,9370,69
2026-09-22T10:50:31.359786+00:00,2,9370,85
2026-09-22T10:50:31.359786+00:00,3,9370,61
2026-09-22T10:50:36.425410+00:00,0,10648,6
2026-09-22T10:50:36.425410+00:00,1,10690,6
2026-09-22T10:50:36.425410+00:00,2,10874,9
2026-09-22T10:50:36.425410+00:00,3,10424,6
2026-09-22T10:50:41.484715+00:00,0,11426,21
2026-09-22T10:50:41.484715+00:00,1,11406,20
2026-09-22T10:50:41.484715+00:00,2,11406,43
2026-09-22T10:50:41.484715+00:00,3,11426,19
2026-09-22T10:50:46.542182+00:00,0,5208,0
2026-09-22T10:50:46.542182+00:00,1,5208,1
2026-09-22T10:50:46.542182+00:00,2,5188,0
2026-09-22T10:50:46.542182+00:00,3,5208,18
2026-09-22T10:50:51.608443+00:00,0,32848,70
2026-09-22T10:50:51.608443+00:00,1,32820,66
2026-09-22T10:50:51.608443+00:00,2,32854,65
2026-09-22T10:50:51.608443+00:00,3,32842,64
2026-09-22T10:50:56.679932+00:00,0,32848,64
2026-09-22T10:50:56.679932+00:00,1,32820,68
2026-09-22T10:50:56.679932+00:00,2,32854,72
2026-09-22T10:50:56.679932+00:00,3,32842,69
2026-09-22T10:51:01.740332+00:00,0,32848,70
2026-09-22T10:51:01.740332+00:00,1,32820,70
2026-09-22T10:51:01.740332+00:00,2,32854,76
2026-09-22T10:51:01.740332+00:00,3,32842,68
2026-09-22T10:51:06.804631+00:00,0,32848,76
2026-09-22T10:51:06.804631+00:00,1,32820,67
2026-09-22T10:51:06.804631+00:00,2,32854,67
2026-09-22T10:51:06.804631+00:00,3,32842,71
2026-09-22T10:51:11.870757+00:00,0,32848,72
2026-09-22T10:51:11.870757+00:00,1,32820,70
2026-09-22T10:51:11.870757+00:00,2,32854,79
2026-09-22T10:51:11.870757+00:00,3,32842,76
2026-09-22T10:51:16.937616+00:00,0,32848,73
2026-09-22T10:51:16.937616+00:00,1,32820,74
2026-09-22T10:51:16.937616+00:00,2,32854,69
2026-09-22T10:51:16.937616+00:00,3,32842,68
2026-09-22T10:51:22.006083+00:00,0,32848,72
2026-09-22T10:51:22.006083+00:00,1,32820,72
2026-09-22T10:51:22.006083+00:00,2,32854,76
2026-09-22T10:51:22.006083+00:00,3,32842,74
2026-09-22T10:51:27.073157+00:00,0,32848,79
2026-09-22T10:51:27.073157+00:00,1,32820,75
2026-09-22T10:51:27.073157+00:00,2,32854,74
2026-09-22T10:51:27.073157+00:00,3,32842,77
2026-09-22T10:51:32.143416+00:00,0,32848,68
2026-09-22T10:51:32.143416+00:00,1,32820,77
2026-09-22T10:51:32.143416+00:00,2,32854,71
2026-09-22T10:51:32.143416+00:00,3,32842,77
2026-09-22T10:51:37.213047+00:00,0,32848,78
2026-09-22T10:51:37.213047+00:00,1,32820,74
2026-09-22T10:51:37.213047+00:00,2,32854,75
2026-09-22T10:51:37.213047+00:00,3,32842,74
2026-09-22T10:51:42.282344+00:00,0,32848,74
2026-09-22T10:51:42.282344+00:00,1,32820,78
2026-09-22T10:51:42.282344+00:00,2,32854,79
2026-09-22T10:51:42.282344+00:00,3,32842,79
2026-09-22T10:51:47.353171+00:00,0,32848,78
2026-09-22T10:51:47.353171+00:00,1,32820,80
2026-09-22T10:51:47.353171+00:00,2,32854,76
2026-09-22T10:51:47.353171+00:00,3,32842,81
2026-09-22T10:51:52.430614+00:00,0,32848,82
2026-09-22T10:51:52.430614+00:00,1,32820,78
2026-09-22T10:51:52.430614+00:00,2,32854,80
2026-09-22T10:51:52.430614+00:00,3,32842,77
2026-09-22T10:51:57.501956+00:00,0,32848,81
2026-09-22T10:51:57.501956+00:00,1,32820,80
2026-09-22T10:51:57.501956+00:00,2,32854,80
2026-09-22T10:51:57.501956+00:00,3,32842,82
2026-09-22T10:52:02.574161+00:00,0,32848,83
2026-09-22T10:52:02.574161+00:00,1,32820,80
2026-09-22T10:52:02.574161+00:00,2,32854,77
2026-09-22T10:52:02.574161+00:00,3,32842,87
2026-09-22T10:52:07.646673+00:00,0,32848,80
2026-09-22T10:52:07.646673+00:00,1,32820,79
2026-09-22T10:52:07.646673+00:00,2,32854,84
2026-09-22T10:52:07.646673+00:00,3,32842,83
2026-09-22T10:52:12.713405+00:00,0,32848,80
2026-09-22T10:52:12.713405+00:00,1,32820,78
2026-09-22T10:52:12.713405+00:00,2,32854,79
2026-09-22T10:52:12.713405+00:00,3,32842,78
2026-09-22T10:52:17.800381+00:00,0,32848,79
2026-09-22T10:52:17.800381+00:00,1,32820,81
2026-09-22T10:52:17.800381+00:00,2,32854,76
2026-09-22T10:52:17.800381+00:00,3,32842,81
2026-09-22T10:52:22.875906+00:00,0,32848,80
2026-09-22T10:52:22.875906+00:00,1,32820,84
2026-09-22T10:52:22.875906+00:00,2,32854,84
2026-09-22T10:52:22.875906+00:00,3,32842,80
2026-09-22T10:52:27.950259+00:00,0,32848,85
2026-09-22T10:52:27.950259+00:00,1,32820,83
2026-09-22T10:52:27.950259+00:00,2,32854,86
2026-09-22T10:52:27.950259+00:00,3,32842,80
2026-09-22T10:52:33.022854+00:00,0,32848,85
2026-09-22T10:52:33.022854+00:00,1,32820,79
2026-09-22T10:52:33.022854+00:00,2,32854,85
2026-09-22T10:52:33.022854+00:00,3,32842,84
2026-09-22T10:52:38.095960+00:00,0,32848,84
2026-09-22T10:52:38.095960+00:00,1,32820,85
2026-09-22T10:52:38.095960+00:00,2,32854,89
2026-09-22T10:52:38.095960+00:00,3,32842,81
2026-09-22T10:52:43.166656+00:00,0,32848,85
2026-09-22T10:52:43.166656+00:00,1,32820,85
2026-09-22T10:52:43.166656+00:00,2,32854,89
2026-09-22T10:52:43.166656+00:00,3,32842,84
2026-09-22T10:52:48.238677+00:00,0,32848,80
2026-09-22T10:52:48.238677+00:00,1,32820,78
2026-09-22T10:52:48.238677+00:00,2,32854,84
2026-09-22T10:52:48.238677+00:00,3,32842,83
2026-09-22T10:52:53.318193+00:00,0,32848,80
2026-09-22T10:52:53.318193+00:00,1,32820,85
2026-09-22T10:52:53.318193+00:00,2,32854,85
2026-09-22T10:52:53.318193+00:00,3,32842,74
2026-09-22T10:52:58.392709+00:00,0,32848,79
2026-09-22T10:52:58.392709+00:00,1,32820,83
2026-09-22T10:52:58.392709+00:00,2,32854,83
2026-09-22T10:52:58.392709+00:00,3,32842,86
2026-09-22T10:53:03.468575+00:00,0,32848,81
2026-09-22T10:53:03.468575+00:00,1,32820,79
2026-09-22T10:53:03.468575+00:00,2,32854,86
2026-09-22T10:53:03.468575+00:00,3,32842,81
2026-09-22T10:53:08.556516+00:00,0,32848,81
2026-09-22T10:53:08.556516+00:00,1,32820,81
2026-09-22T10:53:08.556516+00:00,2,32854,79
2026-09-22T10:53:08.556516+00:00,3,32842,83
2026-09-22T10:53:13.646265+00:00,0,32848,82
2026-09-22T10:53:13.646265+00:00,1,32820,82
2026-09-22T10:53:13.646265+00:00,2,32854,82
2026-09-22T10:53:13.646265+00:00,3,32842,76
2026-09-22T10:53:18.735417+00:00,0,32848,82
2026-09-22T10:53:18.735417+00:00,1,32820,78
2026-09-22T10:53:18.735417+00:00,2,32854,89
2026-09-22T10:53:18.735417+00:00,3,32842,83
2026-09-22T10:53:23.809221+00:00,0,32848,82
2026-09-22T10:53:23.809221+00:00,1,32820,82
2026-09-22T10:53:23.809221+00:00,2,32854,87
2026-09-22T10:53:23.809221+00:00,3,32842,87
2026-09-22T10:53:28.893329+00:00,0,32848,84
2026-09-22T10:53:28.893329+00:00,1,32820,85
2026-09-22T10:53:28.893329+00:00,2,32854,82
2026-09-22T10:53:28.893329+00:00,3,32842,81
2026-09-22T10:53:33.960376+00:00,0,32848,87
2026-09-22T10:53:33.960376+00:00,1,32820,85
2026-09-22T10:53:33.960376+00:00,2,32854,84
2026-09-22T10:53:33.960376+00:00,3,32842,89
2026-09-22T10:53:39.031637+00:00,0,32848,85
2026-09-22T10:53:39.031637+00:00,1,32820,81
2026-09-22T10:53:39.031637+00:00,2,32854,82
2026-09-22T10:53:39.031637+00:00,3,32842,86
2026-09-22T10:53:44.105318+00:00,0,32848,83
2026-09-22T10:53:44.105318+00:00,1,32820,84
2026-09-22T10:53:44.105318+00:00,2,32854,82
2026-09-22T10:53:44.105318+00:00,3,32842,88
2026-09-22T10:53:49.180997+00:00,0,32848,84
2026-09-22T10:53:49.180997+00:00,1,32820,85
2026-09-22T10:53:49.180997+00:00,2,32854,82
2026-09-22T10:53:49.180997+00:00,3,32842,84
2026-09-22T10:53:54.250675+00:00,0,32848,88
2026-09-22T10:53:54.250675+00:00,1,32820,88
2026-09-22T10:53:54.250675+00:00,2,32854,86
2026-09-22T10:53:54.250675+00:00,3,32842,84
2026-09-22T10:53:59.323148+00:00,0,32848,85
2026-09-22T10:53:59.323148+00:00,1,32820,87
2026-09-22T10:53:59.323148+00:00,2,32854,88
2026-09-22T10:53:59.323148+00:00,3,32842,89
2026-09-22T10:54:04.397755+00:00,0,32848,84
2026-09-22T10:54:04.397755+00:00,1,32820,83
2026-09-22T10:54:04.397755+00:00,2,32854,86
2026-09-22T10:54:04.397755+00:00,3,32842,90
2026-09-22T10:54:09.469206+00:00,0,32848,83
2026-09-22T10:54:09.469206+00:00,1,32820,89
2026-09-22T10:54:09.469206+00:00,2,32854,90
2026-09-22T10:54:09.469206+00:00,3,32842,88
2026-09-22T10:54:14.542982+00:00,0,32848,86
2026-09-22T10:54:14.542982+00:00,1,32820,84
2026-09-22T10:54:14.542982+00:00,2,32854,88
2026-09-22T10:54:14.542982+00:00,3,32842,85
2026-09-22T10:54:19.615441+00:00,0,32848,89
2026-09-22T10:54:19.615441+00:00,1,32820,88
2026-09-22T10:54:19.615441+00:00,2,32854,84
2026-09-22T10:54:19.615441+00:00,3,32842,87
2026-09-22T10:54:24.689926+00:00,0,32848,87
2026-09-22T10:54:24.689926+00:00,1,32820,85
2026-09-22T10:54:24.689926+00:00,2,32854,88
2026-09-22T10:54:24.689926+00:00,3,32842,89
2026-09-22T10:54:29.764542+00:00,0,32848,88
2026-09-22T10:54:29.764542+00:00,1,32820,84
2026-09-22T10:54:29.764542+00:00,2,32854,88
2026-09-22T10:54:29.764542+00:00,3,32842,88
2026-09-22T10:54:34.837801+00:00,0,32848,92
2026-09-22T10:54:34.837801+00:00,1,32820,90
2026-09-22T10:54:34.837801+00:00,2,32854,89
2026-09-22T10:54:34.837801+00:00,3,32842,86
2026-09-22T10:54:39.911409+00:00,0,32848,83
2026-09-22T10:54:39.911409+00:00,1,32820,88
2026-09-22T10:54:39.911409+00:00,2,32854,83
2026-09-22T10:54:39.911409+00:00,3,32842,85
2026-09-22T10:54:44.985160+00:00,0,32848,87
2026-09-22T10:54:44.985160+00:00,1,32820,91
2026-09-22T10:54:44.985160+00:00,2,32854,88
2026-09-22T10:54:44.985160+00:00,3,32842,84
2026-09-22T10:54:50.059723+00:00,0,32848,86
2026-09-22T10:54:50.059723+00:00,1,32820,88
2026-09-22T10:54:50.059723+00:00,2,32854,85
2026-09-22T10:54:50.059723+00:00,3,32842,88
2026-09-22T10:54:55.128073+00:00,0,32848,85
2026-09-22T10:54:55.128073+00:00,1,32820,85
2026-09-22T10:54:55.128073+00:00,2,32854,88
2026-09-22T10:54:55.128073+00:00,3,32842,87
2026-09-22T10:55:00.205071+00:00,0,32848,84
2026-09-22T10:55:00.205071+00:00,1,32820,83
2026-09-22T10:55:00.205071+00:00,2,32854,82
2026-09-22T10:55:00.205071+00:00,3,32842,84
2026-09-22T10:55:05.295886+00:00,0,32848,86
2026-09-22T10:55:05.295886+00:00,1,32820,87
2026-09-22T10:55:05.295886+00:00,2,32854,88
2026-09-22T10:55:05.295886+00:00,3,32842,90
2026-09-22T10:55:10.365321+00:00,0,32848,86
2026-09-22T10:55:10.365321+00:00,1,32820,86
2026-09-22T10:55:10.365321+00:00,2,32854,85
2026-09-22T10:55:10.365321+00:00,3,32842,84
2026-09-22T10:55:15.456355+00:00,0,32848,87
2026-09-22T10:55:15.456355+00:00,1,32820,83
2026-09-22T10:55:15.456355+00:00,2,32854,82
2026-09-22T10:55:15.456355+00:00,3,32842,83
2026-09-22T10:55:20.537506+00:00,0,32848,87
2026-09-22T10:55:20.537506+00:00,1,32820,89
2026-09-22T10:55:20.537506+00:00,2,32854,88
2026-09-22T10:55:20.537506+00:00,3,32842,85
2026-09-22T10:55:25.602963+00:00,0,32848,0
2026-09-22T10:55:25.602963+00:00,1,32820,87
2026-09-22T10:55:25.602963+00:00,2,32854,0
2026-09-22T10:55:25.602963+00:00,3,32842,0
2026-09-22T10:55:30.686957+00:00,0,32848,0
2026-09-22T10:55:30.686957+00:00,1,32820,88
2026-09-22T10:55:30.686957+00:00,2,32854,0
2026-09-22T10:55:30.686957+00:00,3,32842,0
2026-09-22T10:55:35.742082+00:00,0,3280,21
2026-09-22T10:55:35.742082+00:00,1,3280,79
2026-09-22T10:55:35.742082+00:00,2,3260,76
2026-09-22T10:55:35.742082+00:00,3,3280,100
2026-09-22T10:55:40.801799+00:00,0,7808,98
2026-09-22T10:55:40.801799+00:00,1,7128,93
2026-09-22T10:55:40.801799+00:00,2,7808,99
2026-09-22T10:55:40.801799+00:00,3,7808,94
2026-09-22T10:55:45.859707+00:00,0,8674,97
2026-09-22T10:55:45.859707+00:00,1,8054,96
2026-09-22T10:55:45.859707+00:00,2,8654,99
2026-09-22T10:55:45.859707+00:00,3,8694,96
2026-09-22T10:55:50.927063+00:00,0,9038,98
2026-09-22T10:55:50.927063+00:00,1,8418,99
2026-09-22T10:55:50.927063+00:00,2,9058,99
2026-09-22T10:55:50.927063+00:00,3,9058,99
2026-09-22T10:55:55.995178+00:00,0,9442,99
2026-09-22T10:55:55.995178+00:00,1,8842,99
2026-09-22T10:55:55.995178+00:00,2,9442,99
2026-09-22T10:55:55.995178+00:00,3,9442,99
2026-09-22T10:56:01.067630+00:00,0,9826,99
2026-09-22T10:56:01.067630+00:00,1,9246,99
2026-09-22T10:56:01.067630+00:00,2,9826,99
2026-09-22T10:56:01.067630+00:00,3,9826,99
2026-09-22T10:56:06.137022+00:00,0,10050,99
2026-09-22T10:56:06.137022+00:00,1,9510,99
2026-09-22T10:56:06.137022+00:00,2,10070,99
2026-09-22T10:56:06.137022+00:00,3,10070,99
2026-09-22T10:56:11.206854+00:00,0,10054,99
2026-09-22T10:56:11.206854+00:00,1,9514,97
2026-09-22T10:56:11.206854+00:00,2,10074,99
2026-09-22T10:56:11.206854+00:00,3,10074,99
2026-09-22T10:56:16.274437+00:00,0,10058,99
2026-09-22T10:56:16.274437+00:00,1,9518,99
2026-09-22T10:56:16.274437+00:00,2,10078,96
2026-09-22T10:56:16.274437+00:00,3,10078,100
2026-09-22T10:56:21.342602+00:00,0,10062,99
2026-09-22T10:56:21.342602+00:00,1,9522,99
2026-09-22T10:56:21.342602+00:00,2,10082,99
2026-09-22T10:56:21.342602+00:00,3,10082,99
2026-09-22T10:56:26.403695+00:00,0,10068,95
2026-09-22T10:56:26.403695+00:00,1,9528,95
2026-09-22T10:56:26.403695+00:00,2,10088,99
2026-09-22T10:56:26.403695+00:00,3,10088,98
2026-09-22T10:56:31.462849+00:00,0,10070,98
2026-09-22T10:56:31.462849+00:00,1,9530,99
2026-09-22T10:56:31.462849+00:00,2,10090,99
2026-09-22T10:56:31.462849+00:00,3,10090,99
2026-09-22T10:56:36.533242+00:00,0,19276,95
2026-09-22T10:56:36.533242+00:00,1,19256,99
2026-09-22T10:56:36.533242+00:00,2,19276,98
2026-09-22T10:56:36.533242+00:00,3,18736,97
2026-09-22T10:56:41.599588+00:00,0,19538,95
2026-09-22T10:56:41.599588+00:00,1,19298,99
2026-09-22T10:56:41.599588+00:00,2,19278,96
2026-09-22T10:56:41.599588+00:00,3,19298,95
2026-09-22T10:56:46.667017+00:00,0,21820,85
2026-09-22T10:56:46.667017+00:00,1,21560,98
2026-09-22T10:56:46.667017+00:00,2,21660,99
2026-09-22T10:56:46.667017+00:00,3,21000,99
2026-09-22T10:56:51.735570+00:00,0,22102,85
2026-09-22T10:56:51.735570+00:00,1,22282,90
2026-09-22T10:56:51.735570+00:00,2,21904,97
2026-09-22T10:56:51.735570+00:00,3,22304,100
2026-09-22T10:56:56.829633+00:00,0,22104,87
2026-09-22T10:56:56.829633+00:00,1,22284,90
2026-09-22T10:56:56.829633+00:00,2,21904,99
2026-09-22T10:56:56.829633+00:00,3,22304,98
2026-09-22T10:57:01.904027+00:00,0,22106,97
2026-09-22T10:57:01.904027+00:00,1,22286,98
2026-09-22T10:57:01.904027+00:00,2,21906,97
2026-09-22T10:57:01.904027+00:00,3,22306,99
2026-09-22T10:57:06.976638+00:00,0,22108,97
2026-09-22T10:57:06.976638+00:00,1,22288,97
2026-09-22T10:57:06.976638+00:00,2,21908,99
2026-09-22T10:57:06.976638+00:00,3,22308,99
2026-09-22T10:57:12.047855+00:00,0,22114,99
2026-09-22T10:57:12.047855+00:00,1,22294,88
2026-09-22T10:57:12.047855+00:00,2,21914,90
2026-09-22T10:57:12.047855+00:00,3,22314,89
2026-09-22T10:57:17.119698+00:00,0,22114,90
2026-09-22T10:57:17.119698+00:00,1,22294,93
2026-09-22T10:57:17.119698+00:00,2,21914,98
2026-09-22T10:57:17.119698+00:00,3,22314,100
2026-09-22T10:57:22.187146+00:00,0,25634,100
2026-09-22T10:57:22.187146+00:00,1,25694,99
2026-09-22T10:57:22.187146+00:00,2,25774,100
2026-09-22T10:57:22.187146+00:00,3,25734,99
2026-09-22T10:57:27.259621+00:00,0,25834,100
2026-09-22T10:57:27.259621+00:00,1,25774,99
2026-09-22T10:57:27.259621+00:00,2,25874,99
2026-09-22T10:57:27.259621+00:00,3,25834,99
2026-09-22T10:57:32.329105+00:00,0,25834,99
2026-09-22T10:57:32.329105+00:00,1,25774,99
2026-09-22T10:57:32.329105+00:00,2,25874,99
2026-09-22T10:57:32.329105+00:00,3,25834,98
2026-09-22T10:57:37.391390+00:00,0,25834,99
2026-09-22T10:57:37.391390+00:00,1,25814,99
2026-09-22T10:57:37.391390+00:00,2,25874,99
2026-09-22T10:57:37.391390+00:00,3,25834,99
2026-09-22T10:57:42.463562+00:00,0,25834,100
2026-09-22T10:57:42.463562+00:00,1,25814,99
2026-09-22T10:57:42.463562+00:00,2,25874,99
2026-09-22T10:57:42.463562+00:00,3,25834,99
2026-09-22T10:57:47.535781+00:00,0,25834,98
2026-09-22T10:57:47.535781+00:00,1,25814,99
2026-09-22T10:57:47.535781+00:00,2,25874,98
2026-09-22T10:57:47.535781+00:00,3,25834,98
2026-09-22T10:57:52.608724+00:00,0,25834,92
2026-09-22T10:57:52.608724+00:00,1,25814,99
2026-09-22T10:57:52.608724+00:00,2,25874,92
2026-09-22T10:57:52.608724+00:00,3,25834,95
2026-09-22T10:57:57.669520+00:00,0,25834,99
2026-09-22T10:57:57.669520+00:00,1,25814,90
2026-09-22T10:57:57.669520+00:00,2,25874,99
2026-09-22T10:57:57.669520+00:00,3,25834,99
2026-09-22T10:58:02.740015+00:00,0,25834,100
2026-09-22T10:58:02.740015+00:00,1,25814,96
2026-09-22T10:58:02.740015+00:00,2,25874,93
2026-09-22T10:58:02.740015+00:00,3,25834,95
2026-09-22T10:58:07.812859+00:00,0,25834,90
2026-09-22T10:58:07.812859+00:00,1,25814,99
2026-09-22T10:58:07.812859+00:00,2,25874,92
2026-09-22T10:58:07.812859+00:00,3,25834,91
2026-09-22T10:58:12.883943+00:00,0,25834,99
2026-09-22T10:58:12.883943+00:00,1,25814,97
2026-09-22T10:58:12.883943+00:00,2,25874,96
2026-09-22T10:58:12.883943+00:00,3,25834,93
2026-09-22T10:58:17.953554+00:00,0,25834,99
2026-09-22T10:58:17.953554+00:00,1,25814,99
2026-09-22T10:58:17.953554+00:00,2,25874,98
2026-09-22T10:58:17.953554+00:00,3,25834,98
2026-09-22T10:58:23.029882+00:00,0,25834,99
2026-09-22T10:58:23.029882+00:00,1,25814,99
2026-09-22T10:58:23.029882+00:00,2,25874,99
2026-09-22T10:58:23.029882+00:00,3,25854,99
2026-09-22T10:58:28.100471+00:00,0,25834,100
2026-09-22T10:58:28.100471+00:00,1,25814,99
2026-09-22T10:58:28.100471+00:00,2,25874,99
2026-09-22T10:58:28.100471+00:00,3,25854,99
2026-09-22T10:58:33.174639+00:00,0,25834,98
2026-09-22T10:58:33.174639+00:00,1,25814,99
2026-09-22T10:58:33.174639+00:00,2,25874,98
2026-09-22T10:58:33.174639+00:00,3,25854,98
2026-09-22T10:58:38.235869+00:00,0,25834,99
2026-09-22T10:58:38.235869+00:00,1,25814,100
2026-09-22T10:58:38.235869+00:00,2,25874,99
2026-09-22T10:58:38.235869+00:00,3,25854,99
2026-09-22T10:58:43.306043+00:00,0,25834,99
2026-09-22T10:58:43.306043+00:00,1,25814,99
2026-09-22T10:58:43.306043+00:00,2,25874,99
2026-09-22T10:58:43.306043+00:00,3,25854,99
2026-09-22T10:58:48.381599+00:00,0,25834,99
2026-09-22T10:58:48.381599+00:00,1,25814,92
2026-09-22T10:58:48.381599+00:00,2,25874,99
2026-09-22T10:58:48.381599+00:00,3,25854,93
2026-09-22T10:58:53.449978+00:00,0,25834,99
2026-09-22T10:58:53.449978+00:00,1,25814,95
2026-09-22T10:58:53.449978+00:00,2,25874,95
2026-09-22T10:58:53.449978+00:00,3,25854,91
2026-09-22T10:58:58.521461+00:00,0,25834,99
2026-09-22T10:58:58.521461+00:00,1,25814,96
2026-09-22T10:58:58.521461+00:00,2,25874,97
2026-09-22T10:58:58.521461+00:00,3,25854,97
2026-09-22T10:59:03.593016+00:00,0,25834,96
2026-09-22T10:59:03.593016+00:00,1,25814,98
2026-09-22T10:59:03.593016+00:00,2,25874,94
2026-09-22T10:59:03.593016+00:00,3,25854,96
2026-09-22T10:59:08.669916+00:00,0,25834,96
2026-09-22T10:59:08.669916+00:00,1,25814,99
2026-09-22T10:59:08.669916+00:00,2,25874,95
2026-09-22T10:59:08.669916+00:00,3,25854,96
2026-09-22T10:59:13.741151+00:00,0,25834,97
2026-09-22T10:59:13.741151+00:00,1,25814,99
2026-09-22T10:59:13.741151+00:00,2,25874,96
2026-09-22T10:59:13.741151+00:00,3,25854,97
2026-09-22T10:59:18.815161+00:00,0,25834,99
2026-09-22T10:59:18.815161+00:00,1,25814,98
2026-09-22T10:59:18.815161+00:00,2,25874,98
2026-09-22T10:59:18.815161+00:00,3,25854,97
2026-09-22T10:59:23.879980+00:00,0,25834,96
2026-09-22T10:59:23.879980+00:00,1,25814,96
2026-09-22T10:59:23.879980+00:00,2,25874,97
2026-09-22T10:59:23.879980+00:00,3,25854,97
2026-09-22T10:59:28.948514+00:00,0,25834,96
2026-09-22T10:59:28.948514+00:00,1,25814,99
2026-09-22T10:59:28.948514+00:00,2,25874,94
2026-09-22T10:59:28.948514+00:00,3,25854,95
2026-09-22T10:59:34.019734+00:00,0,4786,49
2026-09-22T10:59:34.019734+00:00,1,4746,56
2026-09-22T10:59:34.019734+00:00,2,5786,12
2026-09-22T10:59:34.019734+00:00,3,5726,84
2026-09-22T10:59:39.088975+00:00,0,10504,8
2026-09-22T10:59:39.088975+00:00,1,10506,8
2026-09-22T10:59:39.088975+00:00,2,10076,5
2026-09-22T10:59:39.088975+00:00,3,10362,8
2026-09-22T10:59:44.149556+00:00,0,11426,33
2026-09-22T10:59:44.149556+00:00,1,11406,28
2026-09-22T10:59:44.149556+00:00,2,11406,15
2026-09-22T10:59:44.149556+00:00,3,11426,31
2026-09-22T10:59:49.211945+00:00,0,5208,12
2026-09-22T10:59:49.211945+00:00,1,5208,10
2026-09-22T10:59:49.211945+00:00,2,5188,10
2026-09-22T10:59:49.211945+00:00,3,5208,12
2026-09-22T10:59:54.268746+00:00,0,32742,79
2026-09-22T10:59:54.268746+00:00,1,32546,63
2026-09-22T10:59:54.268746+00:00,2,32596,67
2026-09-22T10:59:54.268746+00:00,3,32656,62
2026-09-22T10:59:59.334510+00:00,0,32742,69
2026-09-22T10:59:59.334510+00:00,1,32546,66
2026-09-22T10:59:59.334510+00:00,2,32596,71
2026-09-22T10:59:59.334510+00:00,3,32656,67
2026-09-22T11:00:04.401842+00:00,0,32742,67
2026-09-22T11:00:04.401842+00:00,1,32546,67
2026-09-22T11:00:04.401842+00:00,2,32596,74
2026-09-22T11:00:04.401842+00:00,3,32656,74
2026-09-22T11:00:09.460089+00:00,0,32742,72
2026-09-22T11:00:09.460089+00:00,1,32546,71
2026-09-22T11:00:09.460089+00:00,2,32596,71
2026-09-22T11:00:09.460089+00:00,3,32656,70
2026-09-22T11:00:14.527076+00:00,0,32742,74
2026-09-22T11:00:14.527076+00:00,1,32546,73
2026-09-22T11:00:14.527076+00:00,2,32596,71
2026-09-22T11:00:14.527076+00:00,3,32656,76
2026-09-22T11:00:19.596846+00:00,0,32742,71
2026-09-22T11:00:19.596846+00:00,1,32546,71
2026-09-22T11:00:19.596846+00:00,2,32596,68
2026-09-22T11:00:19.596846+00:00,3,32656,72
2026-09-22T11:00:24.663958+00:00,0,32742,74
2026-09-22T11:00:24.663958+00:00,1,32546,78
2026-09-22T11:00:24.663958+00:00,2,32596,70
2026-09-22T11:00:24.663958+00:00,3,32656,74
2026-09-22T11:00:29.733359+00:00,0,32742,74
2026-09-22T11:00:29.733359+00:00,1,32546,73
2026-09-22T11:00:29.733359+00:00,2,32596,72
2026-09-22T11:00:29.733359+00:00,3,32656,76
2026-09-22T11:00:34.801025+00:00,0,32742,71
2026-09-22T11:00:34.801025+00:00,1,32546,74
2026-09-22T11:00:34.801025+00:00,2,32596,78
2026-09-22T11:00:34.801025+00:00,3,32656,67
2026-09-22T11:00:39.870138+00:00,0,32742,81
2026-09-22T11:00:39.870138+00:00,1,32546,76
2026-09-22T11:00:39.870138+00:00,2,32596,75
2026-09-22T11:00:39.870138+00:00,3,32656,76
2026-09-22T11:00:44.941235+00:00,0,32742,67
2026-09-22T11:00:44.941235+00:00,1,32546,68
2026-09-22T11:00:44.941235+00:00,2,32596,71
2026-09-22T11:00:44.941235+00:00,3,32656,71
2026-09-22T11:00:50.019579+00:00,0,32742,73
2026-09-22T11:00:50.019579+00:00,1,32546,78
2026-09-22T11:00:50.019579+00:00,2,32596,77
2026-09-22T11:00:50.019579+00:00,3,32656,75
2026-09-22T11:00:55.104013+00:00,0,32742,76
2026-09-22T11:00:55.104013+00:00,1,32546,76
2026-09-22T11:00:55.104013+00:00,2,32596,78
2026-09-22T11:00:55.104013+00:00,3,32656,78
2026-09-22T11:01:00.198773+00:00,0,32742,77
2026-09-22T11:01:00.198773+00:00,1,32546,77
2026-09-22T11:01:00.198773+00:00,2,32596,71
2026-09-22T11:01:00.198773+00:00,3,32656,76
2026-09-22T11:01:05.284998+00:00,0,32742,79
2026-09-22T11:01:05.284998+00:00,1,32546,72
2026-09-22T11:01:05.284998+00:00,2,32596,79
2026-09-22T11:01:05.284998+00:00,3,32656,80
2026-09-22T11:01:10.367793+00:00,0,32742,77
2026-09-22T11:01:10.367793+00:00,1,32546,80
2026-09-22T11:01:10.367793+00:00,2,32596,86
2026-09-22T11:01:10.367793+00:00,3,32656,78
2026-09-22T11:01:15.440486+00:00,0,32742,81
2026-09-22T11:01:15.440486+00:00,1,32546,80
2026-09-22T11:01:15.440486+00:00,2,32596,83
2026-09-22T11:01:15.440486+00:00,3,32656,87
2026-09-22T11:01:20.510083+00:00,0,32742,82
2026-09-22T11:01:20.510083+00:00,1,32546,78
2026-09-22T11:01:20.510083+00:00,2,32596,82
2026-09-22T11:01:20.510083+00:00,3,32656,83
2026-09-22T11:01:25.582729+00:00,0,32742,79
2026-09-22T11:01:25.582729+00:00,1,32546,80
2026-09-22T11:01:25.582729+00:00,2,32596,85
2026-09-22T11:01:25.582729+00:00,3,32656,79
2026-09-22T11:01:30.656081+00:00,0,32742,82
2026-09-22T11:01:30.656081+00:00,1,32546,80
2026-09-22T11:01:30.656081+00:00,2,32596,83
2026-09-22T11:01:30.656081+00:00,3,32656,85
2026-09-22T11:01:35.729341+00:00,0,32742,83
2026-09-22T11:01:35.729341+00:00,1,32546,84
2026-09-22T11:01:35.729341+00:00,2,32596,81
2026-09-22T11:01:35.729341+00:00,3,32656,82
2026-09-22T11:01:40.793349+00:00,0,32742,84
2026-09-22T11:01:40.793349+00:00,1,32546,81
2026-09-22T11:01:40.793349+00:00,2,32596,88
2026-09-22T11:01:40.793349+00:00,3,32656,83
2026-09-22T11:01:45.856281+00:00,0,32742,82
2026-09-22T11:01:45.856281+00:00,1,32546,87
2026-09-22T11:01:45.856281+00:00,2,32596,80
2026-09-22T11:01:45.856281+00:00,3,32656,80
2026-09-22T11:01:50.931974+00:00,0,32742,85
2026-09-22T11:01:50.931974+00:00,1,32546,82
2026-09-22T11:01:50.931974+00:00,2,32596,86
2026-09-22T11:01:50.931974+00:00,3,32656,90
2026-09-22T11:01:56.004186+00:00,0,32742,82
2026-09-22T11:01:56.004186+00:00,1,32546,84
2026-09-22T11:01:56.004186+00:00,2,32596,85
2026-09-22T11:01:56.004186+00:00,3,32656,83
2026-09-22T11:02:01.072960+00:00,0,32742,84
2026-09-22T11:02:01.072960+00:00,1,32546,82
2026-09-22T11:02:01.072960+00:00,2,32596,86
2026-09-22T11:02:01.072960+00:00,3,32656,80
2026-09-22T11:02:06.146698+00:00,0,32742,81
2026-09-22T11:02:06.146698+00:00,1,32546,84
2026-09-22T11:02:06.146698+00:00,2,32596,87
2026-09-22T11:02:06.146698+00:00,3,32656,82
2026-09-22T11:02:11.220011+00:00,0,32742,84
2026-09-22T11:02:11.220011+00:00,1,32546,86
2026-09-22T11:02:11.220011+00:00,2,32596,85
2026-09-22T11:02:11.220011+00:00,3,32656,87
2026-09-22T11:02:16.294798+00:00,0,32742,86
2026-09-22T11:02:16.294798+00:00,1,32546,85
2026-09-22T11:02:16.294798+00:00,2,32596,83
2026-09-22T11:02:16.294798+00:00,3,32656,83
2026-09-22T11:02:21.368496+00:00,0,32742,83
2026-09-22T11:02:21.368496+00:00,1,32546,86
2026-09-22T11:02:21.368496+00:00,2,32596,85
2026-09-22T11:02:21.368496+00:00,3,32656,85
2026-09-22T11:02:26.439263+00:00,0,32742,84
2026-09-22T11:02:26.439263+00:00,1,32546,82
2026-09-22T11:02:26.439263+00:00,2,32596,86
2026-09-22T11:02:26.439263+00:00,3,32656,82
2026-09-22T11:02:31.512525+00:00,0,32742,81
2026-09-22T11:02:31.512525+00:00,1,32546,82
2026-09-22T11:02:31.512525+00:00,2,32596,81
2026-09-22T11:02:31.512525+00:00,3,32656,82
2026-09-22T11:02:36.598480+00:00,0,32742,78
2026-09-22T11:02:36.598480+00:00,1,32546,82
2026-09-22T11:02:36.598480+00:00,2,32596,82
2026-09-22T11:02:36.598480+00:00,3,32656,84
2026-09-22T11:02:41.686685+00:00,0,32742,83
2026-09-22T11:02:41.686685+00:00,1,32546,82
2026-09-22T11:02:41.686685+00:00,2,32596,80
2026-09-22T11:02:41.686685+00:00,3,32656,80
2026-09-22T11:02:46.778549+00:00,0,32742,80
2026-09-22T11:02:46.778549+00:00,1,32546,81
2026-09-22T11:02:46.778549+00:00,2,32596,83
2026-09-22T11:02:46.778549+00:00,3,32656,82
2026-09-22T11:02:51.862243+00:00,0,32742,81
2026-09-22T11:02:51.862243+00:00,1,32546,80
2026-09-22T11:02:51.862243+00:00,2,32596,82
2026-09-22T11:02:51.862243+00:00,3,32656,79
2026-09-22T11:02:56.947573+00:00,0,32742,84
2026-09-22T11:02:56.947573+00:00,1,32546,85
2026-09-22T11:02:56.947573+00:00,2,32596,82
2026-09-22T11:02:56.947573+00:00,3,32656,85
2026-09-22T11:03:02.079094+00:00,0,32742,86
2026-09-22T11:03:02.079094+00:00,1,32546,82
2026-09-22T11:03:02.079094+00:00,2,32596,87
2026-09-22T11:03:02.079094+00:00,3,32656,84
2026-09-22T11:03:07.166105+00:00,0,32742,83
2026-09-22T11:03:07.166105+00:00,1,32546,80
2026-09-22T11:03:07.166105+00:00,2,32596,83
2026-09-22T11:03:07.166105+00:00,3,32656,80
2026-09-22T11:03:12.262573+00:00,0,32742,85
2026-09-22T11:03:12.262573+00:00,1,32546,85
2026-09-22T11:03:12.262573+00:00,2,32596,85
2026-09-22T11:03:12.262573+00:00,3,32656,89
2026-09-22T11:03:17.340146+00:00,0,32742,82
2026-09-22T11:03:17.340146+00:00,1,32546,83
2026-09-22T11:03:17.340146+00:00,2,32596,80
2026-09-22T11:03:17.340146+00:00,3,32656,83
2026-09-22T11:03:22.428195+00:00,0,32742,85
2026-09-22T11:03:22.428195+00:00,1,32546,81
2026-09-22T11:03:22.428195+00:00,2,32596,84
2026-09-22T11:03:22.428195+00:00,3,32656,85
2026-09-22T11:03:27.512199+00:00,0,32742,85
2026-09-22T11:03:27.512199+00:00,1,32546,84
2026-09-22T11:03:27.512199+00:00,2,32596,83
2026-09-22T11:03:27.512199+00:00,3,32656,85
2026-09-22T11:03:32.600727+00:00,0,32742,79
2026-09-22T11:03:32.600727+00:00,1,32546,84
2026-09-22T11:03:32.600727+00:00,2,32596,88
2026-09-22T11:03:32.600727+00:00,3,32656,87
2026-09-22T11:03:37.675608+00:00,0,32742,92
2026-09-22T11:03:37.675608+00:00,1,32546,87
2026-09-22T11:03:37.675608+00:00,2,32596,86
2026-09-22T11:03:37.675608+00:00,3,32656,86
2026-09-22T11:03:42.749865+00:00,0,32742,85
2026-09-22T11:03:42.749865+00:00,1,32546,85
2026-09-22T11:03:42.749865+00:00,2,32596,85
2026-09-22T11:03:42.749865+00:00,3,32656,84
2026-09-22T11:03:47.827369+00:00,0,32742,83
2026-09-22T11:03:47.827369+00:00,1,32546,88
2026-09-22T11:03:47.827369+00:00,2,32596,86
2026-09-22T11:03:47.827369+00:00,3,32656,85
2026-09-22T11:03:52.898525+00:00,0,32742,85
2026-09-22T11:03:52.898525+00:00,1,32546,84
2026-09-22T11:03:52.898525+00:00,2,32596,86
2026-09-22T11:03:52.898525+00:00,3,32656,87
2026-09-22T11:03:57.971227+00:00,0,32742,82
2026-09-22T11:03:57.971227+00:00,1,32546,81
2026-09-22T11:03:57.971227+00:00,2,32596,86
2026-09-22T11:03:57.971227+00:00,3,32656,83
2026-09-22T11:04:03.064459+00:00,0,32742,87
2026-09-22T11:04:03.064459+00:00,1,32546,87
2026-09-22T11:04:03.064459+00:00,2,32596,87
2026-09-22T11:04:03.064459+00:00,3,32656,83
2026-09-22T11:04:08.133295+00:00,0,32742,89
2026-09-22T11:04:08.133295+00:00,1,32546,87
2026-09-22T11:04:08.133295+00:00,2,32596,87
2026-09-22T11:04:08.133295+00:00,3,32656,87
2026-09-22T11:04:13.207665+00:00,0,32742,88
2026-09-22T11:04:13.207665+00:00,1,32546,93
2026-09-22T11:04:13.207665+00:00,2,32596,89
2026-09-22T11:04:13.207665+00:00,3,32656,87
2026-09-22T11:04:18.272373+00:00,0,32742,0
2026-09-22T11:04:18.272373+00:00,1,32546,86
2026-09-22T11:04:18.272373+00:00,2,32596,0
2026-09-22T11:04:18.272373+00:00,3,32656,90
2026-09-22T11:04:23.338862+00:00,0,32742,0
2026-09-22T11:04:23.338862+00:00,1,32546,86
2026-09-22T11:04:23.338862+00:00,2,32596,0
2026-09-22T11:04:23.338862+00:00,3,32656,85
2026-09-22T11:04:28.405105+00:00,0,4706,54
2026-09-22T11:04:28.405105+00:00,1,4686,100
2026-09-22T11:04:28.405105+00:00,2,4706,100
2026-09-22T11:04:28.405105+00:00,3,4706,43
2026-09-22T11:04:33.476173+00:00,0,8110,96
2026-09-22T11:04:33.476173+00:00,1,7450,99
2026-09-22T11:04:33.476173+00:00,2,8110,99
2026-09-22T11:04:33.476173+00:00,3,8130,83
2026-09-22T11:04:38.543014+00:00,0,8814,99
2026-09-22T11:04:38.543014+00:00,1,8174,96
2026-09-22T11:04:38.543014+00:00,2,8814,99
2026-09-22T11:04:38.543014+00:00,3,8794,97
2026-09-22T11:04:43.610914+00:00,0,9158,99
2026-09-22T11:04:43.610914+00:00,1,8518,98
2026-09-22T11:04:43.610914+00:00,2,9178,99
2026-09-22T11:04:43.610914+00:00,3,9158,99
2026-09-22T11:04:48.678167+00:00,0,9424,99
2026-09-22T11:04:48.678167+00:00,1,8824,99
2026-09-22T11:04:48.678167+00:00,2,9424,98
2026-09-22T11:04:48.678167+00:00,3,9424,99
2026-09-22T11:04:53.746171+00:00,0,9648,99
2026-09-22T11:04:53.746171+00:00,1,9048,99
2026-09-22T11:04:53.746171+00:00,2,9668,99
2026-09-22T11:04:53.746171+00:00,3,9628,99
2026-09-22T11:04:58.813687+00:00,0,9692,100
2026-09-22T11:04:58.813687+00:00,1,9092,99
2026-09-22T11:04:58.813687+00:00,2,9692,99
2026-09-22T11:04:58.813687+00:00,3,9712,98
2026-09-22T11:05:03.881040+00:00,0,9696,99
2026-09-22T11:05:03.881040+00:00,1,9096,99
2026-09-22T11:05:03.881040+00:00,2,9696,99
2026-09-22T11:05:03.881040+00:00,3,9716,99
2026-09-22T11:05:08.935243+00:00,0,9700,99
2026-09-22T11:05:08.935243+00:00,1,9100,99
2026-09-22T11:05:08.935243+00:00,2,9700,99
2026-09-22T11:05:08.935243+00:00,3,9720,99
2026-09-22T11:05:13.997885+00:00,0,9704,99
2026-09-22T11:05:13.997885+00:00,1,9104,99
2026-09-22T11:05:13.997885+00:00,2,9704,99
2026-09-22T11:05:13.997885+00:00,3,9724,99
2026-09-22T11:05:19.065077+00:00,0,9710,95
2026-09-22T11:05:19.065077+00:00,1,9110,94
2026-09-22T11:05:19.065077+00:00,2,9710,98
2026-09-22T11:05:19.065077+00:00,3,9730,99
2026-09-22T11:05:24.133707+00:00,0,5744,49
2026-09-22T11:05:24.133707+00:00,1,5664,93
2026-09-22T11:05:24.133707+00:00,2,5724,98
2026-09-22T11:05:24.133707+00:00,3,5724,89
2026-09-22T11:05:29.192818+00:00,0,18636,94
2026-09-22T11:05:29.192818+00:00,1,18416,95
2026-09-22T11:05:29.192818+00:00,2,18456,98
2026-09-22T11:05:29.192818+00:00,3,18536,94
2026-09-22T11:05:34.263354+00:00,0,19880,97
2026-09-22T11:05:34.263354+00:00,1,19900,97
2026-09-22T11:05:34.263354+00:00,2,19820,99
2026-09-22T11:05:34.263354+00:00,3,19860,97
2026-09-22T11:05:39.336448+00:00,0,21582,98
2026-09-22T11:05:39.336448+00:00,1,21482,97
2026-09-22T11:05:39.336448+00:00,2,21622,98
2026-09-22T11:05:39.336448+00:00,3,21642,98
2026-09-22T11:05:44.408827+00:00,0,21584,96
2026-09-22T11:05:44.408827+00:00,1,21484,98
2026-09-22T11:05:44.408827+00:00,2,21624,98
2026-09-22T11:05:44.408827+00:00,3,21644,98
2026-09-22T11:05:49.482223+00:00,0,21586,97
2026-09-22T11:05:49.482223+00:00,1,21486,97
2026-09-22T11:05:49.482223+00:00,2,21626,97
2026-09-22T11:05:49.482223+00:00,3,21646,98
2026-09-22T11:05:54.556144+00:00,0,21594,92
2026-09-22T11:05:54.556144+00:00,1,21494,92
2026-09-22T11:05:54.556144+00:00,2,21634,94
2026-09-22T11:05:54.556144+00:00,3,21654,91
2026-09-22T11:05:59.626096+00:00,0,21594,99
2026-09-22T11:05:59.626096+00:00,1,21494,94
2026-09-22T11:05:59.626096+00:00,2,21634,95
2026-09-22T11:05:59.626096+00:00,3,21654,98
2026-09-22T11:06:04.698465+00:00,0,21594,93
2026-09-22T11:06:04.698465+00:00,1,21494,85
2026-09-22T11:06:04.698465+00:00,2,21634,94
2026-09-22T11:06:04.698465+00:00,3,21654,92
2026-09-22T11:06:09.767925+00:00,0,25674,0
2026-09-22T11:06:09.767925+00:00,1,25634,60
2026-09-22T11:06:09.767925+00:00,2,25674,0
2026-09-22T11:06:09.767925+00:00,3,25574,0
2026-09-22T11:06:14.832196+00:00,0,25774,100
2026-09-22T11:06:14.832196+00:00,1,25714,99
2026-09-22T11:06:14.832196+00:00,2,25774,98
2026-09-22T11:06:14.832196+00:00,3,25794,99
2026-09-22T11:06:19.904262+00:00,0,25774,99
2026-09-22T11:06:19.904262+00:00,1,25774,87
2026-09-22T11:06:19.904262+00:00,2,25834,99
2026-09-22T11:06:19.904262+00:00,3,25794,99
2026-09-22T11:06:24.980285+00:00,0,25774,98
2026-09-22T11:06:24.980285+00:00,1,25774,100
2026-09-22T11:06:24.980285+00:00,2,25834,98
2026-09-22T11:06:24.980285+00:00,3,25794,98
2026-09-22T11:06:30.055652+00:00,0,25774,99
2026-09-22T11:06:30.055652+00:00,1,25774,99
2026-09-22T11:06:30.055652+00:00,2,25834,99
2026-09-22T11:06:30.055652+00:00,3,25794,99
2026-09-22T11:06:35.132189+00:00,0,25774,98
2026-09-22T11:06:35.132189+00:00,1,25774,99
2026-09-22T11:06:35.132189+00:00,2,25834,99
2026-09-22T11:06:35.132189+00:00,3,25794,98
2026-09-22T11:06:40.209710+00:00,0,25774,90
2026-09-22T11:06:40.209710+00:00,1,25774,100
2026-09-22T11:06:40.209710+00:00,2,25834,99
2026-09-22T11:06:40.209710+00:00,3,25794,91
2026-09-22T11:06:45.279496+00:00,0,25774,92
2026-09-22T11:06:45.279496+00:00,1,25774,92
2026-09-22T11:06:45.279496+00:00,2,25834,93
2026-09-22T11:06:45.279496+00:00,3,25794,99
2026-09-22T11:06:50.349184+00:00,0,25774,92
2026-09-22T11:06:50.349184+00:00,1,25774,95
2026-09-22T11:06:50.349184+00:00,2,25834,100
2026-09-22T11:06:50.349184+00:00,3,25794,96
2026-09-22T11:06:55.418652+00:00,0,25774,94
2026-09-22T11:06:55.418652+00:00,1,25774,93
2026-09-22T11:06:55.418652+00:00,2,25834,100
2026-09-22T11:06:55.418652+00:00,3,25794,93
2026-09-22T11:07:00.494498+00:00,0,25774,98
2026-09-22T11:07:00.494498+00:00,1,25774,98
2026-09-22T11:07:00.494498+00:00,2,25834,98
2026-09-22T11:07:00.494498+00:00,3,25794,98
2026-09-22T11:07:05.558943+00:00,0,25794,99
2026-09-22T11:07:05.558943+00:00,1,25774,100
2026-09-22T11:07:05.558943+00:00,2,25834,100
2026-09-22T11:07:05.558943+00:00,3,25794,99
2026-09-22T11:07:10.628801+00:00,0,25794,97
2026-09-22T11:07:10.628801+00:00,1,25774,98
2026-09-22T11:07:10.628801+00:00,2,25834,98
2026-09-22T11:07:10.628801+00:00,3,25794,99
2026-09-22T11:07:15.691352+00:00,0,25794,99
2026-09-22T11:07:15.691352+00:00,1,25774,99
2026-09-22T11:07:15.691352+00:00,2,25834,99
2026-09-22T11:07:15.691352+00:00,3,25794,100
2026-09-22T11:07:20.764085+00:00,0,25794,99
2026-09-22T11:07:20.764085+00:00,1,25774,99
2026-09-22T11:07:20.764085+00:00,2,25834,99
2026-09-22T11:07:20.764085+00:00,3,25794,99
2026-09-22T11:07:25.835950+00:00,0,25794,98
2026-09-22T11:07:25.835950+00:00,1,25774,98
2026-09-22T11:07:25.835950+00:00,2,25834,98
2026-09-22T11:07:25.835950+00:00,3,25794,98
2026-09-22T11:07:30.910319+00:00,0,25794,99
2026-09-22T11:07:30.910319+00:00,1,25774,99
2026-09-22T11:07:30.910319+00:00,2,25834,99
2026-09-22T11:07:30.910319+00:00,3,25794,99
2026-09-22T11:07:35.985315+00:00,0,25794,91
2026-09-22T11:07:35.985315+00:00,1,25774,93
2026-09-22T11:07:35.985315+00:00,2,25834,93
2026-09-22T11:07:35.985315+00:00,3,25794,89
2026-09-22T11:07:41.059337+00:00,0,25794,86
2026-09-22T11:07:41.059337+00:00,1,25774,98
2026-09-22T11:07:41.059337+00:00,2,25834,99
2026-09-22T11:07:41.059337+00:00,3,25794,97
2026-09-22T11:07:46.127111+00:00,0,25794,84
2026-09-22T11:07:46.127111+00:00,1,25774,86
2026-09-22T11:07:46.127111+00:00,2,25834,100
2026-09-22T11:07:46.127111+00:00,3,25794,87
2026-09-22T11:07:51.195580+00:00,0,25794,97
2026-09-22T11:07:51.195580+00:00,1,25774,99
2026-09-22T11:07:51.195580+00:00,2,25834,99
2026-09-22T11:07:51.195580+00:00,3,25794,99
2026-09-22T11:07:56.266265+00:00,0,25794,98
2026-09-22T11:07:56.266265+00:00,1,25774,97
2026-09-22T11:07:56.266265+00:00,2,25834,97
2026-09-22T11:07:56.266265+00:00,3,25794,100
2026-09-22T11:08:01.335904+00:00,0,25794,97
2026-09-22T11:08:01.335904+00:00,1,25774,98
2026-09-22T11:08:01.335904+00:00,2,25834,97
2026-09-22T11:08:01.335904+00:00,3,25794,99
2026-09-22T11:08:06.401821+00:00,0,25794,99
2026-09-22T11:08:06.401821+00:00,1,25774,98
2026-09-22T11:08:06.401821+00:00,2,25834,97
2026-09-22T11:08:06.401821+00:00,3,25794,96
2026-09-22T11:08:11.476297+00:00,0,25794,97
2026-09-22T11:08:11.476297+00:00,1,25774,96
2026-09-22T11:08:11.476297+00:00,2,25834,97
2026-09-22T11:08:11.476297+00:00,3,25794,97
2026-09-22T11:08:16.551172+00:00,0,10094,78
2026-09-22T11:08:16.551172+00:00,1,10094,85
2026-09-22T11:08:16.551172+00:00,2,10074,84
2026-09-22T11:08:16.551172+00:00,3,10094,57
2026-09-22T11:08:21.617844+00:00,0,10096,7
2026-09-22T11:08:21.617844+00:00,1,10362,9
2026-09-22T11:08:21.617844+00:00,2,10076,7
2026-09-22T11:08:21.617844+00:00,3,10096,6
2026-09-22T11:08:26.677412+00:00,0,11426,24
2026-09-22T11:08:26.677412+00:00,1,11406,27
2026-09-22T11:08:26.677412+00:00,2,11406,31
2026-09-22T11:08:26.677412+00:00,3,11426,20
2026-09-22T11:08:31.737195+00:00,0,5208,7
2026-09-22T11:08:31.737195+00:00,1,5208,0
2026-09-22T11:08:31.737195+00:00,2,5188,0
2026-09-22T11:08:31.737195+00:00,3,5208,90
2026-09-22T11:08:36.787776+00:00,0,32924,63
2026-09-22T11:08:36.787776+00:00,1,32996,61
2026-09-22T11:08:36.787776+00:00,2,33044,60
2026-09-22T11:08:36.787776+00:00,3,32942,63
2026-09-22T11:08:41.854078+00:00,0,32924,66
2026-09-22T11:08:41.854078+00:00,1,32996,60
2026-09-22T11:08:41.854078+00:00,2,33044,61
2026-09-22T11:08:41.854078+00:00,3,32942,61
2026-09-22T11:08:46.920904+00:00,0,32924,67
2026-09-22T11:08:46.920904+00:00,1,32996,74
2026-09-22T11:08:46.920904+00:00,2,33044,70
2026-09-22T11:08:46.920904+00:00,3,32942,68
2026-09-22T11:08:51.988656+00:00,0,32924,72
2026-09-22T11:08:51.988656+00:00,1,32996,71
2026-09-22T11:08:51.988656+00:00,2,33044,69
2026-09-22T11:08:51.988656+00:00,3,32942,70
2026-09-22T11:08:57.056603+00:00,0,32924,75
2026-09-22T11:08:57.056603+00:00,1,32996,71
2026-09-22T11:08:57.056603+00:00,2,33044,75
2026-09-22T11:08:57.056603+00:00,3,32942,74
2026-09-22T11:09:02.128083+00:00,0,32924,77
2026-09-22T11:09:02.128083+00:00,1,32996,70
2026-09-22T11:09:02.128083+00:00,2,33044,77
2026-09-22T11:09:02.128083+00:00,3,32942,71
2026-09-22T11:09:07.198805+00:00,0,32924,69
2026-09-22T11:09:07.198805+00:00,1,32996,70
2026-09-22T11:09:07.198805+00:00,2,33044,69
2026-09-22T11:09:07.198805+00:00,3,32942,69
2026-09-22T11:09:12.281419+00:00,0,32924,72
2026-09-22T11:09:12.281419+00:00,1,32996,69
2026-09-22T11:09:12.281419+00:00,2,33044,71
2026-09-22T11:09:12.281419+00:00,3,32942,72
2026-09-22T11:09:17.407385+00:00,0,32924,64
2026-09-22T11:09:17.407385+00:00,1,32996,76
2026-09-22T11:09:17.407385+00:00,2,33044,68
2026-09-22T11:09:17.407385+00:00,3,32942,73
2026-09-22T11:09:22.514204+00:00,0,32924,83
2026-09-22T11:09:22.514204+00:00,1,32996,74
2026-09-22T11:09:22.514204+00:00,2,33044,76
2026-09-22T11:09:22.514204+00:00,3,32942,80
2026-09-22T11:09:27.586750+00:00,0,32924,77
2026-09-22T11:09:27.586750+00:00,1,32996,75
2026-09-22T11:09:27.586750+00:00,2,33044,77
2026-09-22T11:09:27.586750+00:00,3,32942,89
2026-09-22T11:09:32.655175+00:00,0,32924,78
2026-09-22T11:09:32.655175+00:00,1,32996,72
2026-09-22T11:09:32.655175+00:00,2,33044,76
2026-09-22T11:09:32.655175+00:00,3,32942,75
2026-09-22T11:09:37.716071+00:00,0,32924,83
2026-09-22T11:09:37.716071+00:00,1,32996,76
2026-09-22T11:09:37.716071+00:00,2,33044,85
2026-09-22T11:09:37.716071+00:00,3,32942,84
2026-09-22T11:09:42.785172+00:00,0,32924,84
2026-09-22T11:09:42.785172+00:00,1,32996,77
2026-09-22T11:09:42.785172+00:00,2,33044,78
2026-09-22T11:09:42.785172+00:00,3,32942,81
2026-09-22T11:09:47.856510+00:00,0,32924,79
2026-09-22T11:09:47.856510+00:00,1,32996,79
2026-09-22T11:09:47.856510+00:00,2,33044,85
2026-09-22T11:09:47.856510+00:00,3,32942,81
2026-09-22T11:09:52.928024+00:00,0,32924,74
2026-09-22T11:09:52.928024+00:00,1,32996,78
2026-09-22T11:09:52.928024+00:00,2,33044,76
2026-09-22T11:09:52.928024+00:00,3,32942,80
2026-09-22T11:09:58.014552+00:00,0,32924,85
2026-09-22T11:09:58.014552+00:00,1,32996,82
2026-09-22T11:09:58.014552+00:00,2,33044,74
2026-09-22T11:09:58.014552+00:00,3,32942,78
2026-09-22T11:10:03.084430+00:00,0,32924,79
2026-09-22T11:10:03.084430+00:00,1,32996,82
2026-09-22T11:10:03.084430+00:00,2,33044,81
2026-09-22T11:10:03.084430+00:00,3,32942,81
2026-09-22T11:10:08.152013+00:00,0,32924,81
2026-09-22T11:10:08.152013+00:00,1,32996,78
2026-09-22T11:10:08.152013+00:00,2,33044,77
2026-09-22T11:10:08.152013+00:00,3,32942,83
2026-09-22T11:10:13.217311+00:00,0,32924,80
2026-09-22T11:10:13.217311+00:00,1,32996,86
2026-09-22T11:10:13.217311+00:00,2,33044,84
2026-09-22T11:10:13.217311+00:00,3,32942,80
2026-09-22T11:10:18.279417+00:00,0,32924,85
2026-09-22T11:10:18.279417+00:00,1,32996,80
2026-09-22T11:10:18.279417+00:00,2,33044,82
2026-09-22T11:10:18.279417+00:00,3,32942,86
2026-09-22T11:10:23.353194+00:00,0,32924,83
2026-09-22T11:10:23.353194+00:00,1,32996,84
2026-09-22T11:10:23.353194+00:00,2,33044,81
2026-09-22T11:10:23.353194+00:00,3,32942,84
2026-09-22T11:10:28.437210+00:00,0,32924,82
2026-09-22T11:10:28.437210+00:00,1,32996,84
2026-09-22T11:10:28.437210+00:00,2,33044,79
2026-09-22T11:10:28.437210+00:00,3,32942,82
2026-09-22T11:10:33.517013+00:00,0,32924,80
2026-09-22T11:10:33.517013+00:00,1,32996,81
2026-09-22T11:10:33.517013+00:00,2,33044,85
2026-09-22T11:10:33.517013+00:00,3,32942,81
2026-09-22T11:10:38.586272+00:00,0,32924,77
2026-09-22T11:10:38.586272+00:00,1,32996,84
2026-09-22T11:10:38.586272+00:00,2,33044,84
2026-09-22T11:10:38.586272+00:00,3,32942,81
2026-09-22T11:10:43.646918+00:00,0,32924,84
2026-09-22T11:10:43.646918+00:00,1,32996,84
2026-09-22T11:10:43.646918+00:00,2,33044,83
2026-09-22T11:10:43.646918+00:00,3,32942,81
2026-09-22T11:10:48.722370+00:00,0,32924,79
2026-09-22T11:10:48.722370+00:00,1,32996,81
2026-09-22T11:10:48.722370+00:00,2,33044,78
2026-09-22T11:10:48.722370+00:00,3,32942,81
2026-09-22T11:10:53.809011+00:00,0,32924,80
2026-09-22T11:10:53.809011+00:00,1,32996,81
2026-09-22T11:10:53.809011+00:00,2,33044,78
2026-09-22T11:10:53.809011+00:00,3,32942,81
2026-09-22T11:10:58.901443+00:00,0,32924,79
2026-09-22T11:10:58.901443+00:00,1,32996,83
2026-09-22T11:10:58.901443+00:00,2,33044,84
2026-09-22T11:10:58.901443+00:00,3,32942,87
2026-09-22T11:11:03.974927+00:00,0,32924,86
2026-09-22T11:11:03.974927+00:00,1,32996,82
2026-09-22T11:11:03.974927+00:00,2,33044,75
2026-09-22T11:11:03.974927+00:00,3,32942,81
2026-09-22T11:11:09.061306+00:00,0,32924,78
2026-09-22T11:11:09.061306+00:00,1,32996,82
2026-09-22T11:11:09.061306+00:00,2,33044,82
2026-09-22T11:11:09.061306+00:00,3,32942,85
2026-09-22T11:11:14.148033+00:00,0,32924,82
2026-09-22T11:11:14.148033+00:00,1,32996,79
2026-09-22T11:11:14.148033+00:00,2,33044,86
2026-09-22T11:11:14.148033+00:00,3,32942,88
2026-09-22T11:11:19.217465+00:00,0,32924,81
2026-09-22T11:11:19.217465+00:00,1,32996,83
2026-09-22T11:11:19.217465+00:00,2,33044,85
2026-09-22T11:11:19.217465+00:00,3,32942,82
2026-09-22T11:11:24.291512+00:00,0,32924,84
2026-09-22T11:11:24.291512+00:00,1,32996,89
2026-09-22T11:11:24.291512+00:00,2,33044,88
2026-09-22T11:11:24.291512+00:00,3,32942,84
2026-09-22T11:11:29.362187+00:00,0,32924,88
2026-09-22T11:11:29.362187+00:00,1,32996,82
2026-09-22T11:11:29.362187+00:00,2,33044,86
2026-09-22T11:11:29.362187+00:00,3,32942,84
2026-09-22T11:11:34.439422+00:00,0,32924,85
2026-09-22T11:11:34.439422+00:00,1,32996,84
2026-09-22T11:11:34.439422+00:00,2,33044,84
2026-09-22T11:11:34.439422+00:00,3,32942,87
2026-09-22T11:11:39.511088+00:00,0,32924,84
2026-09-22T11:11:39.511088+00:00,1,32996,85
2026-09-22T11:11:39.511088+00:00,2,33044,82
2026-09-22T11:11:39.511088+00:00,3,32942,83
2026-09-22T11:11:44.600381+00:00,0,32924,83
2026-09-22T11:11:44.600381+00:00,1,32996,86
2026-09-22T11:11:44.600381+00:00,2,33044,83
2026-09-22T11:11:44.600381+00:00,3,32942,85
2026-09-22T11:11:49.687197+00:00,0,32924,85
2026-09-22T11:11:49.687197+00:00,1,32996,86
2026-09-22T11:11:49.687197+00:00,2,33044,90
2026-09-22T11:11:49.687197+00:00,3,32942,83
2026-09-22T11:11:54.764390+00:00,0,32924,83
2026-09-22T11:11:54.764390+00:00,1,32996,91
2026-09-22T11:11:54.764390+00:00,2,33044,84
2026-09-22T11:11:54.764390+00:00,3,32942,85
2026-09-22T11:11:59.836799+00:00,0,32924,86
2026-09-22T11:11:59.836799+00:00,1,32996,86
2026-09-22T11:11:59.836799+00:00,2,33044,87
2026-09-22T11:11:59.836799+00:00,3,32942,84
2026-09-22T11:12:04.912525+00:00,0,32924,85
2026-09-22T11:12:04.912525+00:00,1,32996,83
2026-09-22T11:12:04.912525+00:00,2,33044,87
2026-09-22T11:12:04.912525+00:00,3,32942,86
2026-09-22T11:12:09.985883+00:00,0,32924,83
2026-09-22T11:12:09.985883+00:00,1,32996,85
2026-09-22T11:12:09.985883+00:00,2,33044,85
2026-09-22T11:12:09.985883+00:00,3,32942,84
2026-09-22T11:12:15.052820+00:00,0,32924,84
2026-09-22T11:12:15.052820+00:00,1,32996,84
2026-09-22T11:12:15.052820+00:00,2,33044,87
2026-09-22T11:12:15.052820+00:00,3,32942,85
2026-09-22T11:12:20.127955+00:00,0,32924,83
2026-09-22T11:12:20.127955+00:00,1,32996,85
2026-09-22T11:12:20.127955+00:00,2,33044,83
2026-09-22T11:12:20.127955+00:00,3,32942,85
2026-09-22T11:12:25.198919+00:00,0,32924,87
2026-09-22T11:12:25.198919+00:00,1,32996,82
2026-09-22T11:12:25.198919+00:00,2,33044,88
2026-09-22T11:12:25.198919+00:00,3,32942,84
2026-09-22T11:12:30.273036+00:00,0,32924,85
2026-09-22T11:12:30.273036+00:00,1,32996,85
2026-09-22T11:12:30.273036+00:00,2,33044,83
2026-09-22T11:12:30.273036+00:00,3,32942,87
2026-09-22T11:12:35.347300+00:00,0,32924,84
2026-09-22T11:12:35.347300+00:00,1,32996,80
2026-09-22T11:12:35.347300+00:00,2,33044,84
2026-09-22T11:12:35.347300+00:00,3,32942,88
2026-09-22T11:12:40.422008+00:00,0,32924,85
2026-09-22T11:12:40.422008+00:00,1,32996,88
2026-09-22T11:12:40.422008+00:00,2,33044,87
2026-09-22T11:12:40.422008+00:00,3,32942,86
2026-09-22T11:12:45.497048+00:00,0,32924,89
2026-09-22T11:12:45.497048+00:00,1,32996,83
2026-09-22T11:12:45.497048+00:00,2,33044,90
2026-09-22T11:12:45.497048+00:00,3,32942,86
2026-09-22T11:12:50.564249+00:00,0,32924,87
2026-09-22T11:12:50.564249+00:00,1,32996,85
2026-09-22T11:12:50.564249+00:00,2,33044,91
2026-09-22T11:12:50.564249+00:00,3,32942,87
2026-09-22T11:12:55.638417+00:00,0,32924,84
2026-09-22T11:12:55.638417+00:00,1,32996,0
2026-09-22T11:12:55.638417+00:00,2,33044,88
2026-09-22T11:12:55.638417+00:00,3,32942,82
2026-09-22T11:13:00.706218+00:00,0,32924,0
2026-09-22T11:13:00.706218+00:00,1,32996,0
2026-09-22T11:13:00.706218+00:00,2,33044,0
2026-09-22T11:13:00.706218+00:00,3,32942,80
2026-09-22T11:13:05.769332+00:00,0,5386,23
2026-09-22T11:13:05.769332+00:00,1,5366,6
2026-09-22T11:13:05.769332+00:00,2,5366,17
2026-09-22T11:13:05.769332+00:00,3,5386,90
2026-09-22T11:13:10.836790+00:00,0,8450,97
2026-09-22T11:13:10.836790+00:00,1,7790,95
2026-09-22T11:13:10.836790+00:00,2,8450,97
2026-09-22T11:13:10.836790+00:00,3,8450,99
2026-09-22T11:13:15.903264+00:00,0,8814,97
2026-09-22T11:13:15.903264+00:00,1,8154,97
2026-09-22T11:13:15.903264+00:00,2,8814,97
2026-09-22T11:13:15.903264+00:00,3,8814,99
2026-09-22T11:13:20.970242+00:00,0,9160,99
2026-09-22T11:13:20.970242+00:00,1,8500,99
2026-09-22T11:13:20.970242+00:00,2,9160,99
2026-09-22T11:13:20.970242+00:00,3,9160,99
2026-09-22T11:13:26.036425+00:00,0,9444,99
2026-09-22T11:13:26.036425+00:00,1,8824,99
2026-09-22T11:13:26.036425+00:00,2,9404,99
2026-09-22T11:13:26.036425+00:00,3,9424,99
2026-09-22T11:13:31.104497+00:00,0,9628,99
2026-09-22T11:13:31.104497+00:00,1,9008,99
2026-09-22T11:13:31.104497+00:00,2,9608,99
2026-09-22T11:13:31.104497+00:00,3,9628,99
2026-09-22T11:13:36.171802+00:00,0,9652,98
2026-09-22T11:13:36.171802+00:00,1,9032,99
2026-09-22T11:13:36.171802+00:00,2,9652,99
2026-09-22T11:13:36.171802+00:00,3,9672,97
2026-09-22T11:13:41.237841+00:00,0,9656,99
2026-09-22T11:13:41.237841+00:00,1,9038,100
2026-09-22T11:13:41.237841+00:00,2,9656,96
2026-09-22T11:13:41.237841+00:00,3,9676,99
2026-09-22T11:13:46.305318+00:00,0,9662,99
2026-09-22T11:13:46.305318+00:00,1,9042,97
2026-09-22T11:13:46.305318+00:00,2,9660,99
2026-09-22T11:13:46.305318+00:00,3,9680,99
2026-09-22T11:13:51.373324+00:00,0,9666,99
2026-09-22T11:13:51.373324+00:00,1,9046,99
2026-09-22T11:13:51.373324+00:00,2,9666,99
2026-09-22T11:13:51.373324+00:00,3,9686,99
2026-09-22T11:13:56.441569+00:00,0,9670,97
2026-09-22T11:13:56.441569+00:00,1,9050,99
2026-09-22T11:13:56.441569+00:00,2,9670,99
2026-09-22T11:13:56.441569+00:00,3,9690,97
2026-09-22T11:14:01.508179+00:00,0,20070,99
2026-09-22T11:14:01.508179+00:00,1,19130,99
2026-09-22T11:14:01.508179+00:00,2,19910,97
2026-09-22T11:14:01.508179+00:00,3,18990,99
2026-09-22T11:14:06.571047+00:00,0,20078,98
2026-09-22T11:14:06.571047+00:00,1,20138,99
2026-09-22T11:14:06.571047+00:00,2,19918,99
2026-09-22T11:14:06.571047+00:00,3,19138,97
2026-09-22T11:14:11.641392+00:00,0,21160,97
2026-09-22T11:14:11.641392+00:00,1,20840,99
2026-09-22T11:14:11.641392+00:00,2,21500,99
2026-09-22T11:14:11.641392+00:00,3,21700,96
2026-09-22T11:14:16.704467+00:00,0,21924,97
2026-09-22T11:14:16.704467+00:00,1,22744,99
2026-09-22T11:14:16.704467+00:00,2,22364,99
2026-09-22T11:14:16.704467+00:00,3,22664,98
2026-09-22T11:14:21.775950+00:00,0,21924,97
2026-09-22T11:14:21.775950+00:00,1,22746,99
2026-09-22T11:14:21.775950+00:00,2,22366,99
2026-09-22T11:14:21.775950+00:00,3,22666,98
2026-09-22T11:14:26.845711+00:00,0,21926,97
2026-09-22T11:14:26.845711+00:00,1,22746,97
2026-09-22T11:14:26.845711+00:00,2,22366,98
2026-09-22T11:14:26.845711+00:00,3,22668,97
2026-09-22T11:14:31.915670+00:00,0,21934,100
2026-09-22T11:14:31.915670+00:00,1,22754,99
2026-09-22T11:14:31.915670+00:00,2,22374,86
2026-09-22T11:14:31.915670+00:00,3,22674,94
2026-09-22T11:14:36.985173+00:00,0,21934,95
2026-09-22T11:14:36.985173+00:00,1,22754,96
2026-09-22T11:14:36.985173+00:00,2,22374,98
2026-09-22T11:14:36.985173+00:00,3,22674,95
2026-09-22T11:14:42.044467+00:00,0,25134,100
2026-09-22T11:14:42.044467+00:00,1,25174,100
2026-09-22T11:14:42.044467+00:00,2,25194,99
2026-09-22T11:14:42.044467+00:00,3,25334,99
2026-09-22T11:14:47.115198+00:00,0,25714,100
2026-09-22T11:14:47.115198+00:00,1,25694,99
2026-09-22T11:14:47.115198+00:00,2,25654,99
2026-09-22T11:14:47.115198+00:00,3,25754,99
2026-09-22T11:14:52.183725+00:00,0,25774,99
2026-09-22T11:14:52.183725+00:00,1,25714,100
2026-09-22T11:14:52.183725+00:00,2,25694,99
2026-09-22T11:14:52.183725+00:00,3,25814,100
2026-09-22T11:14:57.262996+00:00,0,25794,99
2026-09-22T11:14:57.262996+00:00,1,25754,99
2026-09-22T11:14:57.262996+00:00,2,25694,98
2026-09-22T11:14:57.262996+00:00,3,25814,98
2026-09-22T11:15:02.327590+00:00,0,25794,99
2026-09-22T11:15:02.327590+00:00,1,25754,99
2026-09-22T11:15:02.327590+00:00,2,25754,99
2026-09-22T11:15:02.327590+00:00,3,25814,100
2026-09-22T11:15:07.397469+00:00,0,25794,99
2026-09-22T11:15:07.397469+00:00,1,25754,99
2026-09-22T11:15:07.397469+00:00,2,25754,99
2026-09-22T11:15:07.397469+00:00,3,25814,99
2026-09-22T11:15:12.491594+00:00,0,25794,94
2026-09-22T11:15:12.491594+00:00,1,25754,94
2026-09-22T11:15:12.491594+00:00,2,25754,92
2026-09-22T11:15:12.491594+00:00,3,25814,91
2026-09-22T11:15:17.582050+00:00,0,25794,100
2026-09-22T11:15:17.582050+00:00,1,25754,96
2026-09-22T11:15:17.582050+00:00,2,25754,96
2026-09-22T11:15:17.582050+00:00,3,25814,99
2026-09-22T11:15:22.654461+00:00,0,25794,100
2026-09-22T11:15:22.654461+00:00,1,25754,100
2026-09-22T11:15:22.654461+00:00,2,25754,99
2026-09-22T11:15:22.654461+00:00,3,25814,85
2026-09-22T11:15:27.726288+00:00,0,25794,91
2026-09-22T11:15:27.726288+00:00,1,25754,99
2026-09-22T11:15:27.726288+00:00,2,25754,92
2026-09-22T11:15:27.726288+00:00,3,25814,94
2026-09-22T11:15:32.798858+00:00,0,25794,93
2026-09-22T11:15:32.798858+00:00,1,25754,99
2026-09-22T11:15:32.798858+00:00,2,25754,97
2026-09-22T11:15:32.798858+00:00,3,25814,94
2026-09-22T11:15:37.861582+00:00,0,25794,99
2026-09-22T11:15:37.861582+00:00,1,25754,98
2026-09-22T11:15:37.861582+00:00,2,25754,99
2026-09-22T11:15:37.861582+00:00,3,25814,99
2026-09-22T11:15:42.934724+00:00,0,25794,99
2026-09-22T11:15:42.934724+00:00,1,25754,100
2026-09-22T11:15:42.934724+00:00,2,25774,100
2026-09-22T11:15:42.934724+00:00,3,25814,99
2026-09-22T11:15:48.010238+00:00,0,25794,98
2026-09-22T11:15:48.010238+00:00,1,25754,98
2026-09-22T11:15:48.010238+00:00,2,25774,99
2026-09-22T11:15:48.010238+00:00,3,25814,99
2026-09-22T11:15:53.074482+00:00,0,25794,99
2026-09-22T11:15:53.074482+00:00,1,25774,99
2026-09-22T11:15:53.074482+00:00,2,25774,99
2026-09-22T11:15:53.074482+00:00,3,25834,100
2026-09-22T11:15:58.149950+00:00,0,25794,99
2026-09-22T11:15:58.149950+00:00,1,25774,99
2026-09-22T11:15:58.149950+00:00,2,25774,99
2026-09-22T11:15:58.149950+00:00,3,25834,100
2026-09-22T11:16:03.225448+00:00,0,25794,98
2026-09-22T11:16:03.225448+00:00,1,25774,99
2026-09-22T11:16:03.225448+00:00,2,25774,99
2026-09-22T11:16:03.225448+00:00,3,25834,98
2026-09-22T11:16:08.290317+00:00,0,25794,99
2026-09-22T11:16:08.290317+00:00,1,25774,90
2026-09-22T11:16:08.290317+00:00,2,25774,99
2026-09-22T11:16:08.290317+00:00,3,25834,93
2026-09-22T11:16:13.363958+00:00,0,25794,93
2026-09-22T11:16:13.363958+00:00,1,25774,99
2026-09-22T11:16:13.363958+00:00,2,25774,91
2026-09-22T11:16:13.363958+00:00,3,25834,95
2026-09-22T11:16:18.431509+00:00,0,25794,84
2026-09-22T11:16:18.431509+00:00,1,25774,93
2026-09-22T11:16:18.431509+00:00,2,25774,90
2026-09-22T11:16:18.431509+00:00,3,25834,86
2026-09-22T11:16:23.501414+00:00,0,25794,99
2026-09-22T11:16:23.501414+00:00,1,25774,99
2026-09-22T11:16:23.501414+00:00,2,25774,97
2026-09-22T11:16:23.501414+00:00,3,25834,97
2026-09-22T11:16:28.569528+00:00,0,25794,97
2026-09-22T11:16:28.569528+00:00,1,25774,99
2026-09-22T11:16:28.569528+00:00,2,25774,97
2026-09-22T11:16:28.569528+00:00,3,25834,98
2026-09-22T11:16:33.631450+00:00,0,25794,98
2026-09-22T11:16:33.631450+00:00,1,25774,97
2026-09-22T11:16:33.631450+00:00,2,25774,97
2026-09-22T11:16:33.631450+00:00,3,25834,99
2026-09-22T11:16:38.694115+00:00,0,25794,97
2026-09-22T11:16:38.694115+00:00,1,25774,97
2026-09-22T11:16:38.694115+00:00,2,25774,99
2026-09-22T11:16:38.694115+00:00,3,25834,99
2026-09-22T11:16:43.764388+00:00,0,25794,97
2026-09-22T11:16:43.764388+00:00,1,25774,98
2026-09-22T11:16:43.764388+00:00,2,25774,90
2026-09-22T11:16:43.764388+00:00,3,25834,98
2026-09-22T11:16:48.833942+00:00,0,1596,59
2026-09-22T11:16:48.833942+00:00,1,1596,40
2026-09-22T11:16:48.833942+00:00,2,1576,83
2026-09-22T11:16:48.833942+00:00,3,1596,84
2026-09-22T11:16:53.891267+00:00,0,10096,6
2026-09-22T11:16:53.891267+00:00,1,10096,6
2026-09-22T11:16:53.891267+00:00,2,10076,7
2026-09-22T11:16:53.891267+00:00,3,10096,6
2026-09-22T11:16:58.951388+00:00,0,11426,7
2026-09-22T11:16:58.951388+00:00,1,11406,100
2026-09-22T11:16:58.951388+00:00,2,11262,7
2026-09-22T11:16:58.951388+00:00,3,11426,100
2026-09-22T11:17:04.011935+00:00,0,11946,35
2026-09-22T11:17:04.011935+00:00,1,11906,33
2026-09-22T11:17:04.011935+00:00,2,11946,38
2026-09-22T11:17:04.011935+00:00,3,12226,39
2026-09-22T11:17:09.076867+00:00,0,32310,72
2026-09-22T11:17:09.076867+00:00,1,32430,70
2026-09-22T11:17:09.076867+00:00,2,32278,36
2026-09-22T11:17:09.076867+00:00,3,32368,60
2026-09-22T11:17:14.133641+00:00,0,32906,63
2026-09-22T11:17:14.133641+00:00,1,33130,63
2026-09-22T11:17:14.133641+00:00,2,32986,62
2026-09-22T11:17:14.133641+00:00,3,32778,65
2026-09-22T11:17:19.196167+00:00,0,32906,77
2026-09-22T11:17:19.196167+00:00,1,33130,67
2026-09-22T11:17:19.196167+00:00,2,32986,69
2026-09-22T11:17:19.196167+00:00,3,32778,64
2026-09-22T11:17:24.262418+00:00,0,32906,73
2026-09-22T11:17:24.262418+00:00,1,33130,68
2026-09-22T11:17:24.262418+00:00,2,32986,72
2026-09-22T11:17:24.262418+00:00,3,32778,69
2026-09-22T11:17:29.330693+00:00,0,32906,67
2026-09-22T11:17:29.330693+00:00,1,33130,67
2026-09-22T11:17:29.330693+00:00,2,32986,71
2026-09-22T11:17:29.330693+00:00,3,32778,73
2026-09-22T11:17:34.399594+00:00,0,32906,70
2026-09-22T11:17:34.399594+00:00,1,33130,74
2026-09-22T11:17:34.399594+00:00,2,32986,70
2026-09-22T11:17:34.399594+00:00,3,32778,76
2026-09-22T11:17:39.468682+00:00,0,32906,70
2026-09-22T11:17:39.468682+00:00,1,33130,70
2026-09-22T11:17:39.468682+00:00,2,32986,75
2026-09-22T11:17:39.468682+00:00,3,32778,72
2026-09-22T11:17:44.537320+00:00,0,32906,69
2026-09-22T11:17:44.537320+00:00,1,33130,73
2026-09-22T11:17:44.537320+00:00,2,32986,74
2026-09-22T11:17:44.537320+00:00,3,32778,69
2026-09-22T11:17:49.606771+00:00,0,32906,74
2026-09-22T11:17:49.606771+00:00,1,33130,76
2026-09-22T11:17:49.606771+00:00,2,32986,78
2026-09-22T11:17:49.606771+00:00,3,32778,76
2026-09-22T11:17:54.676474+00:00,0,32906,74
2026-09-22T11:17:54.676474+00:00,1,33130,77
2026-09-22T11:17:54.676474+00:00,2,32986,78
2026-09-22T11:17:54.676474+00:00,3,32778,78
2026-09-22T11:17:59.747091+00:00,0,32906,77
2026-09-22T11:17:59.747091+00:00,1,33130,77
2026-09-22T11:17:59.747091+00:00,2,32986,83
2026-09-22T11:17:59.747091+00:00,3,32778,80
2026-09-22T11:18:04.814880+00:00,0,32906,74
2026-09-22T11:18:04.814880+00:00,1,33130,73
2026-09-22T11:18:04.814880+00:00,2,32986,79
2026-09-22T11:18:04.814880+00:00,3,32778,80
2026-09-22T11:18:09.884002+00:00,0,32906,74
2026-09-22T11:18:09.884002+00:00,1,33130,75
2026-09-22T11:18:09.884002+00:00,2,32986,72
2026-09-22T11:18:09.884002+00:00,3,32778,81
2026-09-22T11:18:14.952587+00:00,0,32906,79
2026-09-22T11:18:14.952587+00:00,1,33130,72
2026-09-22T11:18:14.952587+00:00,2,32986,70
2026-09-22T11:18:14.952587+00:00,3,32778,77
2026-09-22T11:18:20.032418+00:00,0,32906,79
2026-09-22T11:18:20.032418+00:00,1,33130,77
2026-09-22T11:18:20.032418+00:00,2,32986,76
2026-09-22T11:18:20.032418+00:00,3,32778,80
2026-09-22T11:18:25.104654+00:00,0,32906,79
2026-09-22T11:18:25.104654+00:00,1,33130,81
2026-09-22T11:18:25.104654+00:00,2,32986,73
2026-09-22T11:18:25.104654+00:00,3,32778,79
2026-09-22T11:18:30.177991+00:00,0,32906,80
2026-09-22T11:18:30.177991+00:00,1,33130,74
2026-09-22T11:18:30.177991+00:00,2,32986,80
2026-09-22T11:18:30.177991+00:00,3,32778,76
2026-09-22T11:18:35.259192+00:00,0,32906,81
2026-09-22T11:18:35.259192+00:00,1,33130,77
2026-09-22T11:18:35.259192+00:00,2,32986,74
2026-09-22T11:18:35.259192+00:00,3,32778,78
2026-09-22T11:18:40.346691+00:00,0,32906,77
2026-09-22T11:18:40.346691+00:00,1,33130,74
2026-09-22T11:18:40.346691+00:00,2,32986,80
2026-09-22T11:18:40.346691+00:00,3,32778,80
2026-09-22T11:18:45.431743+00:00,0,32906,83
2026-09-22T11:18:45.431743+00:00,1,33130,77
2026-09-22T11:18:45.431743+00:00,2,32986,77
2026-09-22T11:18:45.431743+00:00,3,32778,81
2026-09-22T11:18:50.514400+00:00,0,32906,86
2026-09-22T11:18:50.514400+00:00,1,33130,83
2026-09-22T11:18:50.514400+00:00,2,32986,75
2026-09-22T11:18:50.514400+00:00,3,32778,81
2026-09-22T11:18:55.603783+00:00,0,32906,78
2026-09-22T11:18:55.603783+00:00,1,33130,81
2026-09-22T11:18:55.603783+00:00,2,32986,77
2026-09-22T11:18:55.603783+00:00,3,32778,77
2026-09-22T11:19:00.686571+00:00,0,32906,82
2026-09-22T11:19:00.686571+00:00,1,33130,80
2026-09-22T11:19:00.686571+00:00,2,32986,78
2026-09-22T11:19:00.686571+00:00,3,32778,80
2026-09-22T11:19:05.778567+00:00,0,32906,80
2026-09-22T11:19:05.778567+00:00,1,33130,77
2026-09-22T11:19:05.778567+00:00,2,32986,78
2026-09-22T11:19:05.778567+00:00,3,32778,77
2026-09-22T11:19:10.861613+00:00,0,32906,79
2026-09-22T11:19:10.861613+00:00,1,33130,82
2026-09-22T11:19:10.861613+00:00,2,32986,78
2026-09-22T11:19:10.861613+00:00,3,32778,82
2026-09-22T11:19:15.950081+00:00,0,32906,86
2026-09-22T11:19:15.950081+00:00,1,33130,81
2026-09-22T11:19:15.950081+00:00,2,32986,82
2026-09-22T11:19:15.950081+00:00,3,32778,84
2026-09-22T11:19:21.021958+00:00,0,32906,79
2026-09-22T11:19:21.021958+00:00,1,33130,82
2026-09-22T11:19:21.021958+00:00,2,32986,80
2026-09-22T11:19:21.021958+00:00,3,32778,82
2026-09-22T11:19:26.096490+00:00,0,32906,82
2026-09-22T11:19:26.096490+00:00,1,33130,88
2026-09-22T11:19:26.096490+00:00,2,32986,79
2026-09-22T11:19:26.096490+00:00,3,32778,81
2026-09-22T11:19:31.167604+00:00,0,32906,88
2026-09-22T11:19:31.167604+00:00,1,33130,88
2026-09-22T11:19:31.167604+00:00,2,32986,87
2026-09-22T11:19:31.167604+00:00,3,32778,82
2026-09-22T11:19:36.242779+00:00,0,32906,85
2026-09-22T11:19:36.242779+00:00,1,33130,81
2026-09-22T11:19:36.242779+00:00,2,32986,86
2026-09-22T11:19:36.242779+00:00,3,32778,84
2026-09-22T11:19:41.323927+00:00,0,32906,89
2026-09-22T11:19:41.323927+00:00,1,33130,84
2026-09-22T11:19:41.323927+00:00,2,32986,84
2026-09-22T11:19:41.323927+00:00,3,32778,86
2026-09-22T11:19:46.400733+00:00,0,32906,84
2026-09-22T11:19:46.400733+00:00,1,33130,84
2026-09-22T11:19:46.400733+00:00,2,32986,81
2026-09-22T11:19:46.400733+00:00,3,32778,82
2026-09-22T11:19:51.475039+00:00,0,32906,81
2026-09-22T11:19:51.475039+00:00,1,33130,87
2026-09-22T11:19:51.475039+00:00,2,32986,80
2026-09-22T11:19:51.475039+00:00,3,32778,82
2026-09-22T11:19:56.560817+00:00,0,32906,88
2026-09-22T11:19:56.560817+00:00,1,33130,84
2026-09-22T11:19:56.560817+00:00,2,32986,86
2026-09-22T11:19:56.560817+00:00,3,32778,85
2026-09-22T11:20:01.637357+00:00,0,32906,88
2026-09-22T11:20:01.637357+00:00,1,33130,82
2026-09-22T11:20:01.637357+00:00,2,32986,89
2026-09-22T11:20:01.637357+00:00,3,32778,83
2026-09-22T11:20:06.703447+00:00,0,32906,85
2026-09-22T11:20:06.703447+00:00,1,33130,81
2026-09-22T11:20:06.703447+00:00,2,32986,87
2026-09-22T11:20:06.703447+00:00,3,32778,81
2026-09-22T11:20:11.777938+00:00,0,32906,81
2026-09-22T11:20:11.777938+00:00,1,33130,88
2026-09-22T11:20:11.777938+00:00,2,32986,83
2026-09-22T11:20:11.777938+00:00,3,32778,82
2026-09-22T11:20:16.844069+00:00,0,32906,90
2026-09-22T11:20:16.844069+00:00,1,33130,86
2026-09-22T11:20:16.844069+00:00,2,32986,81
2026-09-22T11:20:16.844069+00:00,3,32778,87
2026-09-22T11:20:21.917234+00:00,0,32906,86
2026-09-22T11:20:21.917234+00:00,1,33130,90
2026-09-22T11:20:21.917234+00:00,2,32986,86
2026-09-22T11:20:21.917234+00:00,3,32778,87
2026-09-22T11:20:26.989907+00:00,0,32906,88
2026-09-22T11:20:26.989907+00:00,1,33130,89
2026-09-22T11:20:26.989907+00:00,2,32986,88
2026-09-22T11:20:26.989907+00:00,3,32778,86
2026-09-22T11:20:32.062557+00:00,0,32906,86
2026-09-22T11:20:32.062557+00:00,1,33130,85
2026-09-22T11:20:32.062557+00:00,2,32986,90
2026-09-22T11:20:32.062557+00:00,3,32778,84
2026-09-22T11:20:37.134193+00:00,0,32906,82
2026-09-22T11:20:37.134193+00:00,1,33130,82
2026-09-22T11:20:37.134193+00:00,2,32986,88
2026-09-22T11:20:37.134193+00:00,3,32778,83
2026-09-22T11:20:42.220172+00:00,0,32906,87
2026-09-22T11:20:42.220172+00:00,1,33130,90
2026-09-22T11:20:42.220172+00:00,2,32986,84
2026-09-22T11:20:42.220172+00:00,3,32778,88
2026-09-22T11:20:47.295709+00:00,0,32906,89
2026-09-22T11:20:47.295709+00:00,1,33130,83
2026-09-22T11:20:47.295709+00:00,2,32986,90
2026-09-22T11:20:47.295709+00:00,3,32778,86
2026-09-22T11:20:52.366108+00:00,0,32906,88
2026-09-22T11:20:52.366108+00:00,1,33130,84
2026-09-22T11:20:52.366108+00:00,2,32986,89
2026-09-22T11:20:52.366108+00:00,3,32778,84
2026-09-22T11:20:57.445731+00:00,0,32906,85
2026-09-22T11:20:57.445731+00:00,1,33130,90
2026-09-22T11:20:57.445731+00:00,2,32986,85
2026-09-22T11:20:57.445731+00:00,3,32778,83
2026-09-22T11:21:02.519686+00:00,0,32906,86
2026-09-22T11:21:02.519686+00:00,1,33130,90
2026-09-22T11:21:02.519686+00:00,2,32986,85
2026-09-22T11:21:02.519686+00:00,3,32778,86
2026-09-22T11:21:07.602210+00:00,0,32906,85
2026-09-22T11:21:07.602210+00:00,1,33130,85
2026-09-22T11:21:07.602210+00:00,2,32986,83
2026-09-22T11:21:07.602210+00:00,3,32778,90
2026-09-22T11:21:12.715972+00:00,0,32906,85
2026-09-22T11:21:12.715972+00:00,1,33130,89
2026-09-22T11:21:12.715972+00:00,2,32986,88
2026-09-22T11:21:12.715972+00:00,3,32778,86
2026-09-22T11:21:17.812346+00:00,0,32906,89
2026-09-22T11:21:17.812346+00:00,1,33130,88
2026-09-22T11:21:17.812346+00:00,2,32986,87
2026-09-22T11:21:17.812346+00:00,3,32778,84
2026-09-22T11:21:22.884860+00:00,0,32906,86
2026-09-22T11:21:22.884860+00:00,1,33130,83
2026-09-22T11:21:22.884860+00:00,2,32986,85
2026-09-22T11:21:22.884860+00:00,3,32778,89
2026-09-22T11:21:27.959325+00:00,0,32906,86
2026-09-22T11:21:27.959325+00:00,1,33130,86
2026-09-22T11:21:27.959325+00:00,2,32986,86
2026-09-22T11:21:27.959325+00:00,3,32778,88
2026-09-22T11:21:33.038775+00:00,0,32906,82
2026-09-22T11:21:33.038775+00:00,1,33130,83
2026-09-22T11:21:33.038775+00:00,2,32986,84
2026-09-22T11:21:33.038775+00:00,3,32778,86
2026-09-22T11:21:38.131204+00:00,0,32906,90
2026-09-22T11:21:38.131204+00:00,1,33130,89
2026-09-22T11:21:38.131204+00:00,2,32986,93
2026-09-22T11:21:38.131204+00:00,3,32778,87
2026-09-22T11:21:43.207993+00:00,0,32906,86
2026-09-22T11:21:43.207993+00:00,1,33130,89
2026-09-22T11:21:43.207993+00:00,2,32986,89
2026-09-22T11:21:43.207993+00:00,3,32778,86
2026-09-22T11:21:48.281029+00:00,0,32906,91
2026-09-22T11:21:48.281029+00:00,1,33130,87
2026-09-22T11:21:48.281029+00:00,2,32986,92
2026-09-22T11:21:48.281029+00:00,3,32778,88
2026-09-22T11:21:53.356045+00:00,0,32906,82
2026-09-22T11:21:53.356045+00:00,1,33130,86
2026-09-22T11:21:53.356045+00:00,2,32986,92
2026-09-22T11:21:53.356045+00:00,3,32778,88
2026-09-22T11:21:58.428503+00:00,0,32908,0
2026-09-22T11:21:58.428503+00:00,1,33130,87
2026-09-22T11:21:58.428503+00:00,2,32986,0
2026-09-22T11:21:58.428503+00:00,3,32778,84
2026-09-22T11:22:03.487291+00:00,0,32908,0
2026-09-22T11:22:03.487291+00:00,1,33130,91
2026-09-22T11:22:03.487291+00:00,2,32986,0
2026-09-22T11:22:03.487291+00:00,3,32778,0
2026-09-22T11:22:08.552041+00:00,0,3356,87
2026-09-22T11:22:08.552041+00:00,1,2618,63
2026-09-22T11:22:08.552041+00:00,2,2474,78
2026-09-22T11:22:08.552041+00:00,3,2266,90
2026-09-22T11:22:13.626350+00:00,0,7788,96
2026-09-22T11:22:13.626350+00:00,1,7108,97
2026-09-22T11:22:13.626350+00:00,2,7788,93
2026-09-22T11:22:13.626350+00:00,3,7788,94
2026-09-22T11:22:18.695098+00:00,0,8352,98
2026-09-22T11:22:18.695098+00:00,1,7752,93
2026-09-22T11:22:18.695098+00:00,2,8332,97
2026-09-22T11:22:18.695098+00:00,3,8412,99
2026-09-22T11:22:23.762908+00:00,0,9056,99
2026-09-22T11:22:23.762908+00:00,1,8416,99
2026-09-22T11:22:23.762908+00:00,2,9036,99
2026-09-22T11:22:23.762908+00:00,3,9056,99
2026-09-22T11:22:28.828818+00:00,0,9400,99
2026-09-22T11:22:28.828818+00:00,1,8780,99
2026-09-22T11:22:28.828818+00:00,2,9440,99
2026-09-22T11:22:28.828818+00:00,3,9420,99
2026-09-22T11:22:33.895460+00:00,0,9764,99
2026-09-22T11:22:33.895460+00:00,1,9184,99
2026-09-22T11:22:33.895460+00:00,2,9764,99
2026-09-22T11:22:33.895460+00:00,3,9764,99
2026-09-22T11:22:38.963757+00:00,0,10048,99
2026-09-22T11:22:38.963757+00:00,1,9448,99
2026-09-22T11:22:38.963757+00:00,2,10028,98
2026-09-22T11:22:38.963757+00:00,3,10028,99
2026-09-22T11:22:44.032971+00:00,0,10152,100
2026-09-22T11:22:44.032971+00:00,1,9552,99
2026-09-22T11:22:44.032971+00:00,2,10132,99
2026-09-22T11:22:44.032971+00:00,3,10092,99
2026-09-22T11:22:49.104070+00:00,0,10156,99
2026-09-22T11:22:49.104070+00:00,1,9556,99
2026-09-22T11:22:49.104070+00:00,2,10136,99
2026-09-22T11:22:49.104070+00:00,3,10096,99
2026-09-22T11:22:54.170671+00:00,0,10160,99
2026-09-22T11:22:54.170671+00:00,1,9560,99
2026-09-22T11:22:54.170671+00:00,2,10140,99
2026-09-22T11:22:54.170671+00:00,3,10100,99
2026-09-22T11:22:59.229229+00:00,0,10164,99
2026-09-22T11:22:59.229229+00:00,1,9564,99
2026-09-22T11:22:59.229229+00:00,2,10144,99
2026-09-22T11:22:59.229229+00:00,3,10104,99
2026-09-22T11:23:04.295484+00:00,0,10168,97
2026-09-22T11:23:04.295484+00:00,1,9568,99
2026-09-22T11:23:04.295484+00:00,2,10148,99
2026-09-22T11:23:04.295484+00:00,3,10108,99
2026-09-22T11:23:09.361637+00:00,0,1576,90
2026-09-22T11:23:09.361637+00:00,1,1616,82
2026-09-22T11:23:09.361637+00:00,2,1596,87
2026-09-22T11:23:09.361637+00:00,3,1576,87
2026-09-22T11:23:14.418194+00:00,0,18656,90
2026-09-22T11:23:14.418194+00:00,1,18536,99
2026-09-22T11:23:14.418194+00:00,2,18476,71
2026-09-22T11:23:14.418194+00:00,3,18456,99
2026-09-22T11:23:19.480869+00:00,0,19878,98
2026-09-22T11:23:19.480869+00:00,1,20038,96
2026-09-22T11:23:19.480869+00:00,2,20058,99
2026-09-22T11:23:19.480869+00:00,3,19898,99
2026-09-22T11:23:24.549777+00:00,0,20060,98
2026-09-22T11:23:24.549777+00:00,1,20040,100
2026-09-22T11:23:24.549777+00:00,2,20100,98
2026-09-22T11:23:24.549777+00:00,3,20180,98
2026-09-22T11:23:29.620196+00:00,0,20182,95
2026-09-22T11:23:29.620196+00:00,1,20322,99
2026-09-22T11:23:29.620196+00:00,2,20362,96
2026-09-22T11:23:29.620196+00:00,3,20362,95
2026-09-22T11:23:34.691636+00:00,0,20184,95
2026-09-22T11:23:34.691636+00:00,1,20324,99
2026-09-22T11:23:34.691636+00:00,2,20364,95
2026-09-22T11:23:34.691636+00:00,3,20364,94
2026-09-22T11:23:39.752215+00:00,0,20184,95
2026-09-22T11:23:39.752215+00:00,1,20324,92
2026-09-22T11:23:39.752215+00:00,2,20364,96
2026-09-22T11:23:39.752215+00:00,3,20364,95
2026-09-22T11:23:44.815072+00:00,0,20186,97
2026-09-22T11:23:44.815072+00:00,1,20328,99
2026-09-22T11:23:44.815072+00:00,2,20366,97
2026-09-22T11:23:44.815072+00:00,3,20368,99
2026-09-22T11:23:49.887588+00:00,0,20194,100
2026-09-22T11:23:49.887588+00:00,1,20334,97
2026-09-22T11:23:49.887588+00:00,2,20374,84
2026-09-22T11:23:49.887588+00:00,3,20374,97
2026-09-22T11:23:54.949649+00:00,0,20194,93
2026-09-22T11:23:54.949649+00:00,1,20334,99
2026-09-22T11:23:54.949649+00:00,2,20374,93
2026-09-22T11:23:54.949649+00:00,3,20374,99
2026-09-22T11:24:00.021272+00:00,0,20194,99
2026-09-22T11:24:00.021272+00:00,1,20334,100
2026-09-22T11:24:00.021272+00:00,2,20374,86
2026-09-22T11:24:00.021272+00:00,3,20374,98
2026-09-22T11:24:05.091096+00:00,0,25814,99
2026-09-22T11:24:05.091096+00:00,1,25794,99
2026-09-22T11:24:05.091096+00:00,2,25814,99
2026-09-22T11:24:05.091096+00:00,3,25774,100
2026-09-22T11:24:10.165874+00:00,0,25834,99
2026-09-22T11:24:10.165874+00:00,1,25794,98
2026-09-22T11:24:10.165874+00:00,2,25814,87
2026-09-22T11:24:10.165874+00:00,3,25774,98
2026-09-22T11:24:15.241915+00:00,0,25834,99
2026-09-22T11:24:15.241915+00:00,1,25794,99
2026-09-22T11:24:15.241915+00:00,2,25814,99
2026-09-22T11:24:15.241915+00:00,3,25874,99
2026-09-22T11:24:20.313603+00:00,0,25834,99
2026-09-22T11:24:20.313603+00:00,1,25794,99
2026-09-22T11:24:20.313603+00:00,2,25814,99
2026-09-22T11:24:20.313603+00:00,3,25874,100
2026-09-22T11:24:25.389700+00:00,0,25834,99
2026-09-22T11:24:25.389700+00:00,1,25794,98
2026-09-22T11:24:25.389700+00:00,2,25814,97
2026-09-22T11:24:25.389700+00:00,3,25874,98
2026-09-22T11:24:30.454507+00:00,0,25834,99
2026-09-22T11:24:30.454507+00:00,1,25794,100
2026-09-22T11:24:30.454507+00:00,2,25814,99
2026-09-22T11:24:30.454507+00:00,3,25874,100
2026-09-22T11:24:35.531023+00:00,0,25834,95
2026-09-22T11:24:35.531023+00:00,1,25794,86
2026-09-22T11:24:35.531023+00:00,2,25814,90
2026-09-22T11:24:35.531023+00:00,3,25874,97
2026-09-22T11:24:40.602534+00:00,0,25834,100
2026-09-22T11:24:40.602534+00:00,1,25794,94
2026-09-22T11:24:40.602534+00:00,2,25814,93
2026-09-22T11:24:40.602534+00:00,3,25874,98
2026-09-22T11:24:45.665576+00:00,0,25834,100
2026-09-22T11:24:45.665576+00:00,1,25794,95
2026-09-22T11:24:45.665576+00:00,2,25814,99
2026-09-22T11:24:45.665576+00:00,3,25874,91
2026-09-22T11:24:50.735238+00:00,0,25834,92
2026-09-22T11:24:50.735238+00:00,1,25794,92
2026-09-22T11:24:50.735238+00:00,2,25814,90
2026-09-22T11:24:50.735238+00:00,3,25874,93
2026-09-22T11:24:55.806364+00:00,0,25834,100
2026-09-22T11:24:55.806364+00:00,1,25794,99
2026-09-22T11:24:55.806364+00:00,2,25814,99
2026-09-22T11:24:55.806364+00:00,3,25874,100
2026-09-22T11:25:00.888553+00:00,0,25834,98
2026-09-22T11:25:00.888553+00:00,1,25794,99
2026-09-22T11:25:00.888553+00:00,2,25814,99
2026-09-22T11:25:00.888553+00:00,3,25874,98
2026-09-22T11:25:05.952845+00:00,0,25834,99
2026-09-22T11:25:05.952845+00:00,1,25794,99
2026-09-22T11:25:05.952845+00:00,2,25814,99
2026-09-22T11:25:05.952845+00:00,3,25874,99
2026-09-22T11:25:11.026026+00:00,0,25834,91
2026-09-22T11:25:11.026026+00:00,1,25814,98
2026-09-22T11:25:11.026026+00:00,2,25814,99
2026-09-22T11:25:11.026026+00:00,3,25874,98
2026-09-22T11:25:16.100306+00:00,0,25834,99
2026-09-22T11:25:16.100306+00:00,1,25814,99
2026-09-22T11:25:16.100306+00:00,2,25814,99
2026-09-22T11:25:16.100306+00:00,3,25874,99
2026-09-22T11:25:21.171808+00:00,0,25834,99
2026-09-22T11:25:21.171808+00:00,1,25814,100
2026-09-22T11:25:21.171808+00:00,2,25814,100
2026-09-22T11:25:21.171808+00:00,3,25874,99
2026-09-22T11:25:26.244276+00:00,0,25834,95
2026-09-22T11:25:26.244276+00:00,1,25814,86
2026-09-22T11:25:26.244276+00:00,2,25814,95
2026-09-22T11:25:26.244276+00:00,3,25874,94
2026-09-22T11:25:31.317853+00:00,0,25834,98
2026-09-22T11:25:31.317853+00:00,1,25814,97
2026-09-22T11:25:31.317853+00:00,2,25814,97
2026-09-22T11:25:31.317853+00:00,3,25874,96
2026-09-22T11:25:36.389713+00:00,0,25834,93
2026-09-22T11:25:36.389713+00:00,1,25814,99
2026-09-22T11:25:36.389713+00:00,2,25814,93
2026-09-22T11:25:36.389713+00:00,3,25874,94
2026-09-22T11:25:41.459607+00:00,0,25834,99
2026-09-22T11:25:41.459607+00:00,1,25814,92
2026-09-22T11:25:41.459607+00:00,2,25814,99
2026-09-22T11:25:41.459607+00:00,3,25874,97
2026-09-22T11:25:46.531849+00:00,0,25834,95
2026-09-22T11:25:46.531849+00:00,1,25814,96
2026-09-22T11:25:46.531849+00:00,2,25814,95
2026-09-22T11:25:46.531849+00:00,3,25874,95
2026-09-22T11:25:51.604115+00:00,0,25834,95
2026-09-22T11:25:51.604115+00:00,1,25814,99
2026-09-22T11:25:51.604115+00:00,2,25814,95
2026-09-22T11:25:51.604115+00:00,3,25874,96
2026-09-22T11:25:56.667178+00:00,0,25834,97
2026-09-22T11:25:56.667178+00:00,1,25814,98
2026-09-22T11:25:56.667178+00:00,2,25814,98
2026-09-22T11:25:56.667178+00:00,3,25874,97
2026-09-22T11:26:01.740836+00:00,0,25834,99
2026-09-22T11:26:01.740836+00:00,1,25814,94
2026-09-22T11:26:01.740836+00:00,2,25814,99
2026-09-22T11:26:01.740836+00:00,3,25874,96
2026-09-22T11:26:06.812547+00:00,0,25834,99
2026-09-22T11:26:06.812547+00:00,1,25814,95
2026-09-22T11:26:06.812547+00:00,2,25814,95
2026-09-22T11:26:06.812547+00:00,3,25874,95
2026-09-22T11:26:11.882097+00:00,0,25834,95
2026-09-22T11:26:11.882097+00:00,1,25814,88
2026-09-22T11:26:11.882097+00:00,2,25814,100
2026-09-22T11:26:11.882097+00:00,3,25874,100
2026-09-22T11:26:16.954403+00:00,0,5602,100
2026-09-22T11:26:16.954403+00:00,1,5582,78
2026-09-22T11:26:16.954403+00:00,2,5582,100
2026-09-22T11:26:16.954403+00:00,3,5602,100
2026-09-22T11:26:22.022889+00:00,0,10096,7
2026-09-22T11:26:22.022889+00:00,1,10096,8
2026-09-22T11:26:22.022889+00:00,2,10076,7
2026-09-22T11:26:22.022889+00:00,3,10096,6
2026-09-22T11:26:27.082582+00:00,0,11426,23
2026-09-22T11:26:27.082582+00:00,1,11406,21
2026-09-22T11:26:27.082582+00:00,2,11406,33
2026-09-22T11:26:27.082582+00:00,3,11426,26
2026-09-22T11:26:32.142631+00:00,0,5208,86
2026-09-22T11:26:32.142631+00:00,1,5208,87
2026-09-22T11:26:32.142631+00:00,2,5188,0
2026-09-22T11:26:32.142631+00:00,3,5208,70
2026-09-22T11:26:37.201928+00:00,0,32990,63
2026-09-22T11:26:37.201928+00:00,1,33026,69
2026-09-22T11:26:37.201928+00:00,2,33044,61
2026-09-22T11:26:37.201928+00:00,3,32674,64
2026-09-22T11:26:42.266516+00:00,0,32990,60
2026-09-22T11:26:42.266516+00:00,1,33026,68
2026-09-22T11:26:42.266516+00:00,2,33044,60
2026-09-22T11:26:42.266516+00:00,3,32674,66
2026-09-22T11:26:47.321882+00:00,0,32990,66
2026-09-22T11:26:47.321882+00:00,1,33026,69
2026-09-22T11:26:47.321882+00:00,2,33044,71
2026-09-22T11:26:47.321882+00:00,3,32674,66
2026-09-22T11:26:52.393249+00:00,0,32990,73
2026-09-22T11:26:52.393249+00:00,1,33026,67
2026-09-22T11:26:52.393249+00:00,2,33044,74
2026-09-22T11:26:52.393249+00:00,3,32674,70
2026-09-22T11:26:57.461488+00:00,0,32990,74
2026-09-22T11:26:57.461488+00:00,1,33026,77
2026-09-22T11:26:57.461488+00:00,2,33044,73
2026-09-22T11:26:57.461488+00:00,3,32674,65
2026-09-22T11:27:02.529636+00:00,0,32990,74
2026-09-22T11:27:02.529636+00:00,1,33026,72
2026-09-22T11:27:02.529636+00:00,2,33044,70
2026-09-22T11:27:02.529636+00:00,3,32674,73
2026-09-22T11:27:07.599376+00:00,0,32990,74
2026-09-22T11:27:07.599376+00:00,1,33026,70
2026-09-22T11:27:07.599376+00:00,2,33044,71
2026-09-22T11:27:07.599376+00:00,3,32674,69
2026-09-22T11:27:12.671277+00:00,0,32990,73
2026-09-22T11:27:12.671277+00:00,1,33026,71
2026-09-22T11:27:12.671277+00:00,2,33044,71
2026-09-22T11:27:12.671277+00:00,3,32674,74
2026-09-22T11:27:17.741064+00:00,0,32990,79
2026-09-22T11:27:17.741064+00:00,1,33026,76
2026-09-22T11:27:17.741064+00:00,2,33044,77
2026-09-22T11:27:17.741064+00:00,3,32674,81
2026-09-22T11:27:22.812116+00:00,0,32990,72
2026-09-22T11:27:22.812116+00:00,1,33026,74
2026-09-22T11:27:22.812116+00:00,2,33044,80
2026-09-22T11:27:22.812116+00:00,3,32674,71
2026-09-22T11:27:27.881181+00:00,0,32990,77
2026-09-22T11:27:27.881181+00:00,1,33026,82
2026-09-22T11:27:27.881181+00:00,2,33044,75
2026-09-22T11:27:27.881181+00:00,3,32674,79
2026-09-22T11:27:32.962427+00:00,0,32990,76
2026-09-22T11:27:32.962427+00:00,1,33026,83
2026-09-22T11:27:32.962427+00:00,2,33044,81
2026-09-22T11:27:32.962427+00:00,3,32674,75
2026-09-22T11:27:38.066718+00:00,0,32990,75
2026-09-22T11:27:38.066718+00:00,1,33026,74
2026-09-22T11:27:38.066718+00:00,2,33044,77
2026-09-22T11:27:38.066718+00:00,3,32674,76
2026-09-22T11:27:43.134592+00:00,0,32990,82
2026-09-22T11:27:43.134592+00:00,1,33026,79
2026-09-22T11:27:43.134592+00:00,2,33044,79
2026-09-22T11:27:43.134592+00:00,3,32674,80
2026-09-22T11:27:48.208042+00:00,0,32990,80
2026-09-22T11:27:48.208042+00:00,1,33026,86
2026-09-22T11:27:48.208042+00:00,2,33044,77
2026-09-22T11:27:48.208042+00:00,3,32674,79
2026-09-22T11:27:53.281721+00:00,0,32990,79
2026-09-22T11:27:53.281721+00:00,1,33026,79
2026-09-22T11:27:53.281721+00:00,2,33044,82
2026-09-22T11:27:53.281721+00:00,3,32674,83
2026-09-22T11:27:58.355064+00:00,0,32990,84
2026-09-22T11:27:58.355064+00:00,1,33026,74
2026-09-22T11:27:58.355064+00:00,2,33044,81
2026-09-22T11:27:58.355064+00:00,3,32674,79
2026-09-22T11:28:03.428686+00:00,0,32990,82
2026-09-22T11:28:03.428686+00:00,1,33026,85
2026-09-22T11:28:03.428686+00:00,2,33044,81
2026-09-22T11:28:03.428686+00:00,3,32674,78
2026-09-22T11:28:08.499293+00:00,0,32990,84
2026-09-22T11:28:08.499293+00:00,1,33026,80
2026-09-22T11:28:08.499293+00:00,2,33044,84
2026-09-22T11:28:08.499293+00:00,3,32674,80
2026-09-22T11:28:13.574854+00:00,0,32990,86
2026-09-22T11:28:13.574854+00:00,1,33026,82
2026-09-22T11:28:13.574854+00:00,2,33044,84
2026-09-22T11:28:13.574854+00:00,3,32674,86
2026-09-22T11:28:18.636289+00:00,0,32990,83
2026-09-22T11:28:18.636289+00:00,1,33026,82
2026-09-22T11:28:18.636289+00:00,2,33044,87
2026-09-22T11:28:18.636289+00:00,3,32674,82
2026-09-22T11:28:23.698667+00:00,0,32990,84
2026-09-22T11:28:23.698667+00:00,1,33026,78
2026-09-22T11:28:23.698667+00:00,2,33044,80
2026-09-22T11:28:23.698667+00:00,3,32674,85
2026-09-22T11:28:28.765806+00:00,0,32990,85
2026-09-22T11:28:28.765806+00:00,1,33026,80
2026-09-22T11:28:28.765806+00:00,2,33044,81
2026-09-22T11:28:28.765806+00:00,3,32674,83
2026-09-22T11:28:33.834417+00:00,0,32990,84
2026-09-22T11:28:33.834417+00:00,1,33026,84
2026-09-22T11:28:33.834417+00:00,2,33044,93
2026-09-22T11:28:33.834417+00:00,3,32674,80
2026-09-22T11:28:38.911818+00:00,0,32990,84
2026-09-22T11:28:38.911818+00:00,1,33026,87
2026-09-22T11:28:38.911818+00:00,2,33044,84
2026-09-22T11:28:38.911818+00:00,3,32674,84
2026-09-22T11:28:43.985847+00:00,0,32990,83
2026-09-22T11:28:43.985847+00:00,1,33026,82
2026-09-22T11:28:43.985847+00:00,2,33044,85
2026-09-22T11:28:43.985847+00:00,3,32674,87
2026-09-22T11:28:49.058640+00:00,0,32990,86
2026-09-22T11:28:49.058640+00:00,1,33026,83
2026-09-22T11:28:49.058640+00:00,2,33044,82
2026-09-22T11:28:49.058640+00:00,3,32674,88
2026-09-22T11:28:54.128665+00:00,0,32990,83
2026-09-22T11:28:54.128665+00:00,1,33026,86
2026-09-22T11:28:54.128665+00:00,2,33044,82
2026-09-22T11:28:54.128665+00:00,3,32674,86
2026-09-22T11:28:59.196628+00:00,0,32990,85
2026-09-22T11:28:59.196628+00:00,1,33026,85
2026-09-22T11:28:59.196628+00:00,2,33044,87
2026-09-22T11:28:59.196628+00:00,3,32674,91
2026-09-22T11:29:04.268439+00:00,0,32990,84
2026-09-22T11:29:04.268439+00:00,1,33026,89
2026-09-22T11:29:04.268439+00:00,2,33044,89
2026-09-22T11:29:04.268439+00:00,3,32674,82
2026-09-22T11:29:09.342058+00:00,0,32990,86
2026-09-22T11:29:09.342058+00:00,1,33026,84
2026-09-22T11:29:09.342058+00:00,2,33044,82
2026-09-22T11:29:09.342058+00:00,3,32674,84
2026-09-22T11:29:14.413672+00:00,0,32990,84
2026-09-22T11:29:14.413672+00:00,1,33026,82
2026-09-22T11:29:14.413672+00:00,2,33044,82
2026-09-22T11:29:14.413672+00:00,3,32674,80
2026-09-22T11:29:19.491196+00:00,0,32990,87
2026-09-22T11:29:19.491196+00:00,1,33026,84
2026-09-22T11:29:19.491196+00:00,2,33044,81
2026-09-22T11:29:19.491196+00:00,3,32674,83
2026-09-22T11:29:24.561368+00:00,0,32990,84
2026-09-22T11:29:24.561368+00:00,1,33026,87
2026-09-22T11:29:24.561368+00:00,2,33044,85
2026-09-22T11:29:24.561368+00:00,3,32674,83
2026-09-22T11:29:29.632090+00:00,0,32990,86
2026-09-22T11:29:29.632090+00:00,1,33026,87
2026-09-22T11:29:29.632090+00:00,2,33044,88
2026-09-22T11:29:29.632090+00:00,3,32674,86
2026-09-22T11:29:34.706521+00:00,0,32990,84
2026-09-22T11:29:34.706521+00:00,1,33026,87
2026-09-22T11:29:34.706521+00:00,2,33044,85
2026-09-22T11:29:34.706521+00:00,3,32674,91
2026-09-22T11:29:39.779236+00:00,0,32990,84
2026-09-22T11:29:39.779236+00:00,1,33026,87
2026-09-22T11:29:39.779236+00:00,2,33044,83
2026-09-22T11:29:39.779236+00:00,3,32674,85
2026-09-22T11:29:44.853879+00:00,0,32990,85
2026-09-22T11:29:44.853879+00:00,1,33026,82
2026-09-22T11:29:44.853879+00:00,2,33044,81
2026-09-22T11:29:44.853879+00:00,3,32674,79
2026-09-22T11:29:49.940571+00:00,0,32990,82
2026-09-22T11:29:49.940571+00:00,1,33026,88
2026-09-22T11:29:49.940571+00:00,2,33044,88
2026-09-22T11:29:49.940571+00:00,3,32674,88
2026-09-22T11:29:55.009266+00:00,0,32990,89
2026-09-22T11:29:55.009266+00:00,1,33026,85
2026-09-22T11:29:55.009266+00:00,2,33044,86
2026-09-22T11:29:55.009266+00:00,3,32674,83
2026-09-22T11:30:00.087849+00:00,0,32990,87
2026-09-22T11:30:00.087849+00:00,1,33026,86
2026-09-22T11:30:00.087849+00:00,2,33044,82
2026-09-22T11:30:00.087849+00:00,3,32674,84
2026-09-22T11:30:05.166035+00:00,0,32990,86
2026-09-22T11:30:05.166035+00:00,1,33026,84
2026-09-22T11:30:05.166035+00:00,2,33044,85
2026-09-22T11:30:05.166035+00:00,3,32674,85
2026-09-22T11:30:10.236422+00:00,0,32990,82
2026-09-22T11:30:10.236422+00:00,1,33026,81
2026-09-22T11:30:10.236422+00:00,2,33044,83
2026-09-22T11:30:10.236422+00:00,3,32674,84
2026-09-22T11:30:15.330989+00:00,0,32990,86
2026-09-22T11:30:15.330989+00:00,1,33026,83
2026-09-22T11:30:15.330989+00:00,2,33044,84
2026-09-22T11:30:15.330989+00:00,3,32674,86
2026-09-22T11:30:20.417689+00:00,0,32990,84
2026-09-22T11:30:20.417689+00:00,1,33026,83
2026-09-22T11:30:20.417689+00:00,2,33044,87
2026-09-22T11:30:20.417689+00:00,3,32674,84
2026-09-22T11:30:25.506780+00:00,0,32990,82
2026-09-22T11:30:25.506780+00:00,1,33026,82
2026-09-22T11:30:25.506780+00:00,2,33044,87
2026-09-22T11:30:25.506780+00:00,3,32674,82
2026-09-22T11:30:30.597045+00:00,0,32990,86
2026-09-22T11:30:30.597045+00:00,1,33026,83
2026-09-22T11:30:30.597045+00:00,2,33044,82
2026-09-22T11:30:30.597045+00:00,3,32674,86
2026-09-22T11:30:35.666403+00:00,0,32990,88
2026-09-22T11:30:35.666403+00:00,1,33026,87
2026-09-22T11:30:35.666403+00:00,2,33044,82
2026-09-22T11:30:35.666403+00:00,3,32674,85
2026-09-22T11:30:40.741708+00:00,0,32990,85
2026-09-22T11:30:40.741708+00:00,1,33026,89
2026-09-22T11:30:40.741708+00:00,2,33044,88
2026-09-22T11:30:40.741708+00:00,3,32674,86
2026-09-22T11:30:45.811999+00:00,0,32990,93
2026-09-22T11:30:45.811999+00:00,1,33026,84
2026-09-22T11:30:45.811999+00:00,2,33044,84
2026-09-22T11:30:45.811999+00:00,3,32674,87
2026-09-22T11:30:50.882627+00:00,0,32990,85
2026-09-22T11:30:50.882627+00:00,1,33026,90
2026-09-22T11:30:50.882627+00:00,2,33044,86
2026-09-22T11:30:50.882627+00:00,3,32674,84
2026-09-22T11:30:55.958044+00:00,0,32990,88
2026-09-22T11:30:55.958044+00:00,1,33026,88
2026-09-22T11:30:55.958044+00:00,2,33044,87
2026-09-22T11:30:55.958044+00:00,3,32674,89
2026-09-22T11:31:01.023026+00:00,0,32990,75
2026-09-22T11:31:01.023026+00:00,1,33026,0
2026-09-22T11:31:01.023026+00:00,2,33044,88
2026-09-22T11:31:01.023026+00:00,3,32674,0
2026-09-22T11:31:06.084404+00:00,0,32990,0
2026-09-22T11:31:06.084404+00:00,1,33026,0
2026-09-22T11:31:06.084404+00:00,2,33044,82
2026-09-22T11:31:06.084404+00:00,3,32674,0
2026-09-22T11:31:11.163115+00:00,0,32990,0
2026-09-22T11:31:11.163115+00:00,1,33026,0
2026-09-22T11:31:11.163115+00:00,2,33044,69
2026-09-22T11:31:11.163115+00:00,3,32674,0
2026-09-22T11:31:16.236744+00:00,0,5386,98
2026-09-22T11:31:16.236744+00:00,1,5366,43
2026-09-22T11:31:16.236744+00:00,2,5366,24
2026-09-22T11:31:16.236744+00:00,3,5386,32
2026-09-22T11:31:21.303116+00:00,0,8310,99
2026-09-22T11:31:21.303116+00:00,1,7630,96
2026-09-22T11:31:21.303116+00:00,2,8270,99
2026-09-22T11:31:21.303116+00:00,3,8270,98
2026-09-22T11:31:26.369416+00:00,0,8614,99
2026-09-22T11:31:26.369416+00:00,1,7954,99
2026-09-22T11:31:26.369416+00:00,2,8614,99
2026-09-22T11:31:26.369416+00:00,3,8614,99
2026-09-22T11:31:31.430541+00:00,0,9120,97
2026-09-22T11:31:31.430541+00:00,1,8480,99
2026-09-22T11:31:31.430541+00:00,2,9120,96
2026-09-22T11:31:31.430541+00:00,3,9140,99
2026-09-22T11:31:36.497229+00:00,0,9564,98
2026-09-22T11:31:36.497229+00:00,1,8944,99
2026-09-22T11:31:36.497229+00:00,2,9524,99
2026-09-22T11:31:36.497229+00:00,3,9564,99
2026-09-22T11:31:41.566049+00:00,0,9868,99
2026-09-22T11:31:41.566049+00:00,1,9228,99
2026-09-22T11:31:41.566049+00:00,2,9828,99
2026-09-22T11:31:41.566049+00:00,3,9848,99
2026-09-22T11:31:46.633001+00:00,0,9932,99
2026-09-22T11:31:46.633001+00:00,1,9312,99
2026-09-22T11:31:46.633001+00:00,2,9932,99
2026-09-22T11:31:46.633001+00:00,3,9912,99
2026-09-22T11:31:51.702094+00:00,0,9936,99
2026-09-22T11:31:51.702094+00:00,1,9316,99
2026-09-22T11:31:51.702094+00:00,2,9936,99
2026-09-22T11:31:51.702094+00:00,3,9916,99
2026-09-22T11:31:56.768620+00:00,0,9940,99
2026-09-22T11:31:56.768620+00:00,1,9320,99
2026-09-22T11:31:56.768620+00:00,2,9940,99
2026-09-22T11:31:56.768620+00:00,3,9920,99
2026-09-22T11:32:01.833181+00:00,0,9944,99
2026-09-22T11:32:01.833181+00:00,1,9324,99
2026-09-22T11:32:01.833181+00:00,2,9944,98
2026-09-22T11:32:01.833181+00:00,3,9924,99
2026-09-22T11:32:06.899275+00:00,0,9950,99
2026-09-22T11:32:06.899275+00:00,1,9330,99
2026-09-22T11:32:06.899275+00:00,2,9950,95
2026-09-22T11:32:06.899275+00:00,3,9930,99
2026-09-22T11:32:11.966310+00:00,0,5924,94
2026-09-22T11:32:11.966310+00:00,1,5844,90
2026-09-22T11:32:11.966310+00:00,2,5904,99
2026-09-22T11:32:11.966310+00:00,3,5924,93
2026-09-22T11:32:17.025478+00:00,0,18438,99
2026-09-22T11:32:17.025478+00:00,1,18398,89
2026-09-22T11:32:17.025478+00:00,2,18456,88
2026-09-22T11:32:17.025478+00:00,3,18536,99
2026-09-22T11:32:22.096975+00:00,0,19980,96
2026-09-22T11:32:22.096975+00:00,1,20220,98
2026-09-22T11:32:22.096975+00:00,2,20000,98
2026-09-22T11:32:22.096975+00:00,3,20360,99
2026-09-22T11:32:27.168021+00:00,0,21222,99
2026-09-22T11:32:27.168021+00:00,1,21202,99
2026-09-22T11:32:27.168021+00:00,2,20982,99
2026-09-22T11:32:27.168021+00:00,3,21222,97
2026-09-22T11:32:32.240027+00:00,0,21226,99
2026-09-22T11:32:32.240027+00:00,1,21204,97
2026-09-22T11:32:32.240027+00:00,2,21004,97
2026-09-22T11:32:32.240027+00:00,3,21224,98
2026-09-22T11:32:37.312701+00:00,0,21226,97
2026-09-22T11:32:37.312701+00:00,1,21206,99
2026-09-22T11:32:37.312701+00:00,2,21006,97
2026-09-22T11:32:37.312701+00:00,3,21226,92
2026-09-22T11:32:42.381188+00:00,0,21234,99
2026-09-22T11:32:42.381188+00:00,1,21214,99
2026-09-22T11:32:42.381188+00:00,2,21014,93
2026-09-22T11:32:42.381188+00:00,3,21234,91
2026-09-22T11:32:47.448921+00:00,0,21234,93
2026-09-22T11:32:47.448921+00:00,1,21214,96
2026-09-22T11:32:47.448921+00:00,2,21014,94
2026-09-22T11:32:47.448921+00:00,3,21234,93
2026-09-22T11:32:52.515801+00:00,0,21234,92
2026-09-22T11:32:52.515801+00:00,1,21214,96
2026-09-22T11:32:52.515801+00:00,2,21014,93
2026-09-22T11:32:52.515801+00:00,3,21234,89
2026-09-22T11:32:57.580384+00:00,0,25674,0
2026-09-22T11:32:57.580384+00:00,1,25714,0
2026-09-22T11:32:57.580384+00:00,2,25654,0
2026-09-22T11:32:57.580384+00:00,3,25634,0
2026-09-22T11:33:02.646188+00:00,0,25834,99
2026-09-22T11:33:02.646188+00:00,1,25814,99
2026-09-22T11:33:02.646188+00:00,2,25814,99
2026-09-22T11:33:02.646188+00:00,3,25834,99
2026-09-22T11:33:07.713091+00:00,0,25854,99
2026-09-22T11:33:07.713091+00:00,1,25834,99
2026-09-22T11:33:07.713091+00:00,2,25834,99
2026-09-22T11:33:07.713091+00:00,3,25834,99
2026-09-22T11:33:12.784668+00:00,0,25854,99
2026-09-22T11:33:12.784668+00:00,1,25834,98
2026-09-22T11:33:12.784668+00:00,2,25834,98
2026-09-22T11:33:12.784668+00:00,3,25894,99
2026-09-22T11:33:17.846480+00:00,0,25854,99
2026-09-22T11:33:17.846480+00:00,1,25834,99
2026-09-22T11:33:17.846480+00:00,2,25834,99
2026-09-22T11:33:17.846480+00:00,3,25894,100
2026-09-22T11:33:22.915890+00:00,0,25854,85
2026-09-22T11:33:22.915890+00:00,1,25834,87
2026-09-22T11:33:22.915890+00:00,2,25834,99
2026-09-22T11:33:22.915890+00:00,3,25894,99
2026-09-22T11:33:27.989743+00:00,0,25854,95
2026-09-22T11:33:27.989743+00:00,1,25834,99
2026-09-22T11:33:27.989743+00:00,2,25834,94
2026-09-22T11:33:27.989743+00:00,3,25894,99
2026-09-22T11:33:33.077664+00:00,0,25854,92
2026-09-22T11:33:33.077664+00:00,1,25834,92
2026-09-22T11:33:33.077664+00:00,2,25834,99
2026-09-22T11:33:33.077664+00:00,3,25894,93
2026-09-22T11:33:38.150237+00:00,0,25854,96
2026-09-22T11:33:38.150237+00:00,1,25834,99
2026-09-22T11:33:38.150237+00:00,2,25834,99
2026-09-22T11:33:38.150237+00:00,3,25894,95
2026-09-22T11:33:43.224748+00:00,0,25854,92
2026-09-22T11:33:43.224748+00:00,1,25834,99
2026-09-22T11:33:43.224748+00:00,2,25834,93
2026-09-22T11:33:43.224748+00:00,3,25894,99
2026-09-22T11:33:48.296558+00:00,0,25854,98
2026-09-22T11:33:48.296558+00:00,1,25834,98
2026-09-22T11:33:48.296558+00:00,2,25834,98
2026-09-22T11:33:48.296558+00:00,3,25894,98
2026-09-22T11:33:53.357003+00:00,0,25854,99
2026-09-22T11:33:53.357003+00:00,1,25834,100
2026-09-22T11:33:53.357003+00:00,2,25834,99
2026-09-22T11:33:53.357003+00:00,3,25894,99
2026-09-22T11:33:58.432596+00:00,0,25854,99
2026-09-22T11:33:58.432596+00:00,1,25834,98
2026-09-22T11:33:58.432596+00:00,2,25834,98
2026-09-22T11:33:58.432596+00:00,3,25894,98
2026-09-22T11:34:03.503714+00:00,0,25854,99
2026-09-22T11:34:03.503714+00:00,1,25834,99
2026-09-22T11:34:03.503714+00:00,2,25834,99
2026-09-22T11:34:03.503714+00:00,3,25894,99
2026-09-22T11:34:08.579514+00:00,0,25854,99
2026-09-22T11:34:08.579514+00:00,1,25834,100
2026-09-22T11:34:08.579514+00:00,2,25834,100
2026-09-22T11:34:08.579514+00:00,3,25894,99
2026-09-22T11:34:13.654068+00:00,0,25854,98
2026-09-22T11:34:13.654068+00:00,1,25834,97
2026-09-22T11:34:13.654068+00:00,2,25834,99
2026-09-22T11:34:13.654068+00:00,3,25894,98
2026-09-22T11:34:18.716552+00:00,0,25854,99
2026-09-22T11:34:18.716552+00:00,1,25834,100
2026-09-22T11:34:18.716552+00:00,2,25834,99
2026-09-22T11:34:18.716552+00:00,3,25894,99
2026-09-22T11:34:23.787359+00:00,0,25854,92
2026-09-22T11:34:23.787359+00:00,1,25834,97
2026-09-22T11:34:23.787359+00:00,2,25834,99
2026-09-22T11:34:23.787359+00:00,3,25894,93
2026-09-22T11:34:28.857826+00:00,0,25854,100
2026-09-22T11:34:28.857826+00:00,1,25834,99
2026-09-22T11:34:28.857826+00:00,2,25834,95
2026-09-22T11:34:28.857826+00:00,3,25894,94
2026-09-22T11:34:33.925714+00:00,0,25854,92
2026-09-22T11:34:33.925714+00:00,1,25834,85
2026-09-22T11:34:33.925714+00:00,2,25834,99
2026-09-22T11:34:33.925714+00:00,3,25894,95
2026-09-22T11:34:38.999080+00:00,0,25854,99
2026-09-22T11:34:38.999080+00:00,1,25834,99
2026-09-22T11:34:38.999080+00:00,2,25834,97
2026-09-22T11:34:38.999080+00:00,3,25894,97
2026-09-22T11:34:44.072753+00:00,0,25854,98
2026-09-22T11:34:44.072753+00:00,1,25834,98
2026-09-22T11:34:44.072753+00:00,2,25834,99
2026-09-22T11:34:44.072753+00:00,3,25894,97
2026-09-22T11:34:49.141261+00:00,0,25854,98
2026-09-22T11:34:49.141261+00:00,1,25834,98
2026-09-22T11:34:49.141261+00:00,2,25834,99
2026-09-22T11:34:49.141261+00:00,3,25894,97
2026-09-22T11:34:54.216522+00:00,0,25854,97
2026-09-22T11:34:54.216522+00:00,1,25834,98
2026-09-22T11:34:54.216522+00:00,2,25834,99
2026-09-22T11:34:54.216522+00:00,3,25894,97
2026-09-22T11:34:59.281343+00:00,0,25854,97
2026-09-22T11:34:59.281343+00:00,1,25834,98
2026-09-22T11:34:59.281343+00:00,2,25834,99
2026-09-22T11:34:59.281343+00:00,3,25894,99
2026-09-22T11:35:04.352451+00:00,0,8302,66
2026-09-22T11:35:04.352451+00:00,1,8322,62
2026-09-22T11:35:04.352451+00:00,2,8462,70
2026-09-22T11:35:04.352451+00:00,3,8482,64
2026-09-22T11:35:09.428386+00:00,0,10096,5
2026-09-22T11:35:09.428386+00:00,1,10096,5
2026-09-22T11:35:09.428386+00:00,2,10076,6
2026-09-22T11:35:09.428386+00:00,3,10096,6
2026-09-22T11:35:14.485836+00:00,0,11426,27
2026-09-22T11:35:14.485836+00:00,1,11406,28
2026-09-22T11:35:14.485836+00:00,2,11406,32
2026-09-22T11:35:14.485836+00:00,3,11426,29
2026-09-22T11:35:19.544906+00:00,0,5208,11
2026-09-22T11:35:19.544906+00:00,1,5208,9
2026-09-22T11:35:19.544906+00:00,2,5188,12
2026-09-22T11:35:19.544906+00:00,3,5208,13
2026-09-22T11:35:24.604205+00:00,0,33098,61
2026-09-22T11:35:24.604205+00:00,1,32906,60
2026-09-22T11:35:24.604205+00:00,2,33074,60
2026-09-22T11:35:24.604205+00:00,3,33092,63
2026-09-22T11:35:29.669005+00:00,0,33098,81
2026-09-22T11:35:29.669005+00:00,1,32906,63
2026-09-22T11:35:29.669005+00:00,2,33074,68
2026-09-22T11:35:29.669005+00:00,3,33092,66
2026-09-22T11:35:34.736374+00:00,0,33098,69
2026-09-22T11:35:34.736374+00:00,1,32906,69
2026-09-22T11:35:34.736374+00:00,2,33074,65
2026-09-22T11:35:34.736374+00:00,3,33092,67
2026-09-22T11:35:39.800377+00:00,0,33098,61
2026-09-22T11:35:39.800377+00:00,1,32906,68
2026-09-22T11:35:39.800377+00:00,2,33074,61
2026-09-22T11:35:39.800377+00:00,3,33092,71
2026-09-22T11:35:44.885927+00:00,0,33098,70
2026-09-22T11:35:44.885927+00:00,1,32906,74
2026-09-22T11:35:44.885927+00:00,2,33074,66
2026-09-22T11:35:44.885927+00:00,3,33092,71
2026-09-22T11:35:49.950928+00:00,0,33098,72
2026-09-22T11:35:49.950928+00:00,1,32906,69
2026-09-22T11:35:49.950928+00:00,2,33074,72
2026-09-22T11:35:49.950928+00:00,3,33092,78
2026-09-22T11:35:55.019329+00:00,0,33098,74
2026-09-22T11:35:55.019329+00:00,1,32906,77
2026-09-22T11:35:55.019329+00:00,2,33074,76
2026-09-22T11:35:55.019329+00:00,3,33092,73
2026-09-22T11:36:00.087912+00:00,0,33098,75
2026-09-22T11:36:00.087912+00:00,1,32906,74
2026-09-22T11:36:00.087912+00:00,2,33074,72
2026-09-22T11:36:00.087912+00:00,3,33092,74
2026-09-22T11:36:05.159351+00:00,0,33098,76
2026-09-22T11:36:05.159351+00:00,1,32906,75
2026-09-22T11:36:05.159351+00:00,2,33074,81
2026-09-22T11:36:05.159351+00:00,3,33092,82
2026-09-22T11:36:10.220407+00:00,0,33098,81
2026-09-22T11:36:10.220407+00:00,1,32906,77
2026-09-22T11:36:10.220407+00:00,2,33074,76
2026-09-22T11:36:10.220407+00:00,3,33092,75
2026-09-22T11:36:15.290068+00:00,0,33098,75
2026-09-22T11:36:15.290068+00:00,1,32906,75
2026-09-22T11:36:15.290068+00:00,2,33074,74
2026-09-22T11:36:15.290068+00:00,3,33092,75
2026-09-22T11:36:20.373452+00:00,0,33098,73
2026-09-22T11:36:20.373452+00:00,1,32906,77
2026-09-22T11:36:20.373452+00:00,2,33074,75
2026-09-22T11:36:20.373452+00:00,3,33092,77
2026-09-22T11:36:25.455489+00:00,0,33098,76
2026-09-22T11:36:25.455489+00:00,1,32906,79
2026-09-22T11:36:25.455489+00:00,2,33074,75
2026-09-22T11:36:25.455489+00:00,3,33092,76
2026-09-22T11:36:30.543768+00:00,0,33098,80
2026-09-22T11:36:30.543768+00:00,1,32906,79
2026-09-22T11:36:30.543768+00:00,2,33074,77
2026-09-22T11:36:30.543768+00:00,3,33092,73
2026-09-22T11:36:35.628652+00:00,0,33098,83
2026-09-22T11:36:35.628652+00:00,1,32906,84
2026-09-22T11:36:35.628652+00:00,2,33074,81
2026-09-22T11:36:35.628652+00:00,3,33092,76
2026-09-22T11:36:40.695537+00:00,0,33098,74
2026-09-22T11:36:40.695537+00:00,1,32906,81
2026-09-22T11:36:40.695537+00:00,2,33074,78
2026-09-22T11:36:40.695537+00:00,3,33092,76
2026-09-22T11:36:45.777567+00:00,0,33098,74
2026-09-22T11:36:45.777567+00:00,1,32906,78
2026-09-22T11:36:45.777567+00:00,2,33074,78
2026-09-22T11:36:45.777567+00:00,3,33092,80
2026-09-22T11:36:50.866198+00:00,0,33098,78
2026-09-22T11:36:50.866198+00:00,1,32906,76
2026-09-22T11:36:50.866198+00:00,2,33074,80
2026-09-22T11:36:50.866198+00:00,3,33092,75
2026-09-22T11:36:55.943107+00:00,0,33098,81
2026-09-22T11:36:55.943107+00:00,1,32906,78
2026-09-22T11:36:55.943107+00:00,2,33074,85
2026-09-22T11:36:55.943107+00:00,3,33092,79
2026-09-22T11:37:01.011804+00:00,0,33098,82
2026-09-22T11:37:01.011804+00:00,1,32906,83
2026-09-22T11:37:01.011804+00:00,2,33074,79
2026-09-22T11:37:01.011804+00:00,3,33092,89
2026-09-22T11:37:06.082010+00:00,0,33098,84
2026-09-22T11:37:06.082010+00:00,1,32906,82
2026-09-22T11:37:06.082010+00:00,2,33074,88
2026-09-22T11:37:06.082010+00:00,3,33092,78
2026-09-22T11:37:11.154062+00:00,0,33098,78
2026-09-22T11:37:11.154062+00:00,1,32906,82
2026-09-22T11:37:11.154062+00:00,2,33074,80
2026-09-22T11:37:11.154062+00:00,3,33092,78
2026-09-22T11:37:16.245314+00:00,0,33098,81
2026-09-22T11:37:16.245314+00:00,1,32906,80
2026-09-22T11:37:16.245314+00:00,2,33074,78
2026-09-22T11:37:16.245314+00:00,3,33092,82
2026-09-22T11:37:21.316629+00:00,0,33098,88
2026-09-22T11:37:21.316629+00:00,1,32906,85
2026-09-22T11:37:21.316629+00:00,2,33074,86
2026-09-22T11:37:21.316629+00:00,3,33092,85
2026-09-22T11:37:26.391737+00:00,0,33098,78
2026-09-22T11:37:26.391737+00:00,1,32906,86
2026-09-22T11:37:26.391737+00:00,2,33074,87
2026-09-22T11:37:26.391737+00:00,3,33092,83
2026-09-22T11:37:31.463208+00:00,0,33098,87
2026-09-22T11:37:31.463208+00:00,1,32906,83
2026-09-22T11:37:31.463208+00:00,2,33074,83
2026-09-22T11:37:31.463208+00:00,3,33092,82
2026-09-22T11:37:36.528558+00:00,0,33098,84
2026-09-22T11:37:36.528558+00:00,1,32906,83
2026-09-22T11:37:36.528558+00:00,2,33074,86
2026-09-22T11:37:36.528558+00:00,3,33092,83
2026-09-22T11:37:41.600733+00:00,0,33098,85
2026-09-22T11:37:41.600733+00:00,1,32906,86
2026-09-22T11:37:41.600733+00:00,2,33074,82
2026-09-22T11:37:41.600733+00:00,3,33092,90
2026-09-22T11:37:46.677730+00:00,0,33098,85
2026-09-22T11:37:46.677730+00:00,1,32906,87
2026-09-22T11:37:46.677730+00:00,2,33074,76
2026-09-22T11:37:46.677730+00:00,3,33092,92
2026-09-22T11:37:51.755166+00:00,0,33098,82
2026-09-22T11:37:51.755166+00:00,1,32906,86
2026-09-22T11:37:51.755166+00:00,2,33074,81
2026-09-22T11:37:51.755166+00:00,3,33092,84
2026-09-22T11:37:56.829359+00:00,0,33098,82
2026-09-22T11:37:56.829359+00:00,1,32906,81
2026-09-22T11:37:56.829359+00:00,2,33074,86
2026-09-22T11:37:56.829359+00:00,3,33092,83
2026-09-22T11:38:01.904059+00:00,0,33098,86
2026-09-22T11:38:01.904059+00:00,1,32906,84
2026-09-22T11:38:01.904059+00:00,2,33074,85
2026-09-22T11:38:01.904059+00:00,3,33092,88
2026-09-22T11:38:06.967533+00:00,0,33098,84
2026-09-22T11:38:06.967533+00:00,1,32906,87
2026-09-22T11:38:06.967533+00:00,2,33074,87
2026-09-22T11:38:06.967533+00:00,3,33092,86
2026-09-22T11:38:12.030869+00:00,0,33098,83
2026-09-22T11:38:12.030869+00:00,1,32906,86
2026-09-22T11:38:12.030869+00:00,2,33074,84
2026-09-22T11:38:12.030869+00:00,3,33092,87
2026-09-22T11:38:17.098174+00:00,0,33098,87
2026-09-22T11:38:17.098174+00:00,1,32906,83
2026-09-22T11:38:17.098174+00:00,2,33074,89
2026-09-22T11:38:17.098174+00:00,3,33092,87
2026-09-22T11:38:22.171344+00:00,0,33098,86
2026-09-22T11:38:22.171344+00:00,1,32906,82
2026-09-22T11:38:22.171344+00:00,2,33074,85
2026-09-22T11:38:22.171344+00:00,3,33092,84
2026-09-22T11:38:27.244178+00:00,0,33098,88
2026-09-22T11:38:27.244178+00:00,1,32906,84
2026-09-22T11:38:27.244178+00:00,2,33074,85
2026-09-22T11:38:27.244178+00:00,3,33092,86
2026-09-22T11:38:32.317200+00:00,0,33098,84
2026-09-22T11:38:32.317200+00:00,1,32906,85
2026-09-22T11:38:32.317200+00:00,2,33074,88
2026-09-22T11:38:32.317200+00:00,3,33092,88
2026-09-22T11:38:37.386895+00:00,0,33098,88
2026-09-22T11:38:37.386895+00:00,1,32906,85
2026-09-22T11:38:37.386895+00:00,2,33074,92
2026-09-22T11:38:37.386895+00:00,3,33092,86
2026-09-22T11:38:42.462822+00:00,0,33098,82
2026-09-22T11:38:42.462822+00:00,1,32906,88
2026-09-22T11:38:42.462822+00:00,2,33074,86
2026-09-22T11:38:42.462822+00:00,3,33092,85
2026-09-22T11:38:47.536629+00:00,0,33098,82
2026-09-22T11:38:47.536629+00:00,1,32906,82
2026-09-22T11:38:47.536629+00:00,2,33074,87
2026-09-22T11:38:47.536629+00:00,3,33092,84
2026-09-22T11:38:52.611188+00:00,0,33098,86
2026-09-22T11:38:52.611188+00:00,1,32906,83
2026-09-22T11:38:52.611188+00:00,2,33074,82
2026-09-22T11:38:52.611188+00:00,3,33092,80
2026-09-22T11:38:57.733298+00:00,0,33098,81
2026-09-22T11:38:57.733298+00:00,1,32906,82
2026-09-22T11:38:57.733298+00:00,2,33074,80
2026-09-22T11:38:57.733298+00:00,3,33092,81
2026-09-22T11:39:02.823573+00:00,0,33098,83
2026-09-22T11:39:02.823573+00:00,1,32906,86
2026-09-22T11:39:02.823573+00:00,2,33074,89
2026-09-22T11:39:02.823573+00:00,3,33092,88
2026-09-22T11:39:07.896573+00:00,0,33098,85
2026-09-22T11:39:07.896573+00:00,1,32906,89
2026-09-22T11:39:07.896573+00:00,2,33074,87
2026-09-22T11:39:07.896573+00:00,3,33092,86
2026-09-22T11:39:12.970651+00:00,0,33098,80
2026-09-22T11:39:12.970651+00:00,1,32906,83
2026-09-22T11:39:12.970651+00:00,2,33074,84
2026-09-22T11:39:12.970651+00:00,3,33092,85
2026-09-22T11:39:18.054333+00:00,0,33098,85
2026-09-22T11:39:18.054333+00:00,1,32906,83
2026-09-22T11:39:18.054333+00:00,2,33074,82
2026-09-22T11:39:18.054333+00:00,3,33092,85
2026-09-22T11:39:23.145182+00:00,0,33098,82
2026-09-22T11:39:23.145182+00:00,1,32906,82
2026-09-22T11:39:23.145182+00:00,2,33074,86
2026-09-22T11:39:23.145182+00:00,3,33092,82
2026-09-22T11:39:28.235487+00:00,0,33098,84
2026-09-22T11:39:28.235487+00:00,1,32906,85
2026-09-22T11:39:28.235487+00:00,2,33074,82
2026-09-22T11:39:28.235487+00:00,3,33092,85
2026-09-22T11:39:33.310043+00:00,0,33098,84
2026-09-22T11:39:33.310043+00:00,1,32906,84
2026-09-22T11:39:33.310043+00:00,2,33074,84
2026-09-22T11:39:33.310043+00:00,3,33092,85
2026-09-22T11:39:38.400273+00:00,0,33098,83
2026-09-22T11:39:38.400273+00:00,1,32906,85
2026-09-22T11:39:38.400273+00:00,2,33074,86
2026-09-22T11:39:38.400273+00:00,3,33092,85
2026-09-22T11:39:43.504030+00:00,0,33098,0
2026-09-22T11:39:43.504030+00:00,1,32906,85
2026-09-22T11:39:43.504030+00:00,2,33074,87
2026-09-22T11:39:43.504030+00:00,3,33092,87
2026-09-22T11:39:48.568182+00:00,0,33098,0
2026-09-22T11:39:48.568182+00:00,1,32906,88
2026-09-22T11:39:48.568182+00:00,2,33074,84
2026-09-22T11:39:48.568182+00:00,3,33092,0
2026-09-22T11:39:53.634414+00:00,0,33098,0
2026-09-22T11:39:53.634414+00:00,1,32906,86
2026-09-22T11:39:53.634414+00:00,2,33074,0
2026-09-22T11:39:53.634414+00:00,3,33092,0
2026-09-22T11:39:58.700457+00:00,0,2586,90
2026-09-22T11:39:58.700457+00:00,1,2394,100
2026-09-22T11:39:58.700457+00:00,2,2562,91
2026-09-22T11:39:58.700457+00:00,3,2580,100
2026-09-22T11:40:03.765664+00:00,0,7828,96
2026-09-22T11:40:03.765664+00:00,1,7148,95
2026-09-22T11:40:03.765664+00:00,2,7848,97
2026-09-22T11:40:03.765664+00:00,3,7828,95
2026-09-22T11:40:08.833409+00:00,0,8672,99
2026-09-22T11:40:08.833409+00:00,1,8032,99
2026-09-22T11:40:08.833409+00:00,2,8672,99
2026-09-22T11:40:08.833409+00:00,3,8672,99
2026-09-22T11:40:13.897294+00:00,0,8978,99
2026-09-22T11:40:13.897294+00:00,1,8318,97
2026-09-22T11:40:13.897294+00:00,2,8978,99
2026-09-22T11:40:13.897294+00:00,3,8978,95
2026-09-22T11:40:18.964754+00:00,0,9442,99
2026-09-22T11:40:18.964754+00:00,1,8802,99
2026-09-22T11:40:18.964754+00:00,2,9402,99
2026-09-22T11:40:18.964754+00:00,3,9402,99
2026-09-22T11:40:24.033438+00:00,0,9666,99
2026-09-22T11:40:24.033438+00:00,1,9086,99
2026-09-22T11:40:24.033438+00:00,2,9686,99
2026-09-22T11:40:24.033438+00:00,3,9646,97
2026-09-22T11:40:29.096539+00:00,0,9790,99
2026-09-22T11:40:29.096539+00:00,1,9150,99
2026-09-22T11:40:29.096539+00:00,2,9770,99
2026-09-22T11:40:29.096539+00:00,3,9730,99
2026-09-22T11:40:34.164542+00:00,0,9794,99
2026-09-22T11:40:34.164542+00:00,1,9154,99
2026-09-22T11:40:34.164542+00:00,2,9774,98
2026-09-22T11:40:34.164542+00:00,3,9734,99
2026-09-22T11:40:39.235047+00:00,0,9798,99
2026-09-22T11:40:39.235047+00:00,1,9158,99
2026-09-22T11:40:39.235047+00:00,2,9778,99
2026-09-22T11:40:39.235047+00:00,3,9738,97
2026-09-22T11:40:44.303694+00:00,0,9802,99
2026-09-22T11:40:44.303694+00:00,1,9162,99
2026-09-22T11:40:44.303694+00:00,2,9782,99
2026-09-22T11:40:44.303694+00:00,3,9742,99
2026-09-22T11:40:49.368626+00:00,0,9808,99
2026-09-22T11:40:49.368626+00:00,1,9168,99
2026-09-22T11:40:49.368626+00:00,2,9788,99
2026-09-22T11:40:49.368626+00:00,3,9748,99
2026-09-22T11:40:54.436673+00:00,0,1576,0
2026-09-22T11:40:54.436673+00:00,1,1616,87
2026-09-22T11:40:54.436673+00:00,2,1596,29
2026-09-22T11:40:54.436673+00:00,3,1576,88
2026-09-22T11:40:59.496824+00:00,0,18096,97
2026-09-22T11:40:59.496824+00:00,1,18296,98
2026-09-22T11:40:59.496824+00:00,2,18056,99
2026-09-22T11:40:59.496824+00:00,3,18016,99
2026-09-22T11:41:04.558450+00:00,0,18878,99
2026-09-22T11:41:04.558450+00:00,1,19238,97
2026-09-22T11:41:04.558450+00:00,2,18778,98
2026-09-22T11:41:04.558450+00:00,3,18278,99
2026-09-22T11:41:09.625663+00:00,0,20622,95
2026-09-22T11:41:09.625663+00:00,1,20720,99
2026-09-22T11:41:09.625663+00:00,2,20882,94
2026-09-22T11:41:09.625663+00:00,3,20820,99
2026-09-22T11:41:14.696267+00:00,0,21204,93
2026-09-22T11:41:14.696267+00:00,1,21204,95
2026-09-22T11:41:14.696267+00:00,2,21344,96
2026-09-22T11:41:14.696267+00:00,3,21364,99
2026-09-22T11:41:19.766744+00:00,0,21206,94
2026-09-22T11:41:19.766744+00:00,1,21206,95
2026-09-22T11:41:19.766744+00:00,2,21346,99
2026-09-22T11:41:19.766744+00:00,3,21366,98
2026-09-22T11:41:24.844153+00:00,0,21208,97
2026-09-22T11:41:24.844153+00:00,1,21208,96
2026-09-22T11:41:24.844153+00:00,2,21348,99
2026-09-22T11:41:24.844153+00:00,3,21368,99
2026-09-22T11:41:29.915653+00:00,0,21214,93
2026-09-22T11:41:29.915653+00:00,1,21214,92
2026-09-22T11:41:29.915653+00:00,2,21354,92
2026-09-22T11:41:29.915653+00:00,3,21374,91
2026-09-22T11:41:34.978528+00:00,0,21214,93
2026-09-22T11:41:34.978528+00:00,1,21214,91
2026-09-22T11:41:34.978528+00:00,2,21354,95
2026-09-22T11:41:34.978528+00:00,3,21374,97
2026-09-22T11:41:40.048190+00:00,0,25454,99
2026-09-22T11:41:40.048190+00:00,1,25454,99
2026-09-22T11:41:40.048190+00:00,2,25434,100
2026-09-22T11:41:40.048190+00:00,3,25414,99
2026-09-22T11:41:45.123756+00:00,0,25794,99
2026-09-22T11:41:45.123756+00:00,1,25734,99
2026-09-22T11:41:45.123756+00:00,2,25734,93
2026-09-22T11:41:45.123756+00:00,3,25794,99
2026-09-22T11:41:50.199955+00:00,0,25794,100
2026-09-22T11:41:50.199955+00:00,1,25734,99
2026-09-22T11:41:50.199955+00:00,2,25794,98
2026-09-22T11:41:50.199955+00:00,3,25794,100
2026-09-22T11:41:55.274677+00:00,0,25854,99
2026-09-22T11:41:55.274677+00:00,1,25774,99
2026-09-22T11:41:55.274677+00:00,2,25794,99
2026-09-22T11:41:55.274677+00:00,3,25794,99
2026-09-22T11:42:00.351285+00:00,0,25854,96
2026-09-22T11:42:00.351285+00:00,1,25774,89
2026-09-22T11:42:00.351285+00:00,2,25794,99
2026-09-22T11:42:00.351285+00:00,3,25794,88
2026-09-22T11:42:05.426116+00:00,0,25854,99
2026-09-22T11:42:05.426116+00:00,1,25774,100
2026-09-22T11:42:05.426116+00:00,2,25794,99
2026-09-22T11:42:05.426116+00:00,3,25794,99
2026-09-22T11:42:10.499729+00:00,0,25854,98
2026-09-22T11:42:10.499729+00:00,1,25774,95
2026-09-22T11:42:10.499729+00:00,2,25794,82
2026-09-22T11:42:10.499729+00:00,3,25794,98
2026-09-22T11:42:15.572894+00:00,0,25854,94
2026-09-22T11:42:15.572894+00:00,1,25774,96
2026-09-22T11:42:15.572894+00:00,2,25794,92
2026-09-22T11:42:15.572894+00:00,3,25794,96
2026-09-22T11:42:20.648627+00:00,0,25854,91
2026-09-22T11:42:20.648627+00:00,1,25774,91
2026-09-22T11:42:20.648627+00:00,2,25794,93
2026-09-22T11:42:20.648627+00:00,3,25794,92
2026-09-22T11:42:25.722181+00:00,0,25854,96
2026-09-22T11:42:25.722181+00:00,1,25774,100
2026-09-22T11:42:25.722181+00:00,2,25794,91
2026-09-22T11:42:25.722181+00:00,3,25794,97
2026-09-22T11:42:30.796670+00:00,0,25854,94
2026-09-22T11:42:30.796670+00:00,1,25774,100
2026-09-22T11:42:30.796670+00:00,2,25794,97
2026-09-22T11:42:30.796670+00:00,3,25794,95
2026-09-22T11:42:35.869571+00:00,0,25854,87
2026-09-22T11:42:35.869571+00:00,1,25774,57
2026-09-22T11:42:35.869571+00:00,2,25794,0
2026-09-22T11:42:35.869571+00:00,3,25794,68
2026-09-22T11:42:40.935773+00:00,0,25854,99
2026-09-22T11:42:40.935773+00:00,1,25774,99
2026-09-22T11:42:40.935773+00:00,2,25794,100
2026-09-22T11:42:40.935773+00:00,3,25794,99
2026-09-22T11:42:46.010344+00:00,0,25854,98
2026-09-22T11:42:46.010344+00:00,1,25774,98
2026-09-22T11:42:46.010344+00:00,2,25794,98
2026-09-22T11:42:46.010344+00:00,3,25794,98
2026-09-22T11:42:51.076460+00:00,0,25854,100
2026-09-22T11:42:51.076460+00:00,1,25774,99
2026-09-22T11:42:51.076460+00:00,2,25794,99
2026-09-22T11:42:51.076460+00:00,3,25814,99
2026-09-22T11:42:56.143300+00:00,0,25854,100
2026-09-22T11:42:56.143300+00:00,1,25774,99
2026-09-22T11:42:56.143300+00:00,2,25794,99
2026-09-22T11:42:56.143300+00:00,3,25814,99
2026-09-22T11:43:01.214661+00:00,0,25854,99
2026-09-22T11:43:01.214661+00:00,1,25774,98
2026-09-22T11:43:01.214661+00:00,2,25794,98
2026-09-22T11:43:01.214661+00:00,3,25814,98
2026-09-22T11:43:06.279501+00:00,0,25854,100
2026-09-22T11:43:06.279501+00:00,1,25774,90
2026-09-22T11:43:06.279501+00:00,2,25794,83
2026-09-22T11:43:06.279501+00:00,3,25814,95
2026-09-22T11:43:11.348850+00:00,0,25854,94
2026-09-22T11:43:11.348850+00:00,1,25774,94
2026-09-22T11:43:11.348850+00:00,2,25794,98
2026-09-22T11:43:11.348850+00:00,3,25814,94
2026-09-22T11:43:16.411115+00:00,0,25854,99
2026-09-22T11:43:16.411115+00:00,1,25774,97
2026-09-22T11:43:16.411115+00:00,2,25794,97
2026-09-22T11:43:16.411115+00:00,3,25814,99
2026-09-22T11:43:21.476931+00:00,0,25854,96
2026-09-22T11:43:21.476931+00:00,1,25774,96
2026-09-22T11:43:21.476931+00:00,2,25794,99
2026-09-22T11:43:21.476931+00:00,3,25814,97
2026-09-22T11:43:26.548151+00:00,0,25854,95
2026-09-22T11:43:26.548151+00:00,1,25774,95
2026-09-22T11:43:26.548151+00:00,2,25794,99
2026-09-22T11:43:26.548151+00:00,3,25814,96
2026-09-22T11:43:31.623846+00:00,0,25854,97
2026-09-22T11:43:31.623846+00:00,1,25774,96
2026-09-22T11:43:31.623846+00:00,2,25794,96
2026-09-22T11:43:31.623846+00:00,3,25814,95
2026-09-22T11:43:36.685160+00:00,0,25854,97
2026-09-22T11:43:36.685160+00:00,1,25774,97
2026-09-22T11:43:36.685160+00:00,2,25794,97
2026-09-22T11:43:36.685160+00:00,3,25814,97
2026-09-22T11:43:41.758708+00:00,0,25854,98
2026-09-22T11:43:41.758708+00:00,1,25774,98
2026-09-22T11:43:41.758708+00:00,2,25794,98
2026-09-22T11:43:41.758708+00:00,3,25814,98
2026-09-22T11:43:46.838106+00:00,0,19294,100
2026-09-22T11:43:46.838106+00:00,1,19134,100
2026-09-22T11:43:46.838106+00:00,2,19394,85
2026-09-22T11:43:46.838106+00:00,3,19194,100
2026-09-22T11:43:51.921425+00:00,0,10096,5
2026-09-22T11:43:51.921425+00:00,1,10096,6
2026-09-22T11:43:51.921425+00:00,2,10076,6
2026-09-22T11:43:51.921425+00:00,3,10096,6
2026-09-22T11:43:56.983906+00:00,0,11038,7
2026-09-22T11:43:56.983906+00:00,1,11386,8
2026-09-22T11:43:56.983906+00:00,2,10874,6
2026-09-22T11:43:56.983906+00:00,3,10954,8
2026-09-22T11:44:02.043917+00:00,0,11426,38
2026-09-22T11:44:02.043917+00:00,1,11406,36
2026-09-22T11:44:02.043917+00:00,2,11406,15
2026-09-22T11:44:02.043917+00:00,3,11426,17
2026-09-22T11:44:07.106748+00:00,0,32088,0
2026-09-22T11:44:07.106748+00:00,1,32088,0
2026-09-22T11:44:07.106748+00:00,2,32068,0
2026-09-22T11:44:07.106748+00:00,3,32088,0
2026-09-22T11:44:12.163745+00:00,0,32770,62
2026-09-22T11:44:12.163745+00:00,1,32682,58
2026-09-22T11:44:12.163745+00:00,2,33042,57
2026-09-22T11:44:12.163745+00:00,3,32998,56
2026-09-22T11:44:17.233451+00:00,0,32770,64
2026-09-22T11:44:17.233451+00:00,1,32682,68
2026-09-22T11:44:17.233451+00:00,2,33042,63
2026-09-22T11:44:17.233451+00:00,3,32998,63
2026-09-22T11:44:22.299156+00:00,0,32770,74
2026-09-22T11:44:22.299156+00:00,1,32682,70
2026-09-22T11:44:22.299156+00:00,2,33042,65
2026-09-22T11:44:22.299156+00:00,3,32998,67
2026-09-22T11:44:27.367405+00:00,0,32770,68
2026-09-22T11:44:27.367405+00:00,1,32682,66
2026-09-22T11:44:27.367405+00:00,2,33042,68
2026-09-22T11:44:27.367405+00:00,3,32998,64
2026-09-22T11:44:32.451560+00:00,0,32770,74
2026-09-22T11:44:32.451560+00:00,1,32682,78
2026-09-22T11:44:32.451560+00:00,2,33042,78
2026-09-22T11:44:32.451560+00:00,3,32998,73
2026-09-22T11:44:37.516946+00:00,0,32770,71
2026-09-22T11:44:37.516946+00:00,1,32682,74
2026-09-22T11:44:37.516946+00:00,2,33042,74
2026-09-22T11:44:37.516946+00:00,3,32998,77
2026-09-22T11:44:42.582550+00:00,0,32770,71
2026-09-22T11:44:42.582550+00:00,1,32682,71
2026-09-22T11:44:42.582550+00:00,2,33042,65
2026-09-22T11:44:42.582550+00:00,3,32998,71
2026-09-22T11:44:47.657520+00:00,0,32770,71
2026-09-22T11:44:47.657520+00:00,1,32682,68
2026-09-22T11:44:47.657520+00:00,2,33042,74
2026-09-22T11:44:47.657520+00:00,3,32998,71
2026-09-22T11:44:52.743011+00:00,0,32770,75
2026-09-22T11:44:52.743011+00:00,1,32682,73
2026-09-22T11:44:52.743011+00:00,2,33042,71
2026-09-22T11:44:52.743011+00:00,3,32998,71
2026-09-22T11:44:57.830053+00:00,0,32770,75
2026-09-22T11:44:57.830053+00:00,1,32682,73
2026-09-22T11:44:57.830053+00:00,2,33042,73
2026-09-22T11:44:57.830053+00:00,3,32998,72
2026-09-22T11:45:02.917112+00:00,0,32770,85
2026-09-22T11:45:02.917112+00:00,1,32682,84
2026-09-22T11:45:02.917112+00:00,2,33042,82
2026-09-22T11:45:02.917112+00:00,3,32998,76
2026-09-22T11:45:07.987845+00:00,0,32770,79
2026-09-22T11:45:07.987845+00:00,1,32682,73
2026-09-22T11:45:07.987845+00:00,2,33042,85
2026-09-22T11:45:07.987845+00:00,3,32998,77
2026-09-22T11:45:13.056465+00:00,0,32770,83
2026-09-22T11:45:13.056465+00:00,1,32682,74
2026-09-22T11:45:13.056465+00:00,2,33042,84
2026-09-22T11:45:13.056465+00:00,3,32998,79
2026-09-22T11:45:18.125309+00:00,0,32770,77
2026-09-22T11:45:18.125309+00:00,1,32682,73
2026-09-22T11:45:18.125309+00:00,2,33042,78
2026-09-22T11:45:18.125309+00:00,3,32998,79
2026-09-22T11:45:23.213411+00:00,0,32770,82
2026-09-22T11:45:23.213411+00:00,1,32682,81
2026-09-22T11:45:23.213411+00:00,2,33042,80
2026-09-22T11:45:23.213411+00:00,3,32998,82
2026-09-22T11:45:28.286371+00:00,0,32770,82
2026-09-22T11:45:28.286371+00:00,1,32682,79
2026-09-22T11:45:28.286371+00:00,2,33042,78
2026-09-22T11:45:28.286371+00:00,3,32998,75
2026-09-22T11:45:33.354470+00:00,0,32770,90
2026-09-22T11:45:33.354470+00:00,1,32682,77
2026-09-22T11:45:33.354470+00:00,2,33042,80
2026-09-22T11:45:33.354470+00:00,3,32998,77
2026-09-22T11:45:38.419208+00:00,0,32770,81
2026-09-22T11:45:38.419208+00:00,1,32682,80
2026-09-22T11:45:38.419208+00:00,2,33042,82
2026-09-22T11:45:38.419208+00:00,3,32998,85
2026-09-22T11:45:43.486952+00:00,0,32770,77
2026-09-22T11:45:43.486952+00:00,1,32682,80
2026-09-22T11:45:43.486952+00:00,2,33042,78
2026-09-22T11:45:43.486952+00:00,3,32998,80
2026-09-22T11:45:48.576369+00:00,0,32770,79
2026-09-22T11:45:48.576369+00:00,1,32682,78
2026-09-22T11:45:48.576369+00:00,2,33042,80
2026-09-22T11:45:48.576369+00:00,3,32998,80
2026-09-22T11:45:53.665333+00:00,0,32770,82
2026-09-22T11:45:53.665333+00:00,1,32682,82
2026-09-22T11:45:53.665333+00:00,2,33042,85
2026-09-22T11:45:53.665333+00:00,3,32998,83
2026-09-22T11:45:58.738045+00:00,0,32770,92
2026-09-22T11:45:58.738045+00:00,1,32682,81
2026-09-22T11:45:58.738045+00:00,2,33042,78
2026-09-22T11:45:58.738045+00:00,3,32998,83
2026-09-22T11:46:03.821960+00:00,0,32770,81
2026-09-22T11:46:03.821960+00:00,1,32682,82
2026-09-22T11:46:03.821960+00:00,2,33042,82
2026-09-22T11:46:03.821960+00:00,3,32998,81
2026-09-22T11:46:08.938603+00:00,0,32770,80
2026-09-22T11:46:08.938603+00:00,1,32682,83
2026-09-22T11:46:08.938603+00:00,2,33042,80
2026-09-22T11:46:08.938603+00:00,3,32998,78
2026-09-22T11:46:14.023094+00:00,0,32770,83
2026-09-22T11:46:14.023094+00:00,1,32682,79
2026-09-22T11:46:14.023094+00:00,2,33042,79
2026-09-22T11:46:14.023094+00:00,3,32998,80
2026-09-22T11:46:19.103972+00:00,0,32770,84
2026-09-22T11:46:19.103972+00:00,1,32682,82
2026-09-22T11:46:19.103972+00:00,2,33042,83
2026-09-22T11:46:19.103972+00:00,3,32998,84
2026-09-22T11:46:24.179774+00:00,0,32770,81
2026-09-22T11:46:24.179774+00:00,1,32682,80
2026-09-22T11:46:24.179774+00:00,2,33042,81
2026-09-22T11:46:24.179774+00:00,3,32998,78
2026-09-22T11:46:29.268187+00:00,0,32770,81
2026-09-22T11:46:29.268187+00:00,1,32682,86
2026-09-22T11:46:29.268187+00:00,2,33042,84
2026-09-22T11:46:29.268187+00:00,3,32998,86
2026-09-22T11:46:34.356698+00:00,0,32770,81
2026-09-22T11:46:34.356698+00:00,1,32682,83
2026-09-22T11:46:34.356698+00:00,2,33042,86
2026-09-22T11:46:34.356698+00:00,3,32998,88
2026-09-22T11:46:39.426891+00:00,0,32770,85
2026-09-22T11:46:39.426891+00:00,1,32682,78
2026-09-22T11:46:39.426891+00:00,2,33042,79
2026-09-22T11:46:39.426891+00:00,3,32998,78
2026-09-22T11:46:44.512521+00:00,0,32770,83
2026-09-22T11:46:44.512521+00:00,1,32682,81
2026-09-22T11:46:44.512521+00:00,2,33042,82
2026-09-22T11:46:44.512521+00:00,3,32998,79
2026-09-22T11:46:49.595743+00:00,0,32770,82
2026-09-22T11:46:49.595743+00:00,1,32682,82
2026-09-22T11:46:49.595743+00:00,2,33042,81
2026-09-22T11:46:49.595743+00:00,3,32998,80
2026-09-22T11:46:54.684023+00:00,0,32770,80
2026-09-22T11:46:54.684023+00:00,1,32682,79
2026-09-22T11:46:54.684023+00:00,2,33042,84
2026-09-22T11:46:54.684023+00:00,3,32998,82
2026-09-22T11:46:59.771006+00:00,0,32770,78
2026-09-22T11:46:59.771006+00:00,1,32682,84
2026-09-22T11:46:59.771006+00:00,2,33042,82
2026-09-22T11:46:59.771006+00:00,3,32998,82
2026-09-22T11:47:04.860173+00:00,0,32770,80
2026-09-22T11:47:04.860173+00:00,1,32682,82
2026-09-22T11:47:04.860173+00:00,2,33042,83
2026-09-22T11:47:04.860173+00:00,3,32998,80
2026-09-22T11:47:09.953089+00:00,0,32770,86
2026-09-22T11:47:09.953089+00:00,1,32682,83
2026-09-22T11:47:09.953089+00:00,2,33042,82
2026-09-22T11:47:09.953089+00:00,3,32998,82
2026-09-22T11:47:15.035916+00:00,0,32770,87
2026-09-22T11:47:15.035916+00:00,1,32682,84
2026-09-22T11:47:15.035916+00:00,2,33042,88
2026-09-22T11:47:15.035916+00:00,3,32998,86
2026-09-22T11:47:20.111115+00:00,0,32770,84
2026-09-22T11:47:20.111115+00:00,1,32682,84
2026-09-22T11:47:20.111115+00:00,2,33042,91
2026-09-22T11:47:20.111115+00:00,3,32998,85
2026-09-22T11:47:25.178751+00:00,0,32770,82
2026-09-22T11:47:25.178751+00:00,1,32682,83
2026-09-22T11:47:25.178751+00:00,2,33042,83
2026-09-22T11:47:25.178751+00:00,3,32998,84
2026-09-22T11:47:30.250863+00:00,0,32770,86
2026-09-22T11:47:30.250863+00:00,1,32682,87
2026-09-22T11:47:30.250863+00:00,2,33042,93
2026-09-22T11:47:30.250863+00:00,3,32998,84
2026-09-22T11:47:35.326934+00:00,0,32770,83
2026-09-22T11:47:35.326934+00:00,1,32682,84
2026-09-22T11:47:35.326934+00:00,2,33042,93
2026-09-22T11:47:35.326934+00:00,3,32998,89
2026-09-22T11:47:40.401332+00:00,0,32770,84
2026-09-22T11:47:40.401332+00:00,1,32682,90
2026-09-22T11:47:40.401332+00:00,2,33042,84
2026-09-22T11:47:40.401332+00:00,3,32998,83
2026-09-22T11:47:45.477039+00:00,0,32770,89
2026-09-22T11:47:45.477039+00:00,1,32682,86
2026-09-22T11:47:45.477039+00:00,2,33042,85
2026-09-22T11:47:45.477039+00:00,3,32998,82
2026-09-22T11:47:50.551804+00:00,0,32770,84
2026-09-22T11:47:50.551804+00:00,1,32682,84
2026-09-22T11:47:50.551804+00:00,2,33042,81
2026-09-22T11:47:50.551804+00:00,3,32998,83
2026-09-22T11:47:55.647761+00:00,0,32770,87
2026-09-22T11:47:55.647761+00:00,1,32682,83
2026-09-22T11:47:55.647761+00:00,2,33042,83
2026-09-22T11:47:55.647761+00:00,3,32998,88
2026-09-22T11:48:00.713654+00:00,0,32770,87
2026-09-22T11:48:00.713654+00:00,1,32682,84
2026-09-22T11:48:00.713654+00:00,2,33042,84
2026-09-22T11:48:00.713654+00:00,3,32998,89
2026-09-22T11:48:05.776495+00:00,0,32770,88
2026-09-22T11:48:05.776495+00:00,1,32682,88
2026-09-22T11:48:05.776495+00:00,2,33042,83
2026-09-22T11:48:05.776495+00:00,3,32998,86
2026-09-22T11:48:10.856161+00:00,0,32770,91
2026-09-22T11:48:10.856161+00:00,1,32682,85
2026-09-22T11:48:10.856161+00:00,2,33042,87
2026-09-22T11:48:10.856161+00:00,3,32998,88
2026-09-22T11:48:15.932413+00:00,0,32770,90
2026-09-22T11:48:15.932413+00:00,1,32682,87
2026-09-22T11:48:15.932413+00:00,2,33042,88
2026-09-22T11:48:15.932413+00:00,3,32998,86
2026-09-22T11:48:20.998925+00:00,0,32770,86
2026-09-22T11:48:20.998925+00:00,1,32682,90
2026-09-22T11:48:20.998925+00:00,2,33042,87
2026-09-22T11:48:20.998925+00:00,3,32998,87
2026-09-22T11:48:26.067863+00:00,0,32770,85
2026-09-22T11:48:26.067863+00:00,1,32682,83
2026-09-22T11:48:26.067863+00:00,2,33042,85
2026-09-22T11:48:26.067863+00:00,3,32998,87
2026-09-22T11:48:31.144618+00:00,0,32770,89
2026-09-22T11:48:31.144618+00:00,1,32682,90
2026-09-22T11:48:31.144618+00:00,2,33042,78
2026-09-22T11:48:31.144618+00:00,3,32998,90
2026-09-22T11:48:36.216233+00:00,0,32770,89
2026-09-22T11:48:36.216233+00:00,1,32682,91
2026-09-22T11:48:36.216233+00:00,2,33042,0
2026-09-22T11:48:36.216233+00:00,3,32998,85
2026-09-22T11:48:41.286840+00:00,0,32770,85
2026-09-22T11:48:41.286840+00:00,1,32682,80
2026-09-22T11:48:41.286840+00:00,2,33042,0
2026-09-22T11:48:41.286840+00:00,3,32998,76
2026-09-22T11:48:46.348091+00:00,0,2258,100
2026-09-22T11:48:46.348091+00:00,1,2170,100
2026-09-22T11:48:46.348091+00:00,2,2530,100
2026-09-22T11:48:46.348091+00:00,3,2486,100
2026-09-22T11:48:51.410058+00:00,0,7828,99
2026-09-22T11:48:51.410058+00:00,1,7148,94
2026-09-22T11:48:51.410058+00:00,2,7808,95
2026-09-22T11:48:51.410058+00:00,3,7828,99
2026-09-22T11:48:56.472523+00:00,0,8632,97
2026-09-22T11:48:56.472523+00:00,1,7972,96
2026-09-22T11:48:56.472523+00:00,2,8592,97
2026-09-22T11:48:56.472523+00:00,3,8652,99
2026-09-22T11:49:01.530316+00:00,0,9036,97
2026-09-22T11:49:01.530316+00:00,1,8416,99
2026-09-22T11:49:01.530316+00:00,2,9016,99
2026-09-22T11:49:01.530316+00:00,3,9016,99
2026-09-22T11:49:06.590010+00:00,0,9362,98
2026-09-22T11:49:06.590010+00:00,1,8742,99
2026-09-22T11:49:06.590010+00:00,2,9342,99
2026-09-22T11:49:06.590010+00:00,3,9362,97
2026-09-22T11:49:11.652280+00:00,0,9706,99
2026-09-22T11:49:11.652280+00:00,1,9086,99
2026-09-22T11:49:11.652280+00:00,2,9686,99
2026-09-22T11:49:11.652280+00:00,3,9706,100
2026-09-22T11:49:16.721043+00:00,0,9830,99
2026-09-22T11:49:16.721043+00:00,1,9210,99
2026-09-22T11:49:16.721043+00:00,2,9810,99
2026-09-22T11:49:16.721043+00:00,3,9830,99
2026-09-22T11:49:21.788828+00:00,0,9834,96
2026-09-22T11:49:21.788828+00:00,1,9214,99
2026-09-22T11:49:21.788828+00:00,2,9814,97
2026-09-22T11:49:21.788828+00:00,3,9834,100
2026-09-22T11:49:26.857926+00:00,0,9838,99
2026-09-22T11:49:26.857926+00:00,1,9218,99
2026-09-22T11:49:26.857926+00:00,2,9818,99
2026-09-22T11:49:26.857926+00:00,3,9838,97
2026-09-22T11:49:31.923880+00:00,0,9842,99
2026-09-22T11:49:31.923880+00:00,1,9222,97
2026-09-22T11:49:31.923880+00:00,2,9822,99
2026-09-22T11:49:31.923880+00:00,3,9842,99
2026-09-22T11:49:36.991737+00:00,0,9846,97
2026-09-22T11:49:36.991737+00:00,1,9226,99
2026-09-22T11:49:36.991737+00:00,2,9828,96
2026-09-22T11:49:36.991737+00:00,3,9848,99
2026-09-22T11:49:42.059642+00:00,0,9850,99
2026-09-22T11:49:42.059642+00:00,1,9230,99
2026-09-22T11:49:42.059642+00:00,2,9830,94
2026-09-22T11:49:42.059642+00:00,3,9850,99
2026-09-22T11:49:47.124542+00:00,0,19076,96
2026-09-22T11:49:47.124542+00:00,1,19036,99
2026-09-22T11:49:47.124542+00:00,2,19276,99
2026-09-22T11:49:47.124542+00:00,3,19136,99
2026-09-22T11:49:52.197836+00:00,0,19278,94
2026-09-22T11:49:52.197836+00:00,1,19278,99
2026-09-22T11:49:52.197836+00:00,2,19478,94
2026-09-22T11:49:52.197836+00:00,3,19338,100
2026-09-22T11:49:57.265144+00:00,0,20100,94
2026-09-22T11:49:57.265144+00:00,1,20200,94
2026-09-22T11:49:57.265144+00:00,2,20320,96
2026-09-22T11:49:57.265144+00:00,3,20180,99
2026-09-22T11:50:02.327030+00:00,0,22362,96
2026-09-22T11:50:02.327030+00:00,1,22342,94
2026-09-22T11:50:02.327030+00:00,2,21842,96
2026-09-22T11:50:02.327030+00:00,3,22362,99
2026-09-22T11:50:07.397587+00:00,0,22364,96
2026-09-22T11:50:07.397587+00:00,1,22346,96
2026-09-22T11:50:07.397587+00:00,2,21844,93
2026-09-22T11:50:07.397587+00:00,3,22364,99
2026-09-22T11:50:12.466660+00:00,0,22368,96
2026-09-22T11:50:12.466660+00:00,1,22348,93
2026-09-22T11:50:12.466660+00:00,2,21846,96
2026-09-22T11:50:12.466660+00:00,3,22368,92
2026-09-22T11:50:17.539964+00:00,0,22374,94
2026-09-22T11:50:17.539964+00:00,1,22354,100
2026-09-22T11:50:17.539964+00:00,2,21854,94
2026-09-22T11:50:17.539964+00:00,3,22374,92
2026-09-22T11:50:22.610744+00:00,0,22374,91
2026-09-22T11:50:22.610744+00:00,1,22354,92
2026-09-22T11:50:22.610744+00:00,2,21854,94
2026-09-22T11:50:22.610744+00:00,3,22374,99
2026-09-22T11:50:27.678787+00:00,0,22374,99
2026-09-22T11:50:27.678787+00:00,1,22354,92
2026-09-22T11:50:27.678787+00:00,2,21854,99
2026-09-22T11:50:27.678787+00:00,3,22374,99
2026-09-22T11:50:32.744464+00:00,0,25834,99
2026-09-22T11:50:32.744464+00:00,1,25794,100
2026-09-22T11:50:32.744464+00:00,2,25814,99
2026-09-22T11:50:32.744464+00:00,3,25774,99
2026-09-22T11:50:37.816450+00:00,0,25834,98
2026-09-22T11:50:37.816450+00:00,1,25794,98
2026-09-22T11:50:37.816450+00:00,2,25814,99
2026-09-22T11:50:37.816450+00:00,3,25834,98
2026-09-22T11:50:42.890183+00:00,0,25834,99
2026-09-22T11:50:42.890183+00:00,1,25814,99
2026-09-22T11:50:42.890183+00:00,2,25814,100
2026-09-22T11:50:42.890183+00:00,3,25854,99
2026-09-22T11:50:47.961200+00:00,0,25834,99
2026-09-22T11:50:47.961200+00:00,1,25814,99
2026-09-22T11:50:47.961200+00:00,2,25834,100
2026-09-22T11:50:47.961200+00:00,3,25854,99
2026-09-22T11:50:53.035376+00:00,0,25834,98
2026-09-22T11:50:53.035376+00:00,1,25814,99
2026-09-22T11:50:53.035376+00:00,2,25834,99
2026-09-22T11:50:53.035376+00:00,3,25854,98
2026-09-22T11:50:58.100969+00:00,0,25834,99
2026-09-22T11:50:58.100969+00:00,1,25814,99
2026-09-22T11:50:58.100969+00:00,2,25834,99
2026-09-22T11:50:58.100969+00:00,3,25854,99
2026-09-22T11:51:03.170376+00:00,0,25834,90
2026-09-22T11:51:03.170376+00:00,1,25814,99
2026-09-22T11:51:03.170376+00:00,2,25834,94
2026-09-22T11:51:03.170376+00:00,3,25854,91
2026-09-22T11:51:08.242519+00:00,0,25834,99
2026-09-22T11:51:08.242519+00:00,1,25814,90
2026-09-22T11:51:08.242519+00:00,2,25834,99
2026-09-22T11:51:08.242519+00:00,3,25854,93
2026-09-22T11:51:13.312814+00:00,0,25834,90
2026-09-22T11:51:13.312814+00:00,1,25814,99
2026-09-22T11:51:13.312814+00:00,2,25834,99
2026-09-22T11:51:13.312814+00:00,3,25854,90
2026-09-22T11:51:18.389924+00:00,0,25834,84
2026-09-22T11:51:18.389924+00:00,1,25814,98
2026-09-22T11:51:18.389924+00:00,2,25834,86
2026-09-22T11:51:18.389924+00:00,3,25854,91
2026-09-22T11:51:23.457294+00:00,0,25834,100
2026-09-22T11:51:23.457294+00:00,1,25814,100
2026-09-22T11:51:23.457294+00:00,2,25834,100
2026-09-22T11:51:23.457294+00:00,3,25854,99
2026-09-22T11:51:28.530296+00:00,0,25834,98
2026-09-22T11:51:28.530296+00:00,1,25814,98
2026-09-22T11:51:28.530296+00:00,2,25834,98
2026-09-22T11:51:28.530296+00:00,3,25854,99
2026-09-22T11:51:33.591691+00:00,0,25834,99
2026-09-22T11:51:33.591691+00:00,1,25834,100
2026-09-22T11:51:33.591691+00:00,2,25834,99
2026-09-22T11:51:33.591691+00:00,3,25854,98
2026-09-22T11:51:38.662387+00:00,0,25894,98
2026-09-22T11:51:38.662387+00:00,1,25834,99
2026-09-22T11:51:38.662387+00:00,2,25834,99
2026-09-22T11:51:38.662387+00:00,3,25854,98
2026-09-22T11:51:43.732815+00:00,0,25894,99
2026-09-22T11:51:43.732815+00:00,1,25834,100
2026-09-22T11:51:43.732815+00:00,2,25834,99
2026-09-22T11:51:43.732815+00:00,3,25854,100
2026-09-22T11:51:48.802853+00:00,0,25894,99
2026-09-22T11:51:48.802853+00:00,1,25834,99
2026-09-22T11:51:48.802853+00:00,2,25834,99
2026-09-22T11:51:48.802853+00:00,3,25854,100
2026-09-22T11:51:53.871294+00:00,0,25894,90
2026-09-22T11:51:53.871294+00:00,1,25834,94
2026-09-22T11:51:53.871294+00:00,2,25834,99
2026-09-22T11:51:53.871294+00:00,3,25854,94
2026-09-22T11:51:58.939631+00:00,0,25894,96
2026-09-22T11:51:58.939631+00:00,1,25834,99
2026-09-22T11:51:58.939631+00:00,2,25834,94
2026-09-22T11:51:58.939631+00:00,3,25854,94
2026-09-22T11:52:04.027467+00:00,0,25894,96
2026-09-22T11:52:04.027467+00:00,1,25834,100
2026-09-22T11:52:04.027467+00:00,2,25834,94
2026-09-22T11:52:04.027467+00:00,3,25854,88
2026-09-22T11:52:09.117631+00:00,0,25894,99
2026-09-22T11:52:09.117631+00:00,1,25834,99
2026-09-22T11:52:09.117631+00:00,2,25834,97
2026-09-22T11:52:09.117631+00:00,3,25854,97
2026-09-22T11:52:14.193583+00:00,0,25894,94
2026-09-22T11:52:14.193583+00:00,1,25834,97
2026-09-22T11:52:14.193583+00:00,2,25834,99
2026-09-22T11:52:14.193583+00:00,3,25854,99
2026-09-22T11:52:19.256061+00:00,0,25894,96
2026-09-22T11:52:19.256061+00:00,1,25834,95
2026-09-22T11:52:19.256061+00:00,2,25834,99
2026-09-22T11:52:19.256061+00:00,3,25854,97
2026-09-22T11:52:24.320536+00:00,0,25894,87
2026-09-22T11:52:24.320536+00:00,1,25834,65
2026-09-22T11:52:24.320536+00:00,2,25834,89
2026-09-22T11:52:24.320536+00:00,3,25854,0
2026-09-22T11:52:29.383784+00:00,0,25894,94
2026-09-22T11:52:29.383784+00:00,1,25834,94
2026-09-22T11:52:29.383784+00:00,2,25834,94
2026-09-22T11:52:29.383784+00:00,3,25854,99
2026-09-22T11:52:34.450329+00:00,0,25894,97
2026-09-22T11:52:34.450329+00:00,1,25834,99
2026-09-22T11:52:34.450329+00:00,2,25834,99
2026-09-22T11:52:34.450329+00:00,3,25854,98
2026-09-22T11:52:39.524414+00:00,0,5316,48
2026-09-22T11:52:39.524414+00:00,1,5296,55
2026-09-22T11:52:39.524414+00:00,2,5296,51
2026-09-22T11:52:39.524414+00:00,3,5316,77
2026-09-22T11:52:44.585977+00:00,0,3462,46
2026-09-22T11:52:44.585977+00:00,1,3462,44
2026-09-22T11:52:44.585977+00:00,2,3442,76
2026-09-22T11:52:44.585977+00:00,3,3462,66
