timestamp_utc,gpu_index,used_mib,utilization_percent
2026-09-21T21:21:17.020136+00:00,0,32562,75
2026-09-21T21:21:17.020136+00:00,1,32558,79
2026-09-21T21:21:17.020136+00:00,2,32570,76
2026-09-21T21:21:17.020136+00:00,3,32546,78
2026-09-21T21:21:22.078860+00:00,0,32562,75
2026-09-21T21:21:22.078860+00:00,1,32558,79
2026-09-21T21:21:22.078860+00:00,2,32570,74
2026-09-21T21:21:22.078860+00:00,3,32546,81
2026-09-21T21:21:27.143989+00:00,0,32562,83
2026-09-21T21:21:27.143989+00:00,1,32558,79
2026-09-21T21:21:27.143989+00:00,2,32570,76
2026-09-21T21:21:27.143989+00:00,3,32546,77
2026-09-21T21:21:32.203173+00:00,0,32562,75
2026-09-21T21:21:32.203173+00:00,1,32558,82
2026-09-21T21:21:32.203173+00:00,2,32570,84
2026-09-21T21:21:32.203173+00:00,3,32546,77
2026-09-21T21:21:37.267717+00:00,0,32562,79
2026-09-21T21:21:37.267717+00:00,1,32558,78
2026-09-21T21:21:37.267717+00:00,2,32570,80
2026-09-21T21:21:37.267717+00:00,3,32546,78
2026-09-21T21:21:42.334393+00:00,0,32562,78
2026-09-21T21:21:42.334393+00:00,1,32558,82
2026-09-21T21:21:42.334393+00:00,2,32570,79
2026-09-21T21:21:42.334393+00:00,3,32546,82
2026-09-21T21:21:47.408817+00:00,0,32562,78
2026-09-21T21:21:47.408817+00:00,1,32558,81
2026-09-21T21:21:47.408817+00:00,2,32570,80
2026-09-21T21:21:47.408817+00:00,3,32546,83
2026-09-21T21:21:52.478656+00:00,0,32562,78
2026-09-21T21:21:52.478656+00:00,1,32558,80
2026-09-21T21:21:52.478656+00:00,2,32570,77
2026-09-21T21:21:52.478656+00:00,3,32546,81
2026-09-21T21:21:57.553385+00:00,0,32562,83
2026-09-21T21:21:57.553385+00:00,1,32558,81
2026-09-21T21:21:57.553385+00:00,2,32570,81
2026-09-21T21:21:57.553385+00:00,3,32546,80
2026-09-21T21:22:02.613683+00:00,0,32562,80
2026-09-21T21:22:02.613683+00:00,1,32558,78
2026-09-21T21:22:02.613683+00:00,2,32570,84
2026-09-21T21:22:02.613683+00:00,3,32546,79
2026-09-21T21:22:07.672331+00:00,0,32562,82
2026-09-21T21:22:07.672331+00:00,1,32558,83
2026-09-21T21:22:07.672331+00:00,2,32570,81
2026-09-21T21:22:07.672331+00:00,3,32546,82
2026-09-21T21:22:12.730940+00:00,0,32562,85
2026-09-21T21:22:12.730940+00:00,1,32558,80
2026-09-21T21:22:12.730940+00:00,2,32570,78
2026-09-21T21:22:12.730940+00:00,3,32546,83
2026-09-21T21:22:17.799365+00:00,0,32562,81
2026-09-21T21:22:17.799365+00:00,1,32558,85
2026-09-21T21:22:17.799365+00:00,2,32570,86
2026-09-21T21:22:17.799365+00:00,3,32546,82
2026-09-21T21:22:22.870507+00:00,0,32562,82
2026-09-21T21:22:22.870507+00:00,1,32558,83
2026-09-21T21:22:22.870507+00:00,2,32570,83
2026-09-21T21:22:22.870507+00:00,3,32546,82
2026-09-21T21:22:27.936349+00:00,0,32562,82
2026-09-21T21:22:27.936349+00:00,1,32558,83
2026-09-21T21:22:27.936349+00:00,2,32570,87
2026-09-21T21:22:27.936349+00:00,3,32546,82
2026-09-21T21:22:33.006453+00:00,0,32562,83
2026-09-21T21:22:33.006453+00:00,1,32558,79
2026-09-21T21:22:33.006453+00:00,2,32570,84
2026-09-21T21:22:33.006453+00:00,3,32546,83
2026-09-21T21:22:38.075643+00:00,0,32562,86
2026-09-21T21:22:38.075643+00:00,1,32558,83
2026-09-21T21:22:38.075643+00:00,2,32570,85
2026-09-21T21:22:38.075643+00:00,3,32546,85
2026-09-21T21:22:43.142012+00:00,0,32562,81
2026-09-21T21:22:43.142012+00:00,1,32558,84
2026-09-21T21:22:43.142012+00:00,2,32570,82
2026-09-21T21:22:43.142012+00:00,3,32546,85
2026-09-21T21:22:48.208060+00:00,0,32562,85
2026-09-21T21:22:48.208060+00:00,1,32558,85
2026-09-21T21:22:48.208060+00:00,2,32570,81
2026-09-21T21:22:48.208060+00:00,3,32546,85
2026-09-21T21:22:53.269052+00:00,0,32562,82
2026-09-21T21:22:53.269052+00:00,1,32558,83
2026-09-21T21:22:53.269052+00:00,2,32570,86
2026-09-21T21:22:53.269052+00:00,3,32546,80
2026-09-21T21:22:58.334407+00:00,0,32562,82
2026-09-21T21:22:58.334407+00:00,1,32558,82
2026-09-21T21:22:58.334407+00:00,2,32570,84
2026-09-21T21:22:58.334407+00:00,3,32546,84
2026-09-21T21:23:03.396847+00:00,0,32995,1
2026-09-21T21:23:03.396847+00:00,1,32558,0
2026-09-21T21:23:03.396847+00:00,2,32570,80
2026-09-21T21:23:03.396847+00:00,3,32546,0
2026-09-21T21:23:08.448785+00:00,0,1196,0
2026-09-21T21:23:08.448785+00:00,1,1198,0
2026-09-21T21:23:08.448785+00:00,2,1196,0
2026-09-21T21:23:08.448785+00:00,3,1196,0
2026-09-21T21:23:13.504476+00:00,0,11654,99
2026-09-21T21:23:13.504476+00:00,1,11854,99
2026-09-21T21:23:13.504476+00:00,2,11874,99
2026-09-21T21:23:13.504476+00:00,3,11774,99
2026-09-21T21:23:18.581062+00:00,0,12080,99
2026-09-21T21:23:18.581062+00:00,1,12200,99
2026-09-21T21:23:18.581062+00:00,2,12080,99
2026-09-21T21:23:18.581062+00:00,3,12220,99
2026-09-21T21:23:23.664448+00:00,0,25376,99
2026-09-21T21:23:23.664448+00:00,1,25376,99
2026-09-21T21:23:23.664448+00:00,2,25396,99
2026-09-21T21:23:23.664448+00:00,3,25376,99
2026-09-21T21:23:28.726182+00:00,0,27882,99
2026-09-21T21:23:28.726182+00:00,1,27342,99
2026-09-21T21:23:28.726182+00:00,2,28042,94
2026-09-21T21:23:28.726182+00:00,3,26882,98
2026-09-21T21:23:33.798805+00:00,0,28124,99
2026-09-21T21:23:33.798805+00:00,1,28124,99
2026-09-21T21:23:33.798805+00:00,2,28064,99
2026-09-21T21:23:33.798805+00:00,3,28364,99
2026-09-21T21:23:38.882821+00:00,0,28126,99
2026-09-21T21:23:38.882821+00:00,1,28186,98
2026-09-21T21:23:38.882821+00:00,2,28066,95
2026-09-21T21:23:38.882821+00:00,3,28366,98
2026-09-21T21:23:43.955936+00:00,0,28288,99
2026-09-21T21:23:43.955936+00:00,1,28368,99
2026-09-21T21:23:43.955936+00:00,2,28288,99
2026-09-21T21:23:43.955936+00:00,3,28408,99
2026-09-21T21:23:49.023997+00:00,0,28290,98
2026-09-21T21:23:49.023997+00:00,1,28370,98
2026-09-21T21:23:49.023997+00:00,2,28290,99
2026-09-21T21:23:49.023997+00:00,3,28410,98
2026-09-21T21:23:54.090197+00:00,0,28292,99
2026-09-21T21:23:54.090197+00:00,1,28372,99
2026-09-21T21:23:54.090197+00:00,2,28292,99
2026-09-21T21:23:54.090197+00:00,3,28412,99
2026-09-21T21:23:59.162191+00:00,0,19258,93
2026-09-21T21:23:59.162191+00:00,1,19098,88
2026-09-21T21:23:59.162191+00:00,2,18938,79
2026-09-21T21:23:59.162191+00:00,3,19058,89
2026-09-21T21:24:04.230321+00:00,0,9720,26
2026-09-21T21:24:04.230321+00:00,1,9720,7
2026-09-21T21:24:04.230321+00:00,2,9720,7
2026-09-21T21:24:04.230321+00:00,3,9720,40
2026-09-21T21:24:09.291583+00:00,0,10968,6
2026-09-21T21:24:09.291583+00:00,1,11050,100
2026-09-21T21:24:09.291583+00:00,2,11050,100
2026-09-21T21:24:09.291583+00:00,3,10744,8
2026-09-21T21:24:14.351676+00:00,0,14270,34
2026-09-21T21:24:14.351676+00:00,1,14630,39
2026-09-21T21:24:14.351676+00:00,2,14630,39
2026-09-21T21:24:14.351676+00:00,3,14450,33
2026-09-21T21:24:19.416800+00:00,0,32554,80
2026-09-21T21:24:19.416800+00:00,1,32556,73
2026-09-21T21:24:19.416800+00:00,2,32600,73
2026-09-21T21:24:19.416800+00:00,3,32564,73
2026-09-21T21:24:24.478324+00:00,0,32554,76
2026-09-21T21:24:24.478324+00:00,1,32556,73
2026-09-21T21:24:24.478324+00:00,2,32600,76
2026-09-21T21:24:24.478324+00:00,3,32564,74
2026-09-21T21:24:29.544612+00:00,0,32554,77
2026-09-21T21:24:29.544612+00:00,1,32556,76
2026-09-21T21:24:29.544612+00:00,2,32600,76
2026-09-21T21:24:29.544612+00:00,3,32564,75
2026-09-21T21:24:34.609715+00:00,0,32554,79
2026-09-21T21:24:34.609715+00:00,1,32556,77
2026-09-21T21:24:34.609715+00:00,2,32600,79
2026-09-21T21:24:34.609715+00:00,3,32564,78
2026-09-21T21:24:39.665760+00:00,0,32554,74
2026-09-21T21:24:39.665760+00:00,1,32556,79
2026-09-21T21:24:39.665760+00:00,2,32600,74
2026-09-21T21:24:39.665760+00:00,3,32564,76
2026-09-21T21:24:44.731699+00:00,0,32554,78
2026-09-21T21:24:44.731699+00:00,1,32556,78
2026-09-21T21:24:44.731699+00:00,2,32600,78
2026-09-21T21:24:44.731699+00:00,3,32564,78
2026-09-21T21:24:49.795875+00:00,0,32554,77
2026-09-21T21:24:49.795875+00:00,1,32556,75
2026-09-21T21:24:49.795875+00:00,2,32600,79
2026-09-21T21:24:49.795875+00:00,3,32564,82
2026-09-21T21:24:54.864674+00:00,0,32554,78
2026-09-21T21:24:54.864674+00:00,1,32556,80
2026-09-21T21:24:54.864674+00:00,2,32600,80
2026-09-21T21:24:54.864674+00:00,3,32564,79
2026-09-21T21:24:59.935172+00:00,0,32554,81
2026-09-21T21:24:59.935172+00:00,1,32556,80
2026-09-21T21:24:59.935172+00:00,2,32600,79
2026-09-21T21:24:59.935172+00:00,3,32564,78
2026-09-21T21:25:04.991902+00:00,0,32554,79
2026-09-21T21:25:04.991902+00:00,1,32556,81
2026-09-21T21:25:04.991902+00:00,2,32600,81
2026-09-21T21:25:04.991902+00:00,3,32564,82
2026-09-21T21:25:10.058824+00:00,0,32554,77
2026-09-21T21:25:10.058824+00:00,1,32556,78
2026-09-21T21:25:10.058824+00:00,2,32600,80
2026-09-21T21:25:10.058824+00:00,3,32564,81
2026-09-21T21:25:15.115963+00:00,0,32554,82
2026-09-21T21:25:15.115963+00:00,1,32556,80
2026-09-21T21:25:15.115963+00:00,2,32600,83
2026-09-21T21:25:15.115963+00:00,3,32564,81
2026-09-21T21:25:20.183268+00:00,0,32554,82
2026-09-21T21:25:20.183268+00:00,1,32556,82
2026-09-21T21:25:20.183268+00:00,2,32600,84
2026-09-21T21:25:20.183268+00:00,3,32564,81
2026-09-21T21:25:25.251931+00:00,0,32554,84
2026-09-21T21:25:25.251931+00:00,1,32556,83
2026-09-21T21:25:25.251931+00:00,2,32600,84
2026-09-21T21:25:25.251931+00:00,3,32564,83
2026-09-21T21:25:30.321323+00:00,0,32554,85
2026-09-21T21:25:30.321323+00:00,1,32556,80
2026-09-21T21:25:30.321323+00:00,2,32600,82
2026-09-21T21:25:30.321323+00:00,3,32564,83
2026-09-21T21:25:35.385007+00:00,0,32554,83
2026-09-21T21:25:35.385007+00:00,1,32556,81
2026-09-21T21:25:35.385007+00:00,2,32600,80
2026-09-21T21:25:35.385007+00:00,3,32564,82
2026-09-21T21:25:40.452181+00:00,0,32554,83
2026-09-21T21:25:40.452181+00:00,1,32556,81
2026-09-21T21:25:40.452181+00:00,2,32600,85
2026-09-21T21:25:40.452181+00:00,3,32564,83
2026-09-21T21:25:45.518526+00:00,0,32554,82
2026-09-21T21:25:45.518526+00:00,1,32556,81
2026-09-21T21:25:45.518526+00:00,2,32600,82
2026-09-21T21:25:45.518526+00:00,3,32564,85
2026-09-21T21:25:50.589044+00:00,0,32554,82
2026-09-21T21:25:50.589044+00:00,1,32556,83
2026-09-21T21:25:50.589044+00:00,2,32600,85
2026-09-21T21:25:50.589044+00:00,3,32564,80
2026-09-21T21:25:55.656671+00:00,0,32554,83
2026-09-21T21:25:55.656671+00:00,1,32556,87
2026-09-21T21:25:55.656671+00:00,2,32600,85
2026-09-21T21:25:55.656671+00:00,3,32564,84
2026-09-21T21:26:00.720039+00:00,0,32554,86
2026-09-21T21:26:00.720039+00:00,1,32556,81
2026-09-21T21:26:00.720039+00:00,2,32600,84
2026-09-21T21:26:00.720039+00:00,3,32564,84
2026-09-21T21:26:05.789592+00:00,0,32554,85
2026-09-21T21:26:05.789592+00:00,1,32556,87
2026-09-21T21:26:05.789592+00:00,2,32600,84
2026-09-21T21:26:05.789592+00:00,3,32564,88
2026-09-21T21:26:10.856866+00:00,0,32554,83
2026-09-21T21:26:10.856866+00:00,1,32556,82
2026-09-21T21:26:10.856866+00:00,2,32600,83
2026-09-21T21:26:10.856866+00:00,3,32564,85
2026-09-21T21:26:15.921000+00:00,0,32554,83
2026-09-21T21:26:15.921000+00:00,1,32556,89
2026-09-21T21:26:15.921000+00:00,2,32600,83
2026-09-21T21:26:15.921000+00:00,3,32564,83
2026-09-21T21:26:20.991951+00:00,0,32554,0
2026-09-21T21:26:20.991951+00:00,1,32556,0
2026-09-21T21:26:20.991951+00:00,2,32600,86
2026-09-21T21:26:20.991951+00:00,3,32564,84
2026-09-21T21:26:26.053271+00:00,0,32554,0
2026-09-21T21:26:26.053271+00:00,1,32556,0
2026-09-21T21:26:26.053271+00:00,2,32600,79
2026-09-21T21:26:26.053271+00:00,3,32564,0
2026-09-21T21:26:31.107503+00:00,0,12432,98
2026-09-21T21:26:31.107503+00:00,1,12532,98
2026-09-21T21:26:31.107503+00:00,2,12392,99
2026-09-21T21:26:31.107503+00:00,3,12472,99
2026-09-21T21:26:36.177726+00:00,0,12716,99
2026-09-21T21:26:36.177726+00:00,1,12736,99
2026-09-21T21:26:36.177726+00:00,2,12676,99
2026-09-21T21:26:36.177726+00:00,3,12756,99
2026-09-21T21:26:41.235410+00:00,0,1202,88
2026-09-21T21:26:41.235410+00:00,1,1204,88
2026-09-21T21:26:41.235410+00:00,2,1202,29
2026-09-21T21:26:41.235410+00:00,3,1202,88
2026-09-21T21:26:46.294407+00:00,0,25422,90
2026-09-21T21:26:46.294407+00:00,1,25422,97
2026-09-21T21:26:46.294407+00:00,2,25442,99
2026-09-21T21:26:46.294407+00:00,3,25422,87
2026-09-21T21:26:51.368195+00:00,0,28284,99
2026-09-21T21:26:51.368195+00:00,1,28704,99
2026-09-21T21:26:51.368195+00:00,2,28104,99
2026-09-21T21:26:51.368195+00:00,3,28424,99
2026-09-21T21:26:56.445338+00:00,0,28944,88
2026-09-21T21:26:56.445338+00:00,1,29184,100
2026-09-21T21:26:56.445338+00:00,2,29324,100
2026-09-21T21:26:56.445338+00:00,3,29504,88
2026-09-21T21:27:01.508751+00:00,0,29548,99
2026-09-21T21:27:01.508751+00:00,1,29548,99
2026-09-21T21:27:01.508751+00:00,2,29328,99
2026-09-21T21:27:01.508751+00:00,3,29548,99
2026-09-21T21:27:06.586309+00:00,0,29548,98
2026-09-21T21:27:06.586309+00:00,1,29608,98
2026-09-21T21:27:06.586309+00:00,2,29328,98
2026-09-21T21:27:06.586309+00:00,3,29688,99
2026-09-21T21:27:11.654459+00:00,0,29550,99
2026-09-21T21:27:11.654459+00:00,1,29610,99
2026-09-21T21:27:11.654459+00:00,2,29330,99
2026-09-21T21:27:11.654459+00:00,3,29690,99
2026-09-21T21:27:16.734907+00:00,0,29552,98
2026-09-21T21:27:16.734907+00:00,1,29612,98
2026-09-21T21:27:16.734907+00:00,2,29332,98
2026-09-21T21:27:16.734907+00:00,3,29692,98
2026-09-21T21:27:21.798805+00:00,0,29554,99
2026-09-21T21:27:21.798805+00:00,1,29614,99
2026-09-21T21:27:21.798805+00:00,2,29334,99
2026-09-21T21:27:21.798805+00:00,3,29694,99
2026-09-21T21:27:26.876398+00:00,0,9720,5
2026-09-21T21:27:26.876398+00:00,1,9720,43
2026-09-21T21:27:26.876398+00:00,2,9720,6
2026-09-21T21:27:26.876398+00:00,3,9720,6
2026-09-21T21:27:31.937096+00:00,0,10414,8
2026-09-21T21:27:31.937096+00:00,1,10826,8
2026-09-21T21:27:31.937096+00:00,2,10826,8
2026-09-21T21:27:31.937096+00:00,3,10580,8
2026-09-21T21:27:36.998816+00:00,0,11050,33
2026-09-21T21:27:36.998816+00:00,1,11050,27
2026-09-21T21:27:36.998816+00:00,2,11050,29
2026-09-21T21:27:36.998816+00:00,3,11050,24
2026-09-21T21:27:42.069493+00:00,0,32566,74
2026-09-21T21:27:42.069493+00:00,1,32542,40
2026-09-21T21:27:42.069493+00:00,2,32572,81
2026-09-21T21:27:42.069493+00:00,3,32562,71
2026-09-21T21:27:47.139095+00:00,0,32566,74
2026-09-21T21:27:47.139095+00:00,1,32542,78
2026-09-21T21:27:47.139095+00:00,2,32572,81
2026-09-21T21:27:47.139095+00:00,3,32562,75
2026-09-21T21:27:52.199264+00:00,0,32566,75
2026-09-21T21:27:52.199264+00:00,1,32542,76
2026-09-21T21:27:52.199264+00:00,2,32572,75
2026-09-21T21:27:52.199264+00:00,3,32562,80
2026-09-21T21:27:57.262719+00:00,0,32566,79
2026-09-21T21:27:57.262719+00:00,1,32542,80
2026-09-21T21:27:57.262719+00:00,2,32572,79
2026-09-21T21:27:57.262719+00:00,3,32562,76
2026-09-21T21:28:02.328661+00:00,0,32566,76
2026-09-21T21:28:02.328661+00:00,1,32542,78
2026-09-21T21:28:02.328661+00:00,2,32572,81
2026-09-21T21:28:02.328661+00:00,3,32562,76
2026-09-21T21:28:07.396652+00:00,0,32566,76
2026-09-21T21:28:07.396652+00:00,1,32542,78
2026-09-21T21:28:07.396652+00:00,2,32572,75
2026-09-21T21:28:07.396652+00:00,3,32562,79
2026-09-21T21:28:12.462548+00:00,0,32566,79
2026-09-21T21:28:12.462548+00:00,1,32542,76
2026-09-21T21:28:12.462548+00:00,2,32572,81
2026-09-21T21:28:12.462548+00:00,3,32562,85
2026-09-21T21:28:17.530953+00:00,0,32566,78
2026-09-21T21:28:17.530953+00:00,1,32542,79
2026-09-21T21:28:17.530953+00:00,2,32572,77
2026-09-21T21:28:17.530953+00:00,3,32562,77
2026-09-21T21:28:22.599269+00:00,0,32566,79
2026-09-21T21:28:22.599269+00:00,1,32542,81
2026-09-21T21:28:22.599269+00:00,2,32572,79
2026-09-21T21:28:22.599269+00:00,3,32562,77
2026-09-21T21:28:27.670429+00:00,0,32566,80
2026-09-21T21:28:27.670429+00:00,1,32542,83
2026-09-21T21:28:27.670429+00:00,2,32572,85
2026-09-21T21:28:27.670429+00:00,3,32562,78
2026-09-21T21:28:32.730814+00:00,0,32566,78
2026-09-21T21:28:32.730814+00:00,1,32542,83
2026-09-21T21:28:32.730814+00:00,2,32572,85
2026-09-21T21:28:32.730814+00:00,3,32562,83
2026-09-21T21:28:37.791191+00:00,0,32566,83
2026-09-21T21:28:37.791191+00:00,1,32542,82
2026-09-21T21:28:37.791191+00:00,2,32572,77
2026-09-21T21:28:37.791191+00:00,3,32562,80
2026-09-21T21:28:42.857097+00:00,0,32566,83
2026-09-21T21:28:42.857097+00:00,1,32542,79
2026-09-21T21:28:42.857097+00:00,2,32572,78
2026-09-21T21:28:42.857097+00:00,3,32562,85
2026-09-21T21:28:47.921430+00:00,0,32566,79
2026-09-21T21:28:47.921430+00:00,1,32542,82
2026-09-21T21:28:47.921430+00:00,2,32572,89
2026-09-21T21:28:47.921430+00:00,3,32562,82
2026-09-21T21:28:52.980716+00:00,0,32566,79
2026-09-21T21:28:52.980716+00:00,1,32542,83
2026-09-21T21:28:52.980716+00:00,2,32572,86
2026-09-21T21:28:52.980716+00:00,3,32562,80
2026-09-21T21:28:58.052944+00:00,0,32566,78
2026-09-21T21:28:58.052944+00:00,1,32542,82
2026-09-21T21:28:58.052944+00:00,2,32572,84
2026-09-21T21:28:58.052944+00:00,3,32562,83
2026-09-21T21:29:03.116087+00:00,0,32566,85
2026-09-21T21:29:03.116087+00:00,1,32542,90
2026-09-21T21:29:03.116087+00:00,2,32572,81
2026-09-21T21:29:03.116087+00:00,3,32562,84
2026-09-21T21:29:08.189084+00:00,0,32566,79
2026-09-21T21:29:08.189084+00:00,1,32542,84
2026-09-21T21:29:08.189084+00:00,2,32572,80
2026-09-21T21:29:08.189084+00:00,3,32562,81
2026-09-21T21:29:13.254572+00:00,0,32566,86
2026-09-21T21:29:13.254572+00:00,1,32542,83
2026-09-21T21:29:13.254572+00:00,2,32572,82
2026-09-21T21:29:13.254572+00:00,3,32562,85
2026-09-21T21:29:18.321576+00:00,0,32566,84
2026-09-21T21:29:18.321576+00:00,1,32542,85
2026-09-21T21:29:18.321576+00:00,2,32572,84
2026-09-21T21:29:18.321576+00:00,3,32562,84
2026-09-21T21:29:23.391622+00:00,0,32566,84
2026-09-21T21:29:23.391622+00:00,1,32542,80
2026-09-21T21:29:23.391622+00:00,2,32572,91
2026-09-21T21:29:23.391622+00:00,3,32562,84
2026-09-21T21:29:28.460660+00:00,0,32566,81
2026-09-21T21:29:28.460660+00:00,1,32542,91
2026-09-21T21:29:28.460660+00:00,2,32572,84
2026-09-21T21:29:28.460660+00:00,3,32562,88
2026-09-21T21:29:33.531196+00:00,0,32566,83
2026-09-21T21:29:33.531196+00:00,1,32542,85
2026-09-21T21:29:33.531196+00:00,2,32572,83
2026-09-21T21:29:33.531196+00:00,3,32562,85
2026-09-21T21:29:38.597645+00:00,0,32566,83
2026-09-21T21:29:38.597645+00:00,1,32542,87
2026-09-21T21:29:38.597645+00:00,2,32572,80
2026-09-21T21:29:38.597645+00:00,3,32562,83
2026-09-21T21:29:43.665844+00:00,0,32566,84
2026-09-21T21:29:43.665844+00:00,1,32542,83
2026-09-21T21:29:43.665844+00:00,2,32572,85
2026-09-21T21:29:43.665844+00:00,3,32562,84
2026-09-21T21:29:48.732067+00:00,0,32566,0
2026-09-21T21:29:48.732067+00:00,1,32542,0
2026-09-21T21:29:48.732067+00:00,2,32572,79
2026-09-21T21:29:48.732067+00:00,3,32562,88
2026-09-21T21:29:53.788955+00:00,0,1196,0
2026-09-21T21:29:53.788955+00:00,1,1198,0
2026-09-21T21:29:53.788955+00:00,2,1196,0
2026-09-21T21:29:53.788955+00:00,3,1196,0
2026-09-21T21:29:58.845145+00:00,0,12094,99
2026-09-21T21:29:58.845145+00:00,1,12034,97
2026-09-21T21:29:58.845145+00:00,2,11754,100
2026-09-21T21:29:58.845145+00:00,3,12056,99
2026-09-21T21:30:03.912313+00:00,0,12300,99
2026-09-21T21:30:03.912313+00:00,1,12438,99
2026-09-21T21:30:03.912313+00:00,2,12278,99
2026-09-21T21:30:03.912313+00:00,3,12260,99
2026-09-21T21:30:08.985436+00:00,0,10808,99
2026-09-21T21:30:08.985436+00:00,1,10808,67
2026-09-21T21:30:08.985436+00:00,2,10808,98
2026-09-21T21:30:08.985436+00:00,3,10808,99
2026-09-21T21:30:14.074869+00:00,0,25422,99
2026-09-21T21:30:14.074869+00:00,1,25382,99
2026-09-21T21:30:14.074869+00:00,2,25402,99
2026-09-21T21:30:14.074869+00:00,3,25422,99
2026-09-21T21:30:19.175428+00:00,0,25564,99
2026-09-21T21:30:19.175428+00:00,1,25544,99
2026-09-21T21:30:19.175428+00:00,2,25504,99
2026-09-21T21:30:19.175428+00:00,3,25564,99
2026-09-21T21:30:24.254504+00:00,0,28606,98
2026-09-21T21:30:24.254504+00:00,1,26864,98
2026-09-21T21:30:24.254504+00:00,2,28646,97
2026-09-21T21:30:24.254504+00:00,3,27864,98
2026-09-21T21:30:29.327686+00:00,0,28908,99
2026-09-21T21:30:29.327686+00:00,1,29468,99
2026-09-21T21:30:29.327686+00:00,2,28788,99
2026-09-21T21:30:29.327686+00:00,3,29088,99
2026-09-21T21:30:34.402914+00:00,0,29008,99
2026-09-21T21:30:34.402914+00:00,1,29468,99
2026-09-21T21:30:34.402914+00:00,2,28788,99
2026-09-21T21:30:34.402914+00:00,3,29088,99
2026-09-21T21:30:39.471823+00:00,0,29010,90
2026-09-21T21:30:39.471823+00:00,1,29470,95
2026-09-21T21:30:39.471823+00:00,2,28790,89
2026-09-21T21:30:39.471823+00:00,3,29090,87
2026-09-21T21:30:44.540113+00:00,0,29012,95
2026-09-21T21:30:44.540113+00:00,1,29472,96
2026-09-21T21:30:44.540113+00:00,2,28792,96
2026-09-21T21:30:44.540113+00:00,3,29092,95
2026-09-21T21:30:49.615928+00:00,0,29012,99
2026-09-21T21:30:49.615928+00:00,1,29474,99
2026-09-21T21:30:49.615928+00:00,2,28792,99
2026-09-21T21:30:49.615928+00:00,3,29094,99
2026-09-21T21:30:54.688436+00:00,0,7744,82
2026-09-21T21:30:54.688436+00:00,1,7744,83
2026-09-21T21:30:54.688436+00:00,2,7744,77
2026-09-21T21:30:54.688436+00:00,3,7744,81
2026-09-21T21:30:59.755154+00:00,0,10414,8
2026-09-21T21:30:59.755154+00:00,1,10742,9
2026-09-21T21:30:59.755154+00:00,2,10600,9
2026-09-21T21:30:59.755154+00:00,3,10414,9
2026-09-21T21:31:04.815499+00:00,0,11050,49
2026-09-21T21:31:04.815499+00:00,1,11050,39
2026-09-21T21:31:04.815499+00:00,2,11050,17
2026-09-21T21:31:04.815499+00:00,3,11050,27
2026-09-21T21:31:09.876179+00:00,0,4774,0
2026-09-21T21:31:09.876179+00:00,1,32440,0
2026-09-21T21:31:09.876179+00:00,2,32438,0
2026-09-21T21:31:09.876179+00:00,3,32438,0
2026-09-21T21:31:14.925248+00:00,0,32598,77
2026-09-21T21:31:14.925248+00:00,1,32602,74
2026-09-21T21:31:14.925248+00:00,2,32600,76
2026-09-21T21:31:14.925248+00:00,3,32604,75
2026-09-21T21:31:19.991718+00:00,0,32598,78
2026-09-21T21:31:19.991718+00:00,1,32602,75
2026-09-21T21:31:19.991718+00:00,2,32600,79
2026-09-21T21:31:19.991718+00:00,3,32604,79
2026-09-21T21:31:25.058499+00:00,0,32598,82
2026-09-21T21:31:25.058499+00:00,1,32602,74
2026-09-21T21:31:25.058499+00:00,2,32600,76
2026-09-21T21:31:25.058499+00:00,3,32604,77
2026-09-21T21:31:30.125952+00:00,0,32598,79
2026-09-21T21:31:30.125952+00:00,1,32602,76
2026-09-21T21:31:30.125952+00:00,2,32600,78
2026-09-21T21:31:30.125952+00:00,3,32604,76
2026-09-21T21:31:35.194291+00:00,0,32598,81
2026-09-21T21:31:35.194291+00:00,1,32602,75
2026-09-21T21:31:35.194291+00:00,2,32600,78
2026-09-21T21:31:35.194291+00:00,3,32604,78
2026-09-21T21:31:40.256342+00:00,0,32598,80
2026-09-21T21:31:40.256342+00:00,1,32602,77
2026-09-21T21:31:40.256342+00:00,2,32600,82
2026-09-21T21:31:40.256342+00:00,3,32604,76
2026-09-21T21:31:45.324458+00:00,0,32598,78
2026-09-21T21:31:45.324458+00:00,1,32602,78
2026-09-21T21:31:45.324458+00:00,2,32600,79
2026-09-21T21:31:45.324458+00:00,3,32604,76
2026-09-21T21:31:50.390182+00:00,0,32598,79
2026-09-21T21:31:50.390182+00:00,1,32602,81
2026-09-21T21:31:50.390182+00:00,2,32600,79
2026-09-21T21:31:50.390182+00:00,3,32604,81
2026-09-21T21:31:55.457514+00:00,0,32598,82
2026-09-21T21:31:55.457514+00:00,1,32602,83
2026-09-21T21:31:55.457514+00:00,2,32600,83
2026-09-21T21:31:55.457514+00:00,3,32604,79
2026-09-21T21:32:00.525662+00:00,0,32598,82
2026-09-21T21:32:00.525662+00:00,1,32602,81
2026-09-21T21:32:00.525662+00:00,2,32600,86
2026-09-21T21:32:00.525662+00:00,3,32604,80
2026-09-21T21:32:05.591600+00:00,0,32598,78
2026-09-21T21:32:05.591600+00:00,1,32602,81
2026-09-21T21:32:05.591600+00:00,2,32600,79
2026-09-21T21:32:05.591600+00:00,3,32604,81
2026-09-21T21:32:10.659137+00:00,0,32598,79
2026-09-21T21:32:10.659137+00:00,1,32602,82
2026-09-21T21:32:10.659137+00:00,2,32600,80
2026-09-21T21:32:10.659137+00:00,3,32604,82
2026-09-21T21:32:15.728579+00:00,0,32598,82
2026-09-21T21:32:15.728579+00:00,1,32602,84
2026-09-21T21:32:15.728579+00:00,2,32600,81
2026-09-21T21:32:15.728579+00:00,3,32604,82
2026-09-21T21:32:20.795748+00:00,0,32598,84
2026-09-21T21:32:20.795748+00:00,1,32602,84
2026-09-21T21:32:20.795748+00:00,2,32600,84
2026-09-21T21:32:20.795748+00:00,3,32604,82
2026-09-21T21:32:25.863320+00:00,0,32598,89
2026-09-21T21:32:25.863320+00:00,1,32602,86
2026-09-21T21:32:25.863320+00:00,2,32600,82
2026-09-21T21:32:25.863320+00:00,3,32604,82
2026-09-21T21:32:30.938177+00:00,0,32598,86
2026-09-21T21:32:30.938177+00:00,1,32602,88
2026-09-21T21:32:30.938177+00:00,2,32600,89
2026-09-21T21:32:30.938177+00:00,3,32604,89
2026-09-21T21:32:35.998372+00:00,0,32598,82
2026-09-21T21:32:35.998372+00:00,1,32602,81
2026-09-21T21:32:35.998372+00:00,2,32600,85
2026-09-21T21:32:35.998372+00:00,3,32604,87
2026-09-21T21:32:41.067281+00:00,0,32598,83
2026-09-21T21:32:41.067281+00:00,1,32602,81
2026-09-21T21:32:41.067281+00:00,2,32600,82
2026-09-21T21:32:41.067281+00:00,3,32604,81
2026-09-21T21:32:46.134543+00:00,0,32598,82
2026-09-21T21:32:46.134543+00:00,1,32602,85
2026-09-21T21:32:46.134543+00:00,2,32600,84
2026-09-21T21:32:46.134543+00:00,3,32604,88
2026-09-21T21:32:51.205530+00:00,0,32598,83
2026-09-21T21:32:51.205530+00:00,1,32602,84
2026-09-21T21:32:51.205530+00:00,2,32600,88
2026-09-21T21:32:51.205530+00:00,3,32604,86
2026-09-21T21:32:56.273489+00:00,0,32598,83
2026-09-21T21:32:56.273489+00:00,1,32602,85
2026-09-21T21:32:56.273489+00:00,2,32600,89
2026-09-21T21:32:56.273489+00:00,3,32604,82
2026-09-21T21:33:01.331918+00:00,0,32598,84
2026-09-21T21:33:01.331918+00:00,1,32602,85
2026-09-21T21:33:01.331918+00:00,2,32600,80
2026-09-21T21:33:01.331918+00:00,3,32604,81
2026-09-21T21:33:06.394724+00:00,0,32598,85
2026-09-21T21:33:06.394724+00:00,1,32602,85
2026-09-21T21:33:06.394724+00:00,2,32600,83
2026-09-21T21:33:06.394724+00:00,3,32604,85
2026-09-21T21:33:11.466655+00:00,0,32598,79
2026-09-21T21:33:11.466655+00:00,1,32602,82
2026-09-21T21:33:11.466655+00:00,2,32600,83
2026-09-21T21:33:11.466655+00:00,3,32604,84
2026-09-21T21:33:16.549194+00:00,0,1356,100
2026-09-21T21:33:16.549194+00:00,1,1360,100
2026-09-21T21:33:16.549194+00:00,2,1358,100
2026-09-21T21:33:16.549194+00:00,3,1362,100
2026-09-21T21:33:21.601430+00:00,0,11674,99
2026-09-21T21:33:21.601430+00:00,1,11694,99
2026-09-21T21:33:21.601430+00:00,2,11694,99
2026-09-21T21:33:21.601430+00:00,3,11674,99
2026-09-21T21:33:26.683773+00:00,0,11820,99
2026-09-21T21:33:26.683773+00:00,1,11738,99
2026-09-21T21:33:26.683773+00:00,2,11798,99
2026-09-21T21:33:26.683773+00:00,3,11738,98
2026-09-21T21:33:31.756941+00:00,0,6428,99
2026-09-21T21:33:31.756941+00:00,1,6388,98
2026-09-21T21:33:31.756941+00:00,2,6488,99
2026-09-21T21:33:31.756941+00:00,3,6368,99
2026-09-21T21:33:36.834225+00:00,0,25882,99
2026-09-21T21:33:36.834225+00:00,1,25782,99
2026-09-21T21:33:36.834225+00:00,2,26522,99
2026-09-21T21:33:36.834225+00:00,3,26542,99
2026-09-21T21:33:41.907991+00:00,0,25884,98
2026-09-21T21:33:41.907991+00:00,1,25784,89
2026-09-21T21:33:41.907991+00:00,2,26524,99
2026-09-21T21:33:41.907991+00:00,3,26542,98
2026-09-21T21:33:46.986038+00:00,0,25884,99
2026-09-21T21:33:46.986038+00:00,1,25784,99
2026-09-21T21:33:46.986038+00:00,2,26524,99
2026-09-21T21:33:46.986038+00:00,3,26544,99
2026-09-21T21:33:52.049350+00:00,0,27288,99
2026-09-21T21:33:52.049350+00:00,1,27028,99
2026-09-21T21:33:52.049350+00:00,2,26868,98
2026-09-21T21:33:52.049350+00:00,3,26808,98
2026-09-21T21:33:57.123347+00:00,0,27288,98
2026-09-21T21:33:57.123347+00:00,1,27028,98
2026-09-21T21:33:57.123347+00:00,2,26868,98
2026-09-21T21:33:57.123347+00:00,3,26808,98
2026-09-21T21:34:02.193192+00:00,0,27290,99
2026-09-21T21:34:02.193192+00:00,1,27030,99
2026-09-21T21:34:02.193192+00:00,2,26870,99
2026-09-21T21:34:02.193192+00:00,3,26810,99
2026-09-21T21:34:07.264054+00:00,0,27292,98
2026-09-21T21:34:07.264054+00:00,1,27032,98
2026-09-21T21:34:07.264054+00:00,2,26870,98
2026-09-21T21:34:07.264054+00:00,3,26810,98
2026-09-21T21:34:12.341717+00:00,0,27294,99
2026-09-21T21:34:12.341717+00:00,1,27034,99
2026-09-21T21:34:12.341717+00:00,2,26874,99
2026-09-21T21:34:12.341717+00:00,3,26814,99
2026-09-21T21:34:17.415320+00:00,0,9720,6
2026-09-21T21:34:17.415320+00:00,1,9720,6
2026-09-21T21:34:17.415320+00:00,2,9720,6
2026-09-21T21:34:17.415320+00:00,3,9720,6
2026-09-21T21:34:22.476479+00:00,0,10764,8
2026-09-21T21:34:22.476479+00:00,1,11010,6
2026-09-21T21:34:22.476479+00:00,2,11050,8
2026-09-21T21:34:22.476479+00:00,3,10744,7
2026-09-21T21:34:27.536966+00:00,0,13910,42
2026-09-21T21:34:27.536966+00:00,1,14090,37
2026-09-21T21:34:27.536966+00:00,2,14190,39
2026-09-21T21:34:27.536966+00:00,3,13970,40
2026-09-21T21:34:32.599364+00:00,0,32568,74
2026-09-21T21:34:32.599364+00:00,1,32546,82
2026-09-21T21:34:32.599364+00:00,2,32548,72
2026-09-21T21:34:32.599364+00:00,3,32552,76
2026-09-21T21:34:37.662976+00:00,0,32568,80
2026-09-21T21:34:37.662976+00:00,1,32546,75
2026-09-21T21:34:37.662976+00:00,2,32548,73
2026-09-21T21:34:37.662976+00:00,3,32552,75
2026-09-21T21:34:42.729165+00:00,0,32568,76
2026-09-21T21:34:42.729165+00:00,1,32546,79
2026-09-21T21:34:42.729165+00:00,2,32548,76
2026-09-21T21:34:42.729165+00:00,3,32552,75
2026-09-21T21:34:47.795547+00:00,0,32568,75
2026-09-21T21:34:47.795547+00:00,1,32546,73
2026-09-21T21:34:47.795547+00:00,2,32548,75
2026-09-21T21:34:47.795547+00:00,3,32552,80
2026-09-21T21:34:52.862519+00:00,0,32568,76
2026-09-21T21:34:52.862519+00:00,1,32546,76
2026-09-21T21:34:52.862519+00:00,2,32548,85
2026-09-21T21:34:52.862519+00:00,3,32552,77
2026-09-21T21:34:57.928638+00:00,0,32568,78
2026-09-21T21:34:57.928638+00:00,1,32546,78
2026-09-21T21:34:57.928638+00:00,2,32548,81
2026-09-21T21:34:57.928638+00:00,3,32552,80
2026-09-21T21:35:02.996354+00:00,0,32568,78
2026-09-21T21:35:02.996354+00:00,1,32546,80
2026-09-21T21:35:02.996354+00:00,2,32548,79
2026-09-21T21:35:02.996354+00:00,3,32552,79
2026-09-21T21:35:08.063072+00:00,0,32568,78
2026-09-21T21:35:08.063072+00:00,1,32546,80
2026-09-21T21:35:08.063072+00:00,2,32548,79
2026-09-21T21:35:08.063072+00:00,3,32552,79
2026-09-21T21:35:13.128100+00:00,0,32568,79
2026-09-21T21:35:13.128100+00:00,1,32546,79
2026-09-21T21:35:13.128100+00:00,2,32548,79
2026-09-21T21:35:13.128100+00:00,3,32552,78
2026-09-21T21:35:18.193196+00:00,0,32568,79
2026-09-21T21:35:18.193196+00:00,1,32546,78
2026-09-21T21:35:18.193196+00:00,2,32548,79
2026-09-21T21:35:18.193196+00:00,3,32552,80
2026-09-21T21:35:23.258659+00:00,0,32568,83
2026-09-21T21:35:23.258659+00:00,1,32546,80
2026-09-21T21:35:23.258659+00:00,2,32548,80
2026-09-21T21:35:23.258659+00:00,3,32552,81
2026-09-21T21:35:28.325838+00:00,0,32568,80
2026-09-21T21:35:28.325838+00:00,1,32546,82
2026-09-21T21:35:28.325838+00:00,2,32548,80
2026-09-21T21:35:28.325838+00:00,3,32552,80
2026-09-21T21:35:33.394713+00:00,0,32568,81
2026-09-21T21:35:33.394713+00:00,1,32546,80
2026-09-21T21:35:33.394713+00:00,2,32548,84
2026-09-21T21:35:33.394713+00:00,3,32552,83
2026-09-21T21:35:38.456012+00:00,0,32568,89
2026-09-21T21:35:38.456012+00:00,1,32546,83
2026-09-21T21:35:38.456012+00:00,2,32548,82
2026-09-21T21:35:38.456012+00:00,3,32552,85
2026-09-21T21:35:43.525254+00:00,0,32568,88
2026-09-21T21:35:43.525254+00:00,1,32546,83
2026-09-21T21:35:43.525254+00:00,2,32548,88
2026-09-21T21:35:43.525254+00:00,3,32552,86
2026-09-21T21:35:48.585826+00:00,0,32568,86
2026-09-21T21:35:48.585826+00:00,1,32546,84
2026-09-21T21:35:48.585826+00:00,2,32548,82
2026-09-21T21:35:48.585826+00:00,3,32552,86
2026-09-21T21:35:53.653525+00:00,0,32568,82
2026-09-21T21:35:53.653525+00:00,1,32546,82
2026-09-21T21:35:53.653525+00:00,2,32548,84
2026-09-21T21:35:53.653525+00:00,3,32552,83
2026-09-21T21:35:58.722541+00:00,0,32568,80
2026-09-21T21:35:58.722541+00:00,1,32546,81
2026-09-21T21:35:58.722541+00:00,2,32548,85
2026-09-21T21:35:58.722541+00:00,3,32552,86
2026-09-21T21:36:03.788383+00:00,0,32568,81
2026-09-21T21:36:03.788383+00:00,1,32546,80
2026-09-21T21:36:03.788383+00:00,2,32548,85
2026-09-21T21:36:03.788383+00:00,3,32552,82
2026-09-21T21:36:08.860622+00:00,0,32568,82
2026-09-21T21:36:08.860622+00:00,1,32546,81
2026-09-21T21:36:08.860622+00:00,2,32548,82
2026-09-21T21:36:08.860622+00:00,3,32552,81
2026-09-21T21:36:13.921833+00:00,0,32568,84
2026-09-21T21:36:13.921833+00:00,1,32546,83
2026-09-21T21:36:13.921833+00:00,2,32548,83
2026-09-21T21:36:13.921833+00:00,3,32552,84
2026-09-21T21:36:18.990947+00:00,0,32568,85
2026-09-21T21:36:18.990947+00:00,1,32546,84
2026-09-21T21:36:18.990947+00:00,2,32548,88
2026-09-21T21:36:18.990947+00:00,3,32552,85
2026-09-21T21:36:24.063105+00:00,0,32568,85
2026-09-21T21:36:24.063105+00:00,1,32546,82
2026-09-21T21:36:24.063105+00:00,2,32548,82
2026-09-21T21:36:24.063105+00:00,3,32552,85
2026-09-21T21:36:29.132288+00:00,0,32568,84
2026-09-21T21:36:29.132288+00:00,1,32546,86
2026-09-21T21:36:29.132288+00:00,2,32548,84
2026-09-21T21:36:29.132288+00:00,3,32552,85
2026-09-21T21:36:34.201832+00:00,0,32568,88
2026-09-21T21:36:34.201832+00:00,1,32546,82
2026-09-21T21:36:34.201832+00:00,2,32548,81
2026-09-21T21:36:34.201832+00:00,3,32552,84
2026-09-21T21:36:39.262936+00:00,0,32568,25
2026-09-21T21:36:39.262936+00:00,1,32546,0
2026-09-21T21:36:39.262936+00:00,2,32548,80
2026-09-21T21:36:39.262936+00:00,3,32552,84
2026-09-21T21:36:44.318548+00:00,0,11612,99
2026-09-21T21:36:44.318548+00:00,1,11572,99
2026-09-21T21:36:44.318548+00:00,2,11572,99
2026-09-21T21:36:44.318548+00:00,3,11552,99
2026-09-21T21:36:49.390776+00:00,0,12758,99
2026-09-21T21:36:49.390776+00:00,1,12838,100
2026-09-21T21:36:49.390776+00:00,2,12818,94
2026-09-21T21:36:49.390776+00:00,3,12838,100
2026-09-21T21:36:54.459907+00:00,0,12762,99
2026-09-21T21:36:54.459907+00:00,1,12842,99
2026-09-21T21:36:54.459907+00:00,2,12822,99
2026-09-21T21:36:54.459907+00:00,3,12842,99
2026-09-21T21:36:59.527870+00:00,0,25260,99
2026-09-21T21:36:59.527870+00:00,1,25260,98
2026-09-21T21:36:59.527870+00:00,2,25280,98
2026-09-21T21:36:59.527870+00:00,3,25260,98
2026-09-21T21:37:04.597161+00:00,0,25442,99
2026-09-21T21:37:04.597161+00:00,1,25422,99
2026-09-21T21:37:04.597161+00:00,2,25482,99
2026-09-21T21:37:04.597161+00:00,3,25502,99
2026-09-21T21:37:09.687355+00:00,0,29444,99
2026-09-21T21:37:09.687355+00:00,1,28824,99
2026-09-21T21:37:09.687355+00:00,2,28824,98
2026-09-21T21:37:09.687355+00:00,3,28704,99
2026-09-21T21:37:14.768000+00:00,0,30206,99
2026-09-21T21:37:14.768000+00:00,1,30346,98
2026-09-21T21:37:14.768000+00:00,2,30266,99
2026-09-21T21:37:14.768000+00:00,3,29446,98
2026-09-21T21:37:19.842994+00:00,0,31008,98
2026-09-21T21:37:19.842994+00:00,1,31068,98
2026-09-21T21:37:19.842994+00:00,2,30728,99
2026-09-21T21:37:19.842994+00:00,3,31008,98
2026-09-21T21:37:24.918224+00:00,0,31010,99
2026-09-21T21:37:24.918224+00:00,1,31070,99
2026-09-21T21:37:24.918224+00:00,2,30730,100
2026-09-21T21:37:24.918224+00:00,3,31010,99
2026-09-21T21:37:29.993602+00:00,0,31010,99
2026-09-21T21:37:29.993602+00:00,1,31070,99
2026-09-21T21:37:29.993602+00:00,2,30730,99
2026-09-21T21:37:29.993602+00:00,3,31010,99
2026-09-21T21:37:35.066595+00:00,0,31012,99
2026-09-21T21:37:35.066595+00:00,1,31072,99
2026-09-21T21:37:35.066595+00:00,2,30732,98
2026-09-21T21:37:35.066595+00:00,3,31012,99
2026-09-21T21:37:40.139651+00:00,0,8978,84
2026-09-21T21:37:40.139651+00:00,1,9538,84
2026-09-21T21:37:40.139651+00:00,2,9238,83
2026-09-21T21:37:40.139651+00:00,3,9358,84
2026-09-21T21:37:45.206294+00:00,0,9720,7
2026-09-21T21:37:45.206294+00:00,1,9720,7
2026-09-21T21:37:45.206294+00:00,2,9720,7
2026-09-21T21:37:45.206294+00:00,3,9720,7
2026-09-21T21:37:50.264188+00:00,0,11050,28
2026-09-21T21:37:50.264188+00:00,1,11050,21
2026-09-21T21:37:50.264188+00:00,2,11050,29
2026-09-21T21:37:50.264188+00:00,3,11050,16
2026-09-21T21:37:55.317416+00:00,0,4774,94
2026-09-21T21:37:55.317416+00:00,1,4776,88
2026-09-21T21:37:55.317416+00:00,2,4774,87
2026-09-21T21:37:55.317416+00:00,3,4774,97
2026-09-21T21:38:00.372552+00:00,0,32544,78
2026-09-21T21:38:00.372552+00:00,1,32570,69
2026-09-21T21:38:00.372552+00:00,2,32560,84
2026-09-21T21:38:00.372552+00:00,3,32568,76
2026-09-21T21:38:05.438889+00:00,0,32544,74
2026-09-21T21:38:05.438889+00:00,1,32570,78
2026-09-21T21:38:05.438889+00:00,2,32560,76
2026-09-21T21:38:05.438889+00:00,3,32568,75
2026-09-21T21:38:10.505642+00:00,0,32544,75
2026-09-21T21:38:10.505642+00:00,1,32570,74
2026-09-21T21:38:10.505642+00:00,2,32560,75
2026-09-21T21:38:10.505642+00:00,3,32568,75
2026-09-21T21:38:15.571605+00:00,0,32544,85
2026-09-21T21:38:15.571605+00:00,1,32570,79
2026-09-21T21:38:15.571605+00:00,2,32560,80
2026-09-21T21:38:15.571605+00:00,3,32568,76
2026-09-21T21:38:20.635482+00:00,0,32544,80
2026-09-21T21:38:20.635482+00:00,1,32570,79
2026-09-21T21:38:20.635482+00:00,2,32560,77
2026-09-21T21:38:20.635482+00:00,3,32568,76
2026-09-21T21:38:25.704227+00:00,0,32544,80
2026-09-21T21:38:25.704227+00:00,1,32570,85
2026-09-21T21:38:25.704227+00:00,2,32560,81
2026-09-21T21:38:25.704227+00:00,3,32568,77
2026-09-21T21:38:30.769428+00:00,0,32544,83
2026-09-21T21:38:30.769428+00:00,1,32570,83
2026-09-21T21:38:30.769428+00:00,2,32560,85
2026-09-21T21:38:30.769428+00:00,3,32568,78
2026-09-21T21:38:35.832282+00:00,0,32544,79
2026-09-21T21:38:35.832282+00:00,1,32570,78
2026-09-21T21:38:35.832282+00:00,2,32560,77
2026-09-21T21:38:35.832282+00:00,3,32568,77
2026-09-21T21:38:40.898751+00:00,0,32544,81
2026-09-21T21:38:40.898751+00:00,1,32570,79
2026-09-21T21:38:40.898751+00:00,2,32560,88
2026-09-21T21:38:40.898751+00:00,3,32568,81
2026-09-21T21:38:45.958333+00:00,0,32544,82
2026-09-21T21:38:45.958333+00:00,1,32570,83
2026-09-21T21:38:45.958333+00:00,2,32560,84
2026-09-21T21:38:45.958333+00:00,3,32568,80
2026-09-21T21:38:51.027631+00:00,0,32544,78
2026-09-21T21:38:51.027631+00:00,1,32570,82
2026-09-21T21:38:51.027631+00:00,2,32560,78
2026-09-21T21:38:51.027631+00:00,3,32568,84
2026-09-21T21:38:56.093320+00:00,0,32544,85
2026-09-21T21:38:56.093320+00:00,1,32570,81
2026-09-21T21:38:56.093320+00:00,2,32560,82
2026-09-21T21:38:56.093320+00:00,3,32568,81
2026-09-21T21:39:01.163367+00:00,0,32544,82
2026-09-21T21:39:01.163367+00:00,1,32570,89
2026-09-21T21:39:01.163367+00:00,2,32560,89
2026-09-21T21:39:01.163367+00:00,3,32568,83
2026-09-21T21:39:06.251804+00:00,0,32544,86
2026-09-21T21:39:06.251804+00:00,1,32570,80
2026-09-21T21:39:06.251804+00:00,2,32560,81
2026-09-21T21:39:06.251804+00:00,3,32568,85
2026-09-21T21:39:11.319353+00:00,0,32544,84
2026-09-21T21:39:11.319353+00:00,1,32570,84
2026-09-21T21:39:11.319353+00:00,2,32560,84
2026-09-21T21:39:11.319353+00:00,3,32568,81
2026-09-21T21:39:16.390629+00:00,0,32544,84
2026-09-21T21:39:16.390629+00:00,1,32570,82
2026-09-21T21:39:16.390629+00:00,2,32560,81
2026-09-21T21:39:16.390629+00:00,3,32568,84
2026-09-21T21:39:21.450998+00:00,0,32544,83
2026-09-21T21:39:21.450998+00:00,1,32570,83
2026-09-21T21:39:21.450998+00:00,2,32560,82
2026-09-21T21:39:21.450998+00:00,3,32568,82
2026-09-21T21:39:26.520577+00:00,0,32544,85
2026-09-21T21:39:26.520577+00:00,1,32570,84
2026-09-21T21:39:26.520577+00:00,2,32560,85
2026-09-21T21:39:26.520577+00:00,3,32568,83
2026-09-21T21:39:31.589099+00:00,0,32544,83
2026-09-21T21:39:31.589099+00:00,1,32570,84
2026-09-21T21:39:31.589099+00:00,2,32560,85
2026-09-21T21:39:31.589099+00:00,3,32568,81
2026-09-21T21:39:36.656703+00:00,0,32544,82
2026-09-21T21:39:36.656703+00:00,1,32570,82
2026-09-21T21:39:36.656703+00:00,2,32560,83
2026-09-21T21:39:36.656703+00:00,3,32568,83
2026-09-21T21:39:41.725768+00:00,0,32544,83
2026-09-21T21:39:41.725768+00:00,1,32570,86
2026-09-21T21:39:41.725768+00:00,2,32560,82
2026-09-21T21:39:41.725768+00:00,3,32568,83
2026-09-21T21:39:46.785888+00:00,0,32544,82
2026-09-21T21:39:46.785888+00:00,1,32570,84
2026-09-21T21:39:46.785888+00:00,2,32560,87
2026-09-21T21:39:46.785888+00:00,3,32568,86
2026-09-21T21:39:51.854061+00:00,0,32544,83
2026-09-21T21:39:51.854061+00:00,1,32570,86
2026-09-21T21:39:51.854061+00:00,2,32560,84
2026-09-21T21:39:51.854061+00:00,3,32568,84
2026-09-21T21:39:56.921102+00:00,0,32544,0
2026-09-21T21:39:56.921102+00:00,1,32570,0
2026-09-21T21:39:56.921102+00:00,2,32560,83
2026-09-21T21:39:56.921102+00:00,3,32568,0
2026-09-21T21:40:01.971296+00:00,0,11852,98
2026-09-21T21:40:01.971296+00:00,1,11892,99
2026-09-21T21:40:01.971296+00:00,2,11872,99
2026-09-21T21:40:01.971296+00:00,3,11832,99
2026-09-21T21:40:07.038695+00:00,0,11938,99
2026-09-21T21:40:07.038695+00:00,1,11938,99
2026-09-21T21:40:07.038695+00:00,2,11938,99
2026-09-21T21:40:07.038695+00:00,3,11958,99
2026-09-21T21:40:12.114181+00:00,0,6788,98
2026-09-21T21:40:12.114181+00:00,1,6828,99
2026-09-21T21:40:12.114181+00:00,2,6848,99
2026-09-21T21:40:12.114181+00:00,3,6828,99
2026-09-21T21:40:17.185443+00:00,0,27782,99
2026-09-21T21:40:17.185443+00:00,1,27682,98
2026-09-21T21:40:17.185443+00:00,2,27722,98
2026-09-21T21:40:17.185443+00:00,3,27402,99
2026-09-21T21:40:22.260371+00:00,0,28244,99
2026-09-21T21:40:22.260371+00:00,1,28044,98
2026-09-21T21:40:22.260371+00:00,2,27964,98
2026-09-21T21:40:22.260371+00:00,3,27824,99
2026-09-21T21:40:27.332963+00:00,0,28246,99
2026-09-21T21:40:27.332963+00:00,1,28126,99
2026-09-21T21:40:27.332963+00:00,2,28386,99
2026-09-21T21:40:27.332963+00:00,3,27886,99
2026-09-21T21:40:32.405406+00:00,0,28248,98
2026-09-21T21:40:32.405406+00:00,1,28128,99
2026-09-21T21:40:32.405406+00:00,2,28388,99
2026-09-21T21:40:32.405406+00:00,3,28608,99
2026-09-21T21:40:37.470786+00:00,0,28430,99
2026-09-21T21:40:37.470786+00:00,1,28430,99
2026-09-21T21:40:37.470786+00:00,2,28390,99
2026-09-21T21:40:37.470786+00:00,3,28610,99
2026-09-21T21:40:42.546186+00:00,0,28432,99
2026-09-21T21:40:42.546186+00:00,1,28430,99
2026-09-21T21:40:42.546186+00:00,2,28392,98
2026-09-21T21:40:42.546186+00:00,3,28610,98
2026-09-21T21:40:47.611433+00:00,0,28434,98
2026-09-21T21:40:47.611433+00:00,1,28434,99
2026-09-21T21:40:47.611433+00:00,2,28394,99
2026-09-21T21:40:47.611433+00:00,3,28614,99
2026-09-21T21:40:52.677330+00:00,0,9536,74
2026-09-21T21:40:52.677330+00:00,1,9536,85
2026-09-21T21:40:52.677330+00:00,2,9536,62
2026-09-21T21:40:52.677330+00:00,3,9536,75
2026-09-21T21:40:57.741769+00:00,0,10436,8
2026-09-21T21:40:57.741769+00:00,1,10662,6
2026-09-21T21:40:57.741769+00:00,2,10272,5
2026-09-21T21:40:57.741769+00:00,3,10518,7
2026-09-21T21:41:02.800960+00:00,0,11050,27
2026-09-21T21:41:02.800960+00:00,1,11050,34
2026-09-21T21:41:02.800960+00:00,2,11050,27
2026-09-21T21:41:02.800960+00:00,3,11050,19
2026-09-21T21:41:07.860435+00:00,0,4774,0
2026-09-21T21:41:07.860435+00:00,1,32440,0
2026-09-21T21:41:07.860435+00:00,2,32438,0
2026-09-21T21:41:07.860435+00:00,3,4774,0
2026-09-21T21:41:12.909598+00:00,0,32556,78
2026-09-21T21:41:12.909598+00:00,1,32552,80
2026-09-21T21:41:12.909598+00:00,2,32556,73
2026-09-21T21:41:12.909598+00:00,3,32556,75
2026-09-21T21:41:17.972156+00:00,0,32556,77
2026-09-21T21:41:17.972156+00:00,1,32552,75
2026-09-21T21:41:17.972156+00:00,2,32556,77
2026-09-21T21:41:17.972156+00:00,3,32556,76
2026-09-21T21:41:23.036934+00:00,0,32556,75
2026-09-21T21:41:23.036934+00:00,1,32552,76
2026-09-21T21:41:23.036934+00:00,2,32556,77
2026-09-21T21:41:23.036934+00:00,3,32556,80
2026-09-21T21:41:28.094899+00:00,0,32556,76
2026-09-21T21:41:28.094899+00:00,1,32552,78
2026-09-21T21:41:28.094899+00:00,2,32556,74
2026-09-21T21:41:28.094899+00:00,3,32556,78
2026-09-21T21:41:33.161179+00:00,0,32556,78
2026-09-21T21:41:33.161179+00:00,1,32552,76
2026-09-21T21:41:33.161179+00:00,2,32556,78
2026-09-21T21:41:33.161179+00:00,3,32556,78
2026-09-21T21:41:38.224843+00:00,0,32556,82
2026-09-21T21:41:38.224843+00:00,1,32552,82
2026-09-21T21:41:38.224843+00:00,2,32556,79
2026-09-21T21:41:38.224843+00:00,3,32556,76
2026-09-21T21:41:43.281187+00:00,0,32556,79
2026-09-21T21:41:43.281187+00:00,1,32552,77
2026-09-21T21:41:43.281187+00:00,2,32556,81
2026-09-21T21:41:43.281187+00:00,3,32556,79
2026-09-21T21:41:48.345651+00:00,0,32556,81
2026-09-21T21:41:48.345651+00:00,1,32552,80
2026-09-21T21:41:48.345651+00:00,2,32556,83
2026-09-21T21:41:48.345651+00:00,3,32556,80
2026-09-21T21:41:53.401114+00:00,0,32556,83
2026-09-21T21:41:53.401114+00:00,1,32552,81
2026-09-21T21:41:53.401114+00:00,2,32556,80
2026-09-21T21:41:53.401114+00:00,3,32556,81
2026-09-21T21:41:58.464194+00:00,0,32556,82
2026-09-21T21:41:58.464194+00:00,1,32552,79
2026-09-21T21:41:58.464194+00:00,2,32556,77
2026-09-21T21:41:58.464194+00:00,3,32556,79
2026-09-21T21:42:03.533066+00:00,0,32556,79
2026-09-21T21:42:03.533066+00:00,1,32552,79
2026-09-21T21:42:03.533066+00:00,2,32556,81
2026-09-21T21:42:03.533066+00:00,3,32556,81
2026-09-21T21:42:08.591907+00:00,0,32556,82
2026-09-21T21:42:08.591907+00:00,1,32552,81
2026-09-21T21:42:08.591907+00:00,2,32556,80
2026-09-21T21:42:08.591907+00:00,3,32556,81
2026-09-21T21:42:13.658963+00:00,0,32556,83
2026-09-21T21:42:13.658963+00:00,1,32552,83
2026-09-21T21:42:13.658963+00:00,2,32556,78
2026-09-21T21:42:13.658963+00:00,3,32556,82
2026-09-21T21:42:18.726852+00:00,0,32556,86
2026-09-21T21:42:18.726852+00:00,1,32552,83
2026-09-21T21:42:18.726852+00:00,2,32556,83
2026-09-21T21:42:18.726852+00:00,3,32556,84
2026-09-21T21:42:23.794180+00:00,0,32556,81
2026-09-21T21:42:23.794180+00:00,1,32552,82
2026-09-21T21:42:23.794180+00:00,2,32556,85
2026-09-21T21:42:23.794180+00:00,3,32556,81
2026-09-21T21:42:28.854053+00:00,0,32556,81
2026-09-21T21:42:28.854053+00:00,1,32552,82
2026-09-21T21:42:28.854053+00:00,2,32556,82
2026-09-21T21:42:28.854053+00:00,3,32556,83
2026-09-21T21:42:33.913464+00:00,0,32556,84
2026-09-21T21:42:33.913464+00:00,1,32552,83
2026-09-21T21:42:33.913464+00:00,2,32556,80
2026-09-21T21:42:33.913464+00:00,3,32556,81
2026-09-21T21:42:38.977534+00:00,0,32556,85
2026-09-21T21:42:38.977534+00:00,1,32552,84
2026-09-21T21:42:38.977534+00:00,2,32556,86
2026-09-21T21:42:38.977534+00:00,3,32556,84
2026-09-21T21:42:44.038103+00:00,0,32556,82
2026-09-21T21:42:44.038103+00:00,1,32552,86
2026-09-21T21:42:44.038103+00:00,2,32556,87
2026-09-21T21:42:44.038103+00:00,3,32556,81
2026-09-21T21:42:49.105835+00:00,0,32556,88
2026-09-21T21:42:49.105835+00:00,1,32552,82
2026-09-21T21:42:49.105835+00:00,2,32556,84
2026-09-21T21:42:49.105835+00:00,3,32556,84
2026-09-21T21:42:54.174233+00:00,0,32556,84
2026-09-21T21:42:54.174233+00:00,1,32552,83
2026-09-21T21:42:54.174233+00:00,2,32556,83
2026-09-21T21:42:54.174233+00:00,3,32556,87
2026-09-21T21:42:59.234639+00:00,0,32556,86
2026-09-21T21:42:59.234639+00:00,1,32552,82
2026-09-21T21:42:59.234639+00:00,2,32556,83
2026-09-21T21:42:59.234639+00:00,3,32556,86
2026-09-21T21:43:04.301345+00:00,0,32556,0
2026-09-21T21:43:04.301345+00:00,1,32552,83
2026-09-21T21:43:04.301345+00:00,2,32556,0
2026-09-21T21:43:04.301345+00:00,3,32556,0
2026-09-21T21:43:09.362629+00:00,0,11392,98
2026-09-21T21:43:09.362629+00:00,1,11612,99
2026-09-21T21:43:09.362629+00:00,2,11492,98
2026-09-21T21:43:09.362629+00:00,3,11712,99
2026-09-21T21:43:14.435287+00:00,0,11878,99
2026-09-21T21:43:14.435287+00:00,1,11838,98
2026-09-21T21:43:14.435287+00:00,2,11778,99
2026-09-21T21:43:14.435287+00:00,3,11738,99
2026-09-21T21:43:19.506528+00:00,0,6788,99
2026-09-21T21:43:19.506528+00:00,1,6788,99
2026-09-21T21:43:19.506528+00:00,2,6808,98
2026-09-21T21:43:19.506528+00:00,3,6788,99
2026-09-21T21:43:24.573717+00:00,0,26742,99
2026-09-21T21:43:24.573717+00:00,1,26622,99
2026-09-21T21:43:24.573717+00:00,2,25462,99
2026-09-21T21:43:24.573717+00:00,3,25442,99
2026-09-21T21:43:29.647198+00:00,0,28004,90
2026-09-21T21:43:29.647198+00:00,1,27024,87
2026-09-21T21:43:29.647198+00:00,2,27144,94
2026-09-21T21:43:29.647198+00:00,3,27164,89
2026-09-21T21:43:34.715872+00:00,0,28006,99
2026-09-21T21:43:34.715872+00:00,1,28646,99
2026-09-21T21:43:34.715872+00:00,2,27466,99
2026-09-21T21:43:34.715872+00:00,3,27686,98
2026-09-21T21:43:39.789145+00:00,0,28008,98
2026-09-21T21:43:39.789145+00:00,1,28648,99
2026-09-21T21:43:39.789145+00:00,2,29568,98
2026-09-21T21:43:39.789145+00:00,3,28948,99
2026-09-21T21:43:44.857714+00:00,0,28010,98
2026-09-21T21:43:44.857714+00:00,1,28650,99
2026-09-21T21:43:44.857714+00:00,2,29570,99
2026-09-21T21:43:44.857714+00:00,3,28950,98
2026-09-21T21:43:49.935898+00:00,0,28012,98
2026-09-21T21:43:49.935898+00:00,1,28652,98
2026-09-21T21:43:49.935898+00:00,2,29572,90
2026-09-21T21:43:49.935898+00:00,3,28950,99
2026-09-21T21:43:55.017789+00:00,0,28014,99
2026-09-21T21:43:55.017789+00:00,1,28654,99
2026-09-21T21:43:55.017789+00:00,2,29574,99
2026-09-21T21:43:55.017789+00:00,3,28954,99
2026-09-21T21:44:00.091104+00:00,0,9720,5
2026-09-21T21:44:00.091104+00:00,1,9720,6
2026-09-21T21:44:00.091104+00:00,2,9720,7
2026-09-21T21:44:00.091104+00:00,3,9720,6
2026-09-21T21:44:05.164659+00:00,0,10742,6
2026-09-21T21:44:05.164659+00:00,1,10866,7
2026-09-21T21:44:05.164659+00:00,2,11050,5
2026-09-21T21:44:05.164659+00:00,3,10824,6
2026-09-21T21:44:10.228781+00:00,0,13250,31
2026-09-21T21:44:10.228781+00:00,1,13430,40
2026-09-21T21:44:10.228781+00:00,2,13550,41
2026-09-21T21:44:10.228781+00:00,3,13370,41
2026-09-21T21:44:15.296624+00:00,0,32562,77
2026-09-21T21:44:15.296624+00:00,1,32568,72
2026-09-21T21:44:15.296624+00:00,2,32548,75
2026-09-21T21:44:15.296624+00:00,3,32566,72
2026-09-21T21:44:20.359892+00:00,0,32562,77
2026-09-21T21:44:20.359892+00:00,1,32568,80
2026-09-21T21:44:20.359892+00:00,2,32548,78
2026-09-21T21:44:20.359892+00:00,3,32566,76
2026-09-21T21:44:25.419441+00:00,0,32562,80
2026-09-21T21:44:25.419441+00:00,1,32568,76
2026-09-21T21:44:25.419441+00:00,2,32548,77
2026-09-21T21:44:25.419441+00:00,3,32566,76
2026-09-21T21:44:30.480945+00:00,0,32562,76
2026-09-21T21:44:30.480945+00:00,1,32568,79
2026-09-21T21:44:30.480945+00:00,2,32548,76
2026-09-21T21:44:30.480945+00:00,3,32566,78
2026-09-21T21:44:35.540189+00:00,0,32562,79
2026-09-21T21:44:35.540189+00:00,1,32568,80
2026-09-21T21:44:35.540189+00:00,2,32548,78
2026-09-21T21:44:35.540189+00:00,3,32566,84
2026-09-21T21:44:40.606553+00:00,0,32562,78
2026-09-21T21:44:40.606553+00:00,1,32568,84
2026-09-21T21:44:40.606553+00:00,2,32548,82
2026-09-21T21:44:40.606553+00:00,3,32566,78
2026-09-21T21:44:45.674341+00:00,0,32562,81
2026-09-21T21:44:45.674341+00:00,1,32568,77
2026-09-21T21:44:45.674341+00:00,2,32548,80
2026-09-21T21:44:45.674341+00:00,3,32566,83
2026-09-21T21:44:50.741292+00:00,0,32562,82
2026-09-21T21:44:50.741292+00:00,1,32568,86
2026-09-21T21:44:50.741292+00:00,2,32548,77
2026-09-21T21:44:50.741292+00:00,3,32566,82
2026-09-21T21:44:55.809140+00:00,0,32562,83
2026-09-21T21:44:55.809140+00:00,1,32568,78
2026-09-21T21:44:55.809140+00:00,2,32548,79
2026-09-21T21:44:55.809140+00:00,3,32566,79
2026-09-21T21:45:00.877098+00:00,0,32562,81
2026-09-21T21:45:00.877098+00:00,1,32568,87
2026-09-21T21:45:00.877098+00:00,2,32548,83
2026-09-21T21:45:00.877098+00:00,3,32566,84
2026-09-21T21:45:05.943486+00:00,0,32562,83
2026-09-21T21:45:05.943486+00:00,1,32568,81
2026-09-21T21:45:05.943486+00:00,2,32548,80
2026-09-21T21:45:05.943486+00:00,3,32566,79
2026-09-21T21:45:11.014539+00:00,0,32562,78
2026-09-21T21:45:11.014539+00:00,1,32568,80
2026-09-21T21:45:11.014539+00:00,2,32548,80
2026-09-21T21:45:11.014539+00:00,3,32566,80
2026-09-21T21:45:16.085746+00:00,0,32562,83
2026-09-21T21:45:16.085746+00:00,1,32568,82
2026-09-21T21:45:16.085746+00:00,2,32548,83
2026-09-21T21:45:16.085746+00:00,3,32566,81
2026-09-21T21:45:21.152882+00:00,0,32562,80
2026-09-21T21:45:21.152882+00:00,1,32568,81
2026-09-21T21:45:21.152882+00:00,2,32548,82
2026-09-21T21:45:21.152882+00:00,3,32566,82
2026-09-21T21:45:26.219316+00:00,0,32562,80
2026-09-21T21:45:26.219316+00:00,1,32568,83
2026-09-21T21:45:26.219316+00:00,2,32548,86
2026-09-21T21:45:26.219316+00:00,3,32566,81
2026-09-21T21:45:31.286352+00:00,0,32562,79
2026-09-21T21:45:31.286352+00:00,1,32568,82
2026-09-21T21:45:31.286352+00:00,2,32548,79
2026-09-21T21:45:31.286352+00:00,3,32566,81
2026-09-21T21:45:36.356901+00:00,0,32562,83
2026-09-21T21:45:36.356901+00:00,1,32568,84
2026-09-21T21:45:36.356901+00:00,2,32548,87
2026-09-21T21:45:36.356901+00:00,3,32566,80
2026-09-21T21:45:41.424189+00:00,0,32562,79
2026-09-21T21:45:41.424189+00:00,1,32568,83
2026-09-21T21:45:41.424189+00:00,2,32548,82
2026-09-21T21:45:41.424189+00:00,3,32566,84
2026-09-21T21:45:46.493329+00:00,0,32562,80
2026-09-21T21:45:46.493329+00:00,1,32568,83
2026-09-21T21:45:46.493329+00:00,2,32548,83
2026-09-21T21:45:46.493329+00:00,3,32566,80
2026-09-21T21:45:51.562724+00:00,0,32562,83
2026-09-21T21:45:51.562724+00:00,1,32568,83
2026-09-21T21:45:51.562724+00:00,2,32548,84
2026-09-21T21:45:51.562724+00:00,3,32566,81
2026-09-21T21:45:56.628879+00:00,0,32562,84
2026-09-21T21:45:56.628879+00:00,1,32568,82
2026-09-21T21:45:56.628879+00:00,2,32548,85
2026-09-21T21:45:56.628879+00:00,3,32566,84
2026-09-21T21:46:01.698495+00:00,0,32562,83
2026-09-21T21:46:01.698495+00:00,1,32568,82
2026-09-21T21:46:01.698495+00:00,2,32548,83
2026-09-21T21:46:01.698495+00:00,3,32566,84
2026-09-21T21:46:06.766109+00:00,0,32562,84
2026-09-21T21:46:06.766109+00:00,1,32568,85
2026-09-21T21:46:06.766109+00:00,2,32548,85
2026-09-21T21:46:06.766109+00:00,3,32566,83
2026-09-21T21:46:11.835973+00:00,0,32562,88
2026-09-21T21:46:11.835973+00:00,1,32568,81
2026-09-21T21:46:11.835973+00:00,2,32548,84
2026-09-21T21:46:11.835973+00:00,3,32566,84
2026-09-21T21:46:16.906089+00:00,0,32562,82
2026-09-21T21:46:16.906089+00:00,1,32568,82
2026-09-21T21:46:16.906089+00:00,2,32548,83
2026-09-21T21:46:16.906089+00:00,3,32566,0
2026-09-21T21:46:21.972180+00:00,0,6632,99
2026-09-21T21:46:21.972180+00:00,1,6612,99
2026-09-21T21:46:21.972180+00:00,2,6672,99
2026-09-21T21:46:21.972180+00:00,3,6692,99
2026-09-21T21:46:27.039029+00:00,0,12438,99
2026-09-21T21:46:27.039029+00:00,1,12358,99
2026-09-21T21:46:27.039029+00:00,2,12476,99
2026-09-21T21:46:27.039029+00:00,3,12436,99
2026-09-21T21:46:32.113692+00:00,0,12442,99
2026-09-21T21:46:32.113692+00:00,1,12442,99
2026-09-21T21:46:32.113692+00:00,2,12482,99
2026-09-21T21:46:32.113692+00:00,3,12440,99
2026-09-21T21:46:37.185093+00:00,0,25300,99
2026-09-21T21:46:37.185093+00:00,1,25300,98
2026-09-21T21:46:37.185093+00:00,2,25320,98
2026-09-21T21:46:37.185093+00:00,3,25300,99
2026-09-21T21:46:42.259979+00:00,0,27764,99
2026-09-21T21:46:42.259979+00:00,1,26784,99
2026-09-21T21:46:42.259979+00:00,2,27744,99
2026-09-21T21:46:42.259979+00:00,3,27764,99
2026-09-21T21:46:47.335630+00:00,0,27764,99
2026-09-21T21:46:47.335630+00:00,1,27804,98
2026-09-21T21:46:47.335630+00:00,2,27744,99
2026-09-21T21:46:47.335630+00:00,3,27804,98
2026-09-21T21:46:52.408037+00:00,0,28268,99
2026-09-21T21:46:52.408037+00:00,1,27928,98
2026-09-21T21:46:52.408037+00:00,2,28588,99
2026-09-21T21:46:52.408037+00:00,3,28348,98
2026-09-21T21:46:57.486218+00:00,0,28268,98
2026-09-21T21:46:57.486218+00:00,1,28308,98
2026-09-21T21:46:57.486218+00:00,2,28588,97
2026-09-21T21:46:57.486218+00:00,3,28348,96
2026-09-21T21:47:02.553473+00:00,0,28270,99
2026-09-21T21:47:02.553473+00:00,1,28310,99
2026-09-21T21:47:02.553473+00:00,2,28590,99
2026-09-21T21:47:02.553473+00:00,3,28350,99
2026-09-21T21:47:07.628404+00:00,0,28272,98
2026-09-21T21:47:07.628404+00:00,1,28312,98
2026-09-21T21:47:07.628404+00:00,2,28592,98
2026-09-21T21:47:07.628404+00:00,3,28352,98
2026-09-21T21:47:12.700566+00:00,0,28274,99
2026-09-21T21:47:12.700566+00:00,1,28314,99
2026-09-21T21:47:12.700566+00:00,2,28594,99
2026-09-21T21:47:12.700566+00:00,3,28354,99
2026-09-21T21:47:17.767397+00:00,0,9720,5
2026-09-21T21:47:17.767397+00:00,1,9720,6
2026-09-21T21:47:17.767397+00:00,2,9720,6
2026-09-21T21:47:17.767397+00:00,3,9720,5
2026-09-21T21:47:22.824137+00:00,0,10682,8
2026-09-21T21:47:22.824137+00:00,1,10968,8
2026-09-21T21:47:22.824137+00:00,2,10968,5
2026-09-21T21:47:22.824137+00:00,3,10742,7
2026-09-21T21:47:27.883788+00:00,0,12710,44
2026-09-21T21:47:27.883788+00:00,1,12770,43
2026-09-21T21:47:27.883788+00:00,2,12710,41
2026-09-21T21:47:27.883788+00:00,3,12710,43
2026-09-21T21:47:32.943844+00:00,0,32556,82
2026-09-21T21:47:32.943844+00:00,1,32586,76
2026-09-21T21:47:32.943844+00:00,2,32554,73
2026-09-21T21:47:32.943844+00:00,3,32576,73
2026-09-21T21:47:38.000888+00:00,0,32556,74
2026-09-21T21:47:38.000888+00:00,1,32586,77
2026-09-21T21:47:38.000888+00:00,2,32554,76
2026-09-21T21:47:38.000888+00:00,3,32576,74
2026-09-21T21:47:43.066749+00:00,0,32556,76
2026-09-21T21:47:43.066749+00:00,1,32586,76
2026-09-21T21:47:43.066749+00:00,2,32554,75
2026-09-21T21:47:43.066749+00:00,3,32576,75
2026-09-21T21:47:48.124203+00:00,0,32556,75
2026-09-21T21:47:48.124203+00:00,1,32586,83
2026-09-21T21:47:48.124203+00:00,2,32554,80
2026-09-21T21:47:48.124203+00:00,3,32576,75
2026-09-21T21:47:53.193826+00:00,0,32556,76
2026-09-21T21:47:53.193826+00:00,1,32586,84
2026-09-21T21:47:53.193826+00:00,2,32554,81
2026-09-21T21:47:53.193826+00:00,3,32576,81
2026-09-21T21:47:58.264512+00:00,0,32556,79
2026-09-21T21:47:58.264512+00:00,1,32586,79
2026-09-21T21:47:58.264512+00:00,2,32554,78
2026-09-21T21:47:58.264512+00:00,3,32576,78
2026-09-21T21:48:03.328149+00:00,0,32556,77
2026-09-21T21:48:03.328149+00:00,1,32586,80
2026-09-21T21:48:03.328149+00:00,2,32554,77
2026-09-21T21:48:03.328149+00:00,3,32576,83
2026-09-21T21:48:08.398996+00:00,0,32556,80
2026-09-21T21:48:08.398996+00:00,1,32586,78
2026-09-21T21:48:08.398996+00:00,2,32554,81
2026-09-21T21:48:08.398996+00:00,3,32576,79
2026-09-21T21:48:13.464556+00:00,0,32556,80
2026-09-21T21:48:13.464556+00:00,1,32586,82
2026-09-21T21:48:13.464556+00:00,2,32554,80
2026-09-21T21:48:13.464556+00:00,3,32576,76
2026-09-21T21:48:18.530832+00:00,0,32556,80
2026-09-21T21:48:18.530832+00:00,1,32586,81
2026-09-21T21:48:18.530832+00:00,2,32554,82
2026-09-21T21:48:18.530832+00:00,3,32576,83
2026-09-21T21:48:23.597862+00:00,0,32556,85
2026-09-21T21:48:23.597862+00:00,1,32586,82
2026-09-21T21:48:23.597862+00:00,2,32554,81
2026-09-21T21:48:23.597862+00:00,3,32576,81
2026-09-21T21:48:28.662484+00:00,0,32556,80
2026-09-21T21:48:28.662484+00:00,1,32586,82
2026-09-21T21:48:28.662484+00:00,2,32554,81
2026-09-21T21:48:28.662484+00:00,3,32576,79
2026-09-21T21:48:33.731012+00:00,0,32556,78
2026-09-21T21:48:33.731012+00:00,1,32586,81
2026-09-21T21:48:33.731012+00:00,2,32554,82
2026-09-21T21:48:33.731012+00:00,3,32576,82
2026-09-21T21:48:38.800366+00:00,0,32556,83
2026-09-21T21:48:38.800366+00:00,1,32586,84
2026-09-21T21:48:38.800366+00:00,2,32554,80
2026-09-21T21:48:38.800366+00:00,3,32576,85
2026-09-21T21:48:43.870502+00:00,0,32556,80
2026-09-21T21:48:43.870502+00:00,1,32586,81
2026-09-21T21:48:43.870502+00:00,2,32554,82
2026-09-21T21:48:43.870502+00:00,3,32576,80
2026-09-21T21:48:48.933543+00:00,0,32556,84
2026-09-21T21:48:48.933543+00:00,1,32586,85
2026-09-21T21:48:48.933543+00:00,2,32554,80
2026-09-21T21:48:48.933543+00:00,3,32576,84
2026-09-21T21:48:54.002466+00:00,0,32556,83
2026-09-21T21:48:54.002466+00:00,1,32586,82
2026-09-21T21:48:54.002466+00:00,2,32554,83
2026-09-21T21:48:54.002466+00:00,3,32576,84
2026-09-21T21:48:59.068944+00:00,0,32556,83
2026-09-21T21:48:59.068944+00:00,1,32586,82
2026-09-21T21:48:59.068944+00:00,2,32554,84
2026-09-21T21:48:59.068944+00:00,3,32576,84
2026-09-21T21:49:04.135574+00:00,0,32556,82
2026-09-21T21:49:04.135574+00:00,1,32586,84
2026-09-21T21:49:04.135574+00:00,2,32554,85
2026-09-21T21:49:04.135574+00:00,3,32576,83
2026-09-21T21:49:09.203833+00:00,0,32556,86
2026-09-21T21:49:09.203833+00:00,1,32586,88
2026-09-21T21:49:09.203833+00:00,2,32554,88
2026-09-21T21:49:09.203833+00:00,3,32576,82
2026-09-21T21:49:14.265655+00:00,0,32556,81
2026-09-21T21:49:14.265655+00:00,1,32586,85
2026-09-21T21:49:14.265655+00:00,2,32554,82
2026-09-21T21:49:14.265655+00:00,3,32576,86
2026-09-21T21:49:19.327810+00:00,0,32556,82
2026-09-21T21:49:19.327810+00:00,1,32586,85
2026-09-21T21:49:19.327810+00:00,2,32554,88
2026-09-21T21:49:19.327810+00:00,3,32576,81
2026-09-21T21:49:24.395444+00:00,0,32556,80
2026-09-21T21:49:24.395444+00:00,1,32586,82
2026-09-21T21:49:24.395444+00:00,2,32554,86
2026-09-21T21:49:24.395444+00:00,3,32576,82
2026-09-21T21:49:29.467079+00:00,0,32556,80
2026-09-21T21:49:29.467079+00:00,1,32586,0
2026-09-21T21:49:29.467079+00:00,2,32554,81
2026-09-21T21:49:29.467079+00:00,3,32576,0
2026-09-21T21:49:34.523433+00:00,0,12092,99
2026-09-21T21:49:34.523433+00:00,1,11832,99
2026-09-21T21:49:34.523433+00:00,2,12012,99
2026-09-21T21:49:34.523433+00:00,3,11992,99
2026-09-21T21:49:39.593098+00:00,0,12178,98
2026-09-21T21:49:39.593098+00:00,1,12198,98
2026-09-21T21:49:39.593098+00:00,2,12158,98
2026-09-21T21:49:39.593098+00:00,3,12138,98
2026-09-21T21:49:44.664425+00:00,0,6048,98
2026-09-21T21:49:44.664425+00:00,1,6188,99
2026-09-21T21:49:44.664425+00:00,2,6068,99
2026-09-21T21:49:44.664425+00:00,3,6068,99
2026-09-21T21:49:49.724117+00:00,0,26482,98
2026-09-21T21:49:49.724117+00:00,1,26282,99
2026-09-21T21:49:49.724117+00:00,2,26522,99
2026-09-21T21:49:49.724117+00:00,3,25322,98
2026-09-21T21:49:54.799797+00:00,0,26604,98
2026-09-21T21:49:54.799797+00:00,1,26282,99
2026-09-21T21:49:54.799797+00:00,2,26524,97
2026-09-21T21:49:54.799797+00:00,3,26644,98
2026-09-21T21:49:59.874542+00:00,0,27286,99
2026-09-21T21:49:59.874542+00:00,1,27006,99
2026-09-21T21:49:59.874542+00:00,2,27226,99
2026-09-21T21:49:59.874542+00:00,3,27086,99
2026-09-21T21:50:04.941383+00:00,0,27448,98
2026-09-21T21:50:04.941383+00:00,1,27026,99
2026-09-21T21:50:04.941383+00:00,2,27228,98
2026-09-21T21:50:04.941383+00:00,3,27346,98
2026-09-21T21:50:10.020447+00:00,0,27450,99
2026-09-21T21:50:10.020447+00:00,1,27290,99
2026-09-21T21:50:10.020447+00:00,2,27230,98
2026-09-21T21:50:10.020447+00:00,3,27350,99
2026-09-21T21:50:15.094929+00:00,0,27452,99
2026-09-21T21:50:15.094929+00:00,1,27290,99
2026-09-21T21:50:15.094929+00:00,2,27232,99
2026-09-21T21:50:15.094929+00:00,3,27352,99
2026-09-21T21:50:20.168263+00:00,0,27452,99
2026-09-21T21:50:20.168263+00:00,1,27292,98
2026-09-21T21:50:20.168263+00:00,2,27232,98
2026-09-21T21:50:20.168263+00:00,3,27352,99
2026-09-21T21:50:25.232339+00:00,0,9014,75
2026-09-21T21:50:25.232339+00:00,1,9194,76
2026-09-21T21:50:25.232339+00:00,2,9174,74
2026-09-21T21:50:25.232339+00:00,3,9194,86
2026-09-21T21:50:30.303673+00:00,0,9720,6
2026-09-21T21:50:30.303673+00:00,1,9882,6
2026-09-21T21:50:30.303673+00:00,2,9842,6
2026-09-21T21:50:30.303673+00:00,3,9800,5
2026-09-21T21:50:35.363965+00:00,0,11050,30
2026-09-21T21:50:35.363965+00:00,1,11050,31
2026-09-21T21:50:35.363965+00:00,2,11050,21
2026-09-21T21:50:35.363965+00:00,3,11050,29
2026-09-21T21:50:40.423310+00:00,0,4774,4
2026-09-21T21:50:40.423310+00:00,1,4776,6
2026-09-21T21:50:40.423310+00:00,2,4774,11
2026-09-21T21:50:40.423310+00:00,3,4774,8
2026-09-21T21:50:45.485086+00:00,0,32574,75
2026-09-21T21:50:45.485086+00:00,1,32570,76
2026-09-21T21:50:45.485086+00:00,2,32536,83
2026-09-21T21:50:45.485086+00:00,3,32552,74
2026-09-21T21:50:50.551362+00:00,0,32574,81
2026-09-21T21:50:50.551362+00:00,1,32570,73
2026-09-21T21:50:50.551362+00:00,2,32536,81
2026-09-21T21:50:50.551362+00:00,3,32552,76
2026-09-21T21:50:55.611152+00:00,0,32574,82
2026-09-21T21:50:55.611152+00:00,1,32570,74
2026-09-21T21:50:55.611152+00:00,2,32536,74
2026-09-21T21:50:55.611152+00:00,3,32552,81
2026-09-21T21:51:00.676990+00:00,0,32574,74
2026-09-21T21:51:00.676990+00:00,1,32570,77
2026-09-21T21:51:00.676990+00:00,2,32536,74
2026-09-21T21:51:00.676990+00:00,3,32552,79
2026-09-21T21:51:05.744063+00:00,0,32574,79
2026-09-21T21:51:05.744063+00:00,1,32570,77
2026-09-21T21:51:05.744063+00:00,2,32536,81
2026-09-21T21:51:05.744063+00:00,3,32552,81
2026-09-21T21:51:10.814982+00:00,0,32574,79
2026-09-21T21:51:10.814982+00:00,1,32570,78
2026-09-21T21:51:10.814982+00:00,2,32536,79
2026-09-21T21:51:10.814982+00:00,3,32552,80
2026-09-21T21:51:15.886036+00:00,0,32574,79
2026-09-21T21:51:15.886036+00:00,1,32570,81
2026-09-21T21:51:15.886036+00:00,2,32536,80
2026-09-21T21:51:15.886036+00:00,3,32552,79
2026-09-21T21:51:20.949216+00:00,0,32574,83
2026-09-21T21:51:20.949216+00:00,1,32570,80
2026-09-21T21:51:20.949216+00:00,2,32536,85
2026-09-21T21:51:20.949216+00:00,3,32552,77
2026-09-21T21:51:26.018888+00:00,0,32574,79
2026-09-21T21:51:26.018888+00:00,1,32570,80
2026-09-21T21:51:26.018888+00:00,2,32536,80
2026-09-21T21:51:26.018888+00:00,3,32552,81
2026-09-21T21:51:31.083026+00:00,0,32574,84
2026-09-21T21:51:31.083026+00:00,1,32570,80
2026-09-21T21:51:31.083026+00:00,2,32536,79
2026-09-21T21:51:31.083026+00:00,3,32552,80
2026-09-21T21:51:36.148897+00:00,0,32574,82
2026-09-21T21:51:36.148897+00:00,1,32570,83
2026-09-21T21:51:36.148897+00:00,2,32536,79
2026-09-21T21:51:36.148897+00:00,3,32552,77
2026-09-21T21:51:41.215467+00:00,0,32574,82
2026-09-21T21:51:41.215467+00:00,1,32570,80
2026-09-21T21:51:41.215467+00:00,2,32536,77
2026-09-21T21:51:41.215467+00:00,3,32552,81
2026-09-21T21:51:46.285656+00:00,0,32574,80
2026-09-21T21:51:46.285656+00:00,1,32570,84
2026-09-21T21:51:46.285656+00:00,2,32536,82
2026-09-21T21:51:46.285656+00:00,3,32552,81
2026-09-21T21:51:51.350937+00:00,0,32574,81
2026-09-21T21:51:51.350937+00:00,1,32570,83
2026-09-21T21:51:51.350937+00:00,2,32536,80
2026-09-21T21:51:51.350937+00:00,3,32552,83
2026-09-21T21:51:56.420168+00:00,0,32574,81
2026-09-21T21:51:56.420168+00:00,1,32570,81
2026-09-21T21:51:56.420168+00:00,2,32536,79
2026-09-21T21:51:56.420168+00:00,3,32552,83
2026-09-21T21:52:01.485922+00:00,0,32574,83
2026-09-21T21:52:01.485922+00:00,1,32570,85
2026-09-21T21:52:01.485922+00:00,2,32536,82
2026-09-21T21:52:01.485922+00:00,3,32552,81
2026-09-21T21:52:06.554738+00:00,0,32574,88
2026-09-21T21:52:06.554738+00:00,1,32570,81
2026-09-21T21:52:06.554738+00:00,2,32536,84
2026-09-21T21:52:06.554738+00:00,3,32552,84
2026-09-21T21:52:11.625093+00:00,0,32574,84
2026-09-21T21:52:11.625093+00:00,1,32570,83
2026-09-21T21:52:11.625093+00:00,2,32536,81
2026-09-21T21:52:11.625093+00:00,3,32552,81
2026-09-21T21:52:16.692329+00:00,0,32574,84
2026-09-21T21:52:16.692329+00:00,1,32570,82
2026-09-21T21:52:16.692329+00:00,2,32536,82
2026-09-21T21:52:16.692329+00:00,3,32552,79
2026-09-21T21:52:21.758903+00:00,0,32574,81
2026-09-21T21:52:21.758903+00:00,1,32570,82
2026-09-21T21:52:21.758903+00:00,2,32536,82
2026-09-21T21:52:21.758903+00:00,3,32552,81
2026-09-21T21:52:26.830248+00:00,0,32574,82
2026-09-21T21:52:26.830248+00:00,1,32570,81
2026-09-21T21:52:26.830248+00:00,2,32536,85
2026-09-21T21:52:26.830248+00:00,3,32552,82
2026-09-21T21:52:31.895081+00:00,0,32574,80
2026-09-21T21:52:31.895081+00:00,1,32570,81
2026-09-21T21:52:31.895081+00:00,2,32536,83
2026-09-21T21:52:31.895081+00:00,3,32552,82
2026-09-21T21:52:36.961169+00:00,0,32574,80
2026-09-21T21:52:36.961169+00:00,1,32570,75
2026-09-21T21:52:36.961169+00:00,2,32536,0
2026-09-21T21:52:36.961169+00:00,3,32552,0
2026-09-21T21:52:42.020800+00:00,0,1196,0
2026-09-21T21:52:42.020800+00:00,1,1198,0
2026-09-21T21:52:42.020800+00:00,2,1196,0
2026-09-21T21:52:42.020800+00:00,3,1196,0
2026-09-21T21:52:47.077590+00:00,0,11696,99
2026-09-21T21:52:47.077590+00:00,1,11696,98
2026-09-21T21:52:47.077590+00:00,2,11696,99
2026-09-21T21:52:47.077590+00:00,3,11716,94
2026-09-21T21:52:52.147618+00:00,0,11940,99
2026-09-21T21:52:52.147618+00:00,1,11940,99
2026-09-21T21:52:52.147618+00:00,2,11860,99
2026-09-21T21:52:52.147618+00:00,3,11900,99
2026-09-21T21:52:57.215823+00:00,0,25318,98
2026-09-21T21:52:57.215823+00:00,1,25318,99
2026-09-21T21:52:57.215823+00:00,2,25318,99
2026-09-21T21:52:57.215823+00:00,3,25338,99
2026-09-21T21:53:02.285776+00:00,0,27642,91
2026-09-21T21:53:02.285776+00:00,1,27642,100
2026-09-21T21:53:02.285776+00:00,2,27202,99
2026-09-21T21:53:02.285776+00:00,3,27282,99
2026-09-21T21:53:07.366154+00:00,0,27644,99
2026-09-21T21:53:07.366154+00:00,1,28266,99
2026-09-21T21:53:07.366154+00:00,2,27424,99
2026-09-21T21:53:07.366154+00:00,3,28306,99
2026-09-21T21:53:12.444180+00:00,0,28246,99
2026-09-21T21:53:12.444180+00:00,1,28266,99
2026-09-21T21:53:12.444180+00:00,2,27886,88
2026-09-21T21:53:12.444180+00:00,3,28306,99
2026-09-21T21:53:17.518809+00:00,0,28248,99
2026-09-21T21:53:17.518809+00:00,1,28268,99
2026-09-21T21:53:17.518809+00:00,2,27888,99
2026-09-21T21:53:17.518809+00:00,3,28308,99
2026-09-21T21:53:22.591096+00:00,0,28250,89
2026-09-21T21:53:22.591096+00:00,1,28270,99
2026-09-21T21:53:22.591096+00:00,2,27890,98
2026-09-21T21:53:22.591096+00:00,3,28310,88
2026-09-21T21:53:27.656564+00:00,0,28252,91
2026-09-21T21:53:27.656564+00:00,1,28272,99
2026-09-21T21:53:27.656564+00:00,2,27892,99
2026-09-21T21:53:27.656564+00:00,3,28312,91
2026-09-21T21:53:32.733529+00:00,0,4684,13
2026-09-21T21:53:32.733529+00:00,1,4684,22
2026-09-21T21:53:32.733529+00:00,2,2782,0
2026-09-21T21:53:32.733529+00:00,3,4684,82
2026-09-21T21:53:37.793427+00:00,0,9720,7
2026-09-21T21:53:37.793427+00:00,1,9720,7
2026-09-21T21:53:37.793427+00:00,2,9720,6
2026-09-21T21:53:37.793427+00:00,3,9720,7
2026-09-21T21:53:42.853339+00:00,0,11050,25
2026-09-21T21:53:42.853339+00:00,1,11050,21
2026-09-21T21:53:42.853339+00:00,2,11050,17
2026-09-21T21:53:42.853339+00:00,3,11050,21
2026-09-21T21:53:47.913347+00:00,0,4774,11
2026-09-21T21:53:47.913347+00:00,1,4776,9
2026-09-21T21:53:47.913347+00:00,2,4774,22
2026-09-21T21:53:47.913347+00:00,3,4774,4
2026-09-21T21:53:52.971106+00:00,0,32564,80
2026-09-21T21:53:52.971106+00:00,1,32558,76
2026-09-21T21:53:52.971106+00:00,2,32552,76
2026-09-21T21:53:52.971106+00:00,3,32544,76
2026-09-21T21:53:58.036426+00:00,0,32564,72
2026-09-21T21:53:58.036426+00:00,1,32558,76
2026-09-21T21:53:58.036426+00:00,2,32552,73
2026-09-21T21:53:58.036426+00:00,3,32544,75
2026-09-21T21:54:03.104281+00:00,0,32564,76
2026-09-21T21:54:03.104281+00:00,1,32558,74
2026-09-21T21:54:03.104281+00:00,2,32552,78
2026-09-21T21:54:03.104281+00:00,3,32544,79
2026-09-21T21:54:08.171937+00:00,0,32564,75
2026-09-21T21:54:08.171937+00:00,1,32558,81
2026-09-21T21:54:08.171937+00:00,2,32552,77
2026-09-21T21:54:08.171937+00:00,3,32544,80
2026-09-21T21:54:13.240538+00:00,0,32564,80
2026-09-21T21:54:13.240538+00:00,1,32558,79
2026-09-21T21:54:13.240538+00:00,2,32552,82
2026-09-21T21:54:13.240538+00:00,3,32544,77
2026-09-21T21:54:18.308917+00:00,0,32564,74
2026-09-21T21:54:18.308917+00:00,1,32558,80
2026-09-21T21:54:18.308917+00:00,2,32552,75
2026-09-21T21:54:18.308917+00:00,3,32544,78
2026-09-21T21:54:23.379012+00:00,0,32564,79
2026-09-21T21:54:23.379012+00:00,1,32558,78
2026-09-21T21:54:23.379012+00:00,2,32552,80
2026-09-21T21:54:23.379012+00:00,3,32544,79
2026-09-21T21:54:28.444380+00:00,0,32564,79
2026-09-21T21:54:28.444380+00:00,1,32558,84
2026-09-21T21:54:28.444380+00:00,2,32552,79
2026-09-21T21:54:28.444380+00:00,3,32544,80
2026-09-21T21:54:33.512111+00:00,0,32564,82
2026-09-21T21:54:33.512111+00:00,1,32558,85
2026-09-21T21:54:33.512111+00:00,2,32552,87
2026-09-21T21:54:33.512111+00:00,3,32544,82
2026-09-21T21:54:38.579071+00:00,0,32564,80
2026-09-21T21:54:38.579071+00:00,1,32558,78
2026-09-21T21:54:38.579071+00:00,2,32552,86
2026-09-21T21:54:38.579071+00:00,3,32544,81
2026-09-21T21:54:43.644081+00:00,0,32564,80
2026-09-21T21:54:43.644081+00:00,1,32558,79
2026-09-21T21:54:43.644081+00:00,2,32552,80
2026-09-21T21:54:43.644081+00:00,3,32544,80
2026-09-21T21:54:48.711781+00:00,0,32564,82
2026-09-21T21:54:48.711781+00:00,1,32558,85
2026-09-21T21:54:48.711781+00:00,2,32552,84
2026-09-21T21:54:48.711781+00:00,3,32544,81
2026-09-21T21:54:53.782906+00:00,0,32564,82
2026-09-21T21:54:53.782906+00:00,1,32558,82
2026-09-21T21:54:53.782906+00:00,2,32552,79
2026-09-21T21:54:53.782906+00:00,3,32544,81
2026-09-21T21:54:58.847045+00:00,0,32564,83
2026-09-21T21:54:58.847045+00:00,1,32558,80
2026-09-21T21:54:58.847045+00:00,2,32552,79
2026-09-21T21:54:58.847045+00:00,3,32544,79
2026-09-21T21:55:03.916548+00:00,0,32564,81
2026-09-21T21:55:03.916548+00:00,1,32558,82
2026-09-21T21:55:03.916548+00:00,2,32552,71
2026-09-21T21:55:03.916548+00:00,3,32544,80
2026-09-21T21:55:08.988911+00:00,0,32564,83
2026-09-21T21:55:08.988911+00:00,1,32558,85
2026-09-21T21:55:08.988911+00:00,2,32552,83
2026-09-21T21:55:08.988911+00:00,3,32544,82
2026-09-21T21:55:14.054860+00:00,0,32564,83
2026-09-21T21:55:14.054860+00:00,1,32558,84
2026-09-21T21:55:14.054860+00:00,2,32552,85
2026-09-21T21:55:14.054860+00:00,3,32544,84
2026-09-21T21:55:19.121619+00:00,0,32564,79
2026-09-21T21:55:19.121619+00:00,1,32558,82
2026-09-21T21:55:19.121619+00:00,2,32552,83
2026-09-21T21:55:19.121619+00:00,3,32544,84
2026-09-21T21:55:24.186710+00:00,0,32564,80
2026-09-21T21:55:24.186710+00:00,1,32558,82
2026-09-21T21:55:24.186710+00:00,2,32552,81
2026-09-21T21:55:24.186710+00:00,3,32544,82
2026-09-21T21:55:29.254854+00:00,0,32564,83
2026-09-21T21:55:29.254854+00:00,1,32558,86
2026-09-21T21:55:29.254854+00:00,2,32552,81
2026-09-21T21:55:29.254854+00:00,3,32544,84
2026-09-21T21:55:34.323990+00:00,0,32564,83
2026-09-21T21:55:34.323990+00:00,1,32558,82
2026-09-21T21:55:34.323990+00:00,2,32552,83
2026-09-21T21:55:34.323990+00:00,3,32544,84
2026-09-21T21:55:39.393007+00:00,0,32564,83
2026-09-21T21:55:39.393007+00:00,1,32558,85
2026-09-21T21:55:39.393007+00:00,2,32552,81
2026-09-21T21:55:39.393007+00:00,3,32544,80
2026-09-21T21:55:44.462498+00:00,0,32564,80
2026-09-21T21:55:44.462498+00:00,1,32558,84
2026-09-21T21:55:44.462498+00:00,2,32552,89
2026-09-21T21:55:44.462498+00:00,3,32544,82
2026-09-21T21:55:49.532515+00:00,0,32564,0
2026-09-21T21:55:49.532515+00:00,1,32558,85
2026-09-21T21:55:49.532515+00:00,2,32552,84
2026-09-21T21:55:49.532515+00:00,3,32544,85
2026-09-21T21:55:54.597259+00:00,0,32564,0
2026-09-21T21:55:54.597259+00:00,1,32558,80
2026-09-21T21:55:54.597259+00:00,2,32552,0
2026-09-21T21:55:54.597259+00:00,3,32544,0
2026-09-21T21:55:59.657534+00:00,0,12452,98
2026-09-21T21:55:59.657534+00:00,1,12552,99
2026-09-21T21:55:59.657534+00:00,2,12532,99
2026-09-21T21:55:59.657534+00:00,3,12512,99
2026-09-21T21:56:04.730032+00:00,0,12716,99
2026-09-21T21:56:04.730032+00:00,1,12696,99
2026-09-21T21:56:04.730032+00:00,2,12596,99
2026-09-21T21:56:04.730032+00:00,3,12576,99
2026-09-21T21:56:09.800727+00:00,0,12724,98
2026-09-21T21:56:09.800727+00:00,1,12684,98
2026-09-21T21:56:09.800727+00:00,2,12604,97
2026-09-21T21:56:09.800727+00:00,3,12464,99
2026-09-21T21:56:14.863088+00:00,0,25720,98
2026-09-21T21:56:14.863088+00:00,1,25720,99
2026-09-21T21:56:14.863088+00:00,2,25720,99
2026-09-21T21:56:14.863088+00:00,3,25720,99
2026-09-21T21:56:19.935849+00:00,0,27904,99
2026-09-21T21:56:19.935849+00:00,1,28364,99
2026-09-21T21:56:19.935849+00:00,2,27984,99
2026-09-21T21:56:19.935849+00:00,3,27884,99
2026-09-21T21:56:25.011094+00:00,0,27904,97
2026-09-21T21:56:25.011094+00:00,1,28624,98
2026-09-21T21:56:25.011094+00:00,2,28244,99
2026-09-21T21:56:25.011094+00:00,3,28444,99
2026-09-21T21:56:30.082539+00:00,0,28888,100
2026-09-21T21:56:30.082539+00:00,1,28628,99
2026-09-21T21:56:30.082539+00:00,2,28726,99
2026-09-21T21:56:30.082539+00:00,3,28726,99
2026-09-21T21:56:35.166379+00:00,0,28908,98
2026-09-21T21:56:35.166379+00:00,1,28888,98
2026-09-21T21:56:35.166379+00:00,2,28788,98
2026-09-21T21:56:35.166379+00:00,3,28728,99
2026-09-21T21:56:40.231545+00:00,0,28910,99
2026-09-21T21:56:40.231545+00:00,1,28890,99
2026-09-21T21:56:40.231545+00:00,2,28790,98
2026-09-21T21:56:40.231545+00:00,3,28730,98
2026-09-21T21:56:45.303106+00:00,0,28912,99
2026-09-21T21:56:45.303106+00:00,1,28890,98
2026-09-21T21:56:45.303106+00:00,2,28792,99
2026-09-21T21:56:45.303106+00:00,3,28732,98
2026-09-21T21:56:50.376870+00:00,0,28912,99
2026-09-21T21:56:50.376870+00:00,1,28894,99
2026-09-21T21:56:50.376870+00:00,2,28794,99
2026-09-21T21:56:50.376870+00:00,3,28734,99
2026-09-21T21:56:55.449831+00:00,0,9720,79
2026-09-21T21:56:55.449831+00:00,1,9720,81
2026-09-21T21:56:55.449831+00:00,2,9720,74
2026-09-21T21:56:55.449831+00:00,3,9720,62
2026-09-21T21:57:00.509589+00:00,0,10496,8
2026-09-21T21:57:00.509589+00:00,1,10558,8
2026-09-21T21:57:00.509589+00:00,2,10662,8
2026-09-21T21:57:00.509589+00:00,3,10436,6
2026-09-21T21:57:05.571463+00:00,0,11050,25
2026-09-21T21:57:05.571463+00:00,1,11050,27
2026-09-21T21:57:05.571463+00:00,2,11050,26
2026-09-21T21:57:05.571463+00:00,3,11050,21
2026-09-21T21:57:10.632801+00:00,0,32564,29
2026-09-21T21:57:10.632801+00:00,1,32540,67
2026-09-21T21:57:10.632801+00:00,2,32556,33
2026-09-21T21:57:10.632801+00:00,3,32550,54
2026-09-21T21:57:15.696345+00:00,0,32564,74
2026-09-21T21:57:15.696345+00:00,1,32540,74
2026-09-21T21:57:15.696345+00:00,2,32556,75
2026-09-21T21:57:15.696345+00:00,3,32550,81
2026-09-21T21:57:20.758898+00:00,0,32564,72
2026-09-21T21:57:20.758898+00:00,1,32540,78
2026-09-21T21:57:20.758898+00:00,2,32556,76
2026-09-21T21:57:20.758898+00:00,3,32550,75
2026-09-21T21:57:25.823173+00:00,0,32564,75
2026-09-21T21:57:25.823173+00:00,1,32540,80
2026-09-21T21:57:25.823173+00:00,2,32556,79
2026-09-21T21:57:25.823173+00:00,3,32550,82
2026-09-21T21:57:30.886900+00:00,0,32564,84
2026-09-21T21:57:30.886900+00:00,1,32540,79
2026-09-21T21:57:30.886900+00:00,2,32556,75
2026-09-21T21:57:30.886900+00:00,3,32550,80
2026-09-21T21:57:35.954580+00:00,0,32564,76
2026-09-21T21:57:35.954580+00:00,1,32540,80
2026-09-21T21:57:35.954580+00:00,2,32556,78
2026-09-21T21:57:35.954580+00:00,3,32550,82
2026-09-21T21:57:41.019707+00:00,0,32564,77
2026-09-21T21:57:41.019707+00:00,1,32540,81
2026-09-21T21:57:41.019707+00:00,2,32556,78
2026-09-21T21:57:41.019707+00:00,3,32550,80
2026-09-21T21:57:46.087930+00:00,0,32564,78
2026-09-21T21:57:46.087930+00:00,1,32540,79
2026-09-21T21:57:46.087930+00:00,2,32556,77
2026-09-21T21:57:46.087930+00:00,3,32550,81
2026-09-21T21:57:51.153267+00:00,0,32564,77
2026-09-21T21:57:51.153267+00:00,1,32540,82
2026-09-21T21:57:51.153267+00:00,2,32556,80
2026-09-21T21:57:51.153267+00:00,3,32550,80
2026-09-21T21:57:56.218010+00:00,0,32564,79
2026-09-21T21:57:56.218010+00:00,1,32540,77
2026-09-21T21:57:56.218010+00:00,2,32556,83
2026-09-21T21:57:56.218010+00:00,3,32550,77
2026-09-21T21:58:01.291541+00:00,0,32564,82
2026-09-21T21:58:01.291541+00:00,1,32540,79
2026-09-21T21:58:01.291541+00:00,2,32556,80
2026-09-21T21:58:01.291541+00:00,3,32550,82
2026-09-21T21:58:06.372285+00:00,0,32564,81
2026-09-21T21:58:06.372285+00:00,1,32540,83
2026-09-21T21:58:06.372285+00:00,2,32556,81
2026-09-21T21:58:06.372285+00:00,3,32550,81
2026-09-21T21:58:11.451044+00:00,0,32564,84
2026-09-21T21:58:11.451044+00:00,1,32540,82
2026-09-21T21:58:11.451044+00:00,2,32556,81
2026-09-21T21:58:11.451044+00:00,3,32550,79
2026-09-21T21:58:16.517595+00:00,0,32564,84
2026-09-21T21:58:16.517595+00:00,1,32540,82
2026-09-21T21:58:16.517595+00:00,2,32556,82
2026-09-21T21:58:16.517595+00:00,3,32550,83
2026-09-21T21:58:21.586378+00:00,0,32564,83
2026-09-21T21:58:21.586378+00:00,1,32540,82
2026-09-21T21:58:21.586378+00:00,2,32556,83
2026-09-21T21:58:21.586378+00:00,3,32550,83
2026-09-21T21:58:26.656193+00:00,0,32564,85
2026-09-21T21:58:26.656193+00:00,1,32540,83
2026-09-21T21:58:26.656193+00:00,2,32556,86
2026-09-21T21:58:26.656193+00:00,3,32550,83
2026-09-21T21:58:31.724598+00:00,0,32564,82
2026-09-21T21:58:31.724598+00:00,1,32540,86
2026-09-21T21:58:31.724598+00:00,2,32556,85
2026-09-21T21:58:31.724598+00:00,3,32550,83
2026-09-21T21:58:36.790282+00:00,0,32564,81
2026-09-21T21:58:36.790282+00:00,1,32540,81
2026-09-21T21:58:36.790282+00:00,2,32556,80
2026-09-21T21:58:36.790282+00:00,3,32550,82
2026-09-21T21:58:41.856530+00:00,0,32564,85
2026-09-21T21:58:41.856530+00:00,1,32540,85
2026-09-21T21:58:41.856530+00:00,2,32556,83
2026-09-21T21:58:41.856530+00:00,3,32550,79
2026-09-21T21:58:46.926512+00:00,0,32564,88
2026-09-21T21:58:46.926512+00:00,1,32540,83
2026-09-21T21:58:46.926512+00:00,2,32556,82
2026-09-21T21:58:46.926512+00:00,3,32550,83
2026-09-21T21:58:51.993702+00:00,0,32564,85
2026-09-21T21:58:51.993702+00:00,1,32540,82
2026-09-21T21:58:51.993702+00:00,2,32556,83
2026-09-21T21:58:51.993702+00:00,3,32550,86
2026-09-21T21:58:57.061310+00:00,0,32564,84
2026-09-21T21:58:57.061310+00:00,1,32540,82
2026-09-21T21:58:57.061310+00:00,2,32556,81
2026-09-21T21:58:57.061310+00:00,3,32550,81
2026-09-21T21:59:02.123160+00:00,0,32564,83
2026-09-21T21:59:02.123160+00:00,1,32540,87
2026-09-21T21:59:02.123160+00:00,2,32556,83
2026-09-21T21:59:02.123160+00:00,3,32550,83
2026-09-21T21:59:07.189925+00:00,0,32564,84
2026-09-21T21:59:07.189925+00:00,1,32540,82
2026-09-21T21:59:07.189925+00:00,2,32556,83
2026-09-21T21:59:07.189925+00:00,3,32550,82
2026-09-21T21:59:12.257568+00:00,0,4570,100
2026-09-21T21:59:12.257568+00:00,1,4592,100
2026-09-21T21:59:12.257568+00:00,2,4652,72
2026-09-21T21:59:12.257568+00:00,3,4692,19
2026-09-21T21:59:17.356940+00:00,0,12156,99
2026-09-21T21:59:17.356940+00:00,1,12176,99
2026-09-21T21:59:17.356940+00:00,2,12196,99
2026-09-21T21:59:17.356940+00:00,3,12196,99
2026-09-21T21:59:22.424203+00:00,0,12260,99
2026-09-21T21:59:22.424203+00:00,1,12280,99
2026-09-21T21:59:22.424203+00:00,2,12220,99
2026-09-21T21:59:22.424203+00:00,3,12260,99
2026-09-21T21:59:27.498670+00:00,0,25318,99
2026-09-21T21:59:27.498670+00:00,1,26380,99
2026-09-21T21:59:27.498670+00:00,2,25338,99
2026-09-21T21:59:27.498670+00:00,3,26520,99
2026-09-21T21:59:32.574639+00:00,0,25562,100
2026-09-21T21:59:32.574639+00:00,1,26382,89
2026-09-21T21:59:32.574639+00:00,2,26784,99
2026-09-21T21:59:32.574639+00:00,3,26522,100
2026-09-21T21:59:37.643078+00:00,0,27024,98
2026-09-21T21:59:37.643078+00:00,1,26864,98
2026-09-21T21:59:37.643078+00:00,2,27264,98
2026-09-21T21:59:37.643078+00:00,3,26824,99
2026-09-21T21:59:42.718187+00:00,0,27406,99
2026-09-21T21:59:42.718187+00:00,1,27666,99
2026-09-21T21:59:42.718187+00:00,2,27386,99
2026-09-21T21:59:42.718187+00:00,3,27606,99
2026-09-21T21:59:47.793647+00:00,0,27588,99
2026-09-21T21:59:47.793647+00:00,1,27668,99
2026-09-21T21:59:47.793647+00:00,2,27388,99
2026-09-21T21:59:47.793647+00:00,3,27608,99
2026-09-21T21:59:52.867449+00:00,0,27590,99
2026-09-21T21:59:52.867449+00:00,1,27670,99
2026-09-21T21:59:52.867449+00:00,2,27390,99
2026-09-21T21:59:52.867449+00:00,3,27610,99
2026-09-21T21:59:57.940404+00:00,0,27592,98
2026-09-21T21:59:57.940404+00:00,1,27672,98
2026-09-21T21:59:57.940404+00:00,2,27392,92
2026-09-21T21:59:57.940404+00:00,3,27612,97
2026-09-21T22:00:03.006451+00:00,0,27594,99
2026-09-21T22:00:03.006451+00:00,1,27674,99
2026-09-21T22:00:03.006451+00:00,2,27394,99
2026-09-21T22:00:03.006451+00:00,3,27614,99
2026-09-21T22:00:08.079480+00:00,0,9014,69
2026-09-21T22:00:08.079480+00:00,1,9014,80
2026-09-21T22:00:08.079480+00:00,2,9014,72
2026-09-21T22:00:08.079480+00:00,3,9014,75
2026-09-21T22:00:13.143366+00:00,0,10436,7
2026-09-21T22:00:13.143366+00:00,1,10516,8
2026-09-21T22:00:13.143366+00:00,2,10722,6
2026-09-21T22:00:13.143366+00:00,3,10416,8
2026-09-21T22:00:18.202941+00:00,0,11050,16
2026-09-21T22:00:18.202941+00:00,1,11050,20
2026-09-21T22:00:18.202941+00:00,2,11050,20
2026-09-21T22:00:18.202941+00:00,3,11050,23
2026-09-21T22:00:23.261602+00:00,0,32540,21
2026-09-21T22:00:23.261602+00:00,1,32566,0
2026-09-21T22:00:23.261602+00:00,2,32570,54
2026-09-21T22:00:23.261602+00:00,3,32554,33
2026-09-21T22:00:28.327500+00:00,0,32540,74
2026-09-21T22:00:28.327500+00:00,1,32566,77
2026-09-21T22:00:28.327500+00:00,2,32570,78
2026-09-21T22:00:28.327500+00:00,3,32554,76
2026-09-21T22:00:33.393150+00:00,0,32540,76
2026-09-21T22:00:33.393150+00:00,1,32566,76
2026-09-21T22:00:33.393150+00:00,2,32570,79
2026-09-21T22:00:33.393150+00:00,3,32554,79
2026-09-21T22:00:38.456780+00:00,0,32540,77
2026-09-21T22:00:38.456780+00:00,1,32566,76
2026-09-21T22:00:38.456780+00:00,2,32570,79
2026-09-21T22:00:38.456780+00:00,3,32554,76
2026-09-21T22:00:43.522335+00:00,0,32540,75
2026-09-21T22:00:43.522335+00:00,1,32566,78
2026-09-21T22:00:43.522335+00:00,2,32570,78
2026-09-21T22:00:43.522335+00:00,3,32554,75
2026-09-21T22:00:48.581106+00:00,0,32540,78
2026-09-21T22:00:48.581106+00:00,1,32566,78
2026-09-21T22:00:48.581106+00:00,2,32570,84
2026-09-21T22:00:48.581106+00:00,3,32554,78
2026-09-21T22:00:53.637333+00:00,0,32540,78
2026-09-21T22:00:53.637333+00:00,1,32566,78
2026-09-21T22:00:53.637333+00:00,2,32570,78
2026-09-21T22:00:53.637333+00:00,3,32554,82
2026-09-21T22:00:58.700807+00:00,0,32540,81
2026-09-21T22:00:58.700807+00:00,1,32566,82
2026-09-21T22:00:58.700807+00:00,2,32570,88
2026-09-21T22:00:58.700807+00:00,3,32554,84
2026-09-21T22:01:03.767541+00:00,0,32540,84
2026-09-21T22:01:03.767541+00:00,1,32566,81
2026-09-21T22:01:03.767541+00:00,2,32570,77
2026-09-21T22:01:03.767541+00:00,3,32554,82
2026-09-21T22:01:08.833530+00:00,0,32540,81
2026-09-21T22:01:08.833530+00:00,1,32566,84
2026-09-21T22:01:08.833530+00:00,2,32570,85
2026-09-21T22:01:08.833530+00:00,3,32554,82
2026-09-21T22:01:13.901624+00:00,0,32540,81
2026-09-21T22:01:13.901624+00:00,1,32566,81
2026-09-21T22:01:13.901624+00:00,2,32570,83
2026-09-21T22:01:13.901624+00:00,3,32554,89
2026-09-21T22:01:18.965915+00:00,0,32540,88
2026-09-21T22:01:18.965915+00:00,1,32566,80
2026-09-21T22:01:18.965915+00:00,2,32570,81
2026-09-21T22:01:18.965915+00:00,3,32554,88
2026-09-21T22:01:24.031559+00:00,0,32540,84
2026-09-21T22:01:24.031559+00:00,1,32566,80
2026-09-21T22:01:24.031559+00:00,2,32570,82
2026-09-21T22:01:24.031559+00:00,3,32554,80
2026-09-21T22:01:29.099461+00:00,0,32540,85
2026-09-21T22:01:29.099461+00:00,1,32566,78
2026-09-21T22:01:29.099461+00:00,2,32570,83
2026-09-21T22:01:29.099461+00:00,3,32554,80
2026-09-21T22:01:34.164417+00:00,0,32540,86
2026-09-21T22:01:34.164417+00:00,1,32566,76
2026-09-21T22:01:34.164417+00:00,2,32570,80
2026-09-21T22:01:34.164417+00:00,3,32554,84
2026-09-21T22:01:39.232641+00:00,0,32540,81
2026-09-21T22:01:39.232641+00:00,1,32566,84
2026-09-21T22:01:39.232641+00:00,2,32570,87
2026-09-21T22:01:39.232641+00:00,3,32554,83
2026-09-21T22:01:44.294445+00:00,0,32540,83
2026-09-21T22:01:44.294445+00:00,1,32566,82
2026-09-21T22:01:44.294445+00:00,2,32570,84
2026-09-21T22:01:44.294445+00:00,3,32554,78
2026-09-21T22:01:49.358195+00:00,0,32540,80
2026-09-21T22:01:49.358195+00:00,1,32566,83
2026-09-21T22:01:49.358195+00:00,2,32570,84
2026-09-21T22:01:49.358195+00:00,3,32554,83
2026-09-21T22:01:54.428903+00:00,0,32540,84
2026-09-21T22:01:54.428903+00:00,1,32566,84
2026-09-21T22:01:54.428903+00:00,2,32570,84
2026-09-21T22:01:54.428903+00:00,3,32554,82
2026-09-21T22:01:59.490724+00:00,0,32540,83
2026-09-21T22:01:59.490724+00:00,1,32566,87
2026-09-21T22:01:59.490724+00:00,2,32570,86
2026-09-21T22:01:59.490724+00:00,3,32554,85
2026-09-21T22:02:04.558583+00:00,0,32540,83
2026-09-21T22:02:04.558583+00:00,1,32566,85
2026-09-21T22:02:04.558583+00:00,2,32570,80
2026-09-21T22:02:04.558583+00:00,3,32554,87
2026-09-21T22:02:09.623979+00:00,0,32540,84
2026-09-21T22:02:09.623979+00:00,1,32566,84
2026-09-21T22:02:09.623979+00:00,2,32570,86
2026-09-21T22:02:09.623979+00:00,3,32554,82
2026-09-21T22:02:14.704960+00:00,0,32540,81
2026-09-21T22:02:14.704960+00:00,1,32566,85
2026-09-21T22:02:14.704960+00:00,2,32570,81
2026-09-21T22:02:14.704960+00:00,3,32554,86
2026-09-21T22:02:19.772708+00:00,0,32540,82
2026-09-21T22:02:19.772708+00:00,1,32566,87
2026-09-21T22:02:19.772708+00:00,2,32570,86
2026-09-21T22:02:19.772708+00:00,3,32554,86
2026-09-21T22:02:24.847434+00:00,0,32540,0
2026-09-21T22:02:24.847434+00:00,1,32566,79
2026-09-21T22:02:24.847434+00:00,2,32570,0
2026-09-21T22:02:24.847434+00:00,3,32554,84
2026-09-21T22:02:29.909330+00:00,0,4732,37
2026-09-21T22:02:29.909330+00:00,1,4732,70
2026-09-21T22:02:29.909330+00:00,2,4752,100
2026-09-21T22:02:29.909330+00:00,3,4732,61
2026-09-21T22:02:34.980597+00:00,0,12716,99
2026-09-21T22:02:34.980597+00:00,1,12656,99
2026-09-21T22:02:34.980597+00:00,2,12576,99
2026-09-21T22:02:34.980597+00:00,3,12716,99
2026-09-21T22:02:40.056597+00:00,0,12840,99
2026-09-21T22:02:40.056597+00:00,1,12860,99
2026-09-21T22:02:40.056597+00:00,2,12760,99
2026-09-21T22:02:40.056597+00:00,3,12800,99
2026-09-21T22:02:45.129975+00:00,0,25316,99
2026-09-21T22:02:45.129975+00:00,1,25276,98
2026-09-21T22:02:45.129975+00:00,2,25336,99
2026-09-21T22:02:45.129975+00:00,3,25296,99
2026-09-21T22:02:50.197007+00:00,0,25462,99
2026-09-21T22:02:50.197007+00:00,1,25462,99
2026-09-21T22:02:50.197007+00:00,2,25462,98
2026-09-21T22:02:50.197007+00:00,3,25462,98
2026-09-21T22:02:55.262298+00:00,0,27764,99
2026-09-21T22:02:55.262298+00:00,1,28044,99
2026-09-21T22:02:55.262298+00:00,2,28644,99
2026-09-21T22:02:55.262298+00:00,3,28024,99
2026-09-21T22:03:00.326414+00:00,0,29546,98
2026-09-21T22:03:00.326414+00:00,1,29226,98
2026-09-21T22:03:00.326414+00:00,2,28986,99
2026-09-21T22:03:00.326414+00:00,3,29546,99
2026-09-21T22:03:05.397047+00:00,0,30008,98
2026-09-21T22:03:05.397047+00:00,1,30148,99
2026-09-21T22:03:05.397047+00:00,2,29688,99
2026-09-21T22:03:05.397047+00:00,3,29848,98
2026-09-21T22:03:10.462672+00:00,0,30010,99
2026-09-21T22:03:10.462672+00:00,1,30150,99
2026-09-21T22:03:10.462672+00:00,2,29690,99
2026-09-21T22:03:10.462672+00:00,3,29850,99
2026-09-21T22:03:15.536670+00:00,0,30012,99
2026-09-21T22:03:15.536670+00:00,1,30152,98
2026-09-21T22:03:15.536670+00:00,2,29692,99
2026-09-21T22:03:15.536670+00:00,3,29852,99
2026-09-21T22:03:20.604830+00:00,0,30012,98
2026-09-21T22:03:20.604830+00:00,1,30152,98
2026-09-21T22:03:20.604830+00:00,2,29692,98
2026-09-21T22:03:20.604830+00:00,3,29852,98
2026-09-21T22:03:25.678972+00:00,0,8288,70
2026-09-21T22:03:25.678972+00:00,1,8288,68
2026-09-21T22:03:25.678972+00:00,2,8288,66
2026-09-21T22:03:25.678972+00:00,3,8288,82
2026-09-21T22:03:30.743552+00:00,0,9720,6
2026-09-21T22:03:30.743552+00:00,1,9720,6
2026-09-21T22:03:30.743552+00:00,2,9984,8
2026-09-21T22:03:30.743552+00:00,3,9720,6
2026-09-21T22:03:35.803960+00:00,0,11050,30
2026-09-21T22:03:35.803960+00:00,1,11050,23
2026-09-21T22:03:35.803960+00:00,2,11050,18
2026-09-21T22:03:35.803960+00:00,3,11050,30
2026-09-21T22:03:40.860461+00:00,0,4774,8
2026-09-21T22:03:40.860461+00:00,1,4776,9
2026-09-21T22:03:40.860461+00:00,2,4774,11
2026-09-21T22:03:40.860461+00:00,3,4774,0
2026-09-21T22:03:45.917335+00:00,0,32546,80
2026-09-21T22:03:45.917335+00:00,1,32572,75
2026-09-21T22:03:45.917335+00:00,2,32542,76
2026-09-21T22:03:45.917335+00:00,3,32554,76
2026-09-21T22:03:50.982865+00:00,0,32546,76
2026-09-21T22:03:50.982865+00:00,1,32572,82
2026-09-21T22:03:50.982865+00:00,2,32542,76
2026-09-21T22:03:50.982865+00:00,3,32554,78
2026-09-21T22:03:56.042864+00:00,0,32546,80
2026-09-21T22:03:56.042864+00:00,1,32572,78
2026-09-21T22:03:56.042864+00:00,2,32542,79
2026-09-21T22:03:56.042864+00:00,3,32554,73
2026-09-21T22:04:01.105756+00:00,0,32546,78
2026-09-21T22:04:01.105756+00:00,1,32572,78
2026-09-21T22:04:01.105756+00:00,2,32542,76
2026-09-21T22:04:01.105756+00:00,3,32554,82
2026-09-21T22:04:06.173029+00:00,0,32546,76
2026-09-21T22:04:06.173029+00:00,1,32572,77
2026-09-21T22:04:06.173029+00:00,2,32542,79
2026-09-21T22:04:06.173029+00:00,3,32554,79
2026-09-21T22:04:11.240136+00:00,0,32546,77
2026-09-21T22:04:11.240136+00:00,1,32572,78
2026-09-21T22:04:11.240136+00:00,2,32542,77
2026-09-21T22:04:11.240136+00:00,3,32554,76
2026-09-21T22:04:16.304851+00:00,0,32546,81
2026-09-21T22:04:16.304851+00:00,1,32572,80
2026-09-21T22:04:16.304851+00:00,2,32542,78
2026-09-21T22:04:16.304851+00:00,3,32554,81
2026-09-21T22:04:21.373913+00:00,0,32546,76
2026-09-21T22:04:21.373913+00:00,1,32572,79
2026-09-21T22:04:21.373913+00:00,2,32542,83
2026-09-21T22:04:21.373913+00:00,3,32554,79
2026-09-21T22:04:26.440588+00:00,0,32546,80
2026-09-21T22:04:26.440588+00:00,1,32572,83
2026-09-21T22:04:26.440588+00:00,2,32542,81
2026-09-21T22:04:26.440588+00:00,3,32554,80
2026-09-21T22:04:31.505640+00:00,0,32546,82
2026-09-21T22:04:31.505640+00:00,1,32572,79
2026-09-21T22:04:31.505640+00:00,2,32542,80
2026-09-21T22:04:31.505640+00:00,3,32554,79
2026-09-21T22:04:36.573838+00:00,0,32546,82
2026-09-21T22:04:36.573838+00:00,1,32572,83
2026-09-21T22:04:36.573838+00:00,2,32542,82
2026-09-21T22:04:36.573838+00:00,3,32554,82
2026-09-21T22:04:41.642663+00:00,0,32546,82
2026-09-21T22:04:41.642663+00:00,1,32572,80
2026-09-21T22:04:41.642663+00:00,2,32542,80
2026-09-21T22:04:41.642663+00:00,3,32554,82
2026-09-21T22:04:46.710256+00:00,0,32546,79
2026-09-21T22:04:46.710256+00:00,1,32572,81
2026-09-21T22:04:46.710256+00:00,2,32542,81
2026-09-21T22:04:46.710256+00:00,3,32554,79
2026-09-21T22:04:51.782708+00:00,0,32546,78
2026-09-21T22:04:51.782708+00:00,1,32572,83
2026-09-21T22:04:51.782708+00:00,2,32542,82
2026-09-21T22:04:51.782708+00:00,3,32554,84
2026-09-21T22:04:56.850502+00:00,0,32546,81
2026-09-21T22:04:56.850502+00:00,1,32572,80
2026-09-21T22:04:56.850502+00:00,2,32542,80
2026-09-21T22:04:56.850502+00:00,3,32554,81
2026-09-21T22:05:01.915351+00:00,0,32546,83
2026-09-21T22:05:01.915351+00:00,1,32572,85
2026-09-21T22:05:01.915351+00:00,2,32542,82
2026-09-21T22:05:01.915351+00:00,3,32554,85
2026-09-21T22:05:06.981788+00:00,0,32546,84
2026-09-21T22:05:06.981788+00:00,1,32572,82
2026-09-21T22:05:06.981788+00:00,2,32542,81
2026-09-21T22:05:06.981788+00:00,3,32554,80
2026-09-21T22:05:12.058181+00:00,0,32546,81
2026-09-21T22:05:12.058181+00:00,1,32572,83
2026-09-21T22:05:12.058181+00:00,2,32542,83
2026-09-21T22:05:12.058181+00:00,3,32554,82
2026-09-21T22:05:17.152254+00:00,0,32546,83
2026-09-21T22:05:17.152254+00:00,1,32572,83
2026-09-21T22:05:17.152254+00:00,2,32542,81
2026-09-21T22:05:17.152254+00:00,3,32554,84
2026-09-21T22:05:22.221989+00:00,0,32546,83
2026-09-21T22:05:22.221989+00:00,1,32572,83
2026-09-21T22:05:22.221989+00:00,2,32542,87
2026-09-21T22:05:22.221989+00:00,3,32554,85
2026-09-21T22:05:27.285456+00:00,0,32546,83
2026-09-21T22:05:27.285456+00:00,1,32572,85
2026-09-21T22:05:27.285456+00:00,2,32542,82
2026-09-21T22:05:27.285456+00:00,3,32554,83
2026-09-21T22:05:32.352380+00:00,0,32546,83
2026-09-21T22:05:32.352380+00:00,1,32572,82
2026-09-21T22:05:32.352380+00:00,2,32542,87
2026-09-21T22:05:32.352380+00:00,3,32554,81
2026-09-21T22:05:37.414349+00:00,0,32546,86
2026-09-21T22:05:37.414349+00:00,1,32572,82
2026-09-21T22:05:37.414349+00:00,2,32542,0
2026-09-21T22:05:37.414349+00:00,3,32554,83
2026-09-21T22:05:42.480906+00:00,0,32546,86
2026-09-21T22:05:42.480906+00:00,1,32572,0
2026-09-21T22:05:42.480906+00:00,2,32542,0
2026-09-21T22:05:42.480906+00:00,3,32554,85
2026-09-21T22:05:47.541797+00:00,0,6612,98
2026-09-21T22:05:47.541797+00:00,1,6632,98
2026-09-21T22:05:47.541797+00:00,2,6652,99
2026-09-21T22:05:47.541797+00:00,3,6572,99
2026-09-21T22:05:52.612729+00:00,0,12276,99
2026-09-21T22:05:52.612729+00:00,1,12296,99
2026-09-21T22:05:52.612729+00:00,2,12256,99
2026-09-21T22:05:52.612729+00:00,3,12256,99
2026-09-21T22:05:57.682452+00:00,0,12282,99
2026-09-21T22:05:57.682452+00:00,1,12302,99
2026-09-21T22:05:57.682452+00:00,2,12282,99
2026-09-21T22:05:57.682452+00:00,3,12382,99
2026-09-21T22:06:02.752838+00:00,0,25300,99
2026-09-21T22:06:02.752838+00:00,1,25300,99
2026-09-21T22:06:02.752838+00:00,2,25300,99
2026-09-21T22:06:02.752838+00:00,3,25300,99
2026-09-21T22:06:07.826694+00:00,0,27004,99
2026-09-21T22:06:07.826694+00:00,1,27284,98
2026-09-21T22:06:07.826694+00:00,2,27284,99
2026-09-21T22:06:07.826694+00:00,3,26524,97
2026-09-21T22:06:12.901921+00:00,0,27004,98
2026-09-21T22:06:12.901921+00:00,1,27284,98
2026-09-21T22:06:12.901921+00:00,2,27504,98
2026-09-21T22:06:12.901921+00:00,3,27204,97
2026-09-21T22:06:17.967351+00:00,0,27826,99
2026-09-21T22:06:17.967351+00:00,1,27868,99
2026-09-21T22:06:17.967351+00:00,2,27648,99
2026-09-21T22:06:17.967351+00:00,3,28008,99
2026-09-21T22:06:23.037559+00:00,0,27828,98
2026-09-21T22:06:23.037559+00:00,1,27868,99
2026-09-21T22:06:23.037559+00:00,2,27648,99
2026-09-21T22:06:23.037559+00:00,3,28008,98
2026-09-21T22:06:28.102102+00:00,0,27830,99
2026-09-21T22:06:28.102102+00:00,1,27870,99
2026-09-21T22:06:28.102102+00:00,2,27650,99
2026-09-21T22:06:28.102102+00:00,3,28010,99
2026-09-21T22:06:33.178712+00:00,0,27832,98
2026-09-21T22:06:33.178712+00:00,1,27872,98
2026-09-21T22:06:33.178712+00:00,2,27652,98
2026-09-21T22:06:33.178712+00:00,3,28012,98
2026-09-21T22:06:38.244369+00:00,0,27834,98
2026-09-21T22:06:38.244369+00:00,1,27874,99
2026-09-21T22:06:38.244369+00:00,2,27654,99
2026-09-21T22:06:38.244369+00:00,3,28014,99
2026-09-21T22:06:43.318399+00:00,0,9720,8
2026-09-21T22:06:43.318399+00:00,1,9720,6
2026-09-21T22:06:43.318399+00:00,2,9720,85
2026-09-21T22:06:43.318399+00:00,3,9720,5
2026-09-21T22:06:48.369987+00:00,0,10558,6
2026-09-21T22:06:48.369987+00:00,1,10662,8
2026-09-21T22:06:48.369987+00:00,2,10886,5
2026-09-21T22:06:48.369987+00:00,3,10516,8
2026-09-21T22:06:53.429267+00:00,0,11050,30
2026-09-21T22:06:53.429267+00:00,1,11050,28
2026-09-21T22:06:53.429267+00:00,2,11050,19
2026-09-21T22:06:53.429267+00:00,3,11050,21
2026-09-21T22:06:58.487173+00:00,0,32536,72
2026-09-21T22:06:58.487173+00:00,1,32572,74
2026-09-21T22:06:58.487173+00:00,2,32536,79
2026-09-21T22:06:58.487173+00:00,3,32542,70
2026-09-21T22:07:03.550999+00:00,0,32536,76
2026-09-21T22:07:03.550999+00:00,1,32572,73
2026-09-21T22:07:03.550999+00:00,2,32536,76
2026-09-21T22:07:03.550999+00:00,3,32542,77
2026-09-21T22:07:08.611732+00:00,0,32536,75
2026-09-21T22:07:08.611732+00:00,1,32572,77
2026-09-21T22:07:08.611732+00:00,2,32536,80
2026-09-21T22:07:08.611732+00:00,3,32542,74
2026-09-21T22:07:13.679714+00:00,0,32536,76
2026-09-21T22:07:13.679714+00:00,1,32572,80
2026-09-21T22:07:13.679714+00:00,2,32536,78
2026-09-21T22:07:13.679714+00:00,3,32542,76
2026-09-21T22:07:18.743989+00:00,0,32536,79
2026-09-21T22:07:18.743989+00:00,1,32572,84
2026-09-21T22:07:18.743989+00:00,2,32536,76
2026-09-21T22:07:18.743989+00:00,3,32542,85
2026-09-21T22:07:23.808405+00:00,0,32536,81
2026-09-21T22:07:23.808405+00:00,1,32572,78
2026-09-21T22:07:23.808405+00:00,2,32536,82
2026-09-21T22:07:23.808405+00:00,3,32542,80
2026-09-21T22:07:28.869215+00:00,0,32536,76
2026-09-21T22:07:28.869215+00:00,1,32572,86
2026-09-21T22:07:28.869215+00:00,2,32536,79
2026-09-21T22:07:28.869215+00:00,3,32542,80
2026-09-21T22:07:33.949456+00:00,0,32536,80
2026-09-21T22:07:33.949456+00:00,1,32572,81
2026-09-21T22:07:33.949456+00:00,2,32536,81
2026-09-21T22:07:33.949456+00:00,3,32542,81
2026-09-21T22:07:39.016175+00:00,0,32536,84
2026-09-21T22:07:39.016175+00:00,1,32572,79
2026-09-21T22:07:39.016175+00:00,2,32536,81
2026-09-21T22:07:39.016175+00:00,3,32542,82
2026-09-21T22:07:44.091000+00:00,0,32536,83
2026-09-21T22:07:44.091000+00:00,1,32572,79
2026-09-21T22:07:44.091000+00:00,2,32536,79
2026-09-21T22:07:44.091000+00:00,3,32542,80
2026-09-21T22:07:49.158161+00:00,0,32536,84
2026-09-21T22:07:49.158161+00:00,1,32572,82
2026-09-21T22:07:49.158161+00:00,2,32536,79
2026-09-21T22:07:49.158161+00:00,3,32542,79
2026-09-21T22:07:54.221177+00:00,0,32536,80
2026-09-21T22:07:54.221177+00:00,1,32572,76
2026-09-21T22:07:54.221177+00:00,2,32536,79
2026-09-21T22:07:54.221177+00:00,3,32542,81
2026-09-21T22:07:59.290497+00:00,0,32536,78
2026-09-21T22:07:59.290497+00:00,1,32572,77
2026-09-21T22:07:59.290497+00:00,2,32536,84
2026-09-21T22:07:59.290497+00:00,3,32542,78
2026-09-21T22:08:04.350099+00:00,0,32536,81
2026-09-21T22:08:04.350099+00:00,1,32572,83
2026-09-21T22:08:04.350099+00:00,2,32536,81
2026-09-21T22:08:04.350099+00:00,3,32542,82
2026-09-21T22:08:09.421364+00:00,0,32536,82
2026-09-21T22:08:09.421364+00:00,1,32572,77
2026-09-21T22:08:09.421364+00:00,2,32536,80
2026-09-21T22:08:09.421364+00:00,3,32542,81
2026-09-21T22:08:14.487385+00:00,0,32536,79
2026-09-21T22:08:14.487385+00:00,1,32572,82
2026-09-21T22:08:14.487385+00:00,2,32536,88
2026-09-21T22:08:14.487385+00:00,3,32542,84
2026-09-21T22:08:19.554152+00:00,0,32536,85
2026-09-21T22:08:19.554152+00:00,1,32572,82
2026-09-21T22:08:19.554152+00:00,2,32536,85
2026-09-21T22:08:19.554152+00:00,3,32542,80
2026-09-21T22:08:24.624597+00:00,0,32536,83
2026-09-21T22:08:24.624597+00:00,1,32572,86
2026-09-21T22:08:24.624597+00:00,2,32536,82
2026-09-21T22:08:24.624597+00:00,3,32542,83
2026-09-21T22:08:29.696309+00:00,0,32536,85
2026-09-21T22:08:29.696309+00:00,1,32572,82
2026-09-21T22:08:29.696309+00:00,2,32536,84
2026-09-21T22:08:29.696309+00:00,3,32542,85
2026-09-21T22:08:34.762194+00:00,0,32536,84
2026-09-21T22:08:34.762194+00:00,1,32572,85
2026-09-21T22:08:34.762194+00:00,2,32536,83
2026-09-21T22:08:34.762194+00:00,3,32542,82
2026-09-21T22:08:39.832873+00:00,0,32536,82
2026-09-21T22:08:39.832873+00:00,1,32572,84
2026-09-21T22:08:39.832873+00:00,2,32536,84
2026-09-21T22:08:39.832873+00:00,3,32542,83
2026-09-21T22:08:44.900821+00:00,0,32536,84
2026-09-21T22:08:44.900821+00:00,1,32572,80
2026-09-21T22:08:44.900821+00:00,2,32536,82
2026-09-21T22:08:44.900821+00:00,3,32542,82
2026-09-21T22:08:49.971001+00:00,0,32536,82
2026-09-21T22:08:49.971001+00:00,1,32572,79
2026-09-21T22:08:49.971001+00:00,2,32536,81
2026-09-21T22:08:49.971001+00:00,3,32542,80
2026-09-21T22:08:55.041194+00:00,0,32536,82
2026-09-21T22:08:55.041194+00:00,1,32572,86
2026-09-21T22:08:55.041194+00:00,2,32536,86
2026-09-21T22:08:55.041194+00:00,3,32542,81
2026-09-21T22:09:00.110063+00:00,0,32536,0
2026-09-21T22:09:00.110063+00:00,1,32572,82
2026-09-21T22:09:00.110063+00:00,2,32536,0
2026-09-21T22:09:00.110063+00:00,3,32542,0
2026-09-21T22:09:05.168287+00:00,0,6532,76
2026-09-21T22:09:05.168287+00:00,1,6512,100
2026-09-21T22:09:05.168287+00:00,2,6552,100
2026-09-21T22:09:05.168287+00:00,3,6492,97
2026-09-21T22:09:10.240697+00:00,0,12396,99
2026-09-21T22:09:10.240697+00:00,1,12356,99
2026-09-21T22:09:10.240697+00:00,2,12356,99
2026-09-21T22:09:10.240697+00:00,3,12376,99
2026-09-21T22:09:15.313642+00:00,0,12480,99
2026-09-21T22:09:15.313642+00:00,1,12480,98
2026-09-21T22:09:15.313642+00:00,2,12400,99
2026-09-21T22:09:15.313642+00:00,3,12480,99
2026-09-21T22:09:20.389619+00:00,0,25296,99
2026-09-21T22:09:20.389619+00:00,1,25316,99
2026-09-21T22:09:20.389619+00:00,2,25336,98
2026-09-21T22:09:20.389619+00:00,3,25316,99
2026-09-21T22:09:25.456287+00:00,0,26444,93
2026-09-21T22:09:25.456287+00:00,1,26304,87
2026-09-21T22:09:25.456287+00:00,2,26424,100
2026-09-21T22:09:25.456287+00:00,3,26104,90
2026-09-21T22:09:30.530263+00:00,0,27644,99
2026-09-21T22:09:30.530263+00:00,1,27724,99
2026-09-21T22:09:30.530263+00:00,2,27864,99
2026-09-21T22:09:30.530263+00:00,3,27964,99
2026-09-21T22:09:35.604835+00:00,0,28546,100
2026-09-21T22:09:35.604835+00:00,1,28408,100
2026-09-21T22:09:35.604835+00:00,2,28208,89
2026-09-21T22:09:35.604835+00:00,3,28446,98
2026-09-21T22:09:40.679067+00:00,0,28548,99
2026-09-21T22:09:40.679067+00:00,1,28408,99
2026-09-21T22:09:40.679067+00:00,2,28208,99
2026-09-21T22:09:40.679067+00:00,3,28488,99
2026-09-21T22:09:45.756112+00:00,0,28550,88
2026-09-21T22:09:45.756112+00:00,1,28410,100
2026-09-21T22:09:45.756112+00:00,2,28210,88
2026-09-21T22:09:45.756112+00:00,3,28490,100
2026-09-21T22:09:50.840005+00:00,0,28552,99
2026-09-21T22:09:50.840005+00:00,1,28412,99
2026-09-21T22:09:50.840005+00:00,2,28212,99
2026-09-21T22:09:50.840005+00:00,3,28490,99
2026-09-21T22:09:55.915619+00:00,0,28552,99
2026-09-21T22:09:55.915619+00:00,1,28414,99
2026-09-21T22:09:55.915619+00:00,2,28214,99
2026-09-21T22:09:55.915619+00:00,3,28494,99
2026-09-21T22:10:00.981158+00:00,0,6496,71
2026-09-21T22:10:00.981158+00:00,1,6496,65
2026-09-21T22:10:00.981158+00:00,2,6496,85
2026-09-21T22:10:00.981158+00:00,3,6496,88
2026-09-21T22:10:06.036643+00:00,0,10190,8
2026-09-21T22:10:06.036643+00:00,1,10272,7
2026-09-21T22:10:06.036643+00:00,2,10598,7
2026-09-21T22:10:06.036643+00:00,3,10312,7
2026-09-21T22:10:11.095303+00:00,0,11050,33
2026-09-21T22:10:11.095303+00:00,1,11050,20
2026-09-21T22:10:11.095303+00:00,2,11050,24
2026-09-21T22:10:11.095303+00:00,3,11050,23
2026-09-21T22:10:16.154911+00:00,0,32438,0
2026-09-21T22:10:16.154911+00:00,1,32440,0
2026-09-21T22:10:16.154911+00:00,2,32438,0
2026-09-21T22:10:16.154911+00:00,3,32438,0
2026-09-21T22:10:21.210589+00:00,0,32540,79
2026-09-21T22:10:21.210589+00:00,1,32542,77
2026-09-21T22:10:21.210589+00:00,2,32562,76
2026-09-21T22:10:21.210589+00:00,3,32552,73
2026-09-21T22:10:26.268674+00:00,0,32540,73
2026-09-21T22:10:26.268674+00:00,1,32542,79
2026-09-21T22:10:26.268674+00:00,2,32562,75
2026-09-21T22:10:26.268674+00:00,3,32552,85
2026-09-21T22:10:31.334619+00:00,0,32540,79
2026-09-21T22:10:31.334619+00:00,1,32542,75
2026-09-21T22:10:31.334619+00:00,2,32562,77
2026-09-21T22:10:31.334619+00:00,3,32552,76
2026-09-21T22:10:36.398928+00:00,0,32540,80
2026-09-21T22:10:36.398928+00:00,1,32542,78
2026-09-21T22:10:36.398928+00:00,2,32562,70
2026-09-21T22:10:36.398928+00:00,3,32552,75
2026-09-21T22:10:41.456850+00:00,0,32540,78
2026-09-21T22:10:41.456850+00:00,1,32542,84
2026-09-21T22:10:41.456850+00:00,2,32562,78
2026-09-21T22:10:41.456850+00:00,3,32552,78
2026-09-21T22:10:46.515195+00:00,0,32540,78
2026-09-21T22:10:46.515195+00:00,1,32542,82
2026-09-21T22:10:46.515195+00:00,2,32562,78
2026-09-21T22:10:46.515195+00:00,3,32552,81
2026-09-21T22:10:51.578155+00:00,0,32540,80
2026-09-21T22:10:51.578155+00:00,1,32542,81
2026-09-21T22:10:51.578155+00:00,2,32562,79
2026-09-21T22:10:51.578155+00:00,3,32552,84
2026-09-21T22:10:56.641374+00:00,0,32540,79
2026-09-21T22:10:56.641374+00:00,1,32542,82
2026-09-21T22:10:56.641374+00:00,2,32562,80
2026-09-21T22:10:56.641374+00:00,3,32552,79
2026-09-21T22:11:01.709517+00:00,0,32540,79
2026-09-21T22:11:01.709517+00:00,1,32542,79
2026-09-21T22:11:01.709517+00:00,2,32562,77
2026-09-21T22:11:01.709517+00:00,3,32552,81
2026-09-21T22:11:06.777185+00:00,0,32540,84
2026-09-21T22:11:06.777185+00:00,1,32542,85
2026-09-21T22:11:06.777185+00:00,2,32562,80
2026-09-21T22:11:06.777185+00:00,3,32552,80
2026-09-21T22:11:11.848164+00:00,0,32540,80
2026-09-21T22:11:11.848164+00:00,1,32542,81
2026-09-21T22:11:11.848164+00:00,2,32562,78
2026-09-21T22:11:11.848164+00:00,3,32552,81
2026-09-21T22:11:16.914207+00:00,0,32540,83
2026-09-21T22:11:16.914207+00:00,1,32542,87
2026-09-21T22:11:16.914207+00:00,2,32562,83
2026-09-21T22:11:16.914207+00:00,3,32552,78
2026-09-21T22:11:21.983169+00:00,0,32540,86
2026-09-21T22:11:21.983169+00:00,1,32542,83
2026-09-21T22:11:21.983169+00:00,2,32562,85
2026-09-21T22:11:21.983169+00:00,3,32552,84
2026-09-21T22:11:27.052942+00:00,0,32540,80
2026-09-21T22:11:27.052942+00:00,1,32542,85
2026-09-21T22:11:27.052942+00:00,2,32562,86
2026-09-21T22:11:27.052942+00:00,3,32552,82
2026-09-21T22:11:32.117182+00:00,0,32540,84
2026-09-21T22:11:32.117182+00:00,1,32542,82
2026-09-21T22:11:32.117182+00:00,2,32562,83
2026-09-21T22:11:32.117182+00:00,3,32552,82
2026-09-21T22:11:37.182435+00:00,0,32540,83
2026-09-21T22:11:37.182435+00:00,1,32542,82
2026-09-21T22:11:37.182435+00:00,2,32562,79
2026-09-21T22:11:37.182435+00:00,3,32552,81
2026-09-21T22:11:42.243948+00:00,0,32540,79
2026-09-21T22:11:42.243948+00:00,1,32542,83
2026-09-21T22:11:42.243948+00:00,2,32562,87
2026-09-21T22:11:42.243948+00:00,3,32552,86
2026-09-21T22:11:47.313869+00:00,0,32540,87
2026-09-21T22:11:47.313869+00:00,1,32542,84
2026-09-21T22:11:47.313869+00:00,2,32562,83
2026-09-21T22:11:47.313869+00:00,3,32552,84
2026-09-21T22:11:52.377342+00:00,0,32540,81
2026-09-21T22:11:52.377342+00:00,1,32542,81
2026-09-21T22:11:52.377342+00:00,2,32562,85
2026-09-21T22:11:52.377342+00:00,3,32552,82
2026-09-21T22:11:57.445176+00:00,0,32540,83
2026-09-21T22:11:57.445176+00:00,1,32542,82
2026-09-21T22:11:57.445176+00:00,2,32562,83
2026-09-21T22:11:57.445176+00:00,3,32552,84
2026-09-21T22:12:02.504685+00:00,0,32540,82
2026-09-21T22:12:02.504685+00:00,1,32542,82
2026-09-21T22:12:02.504685+00:00,2,32562,73
2026-09-21T22:12:02.504685+00:00,3,32552,82
2026-09-21T22:12:07.605724+00:00,0,32540,86
2026-09-21T22:12:07.605724+00:00,1,32542,87
2026-09-21T22:12:07.605724+00:00,2,32562,85
2026-09-21T22:12:07.605724+00:00,3,32552,86
2026-09-21T22:12:12.686049+00:00,0,32540,82
2026-09-21T22:12:12.686049+00:00,1,32542,87
2026-09-21T22:12:12.686049+00:00,2,32562,84
2026-09-21T22:12:12.686049+00:00,3,32552,84
2026-09-21T22:12:17.755924+00:00,0,32540,85
2026-09-21T22:12:17.755924+00:00,1,32542,83
2026-09-21T22:12:17.755924+00:00,2,32562,87
2026-09-21T22:12:17.755924+00:00,3,32552,85
2026-09-21T22:12:22.822987+00:00,0,32540,0
2026-09-21T22:12:22.822987+00:00,1,32542,0
2026-09-21T22:12:22.822987+00:00,2,32562,0
2026-09-21T22:12:22.822987+00:00,3,32552,82
2026-09-21T22:12:27.883959+00:00,0,11492,66
2026-09-21T22:12:27.883959+00:00,1,11412,73
2026-09-21T22:12:27.883959+00:00,2,11632,99
2026-09-21T22:12:27.883959+00:00,3,11572,82
2026-09-21T22:12:32.954664+00:00,0,11976,99
2026-09-21T22:12:32.954664+00:00,1,11956,99
2026-09-21T22:12:32.954664+00:00,2,11916,99
2026-09-21T22:12:32.954664+00:00,3,11956,99
2026-09-21T22:12:38.027093+00:00,0,12142,99
2026-09-21T22:12:38.027093+00:00,1,12082,99
2026-09-21T22:12:38.027093+00:00,2,11962,99
2026-09-21T22:12:38.027093+00:00,3,11982,98
2026-09-21T22:12:43.100733+00:00,0,25260,99
2026-09-21T22:12:43.100733+00:00,1,25260,99
2026-09-21T22:12:43.100733+00:00,2,25280,99
2026-09-21T22:12:43.100733+00:00,3,25280,99
2026-09-21T22:12:48.178307+00:00,0,25442,98
2026-09-21T22:12:48.178307+00:00,1,25442,99
2026-09-21T22:12:48.178307+00:00,2,25422,98
2026-09-21T22:12:48.178307+00:00,3,25442,98
2026-09-21T22:12:53.250039+00:00,0,25504,94
2026-09-21T22:12:53.250039+00:00,1,25504,98
2026-09-21T22:12:53.250039+00:00,2,25444,98
2026-09-21T22:12:53.250039+00:00,3,25504,98
2026-09-21T22:12:58.324456+00:00,0,27666,99
2026-09-21T22:12:58.324456+00:00,1,27926,99
2026-09-21T22:12:58.324456+00:00,2,27266,99
2026-09-21T22:12:58.324456+00:00,3,27586,99
2026-09-21T22:13:03.401791+00:00,0,28188,98
2026-09-21T22:13:03.401791+00:00,1,28608,98
2026-09-21T22:13:03.401791+00:00,2,28628,99
2026-09-21T22:13:03.401791+00:00,3,27828,98
2026-09-21T22:13:08.475455+00:00,0,28190,99
2026-09-21T22:13:08.475455+00:00,1,28610,99
2026-09-21T22:13:08.475455+00:00,2,28630,99
2026-09-21T22:13:08.475455+00:00,3,28050,98
2026-09-21T22:13:13.546561+00:00,0,28190,97
2026-09-21T22:13:13.546561+00:00,1,28610,98
2026-09-21T22:13:13.546561+00:00,2,28630,98
2026-09-21T22:13:13.546561+00:00,3,28050,98
2026-09-21T22:13:18.610782+00:00,0,28192,99
2026-09-21T22:13:18.610782+00:00,1,28612,99
2026-09-21T22:13:18.610782+00:00,2,28632,99
2026-09-21T22:13:18.610782+00:00,3,28052,99
2026-09-21T22:13:23.693113+00:00,0,4684,61
2026-09-21T22:13:23.693113+00:00,1,4684,100
2026-09-21T22:13:23.693113+00:00,2,4684,47
2026-09-21T22:13:23.693113+00:00,3,4684,79
2026-09-21T22:13:28.757558+00:00,0,9720,7
2026-09-21T22:13:28.757558+00:00,1,9720,7
2026-09-21T22:13:28.757558+00:00,2,9720,6
2026-09-21T22:13:28.757558+00:00,3,9720,7
2026-09-21T22:13:33.821889+00:00,0,11050,15
2026-09-21T22:13:33.821889+00:00,1,11050,23
2026-09-21T22:13:33.821889+00:00,2,11050,25
2026-09-21T22:13:33.821889+00:00,3,11050,28
2026-09-21T22:13:38.882961+00:00,0,4774,10
2026-09-21T22:13:38.882961+00:00,1,4776,10
2026-09-21T22:13:38.882961+00:00,2,4774,10
2026-09-21T22:13:38.882961+00:00,3,4774,17
2026-09-21T22:13:43.940077+00:00,0,32560,73
2026-09-21T22:13:43.940077+00:00,1,32542,75
2026-09-21T22:13:43.940077+00:00,2,32572,73
2026-09-21T22:13:43.940077+00:00,3,32566,74
2026-09-21T22:13:49.004519+00:00,0,32560,80
2026-09-21T22:13:49.004519+00:00,1,32542,74
2026-09-21T22:13:49.004519+00:00,2,32572,74
2026-09-21T22:13:49.004519+00:00,3,32566,76
2026-09-21T22:13:54.066601+00:00,0,32560,75
2026-09-21T22:13:54.066601+00:00,1,32542,77
2026-09-21T22:13:54.066601+00:00,2,32572,74
2026-09-21T22:13:54.066601+00:00,3,32566,76
2026-09-21T22:13:59.130769+00:00,0,32560,73
2026-09-21T22:13:59.130769+00:00,1,32542,77
2026-09-21T22:13:59.130769+00:00,2,32572,78
2026-09-21T22:13:59.130769+00:00,3,32566,75
2026-09-21T22:14:04.197865+00:00,0,32560,74
2026-09-21T22:14:04.197865+00:00,1,32542,79
2026-09-21T22:14:04.197865+00:00,2,32572,85
2026-09-21T22:14:04.197865+00:00,3,32566,77
2026-09-21T22:14:09.262530+00:00,0,32560,77
2026-09-21T22:14:09.262530+00:00,1,32542,79
2026-09-21T22:14:09.262530+00:00,2,32572,81
2026-09-21T22:14:09.262530+00:00,3,32566,77
2026-09-21T22:14:14.327851+00:00,0,32560,78
2026-09-21T22:14:14.327851+00:00,1,32542,77
2026-09-21T22:14:14.327851+00:00,2,32572,77
2026-09-21T22:14:14.327851+00:00,3,32566,78
2026-09-21T22:14:19.395788+00:00,0,32560,78
2026-09-21T22:14:19.395788+00:00,1,32542,75
2026-09-21T22:14:19.395788+00:00,2,32572,80
2026-09-21T22:14:19.395788+00:00,3,32566,82
2026-09-21T22:14:24.461092+00:00,0,32560,83
2026-09-21T22:14:24.461092+00:00,1,32542,82
2026-09-21T22:14:24.461092+00:00,2,32572,78
2026-09-21T22:14:24.461092+00:00,3,32566,80
2026-09-21T22:14:29.531321+00:00,0,32560,81
2026-09-21T22:14:29.531321+00:00,1,32542,80
2026-09-21T22:14:29.531321+00:00,2,32572,80
2026-09-21T22:14:29.531321+00:00,3,32566,81
2026-09-21T22:14:34.598820+00:00,0,32560,78
2026-09-21T22:14:34.598820+00:00,1,32542,82
2026-09-21T22:14:34.598820+00:00,2,32572,81
2026-09-21T22:14:34.598820+00:00,3,32566,79
2026-09-21T22:14:39.668864+00:00,0,32560,75
2026-09-21T22:14:39.668864+00:00,1,32542,82
2026-09-21T22:14:39.668864+00:00,2,32572,80
2026-09-21T22:14:39.668864+00:00,3,32566,78
2026-09-21T22:14:44.755466+00:00,0,32560,82
2026-09-21T22:14:44.755466+00:00,1,32542,81
2026-09-21T22:14:44.755466+00:00,2,32572,83
2026-09-21T22:14:44.755466+00:00,3,32566,83
2026-09-21T22:14:49.816787+00:00,0,32560,82
2026-09-21T22:14:49.816787+00:00,1,32542,81
2026-09-21T22:14:49.816787+00:00,2,32572,79
2026-09-21T22:14:49.816787+00:00,3,32566,87
2026-09-21T22:14:54.877862+00:00,0,32560,81
2026-09-21T22:14:54.877862+00:00,1,32542,80
2026-09-21T22:14:54.877862+00:00,2,32572,80
2026-09-21T22:14:54.877862+00:00,3,32566,85
2026-09-21T22:14:59.940456+00:00,0,32560,85
2026-09-21T22:14:59.940456+00:00,1,32542,81
2026-09-21T22:14:59.940456+00:00,2,32572,88
2026-09-21T22:14:59.940456+00:00,3,32566,83
2026-09-21T22:15:05.008955+00:00,0,32560,82
2026-09-21T22:15:05.008955+00:00,1,32542,84
2026-09-21T22:15:05.008955+00:00,2,32572,83
2026-09-21T22:15:05.008955+00:00,3,32566,82
2026-09-21T22:15:10.077372+00:00,0,32560,80
2026-09-21T22:15:10.077372+00:00,1,32542,80
2026-09-21T22:15:10.077372+00:00,2,32572,78
2026-09-21T22:15:10.077372+00:00,3,32566,84
2026-09-21T22:15:15.145405+00:00,0,32560,79
2026-09-21T22:15:15.145405+00:00,1,32542,82
2026-09-21T22:15:15.145405+00:00,2,32572,83
2026-09-21T22:15:15.145405+00:00,3,32566,78
2026-09-21T22:15:20.213714+00:00,0,32560,80
2026-09-21T22:15:20.213714+00:00,1,32542,83
2026-09-21T22:15:20.213714+00:00,2,32572,83
2026-09-21T22:15:20.213714+00:00,3,32566,82
2026-09-21T22:15:25.278499+00:00,0,32560,86
2026-09-21T22:15:25.278499+00:00,1,32542,82
2026-09-21T22:15:25.278499+00:00,2,32572,86
2026-09-21T22:15:25.278499+00:00,3,32566,80
2026-09-21T22:15:30.347316+00:00,0,32560,85
2026-09-21T22:15:30.347316+00:00,1,32542,83
2026-09-21T22:15:30.347316+00:00,2,32572,84
2026-09-21T22:15:30.347316+00:00,3,32566,81
2026-09-21T22:15:35.412963+00:00,0,32560,86
2026-09-21T22:15:35.412963+00:00,1,32542,82
2026-09-21T22:15:35.412963+00:00,2,32572,82
2026-09-21T22:15:35.412963+00:00,3,32566,82
2026-09-21T22:15:40.481056+00:00,0,32560,83
2026-09-21T22:15:40.481056+00:00,1,32542,0
2026-09-21T22:15:40.481056+00:00,2,32572,89
2026-09-21T22:15:40.481056+00:00,3,32566,0
2026-09-21T22:15:45.542700+00:00,0,6632,99
2026-09-21T22:15:45.542700+00:00,1,6672,99
2026-09-21T22:15:45.542700+00:00,2,6672,99
2026-09-21T22:15:45.542700+00:00,3,6672,99
2026-09-21T22:15:50.612780+00:00,0,12358,96
2026-09-21T22:15:50.612780+00:00,1,12358,99
2026-09-21T22:15:50.612780+00:00,2,12316,99
2026-09-21T22:15:50.612780+00:00,3,12338,99
2026-09-21T22:15:55.684157+00:00,0,12362,99
2026-09-21T22:15:55.684157+00:00,1,12362,99
2026-09-21T22:15:55.684157+00:00,2,12340,99
2026-09-21T22:15:55.684157+00:00,3,12342,99
2026-09-21T22:16:00.756799+00:00,0,25120,98
2026-09-21T22:16:00.756799+00:00,1,25200,98
2026-09-21T22:16:00.756799+00:00,2,25100,99
2026-09-21T22:16:00.756799+00:00,3,25220,99
2026-09-21T22:16:05.827740+00:00,0,27184,99
2026-09-21T22:16:05.827740+00:00,1,27164,98
2026-09-21T22:16:05.827740+00:00,2,27404,98
2026-09-21T22:16:05.827740+00:00,3,26944,99
2026-09-21T22:16:10.901476+00:00,0,27404,99
2026-09-21T22:16:10.901476+00:00,1,27624,98
2026-09-21T22:16:10.901476+00:00,2,27764,98
2026-09-21T22:16:10.901476+00:00,3,27784,98
2026-09-21T22:16:15.978930+00:00,0,28008,99
2026-09-21T22:16:15.978930+00:00,1,28066,99
2026-09-21T22:16:15.978930+00:00,2,28108,99
2026-09-21T22:16:15.978930+00:00,3,28066,99
2026-09-21T22:16:21.052921+00:00,0,28008,99
2026-09-21T22:16:21.052921+00:00,1,28068,98
2026-09-21T22:16:21.052921+00:00,2,28108,98
2026-09-21T22:16:21.052921+00:00,3,28068,98
2026-09-21T22:16:26.116589+00:00,0,28010,99
2026-09-21T22:16:26.116589+00:00,1,28070,99
2026-09-21T22:16:26.116589+00:00,2,28110,99
2026-09-21T22:16:26.116589+00:00,3,28070,99
2026-09-21T22:16:31.188972+00:00,0,28012,99
2026-09-21T22:16:31.188972+00:00,1,28072,98
2026-09-21T22:16:31.188972+00:00,2,28112,98
2026-09-21T22:16:31.188972+00:00,3,28072,99
2026-09-21T22:16:36.253458+00:00,0,28012,99
2026-09-21T22:16:36.253458+00:00,1,28072,98
2026-09-21T22:16:36.253458+00:00,2,28112,99
2026-09-21T22:16:36.253458+00:00,3,28072,98
2026-09-21T22:16:41.326204+00:00,0,9720,5
2026-09-21T22:16:41.326204+00:00,1,9720,5
2026-09-21T22:16:41.326204+00:00,2,9720,29
2026-09-21T22:16:41.326204+00:00,3,9720,12
2026-09-21T22:16:46.379113+00:00,0,10742,7
2026-09-21T22:16:46.379113+00:00,1,10640,6
2026-09-21T22:16:46.379113+00:00,2,11050,55
2026-09-21T22:16:46.379113+00:00,3,10866,6
2026-09-21T22:16:51.439595+00:00,0,12230,41
2026-09-21T22:16:51.439595+00:00,1,12230,44
2026-09-21T22:16:51.439595+00:00,2,12250,43
2026-09-21T22:16:51.439595+00:00,3,12310,41
2026-09-21T22:16:56.502484+00:00,0,32538,72
2026-09-21T22:16:56.502484+00:00,1,32550,76
2026-09-21T22:16:56.502484+00:00,2,32552,74
2026-09-21T22:16:56.502484+00:00,3,32542,81
2026-09-21T22:17:01.562479+00:00,0,32538,73
2026-09-21T22:17:01.562479+00:00,1,32550,72
2026-09-21T22:17:01.562479+00:00,2,32552,78
2026-09-21T22:17:01.562479+00:00,3,32542,74
2026-09-21T22:17:06.615366+00:00,0,32538,73
2026-09-21T22:17:06.615366+00:00,1,32550,76
2026-09-21T22:17:06.615366+00:00,2,32552,76
2026-09-21T22:17:06.615366+00:00,3,32542,75
2026-09-21T22:17:11.677522+00:00,0,32538,77
2026-09-21T22:17:11.677522+00:00,1,32550,75
2026-09-21T22:17:11.677522+00:00,2,32552,77
2026-09-21T22:17:11.677522+00:00,3,32542,75
2026-09-21T22:17:16.742732+00:00,0,32538,77
2026-09-21T22:17:16.742732+00:00,1,32550,77
2026-09-21T22:17:16.742732+00:00,2,32552,78
2026-09-21T22:17:16.742732+00:00,3,32542,79
2026-09-21T22:17:21.809380+00:00,0,32538,78
2026-09-21T22:17:21.809380+00:00,1,32550,82
2026-09-21T22:17:21.809380+00:00,2,32552,78
2026-09-21T22:17:21.809380+00:00,3,32542,78
2026-09-21T22:17:26.877180+00:00,0,32538,77
2026-09-21T22:17:26.877180+00:00,1,32550,80
2026-09-21T22:17:26.877180+00:00,2,32552,81
2026-09-21T22:17:26.877180+00:00,3,32542,78
2026-09-21T22:17:31.944742+00:00,0,32538,77
2026-09-21T22:17:31.944742+00:00,1,32550,75
2026-09-21T22:17:31.944742+00:00,2,32552,84
2026-09-21T22:17:31.944742+00:00,3,32542,82
2026-09-21T22:17:37.010531+00:00,0,32538,80
2026-09-21T22:17:37.010531+00:00,1,32550,78
2026-09-21T22:17:37.010531+00:00,2,32552,81
2026-09-21T22:17:37.010531+00:00,3,32542,79
2026-09-21T22:17:42.076393+00:00,0,32538,77
2026-09-21T22:17:42.076393+00:00,1,32550,78
2026-09-21T22:17:42.076393+00:00,2,32552,79
2026-09-21T22:17:42.076393+00:00,3,32542,79
2026-09-21T22:17:47.149894+00:00,0,32538,83
2026-09-21T22:17:47.149894+00:00,1,32550,79
2026-09-21T22:17:47.149894+00:00,2,32552,78
2026-09-21T22:17:47.149894+00:00,3,32542,81
2026-09-21T22:17:52.216094+00:00,0,32538,81
2026-09-21T22:17:52.216094+00:00,1,32550,79
2026-09-21T22:17:52.216094+00:00,2,32552,80
2026-09-21T22:17:52.216094+00:00,3,32542,82
2026-09-21T22:17:57.277792+00:00,0,32538,86
2026-09-21T22:17:57.277792+00:00,1,32550,81
2026-09-21T22:17:57.277792+00:00,2,32552,82
2026-09-21T22:17:57.277792+00:00,3,32542,84
2026-09-21T22:18:02.345963+00:00,0,32538,81
2026-09-21T22:18:02.345963+00:00,1,32550,80
2026-09-21T22:18:02.345963+00:00,2,32552,83
2026-09-21T22:18:02.345963+00:00,3,32542,80
2026-09-21T22:18:07.417252+00:00,0,32538,80
2026-09-21T22:18:07.417252+00:00,1,32550,79
2026-09-21T22:18:07.417252+00:00,2,32552,86
2026-09-21T22:18:07.417252+00:00,3,32542,83
2026-09-21T22:18:12.485161+00:00,0,32538,81
2026-09-21T22:18:12.485161+00:00,1,32550,86
2026-09-21T22:18:12.485161+00:00,2,32552,80
2026-09-21T22:18:12.485161+00:00,3,32542,83
2026-09-21T22:18:17.552049+00:00,0,32538,82
2026-09-21T22:18:17.552049+00:00,1,32550,81
2026-09-21T22:18:17.552049+00:00,2,32552,84
2026-09-21T22:18:17.552049+00:00,3,32542,82
2026-09-21T22:18:22.618464+00:00,0,32538,83
2026-09-21T22:18:22.618464+00:00,1,32550,82
2026-09-21T22:18:22.618464+00:00,2,32552,85
2026-09-21T22:18:22.618464+00:00,3,32542,80
2026-09-21T22:18:27.686713+00:00,0,32538,82
2026-09-21T22:18:27.686713+00:00,1,32550,82
2026-09-21T22:18:27.686713+00:00,2,32552,81
2026-09-21T22:18:27.686713+00:00,3,32542,83
2026-09-21T22:18:32.748403+00:00,0,32538,82
2026-09-21T22:18:32.748403+00:00,1,32550,82
2026-09-21T22:18:32.748403+00:00,2,32552,84
2026-09-21T22:18:32.748403+00:00,3,32542,83
2026-09-21T22:18:37.816004+00:00,0,32538,81
2026-09-21T22:18:37.816004+00:00,1,32550,81
2026-09-21T22:18:37.816004+00:00,2,32552,86
2026-09-21T22:18:37.816004+00:00,3,32542,84
2026-09-21T22:18:42.884352+00:00,0,32538,83
2026-09-21T22:18:42.884352+00:00,1,32550,83
2026-09-21T22:18:42.884352+00:00,2,32552,83
2026-09-21T22:18:42.884352+00:00,3,32542,83
2026-09-21T22:18:47.951090+00:00,0,32538,81
2026-09-21T22:18:47.951090+00:00,1,32550,81
2026-09-21T22:18:47.951090+00:00,2,32552,84
2026-09-21T22:18:47.951090+00:00,3,32542,79
2026-09-21T22:18:53.020827+00:00,0,32538,0
2026-09-21T22:18:53.020827+00:00,1,32550,0
2026-09-21T22:18:53.020827+00:00,2,32552,81
2026-09-21T22:18:53.020827+00:00,3,32542,0
2026-09-21T22:18:58.080715+00:00,0,11892,99
2026-09-21T22:18:58.080715+00:00,1,11932,99
2026-09-21T22:18:58.080715+00:00,2,11892,98
2026-09-21T22:18:58.080715+00:00,3,11952,99
2026-09-21T22:19:03.151038+00:00,0,12058,99
2026-09-21T22:19:03.151038+00:00,1,12058,99
2026-09-21T22:19:03.151038+00:00,2,12058,99
2026-09-21T22:19:03.151038+00:00,3,12038,99
2026-09-21T22:19:08.228645+00:00,0,2922,88
2026-09-21T22:19:08.228645+00:00,1,2922,21
2026-09-21T22:19:08.228645+00:00,2,2922,0
2026-09-21T22:19:08.228645+00:00,3,2922,0
2026-09-21T22:19:13.295116+00:00,0,26222,98
2026-09-21T22:19:13.295116+00:00,1,26002,98
2026-09-21T22:19:13.295116+00:00,2,26122,98
2026-09-21T22:19:13.295116+00:00,3,26062,98
2026-09-21T22:19:18.361693+00:00,0,26224,98
2026-09-21T22:19:18.361693+00:00,1,26002,99
2026-09-21T22:19:18.361693+00:00,2,26122,98
2026-09-21T22:19:18.361693+00:00,3,26444,98
2026-09-21T22:19:23.437207+00:00,0,26746,99
2026-09-21T22:19:23.437207+00:00,1,26446,98
2026-09-21T22:19:23.437207+00:00,2,26124,99
2026-09-21T22:19:23.437207+00:00,3,26666,99
2026-09-21T22:19:28.503261+00:00,0,27226,99
2026-09-21T22:19:28.503261+00:00,1,26906,99
2026-09-21T22:19:28.503261+00:00,2,27426,98
2026-09-21T22:19:28.503261+00:00,3,27288,98
2026-09-21T22:19:33.568172+00:00,0,27228,99
2026-09-21T22:19:33.568172+00:00,1,26908,99
2026-09-21T22:19:33.568172+00:00,2,27428,99
2026-09-21T22:19:33.568172+00:00,3,27290,98
2026-09-21T22:19:38.634667+00:00,0,27232,100
2026-09-21T22:19:38.634667+00:00,1,26912,99
2026-09-21T22:19:38.634667+00:00,2,27430,100
2026-09-21T22:19:38.634667+00:00,3,27292,100
2026-09-21T22:19:43.704471+00:00,0,27232,99
2026-09-21T22:19:43.704471+00:00,1,26912,99
2026-09-21T22:19:43.704471+00:00,2,27432,99
2026-09-21T22:19:43.704471+00:00,3,27292,99
2026-09-21T22:19:48.771522+00:00,0,4938,55
2026-09-21T22:19:48.771522+00:00,1,4938,76
2026-09-21T22:19:48.771522+00:00,2,4938,47
2026-09-21T22:19:48.771522+00:00,3,4938,54
