timestamp_utc,gpu_index,used_mib,utilization_percent
2026-09-21T22:24:40.978142+00:00,0,655,0
2026-09-21T22:24:40.978142+00:00,1,655,0
2026-09-21T22:24:40.978142+00:00,2,655,0
2026-09-21T22:24:40.978142+00:00,3,655,0
2026-09-21T22:24:46.030466+00:00,0,4337,0
2026-09-21T22:24:46.030466+00:00,1,4337,0
2026-09-21T22:24:46.030466+00:00,2,4337,0
2026-09-21T22:24:46.030466+00:00,3,4337,0
2026-09-21T22:24:51.084390+00:00,0,4337,0
2026-09-21T22:24:51.084390+00:00,1,4337,0
2026-09-21T22:24:51.084390+00:00,2,4337,0
2026-09-21T22:24:51.084390+00:00,3,4337,0
2026-09-21T22:24:56.138586+00:00,0,4337,0
2026-09-21T22:24:56.138586+00:00,1,32225,8
2026-09-21T22:24:56.138586+00:00,2,31959,0
2026-09-21T22:24:56.138586+00:00,3,32191,8
2026-09-21T22:25:01.193210+00:00,0,32251,9
2026-09-21T22:25:01.193210+00:00,1,33121,0
2026-09-21T22:25:01.193210+00:00,2,33121,0
2026-09-21T22:25:01.193210+00:00,3,33121,0
2026-09-21T22:25:06.246534+00:00,0,1165,0
2026-09-21T22:25:06.246534+00:00,1,1165,0
2026-09-21T22:25:06.246534+00:00,2,1165,0
2026-09-21T22:25:06.246534+00:00,3,1165,0
2026-09-21T22:25:11.299587+00:00,0,9690,5
2026-09-21T22:25:11.299587+00:00,1,9690,6
2026-09-21T22:25:11.299587+00:00,2,9690,6
2026-09-21T22:25:11.299587+00:00,3,9690,6
2026-09-21T22:25:16.355239+00:00,0,10876,8
2026-09-21T22:25:16.355239+00:00,1,11020,100
2026-09-21T22:25:16.355239+00:00,2,11020,8
2026-09-21T22:25:16.355239+00:00,3,10958,7
2026-09-21T22:25:21.404202+00:00,0,14360,31
2026-09-21T22:25:21.404202+00:00,1,14360,30
2026-09-21T22:25:21.404202+00:00,2,14300,31
2026-09-21T22:25:21.404202+00:00,3,14360,30
2026-09-21T22:25:26.475600+00:00,0,9690,8
2026-09-21T22:25:26.475600+00:00,1,9690,8
2026-09-21T22:25:26.475600+00:00,2,9690,8
2026-09-21T22:25:26.475600+00:00,3,9690,8
2026-09-21T22:25:31.527220+00:00,0,11020,17
2026-09-21T22:25:31.527220+00:00,1,11020,23
2026-09-21T22:25:31.527220+00:00,2,11020,26
2026-09-21T22:25:31.527220+00:00,3,11020,22
2026-09-21T22:25:36.585935+00:00,0,4800,11
2026-09-21T22:25:36.585935+00:00,1,4800,12
2026-09-21T22:25:36.585935+00:00,2,4800,23
2026-09-21T22:25:36.585935+00:00,3,4800,11
2026-09-21T22:25:41.643681+00:00,0,32544,78
2026-09-21T22:25:41.643681+00:00,1,32516,76
2026-09-21T22:25:41.643681+00:00,2,32520,74
2026-09-21T22:25:41.643681+00:00,3,32528,75
2026-09-21T22:25:46.707353+00:00,0,32544,73
2026-09-21T22:25:46.707353+00:00,1,32516,79
2026-09-21T22:25:46.707353+00:00,2,32520,74
2026-09-21T22:25:46.707353+00:00,3,32528,74
2026-09-21T22:25:51.777003+00:00,0,32544,75
2026-09-21T22:25:51.777003+00:00,1,32516,80
2026-09-21T22:25:51.777003+00:00,2,32520,74
2026-09-21T22:25:51.777003+00:00,3,32528,77
2026-09-21T22:25:56.844500+00:00,0,32544,80
2026-09-21T22:25:56.844500+00:00,1,32516,76
2026-09-21T22:25:56.844500+00:00,2,32520,75
2026-09-21T22:25:56.844500+00:00,3,32528,79
2026-09-21T22:26:01.904317+00:00,0,32544,82
2026-09-21T22:26:01.904317+00:00,1,32516,74
2026-09-21T22:26:01.904317+00:00,2,32520,77
2026-09-21T22:26:01.904317+00:00,3,32528,79
2026-09-21T22:26:06.964553+00:00,0,32544,79
2026-09-21T22:26:06.964553+00:00,1,32516,79
2026-09-21T22:26:06.964553+00:00,2,32520,79
2026-09-21T22:26:06.964553+00:00,3,32528,76
2026-09-21T22:26:12.033068+00:00,0,32544,80
2026-09-21T22:26:12.033068+00:00,1,32516,83
2026-09-21T22:26:12.033068+00:00,2,32520,81
2026-09-21T22:26:12.033068+00:00,3,32528,78
2026-09-21T22:26:17.101574+00:00,0,32544,84
2026-09-21T22:26:17.101574+00:00,1,32516,78
2026-09-21T22:26:17.101574+00:00,2,32520,78
2026-09-21T22:26:17.101574+00:00,3,32528,80
2026-09-21T22:26:22.174164+00:00,0,32544,81
2026-09-21T22:26:22.174164+00:00,1,32516,81
2026-09-21T22:26:22.174164+00:00,2,32520,77
2026-09-21T22:26:22.174164+00:00,3,32528,81
2026-09-21T22:26:27.239018+00:00,0,32544,79
2026-09-21T22:26:27.239018+00:00,1,32516,79
2026-09-21T22:26:27.239018+00:00,2,32520,82
2026-09-21T22:26:27.239018+00:00,3,32528,78
2026-09-21T22:26:32.304944+00:00,0,32544,80
2026-09-21T22:26:32.304944+00:00,1,32516,82
2026-09-21T22:26:32.304944+00:00,2,32520,78
2026-09-21T22:26:32.304944+00:00,3,32528,80
2026-09-21T22:26:37.375684+00:00,0,32544,83
2026-09-21T22:26:37.375684+00:00,1,32516,82
2026-09-21T22:26:37.375684+00:00,2,32520,80
2026-09-21T22:26:37.375684+00:00,3,32528,80
2026-09-21T22:26:42.441188+00:00,0,32544,82
2026-09-21T22:26:42.441188+00:00,1,32516,81
2026-09-21T22:26:42.441188+00:00,2,32520,80
2026-09-21T22:26:42.441188+00:00,3,32528,88
2026-09-21T22:26:47.508497+00:00,0,32544,89
2026-09-21T22:26:47.508497+00:00,1,32516,82
2026-09-21T22:26:47.508497+00:00,2,32520,87
2026-09-21T22:26:47.508497+00:00,3,32528,82
2026-09-21T22:26:52.568415+00:00,0,32544,85
2026-09-21T22:26:52.568415+00:00,1,32516,85
2026-09-21T22:26:52.568415+00:00,2,32520,82
2026-09-21T22:26:52.568415+00:00,3,32528,81
2026-09-21T22:26:57.639360+00:00,0,32544,85
2026-09-21T22:26:57.639360+00:00,1,32516,80
2026-09-21T22:26:57.639360+00:00,2,32520,83
2026-09-21T22:26:57.639360+00:00,3,32528,81
2026-09-21T22:27:02.707916+00:00,0,32544,82
2026-09-21T22:27:02.707916+00:00,1,32516,80
2026-09-21T22:27:02.707916+00:00,2,32520,81
2026-09-21T22:27:02.707916+00:00,3,32528,83
2026-09-21T22:27:07.772201+00:00,0,32544,80
2026-09-21T22:27:07.772201+00:00,1,32516,82
2026-09-21T22:27:07.772201+00:00,2,32520,80
2026-09-21T22:27:07.772201+00:00,3,32528,85
2026-09-21T22:27:12.841757+00:00,0,32544,82
2026-09-21T22:27:12.841757+00:00,1,32516,79
2026-09-21T22:27:12.841757+00:00,2,32520,84
2026-09-21T22:27:12.841757+00:00,3,32528,84
2026-09-21T22:27:17.908411+00:00,0,32544,79
2026-09-21T22:27:17.908411+00:00,1,32516,83
2026-09-21T22:27:17.908411+00:00,2,32520,82
2026-09-21T22:27:17.908411+00:00,3,32528,84
2026-09-21T22:27:22.968490+00:00,0,32544,82
2026-09-21T22:27:22.968490+00:00,1,32516,81
2026-09-21T22:27:22.968490+00:00,2,32520,82
2026-09-21T22:27:22.968490+00:00,3,32528,81
2026-09-21T22:27:28.036416+00:00,0,1304,46
2026-09-21T22:27:28.036416+00:00,1,1276,75
2026-09-21T22:27:28.036416+00:00,2,1280,0
2026-09-21T22:27:28.036416+00:00,3,1288,67
2026-09-21T22:27:33.095114+00:00,0,12464,99
2026-09-21T22:27:33.095114+00:00,1,12204,99
2026-09-21T22:27:33.095114+00:00,2,12344,99
2026-09-21T22:27:33.095114+00:00,3,12224,99
2026-09-21T22:27:38.166822+00:00,0,12470,99
2026-09-21T22:27:38.166822+00:00,1,12590,99
2026-09-21T22:27:38.166822+00:00,2,12510,99
2026-09-21T22:27:38.166822+00:00,3,12530,99
2026-09-21T22:27:43.234566+00:00,0,25578,99
2026-09-21T22:27:43.234566+00:00,1,24678,99
2026-09-21T22:27:43.234566+00:00,2,25658,99
2026-09-21T22:27:43.234566+00:00,3,25878,99
2026-09-21T22:27:48.300194+00:00,0,25584,98
2026-09-21T22:27:48.300194+00:00,1,25324,99
2026-09-21T22:27:48.300194+00:00,2,26026,98
2026-09-21T22:27:48.300194+00:00,3,25884,99
2026-09-21T22:27:53.372010+00:00,0,25586,99
2026-09-21T22:27:53.372010+00:00,1,27168,99
2026-09-21T22:27:53.372010+00:00,2,26668,98
2026-09-21T22:27:53.372010+00:00,3,26566,99
2026-09-21T22:27:58.443833+00:00,0,27488,98
2026-09-21T22:27:58.443833+00:00,1,27168,98
2026-09-21T22:27:58.443833+00:00,2,26668,98
2026-09-21T22:27:58.443833+00:00,3,27368,98
2026-09-21T22:28:03.515728+00:00,0,27672,99
2026-09-21T22:28:03.515728+00:00,1,27632,98
2026-09-21T22:28:03.515728+00:00,2,27632,98
2026-09-21T22:28:03.515728+00:00,3,27552,99
2026-09-21T22:28:08.586593+00:00,0,27672,99
2026-09-21T22:28:08.586593+00:00,1,27632,99
2026-09-21T22:28:08.586593+00:00,2,27634,98
2026-09-21T22:28:08.586593+00:00,3,27552,99
2026-09-21T22:28:13.656579+00:00,0,27674,98
2026-09-21T22:28:13.656579+00:00,1,27634,100
2026-09-21T22:28:13.656579+00:00,2,27634,97
2026-09-21T22:28:13.656579+00:00,3,27554,96
2026-09-21T22:28:18.723878+00:00,0,6656,75
2026-09-21T22:28:18.723878+00:00,1,6676,62
2026-09-21T22:28:18.723878+00:00,2,6658,78
2026-09-21T22:28:18.723878+00:00,3,6658,79
2026-09-21T22:28:23.787949+00:00,0,9720,7
2026-09-21T22:28:23.787949+00:00,1,9740,7
2026-09-21T22:28:23.787949+00:00,2,9720,7
2026-09-21T22:28:23.787949+00:00,3,9720,7
2026-09-21T22:28:28.847767+00:00,0,11050,20
2026-09-21T22:28:28.847767+00:00,1,11050,23
2026-09-21T22:28:28.847767+00:00,2,11050,32
2026-09-21T22:28:28.847767+00:00,3,11050,19
2026-09-21T22:28:33.907301+00:00,0,4830,12
2026-09-21T22:28:33.907301+00:00,1,4832,12
2026-09-21T22:28:33.907301+00:00,2,4832,11
2026-09-21T22:28:33.907301+00:00,3,4832,12
2026-09-21T22:28:38.967093+00:00,0,32572,75
2026-09-21T22:28:38.967093+00:00,1,32550,75
2026-09-21T22:28:38.967093+00:00,2,32532,74
2026-09-21T22:28:38.967093+00:00,3,32544,73
2026-09-21T22:28:44.028842+00:00,0,32572,75
2026-09-21T22:28:44.028842+00:00,1,32550,74
2026-09-21T22:28:44.028842+00:00,2,32532,75
2026-09-21T22:28:44.028842+00:00,3,32544,75
2026-09-21T22:28:49.094516+00:00,0,32572,77
2026-09-21T22:28:49.094516+00:00,1,32550,76
2026-09-21T22:28:49.094516+00:00,2,32532,74
2026-09-21T22:28:49.094516+00:00,3,32544,81
2026-09-21T22:28:54.151743+00:00,0,32572,78
2026-09-21T22:28:54.151743+00:00,1,32550,79
2026-09-21T22:28:54.151743+00:00,2,32532,76
2026-09-21T22:28:54.151743+00:00,3,32544,78
2026-09-21T22:28:59.216522+00:00,0,32572,77
2026-09-21T22:28:59.216522+00:00,1,32550,82
2026-09-21T22:28:59.216522+00:00,2,32532,81
2026-09-21T22:28:59.216522+00:00,3,32544,77
2026-09-21T22:29:04.281198+00:00,0,32572,76
2026-09-21T22:29:04.281198+00:00,1,32550,80
2026-09-21T22:29:04.281198+00:00,2,32532,78
2026-09-21T22:29:04.281198+00:00,3,32544,79
2026-09-21T22:29:09.345132+00:00,0,32572,77
2026-09-21T22:29:09.345132+00:00,1,32550,82
2026-09-21T22:29:09.345132+00:00,2,32532,79
2026-09-21T22:29:09.345132+00:00,3,32544,81
2026-09-21T22:29:14.409169+00:00,0,32572,79
2026-09-21T22:29:14.409169+00:00,1,32550,79
2026-09-21T22:29:14.409169+00:00,2,32532,79
2026-09-21T22:29:14.409169+00:00,3,32544,80
2026-09-21T22:29:19.469959+00:00,0,32572,80
2026-09-21T22:29:19.469959+00:00,1,32550,79
2026-09-21T22:29:19.469959+00:00,2,32532,78
2026-09-21T22:29:19.469959+00:00,3,32544,77
2026-09-21T22:29:24.537620+00:00,0,32572,79
2026-09-21T22:29:24.537620+00:00,1,32550,81
2026-09-21T22:29:24.537620+00:00,2,32532,81
2026-09-21T22:29:24.537620+00:00,3,32544,81
2026-09-21T22:29:29.603306+00:00,0,32572,82
2026-09-21T22:29:29.603306+00:00,1,32550,78
2026-09-21T22:29:29.603306+00:00,2,32532,77
2026-09-21T22:29:29.603306+00:00,3,32544,79
2026-09-21T22:29:34.670984+00:00,0,32572,80
2026-09-21T22:29:34.670984+00:00,1,32550,83
2026-09-21T22:29:34.670984+00:00,2,32532,77
2026-09-21T22:29:34.670984+00:00,3,32544,80
2026-09-21T22:29:39.738084+00:00,0,32572,81
2026-09-21T22:29:39.738084+00:00,1,32550,83
2026-09-21T22:29:39.738084+00:00,2,32532,84
2026-09-21T22:29:39.738084+00:00,3,32544,79
2026-09-21T22:29:44.803373+00:00,0,32572,79
2026-09-21T22:29:44.803373+00:00,1,32550,83
2026-09-21T22:29:44.803373+00:00,2,32532,85
2026-09-21T22:29:44.803373+00:00,3,32544,81
2026-09-21T22:29:49.874782+00:00,0,32572,81
2026-09-21T22:29:49.874782+00:00,1,32550,82
2026-09-21T22:29:49.874782+00:00,2,32532,82
2026-09-21T22:29:49.874782+00:00,3,32544,84
2026-09-21T22:29:54.936901+00:00,0,32572,84
2026-09-21T22:29:54.936901+00:00,1,32550,81
2026-09-21T22:29:54.936901+00:00,2,32532,81
2026-09-21T22:29:54.936901+00:00,3,32544,83
2026-09-21T22:30:00.002621+00:00,0,32572,81
2026-09-21T22:30:00.002621+00:00,1,32550,80
2026-09-21T22:30:00.002621+00:00,2,32532,82
2026-09-21T22:30:00.002621+00:00,3,32544,83
2026-09-21T22:30:05.071500+00:00,0,32572,81
2026-09-21T22:30:05.071500+00:00,1,32550,81
2026-09-21T22:30:05.071500+00:00,2,32532,83
2026-09-21T22:30:05.071500+00:00,3,32544,80
2026-09-21T22:30:10.139607+00:00,0,32572,82
2026-09-21T22:30:10.139607+00:00,1,32550,87
2026-09-21T22:30:10.139607+00:00,2,32532,83
2026-09-21T22:30:10.139607+00:00,3,32544,85
2026-09-21T22:30:15.201003+00:00,0,32572,81
2026-09-21T22:30:15.201003+00:00,1,32550,82
2026-09-21T22:30:15.201003+00:00,2,32532,82
2026-09-21T22:30:15.201003+00:00,3,32544,85
2026-09-21T22:30:20.267135+00:00,0,32572,85
2026-09-21T22:30:20.267135+00:00,1,32550,82
2026-09-21T22:30:20.267135+00:00,2,32532,83
2026-09-21T22:30:20.267135+00:00,3,32544,82
2026-09-21T22:30:25.338410+00:00,0,32572,81
2026-09-21T22:30:25.338410+00:00,1,32550,84
2026-09-21T22:30:25.338410+00:00,2,32532,85
2026-09-21T22:30:25.338410+00:00,3,32544,86
2026-09-21T22:30:30.407391+00:00,0,32572,84
2026-09-21T22:30:30.407391+00:00,1,32550,84
2026-09-21T22:30:30.407391+00:00,2,32532,86
2026-09-21T22:30:30.407391+00:00,3,32544,86
2026-09-21T22:30:35.476495+00:00,0,32572,86
2026-09-21T22:30:35.476495+00:00,1,32550,83
2026-09-21T22:30:35.476495+00:00,2,32532,84
2026-09-21T22:30:35.476495+00:00,3,32544,84
2026-09-21T22:30:40.535806+00:00,0,32572,84
2026-09-21T22:30:40.535806+00:00,1,32550,85
2026-09-21T22:30:40.535806+00:00,2,32532,83
2026-09-21T22:30:40.535806+00:00,3,32544,85
2026-09-21T22:30:45.602479+00:00,0,32572,86
2026-09-21T22:30:45.602479+00:00,1,32550,82
2026-09-21T22:30:45.602479+00:00,2,32532,88
2026-09-21T22:30:45.602479+00:00,3,32544,0
2026-09-21T22:30:50.669283+00:00,0,1198,32
2026-09-21T22:30:50.669283+00:00,1,1200,2
2026-09-21T22:30:50.669283+00:00,2,1200,65
2026-09-21T22:30:50.669283+00:00,3,1200,100
2026-09-21T22:30:55.725647+00:00,0,11894,98
2026-09-21T22:30:55.725647+00:00,1,12994,99
2026-09-21T22:30:55.725647+00:00,2,11754,99
2026-09-21T22:30:55.725647+00:00,3,11794,99
2026-09-21T22:31:00.798807+00:00,0,12240,98
2026-09-21T22:31:00.798807+00:00,1,13198,99
2026-09-21T22:31:00.798807+00:00,2,12238,99
2026-09-21T22:31:00.798807+00:00,3,12200,99
2026-09-21T22:31:05.869329+00:00,0,6228,96
2026-09-21T22:31:05.869329+00:00,1,6228,99
2026-09-21T22:31:05.869329+00:00,2,6268,98
2026-09-21T22:31:05.869329+00:00,3,6268,98
2026-09-21T22:31:10.928229+00:00,0,25462,99
2026-09-21T22:31:10.928229+00:00,1,25522,99
2026-09-21T22:31:10.928229+00:00,2,25482,99
2026-09-21T22:31:10.928229+00:00,3,25462,99
2026-09-21T22:31:15.992312+00:00,0,25542,99
2026-09-21T22:31:15.992312+00:00,1,25642,98
2026-09-21T22:31:15.992312+00:00,2,25542,99
2026-09-21T22:31:15.992312+00:00,3,25542,98
2026-09-21T22:31:21.070080+00:00,0,27224,99
2026-09-21T22:31:21.070080+00:00,1,26724,99
2026-09-21T22:31:21.070080+00:00,2,26804,99
2026-09-21T22:31:21.070080+00:00,3,26724,99
2026-09-21T22:31:26.144420+00:00,0,28468,99
2026-09-21T22:31:26.144420+00:00,1,29008,99
2026-09-21T22:31:26.144420+00:00,2,28688,87
2026-09-21T22:31:26.144420+00:00,3,29268,99
2026-09-21T22:31:31.219157+00:00,0,28468,99
2026-09-21T22:31:31.219157+00:00,1,29008,99
2026-09-21T22:31:31.219157+00:00,2,28688,99
2026-09-21T22:31:31.219157+00:00,3,29268,99
2026-09-21T22:31:36.308356+00:00,0,28470,100
2026-09-21T22:31:36.308356+00:00,1,29010,100
2026-09-21T22:31:36.308356+00:00,2,28690,99
2026-09-21T22:31:36.308356+00:00,3,29270,99
2026-09-21T22:31:41.378419+00:00,0,28472,99
2026-09-21T22:31:41.378419+00:00,1,29012,99
2026-09-21T22:31:41.378419+00:00,2,28692,99
2026-09-21T22:31:41.378419+00:00,3,29272,99
2026-09-21T22:31:46.459372+00:00,0,28474,99
2026-09-21T22:31:46.459372+00:00,1,29014,99
2026-09-21T22:31:46.459372+00:00,2,28694,99
2026-09-21T22:31:46.459372+00:00,3,29274,99
2026-09-21T22:31:51.534497+00:00,0,8106,83
2026-09-21T22:31:51.534497+00:00,1,8106,85
2026-09-21T22:31:51.534497+00:00,2,8106,59
2026-09-21T22:31:51.534497+00:00,3,8106,83
2026-09-21T22:31:56.599998+00:00,0,10272,7
2026-09-21T22:31:56.599998+00:00,1,10332,8
2026-09-21T22:31:56.599998+00:00,2,10170,7
2026-09-21T22:31:56.599998+00:00,3,10314,5
2026-09-21T22:32:01.652447+00:00,0,11050,20
2026-09-21T22:32:01.652447+00:00,1,11050,18
2026-09-21T22:32:01.652447+00:00,2,11050,28
2026-09-21T22:32:01.652447+00:00,3,11050,27
2026-09-21T22:32:06.711823+00:00,0,32460,0
2026-09-21T22:32:06.711823+00:00,1,32462,0
2026-09-21T22:32:06.711823+00:00,2,32462,0
2026-09-21T22:32:06.711823+00:00,3,32462,0
2026-09-21T22:32:11.771410+00:00,0,32536,79
2026-09-21T22:32:11.771410+00:00,1,32546,77
2026-09-21T22:32:11.771410+00:00,2,32552,73
2026-09-21T22:32:11.771410+00:00,3,32542,78
2026-09-21T22:32:16.835741+00:00,0,32536,80
2026-09-21T22:32:16.835741+00:00,1,32546,81
2026-09-21T22:32:16.835741+00:00,2,32552,75
2026-09-21T22:32:16.835741+00:00,3,32542,77
2026-09-21T22:32:21.930202+00:00,0,32536,78
2026-09-21T22:32:21.930202+00:00,1,32546,79
2026-09-21T22:32:21.930202+00:00,2,32552,81
2026-09-21T22:32:21.930202+00:00,3,32542,84
2026-09-21T22:32:26.999189+00:00,0,32536,77
2026-09-21T22:32:26.999189+00:00,1,32546,74
2026-09-21T22:32:26.999189+00:00,2,32552,79
2026-09-21T22:32:26.999189+00:00,3,32542,78
2026-09-21T22:32:32.065424+00:00,0,32536,76
2026-09-21T22:32:32.065424+00:00,1,32546,79
2026-09-21T22:32:32.065424+00:00,2,32552,76
2026-09-21T22:32:32.065424+00:00,3,32542,79
2026-09-21T22:32:37.128800+00:00,0,32536,80
2026-09-21T22:32:37.128800+00:00,1,32546,81
2026-09-21T22:32:37.128800+00:00,2,32552,81
2026-09-21T22:32:37.128800+00:00,3,32542,80
2026-09-21T22:32:42.194458+00:00,0,32536,77
2026-09-21T22:32:42.194458+00:00,1,32546,79
2026-09-21T22:32:42.194458+00:00,2,32552,78
2026-09-21T22:32:42.194458+00:00,3,32542,81
2026-09-21T22:32:47.258749+00:00,0,32536,79
2026-09-21T22:32:47.258749+00:00,1,32546,81
2026-09-21T22:32:47.258749+00:00,2,32552,83
2026-09-21T22:32:47.258749+00:00,3,32542,79
2026-09-21T22:32:52.323308+00:00,0,32536,82
2026-09-21T22:32:52.323308+00:00,1,32546,80
2026-09-21T22:32:52.323308+00:00,2,32552,79
2026-09-21T22:32:52.323308+00:00,3,32542,77
2026-09-21T22:32:57.390855+00:00,0,32536,83
2026-09-21T22:32:57.390855+00:00,1,32546,80
2026-09-21T22:32:57.390855+00:00,2,32552,81
2026-09-21T22:32:57.390855+00:00,3,32542,79
2026-09-21T22:33:02.456458+00:00,0,32536,80
2026-09-21T22:33:02.456458+00:00,1,32546,80
2026-09-21T22:33:02.456458+00:00,2,32552,80
2026-09-21T22:33:02.456458+00:00,3,32542,81
2026-09-21T22:33:07.524493+00:00,0,32536,83
2026-09-21T22:33:07.524493+00:00,1,32546,81
2026-09-21T22:33:07.524493+00:00,2,32552,82
2026-09-21T22:33:07.524493+00:00,3,32542,80
2026-09-21T22:33:12.592078+00:00,0,32536,82
2026-09-21T22:33:12.592078+00:00,1,32546,83
2026-09-21T22:33:12.592078+00:00,2,32552,82
2026-09-21T22:33:12.592078+00:00,3,32542,85
2026-09-21T22:33:17.661245+00:00,0,32536,83
2026-09-21T22:33:17.661245+00:00,1,32546,83
2026-09-21T22:33:17.661245+00:00,2,32552,82
2026-09-21T22:33:17.661245+00:00,3,32542,83
2026-09-21T22:33:22.730476+00:00,0,32536,82
2026-09-21T22:33:22.730476+00:00,1,32546,80
2026-09-21T22:33:22.730476+00:00,2,32552,83
2026-09-21T22:33:22.730476+00:00,3,32542,82
2026-09-21T22:33:27.798599+00:00,0,32536,84
2026-09-21T22:33:27.798599+00:00,1,32546,83
2026-09-21T22:33:27.798599+00:00,2,32552,83
2026-09-21T22:33:27.798599+00:00,3,32542,85
2026-09-21T22:33:32.859778+00:00,0,32536,84
2026-09-21T22:33:32.859778+00:00,1,32546,84
2026-09-21T22:33:32.859778+00:00,2,32552,83
2026-09-21T22:33:32.859778+00:00,3,32542,84
2026-09-21T22:33:37.925364+00:00,0,32536,85
2026-09-21T22:33:37.925364+00:00,1,32546,84
2026-09-21T22:33:37.925364+00:00,2,32552,81
2026-09-21T22:33:37.925364+00:00,3,32542,83
2026-09-21T22:33:42.996100+00:00,0,32536,87
2026-09-21T22:33:42.996100+00:00,1,32546,83
2026-09-21T22:33:42.996100+00:00,2,32552,83
2026-09-21T22:33:42.996100+00:00,3,32542,86
2026-09-21T22:33:48.069486+00:00,0,32536,85
2026-09-21T22:33:48.069486+00:00,1,32546,84
2026-09-21T22:33:48.069486+00:00,2,32552,82
2026-09-21T22:33:48.069486+00:00,3,32542,82
2026-09-21T22:33:53.137992+00:00,0,32536,85
2026-09-21T22:33:53.137992+00:00,1,32546,84
2026-09-21T22:33:53.137992+00:00,2,32552,83
2026-09-21T22:33:53.137992+00:00,3,32542,82
2026-09-21T22:33:58.199883+00:00,0,32536,83
2026-09-21T22:33:58.199883+00:00,1,32546,84
2026-09-21T22:33:58.199883+00:00,2,32552,81
2026-09-21T22:33:58.199883+00:00,3,32542,84
2026-09-21T22:34:03.268398+00:00,0,32536,86
2026-09-21T22:34:03.268398+00:00,1,32546,82
2026-09-21T22:34:03.268398+00:00,2,32552,82
2026-09-21T22:34:03.268398+00:00,3,32542,80
2026-09-21T22:34:08.334999+00:00,0,32536,84
2026-09-21T22:34:08.334999+00:00,1,32546,85
2026-09-21T22:34:08.334999+00:00,2,32552,85
2026-09-21T22:34:08.334999+00:00,3,32542,85
2026-09-21T22:34:13.403072+00:00,0,32536,0
2026-09-21T22:34:13.403072+00:00,1,32546,0
2026-09-21T22:34:13.403072+00:00,2,32552,81
2026-09-21T22:34:13.403072+00:00,3,32542,78
2026-09-21T22:34:18.458889+00:00,0,12152,99
2026-09-21T22:34:18.458889+00:00,1,13292,99
2026-09-21T22:34:18.458889+00:00,2,11792,99
2026-09-21T22:34:18.458889+00:00,3,12132,98
2026-09-21T22:34:23.528316+00:00,0,12658,99
2026-09-21T22:34:23.528316+00:00,1,13438,99
2026-09-21T22:34:23.528316+00:00,2,12638,99
2026-09-21T22:34:23.528316+00:00,3,12398,99
2026-09-21T22:34:28.595151+00:00,0,2284,0
2026-09-21T22:34:28.595151+00:00,1,2286,0
2026-09-21T22:34:28.595151+00:00,2,2286,0
2026-09-21T22:34:28.595151+00:00,3,2366,0
2026-09-21T22:34:33.655464+00:00,0,25542,99
2026-09-21T22:34:33.655464+00:00,1,25602,99
2026-09-21T22:34:33.655464+00:00,2,25522,99
2026-09-21T22:34:33.655464+00:00,3,25562,99
2026-09-21T22:34:38.720756+00:00,0,26964,98
2026-09-21T22:34:38.720756+00:00,1,27324,98
2026-09-21T22:34:38.720756+00:00,2,25582,98
2026-09-21T22:34:38.720756+00:00,3,26924,98
2026-09-21T22:34:43.791552+00:00,0,27406,99
2026-09-21T22:34:43.791552+00:00,1,27326,99
2026-09-21T22:34:43.791552+00:00,2,29126,98
2026-09-21T22:34:43.791552+00:00,3,27286,99
2026-09-21T22:34:48.865785+00:00,0,28328,97
2026-09-21T22:34:48.865785+00:00,1,28068,98
2026-09-21T22:34:48.865785+00:00,2,29148,99
2026-09-21T22:34:48.865785+00:00,3,28128,99
2026-09-21T22:34:53.930952+00:00,0,29250,99
2026-09-21T22:34:53.930952+00:00,1,28070,98
2026-09-21T22:34:53.930952+00:00,2,29150,99
2026-09-21T22:34:53.930952+00:00,3,28130,99
2026-09-21T22:34:58.995386+00:00,0,29250,100
2026-09-21T22:34:58.995386+00:00,1,28070,99
2026-09-21T22:34:58.995386+00:00,2,29150,98
2026-09-21T22:34:58.995386+00:00,3,28130,97
2026-09-21T22:35:04.062080+00:00,0,29252,99
2026-09-21T22:35:04.062080+00:00,1,28072,98
2026-09-21T22:35:04.062080+00:00,2,29152,99
2026-09-21T22:35:04.062080+00:00,3,28132,99
2026-09-21T22:35:09.125840+00:00,0,1216,83
2026-09-21T22:35:09.125840+00:00,1,1218,84
2026-09-21T22:35:09.125840+00:00,2,1218,82
2026-09-21T22:35:09.125840+00:00,3,1218,82
2026-09-21T22:35:14.177867+00:00,0,9720,5
2026-09-21T22:35:14.177867+00:00,1,9740,5
2026-09-21T22:35:14.177867+00:00,2,9720,7
2026-09-21T22:35:14.177867+00:00,3,9720,6
2026-09-21T22:35:19.236358+00:00,0,10682,6
2026-09-21T22:35:19.236358+00:00,1,11008,6
2026-09-21T22:35:19.236358+00:00,2,10926,8
2026-09-21T22:35:19.236358+00:00,3,10744,6
2026-09-21T22:35:24.294708+00:00,0,13310,42
2026-09-21T22:35:24.294708+00:00,1,13250,41
2026-09-21T22:35:24.294708+00:00,2,13130,33
2026-09-21T22:35:24.294708+00:00,3,13310,40
2026-09-21T22:35:29.352527+00:00,0,32556,80
2026-09-21T22:35:29.352527+00:00,1,32568,80
2026-09-21T22:35:29.352527+00:00,2,32558,74
2026-09-21T22:35:29.352527+00:00,3,32558,75
2026-09-21T22:35:34.415271+00:00,0,32556,74
2026-09-21T22:35:34.415271+00:00,1,32568,76
2026-09-21T22:35:34.415271+00:00,2,32558,79
2026-09-21T22:35:34.415271+00:00,3,32558,79
2026-09-21T22:35:39.477988+00:00,0,32556,79
2026-09-21T22:35:39.477988+00:00,1,32568,82
2026-09-21T22:35:39.477988+00:00,2,32558,78
2026-09-21T22:35:39.477988+00:00,3,32558,78
2026-09-21T22:35:44.544989+00:00,0,32556,80
2026-09-21T22:35:44.544989+00:00,1,32568,77
2026-09-21T22:35:44.544989+00:00,2,32558,76
2026-09-21T22:35:44.544989+00:00,3,32558,76
2026-09-21T22:35:49.607968+00:00,0,32556,80
2026-09-21T22:35:49.607968+00:00,1,32568,75
2026-09-21T22:35:49.607968+00:00,2,32558,77
2026-09-21T22:35:49.607968+00:00,3,32558,79
2026-09-21T22:35:54.664931+00:00,0,32556,82
2026-09-21T22:35:54.664931+00:00,1,32568,80
2026-09-21T22:35:54.664931+00:00,2,32558,78
2026-09-21T22:35:54.664931+00:00,3,32558,79
2026-09-21T22:35:59.729266+00:00,0,32556,81
2026-09-21T22:35:59.729266+00:00,1,32568,81
2026-09-21T22:35:59.729266+00:00,2,32558,87
2026-09-21T22:35:59.729266+00:00,3,32558,80
2026-09-21T22:36:04.791948+00:00,0,32556,78
2026-09-21T22:36:04.791948+00:00,1,32568,80
2026-09-21T22:36:04.791948+00:00,2,32558,84
2026-09-21T22:36:04.791948+00:00,3,32558,77
2026-09-21T22:36:09.854409+00:00,0,32556,81
2026-09-21T22:36:09.854409+00:00,1,32568,81
2026-09-21T22:36:09.854409+00:00,2,32558,80
2026-09-21T22:36:09.854409+00:00,3,32558,79
2026-09-21T22:36:14.919990+00:00,0,32556,78
2026-09-21T22:36:14.919990+00:00,1,32568,80
2026-09-21T22:36:14.919990+00:00,2,32558,77
2026-09-21T22:36:14.919990+00:00,3,32558,80
2026-09-21T22:36:19.989035+00:00,0,32556,81
2026-09-21T22:36:19.989035+00:00,1,32568,82
2026-09-21T22:36:19.989035+00:00,2,32558,80
2026-09-21T22:36:19.989035+00:00,3,32558,83
2026-09-21T22:36:25.057296+00:00,0,32556,84
2026-09-21T22:36:25.057296+00:00,1,32568,85
2026-09-21T22:36:25.057296+00:00,2,32558,80
2026-09-21T22:36:25.057296+00:00,3,32558,81
2026-09-21T22:36:30.118265+00:00,0,32556,83
2026-09-21T22:36:30.118265+00:00,1,32568,82
2026-09-21T22:36:30.118265+00:00,2,32558,82
2026-09-21T22:36:30.118265+00:00,3,32558,85
2026-09-21T22:36:35.186672+00:00,0,32556,83
2026-09-21T22:36:35.186672+00:00,1,32568,86
2026-09-21T22:36:35.186672+00:00,2,32558,86
2026-09-21T22:36:35.186672+00:00,3,32558,82
2026-09-21T22:36:40.254228+00:00,0,32556,84
2026-09-21T22:36:40.254228+00:00,1,32568,83
2026-09-21T22:36:40.254228+00:00,2,32558,83
2026-09-21T22:36:40.254228+00:00,3,32558,79
2026-09-21T22:36:45.320956+00:00,0,32556,84
2026-09-21T22:36:45.320956+00:00,1,32568,82
2026-09-21T22:36:45.320956+00:00,2,32558,86
2026-09-21T22:36:45.320956+00:00,3,32558,82
2026-09-21T22:36:50.389310+00:00,0,32556,83
2026-09-21T22:36:50.389310+00:00,1,32568,84
2026-09-21T22:36:50.389310+00:00,2,32558,81
2026-09-21T22:36:50.389310+00:00,3,32558,80
2026-09-21T22:36:55.454695+00:00,0,32556,84
2026-09-21T22:36:55.454695+00:00,1,32568,81
2026-09-21T22:36:55.454695+00:00,2,32558,85
2026-09-21T22:36:55.454695+00:00,3,32558,83
2026-09-21T22:37:00.521883+00:00,0,32556,86
2026-09-21T22:37:00.521883+00:00,1,32568,83
2026-09-21T22:37:00.521883+00:00,2,32558,80
2026-09-21T22:37:00.521883+00:00,3,32558,85
2026-09-21T22:37:05.589981+00:00,0,32556,82
2026-09-21T22:37:05.589981+00:00,1,32568,82
2026-09-21T22:37:05.589981+00:00,2,32558,84
2026-09-21T22:37:05.589981+00:00,3,32558,84
2026-09-21T22:37:10.658040+00:00,0,32556,88
2026-09-21T22:37:10.658040+00:00,1,32568,83
2026-09-21T22:37:10.658040+00:00,2,32558,84
2026-09-21T22:37:10.658040+00:00,3,32558,83
2026-09-21T22:37:15.723719+00:00,0,32556,83
2026-09-21T22:37:15.723719+00:00,1,32568,82
2026-09-21T22:37:15.723719+00:00,2,32558,86
2026-09-21T22:37:15.723719+00:00,3,32558,84
2026-09-21T22:37:20.791055+00:00,0,32556,83
2026-09-21T22:37:20.791055+00:00,1,32568,89
2026-09-21T22:37:20.791055+00:00,2,32558,84
2026-09-21T22:37:20.791055+00:00,3,32558,82
2026-09-21T22:37:25.862307+00:00,0,32556,84
2026-09-21T22:37:25.862307+00:00,1,32568,87
2026-09-21T22:37:25.862307+00:00,2,32558,85
2026-09-21T22:37:25.862307+00:00,3,32558,85
2026-09-21T22:37:30.932555+00:00,0,32556,0
2026-09-21T22:37:30.932555+00:00,1,32568,0
2026-09-21T22:37:30.932555+00:00,2,32558,83
2026-09-21T22:37:30.932555+00:00,3,32558,0
2026-09-21T22:37:35.991550+00:00,0,11772,98
2026-09-21T22:37:35.991550+00:00,1,12932,99
2026-09-21T22:37:35.991550+00:00,2,11772,98
2026-09-21T22:37:35.991550+00:00,3,11592,99
2026-09-21T22:37:41.054061+00:00,0,12118,99
2026-09-21T22:37:41.054061+00:00,1,13078,99
2026-09-21T22:37:41.054061+00:00,2,12038,99
2026-09-21T22:37:41.054061+00:00,3,12078,99
2026-09-21T22:37:46.134243+00:00,0,6168,96
2026-09-21T22:37:46.134243+00:00,1,6228,98
2026-09-21T22:37:46.134243+00:00,2,6168,99
2026-09-21T22:37:46.134243+00:00,3,6168,98
2026-09-21T22:37:51.198907+00:00,0,26822,99
2026-09-21T22:37:51.198907+00:00,1,27522,99
2026-09-21T22:37:51.198907+00:00,2,27222,99
2026-09-21T22:37:51.198907+00:00,3,27002,99
2026-09-21T22:37:56.273714+00:00,0,27264,99
2026-09-21T22:37:56.273714+00:00,1,27524,99
2026-09-21T22:37:56.273714+00:00,2,27224,99
2026-09-21T22:37:56.273714+00:00,3,28044,99
2026-09-21T22:38:01.346972+00:00,0,28106,99
2026-09-21T22:38:01.346972+00:00,1,28406,99
2026-09-21T22:38:01.346972+00:00,2,28806,99
2026-09-21T22:38:01.346972+00:00,3,28466,99
2026-09-21T22:38:06.413167+00:00,0,28688,98
2026-09-21T22:38:06.413167+00:00,1,28828,99
2026-09-21T22:38:06.413167+00:00,2,28808,99
2026-09-21T22:38:06.413167+00:00,3,28488,99
2026-09-21T22:38:11.481047+00:00,0,28690,99
2026-09-21T22:38:11.481047+00:00,1,28830,98
2026-09-21T22:38:11.481047+00:00,2,28810,99
2026-09-21T22:38:11.481047+00:00,3,28490,99
2026-09-21T22:38:16.550306+00:00,0,28692,96
2026-09-21T22:38:16.550306+00:00,1,28832,98
2026-09-21T22:38:16.550306+00:00,2,28812,99
2026-09-21T22:38:16.550306+00:00,3,28492,96
2026-09-21T22:38:21.629276+00:00,0,28694,99
2026-09-21T22:38:21.629276+00:00,1,28834,99
2026-09-21T22:38:21.629276+00:00,2,28814,99
2026-09-21T22:38:21.629276+00:00,3,28494,99
2026-09-21T22:38:26.701776+00:00,0,5952,80
2026-09-21T22:38:26.701776+00:00,1,5952,83
2026-09-21T22:38:26.701776+00:00,2,5952,100
2026-09-21T22:38:26.701776+00:00,3,5952,100
2026-09-21T22:38:31.762822+00:00,0,10170,7
2026-09-21T22:38:31.762822+00:00,1,10272,9
2026-09-21T22:38:31.762822+00:00,2,10088,8
2026-09-21T22:38:31.762822+00:00,3,10088,8
2026-09-21T22:38:36.821119+00:00,0,11050,20
2026-09-21T22:38:36.821119+00:00,1,11050,25
2026-09-21T22:38:36.821119+00:00,2,11050,23
2026-09-21T22:38:36.821119+00:00,3,11050,26
2026-09-21T22:38:41.881656+00:00,0,32438,0
2026-09-21T22:38:41.881656+00:00,1,32440,0
2026-09-21T22:38:41.881656+00:00,2,4832,0
2026-09-21T22:38:41.881656+00:00,3,4832,0
2026-09-21T22:38:46.931892+00:00,0,32560,76
2026-09-21T22:38:46.931892+00:00,1,32568,77
2026-09-21T22:38:46.931892+00:00,2,32574,75
2026-09-21T22:38:46.931892+00:00,3,32562,75
2026-09-21T22:38:51.989158+00:00,0,32560,75
2026-09-21T22:38:51.989158+00:00,1,32568,75
2026-09-21T22:38:51.989158+00:00,2,32574,77
2026-09-21T22:38:51.989158+00:00,3,32562,77
2026-09-21T22:38:57.052365+00:00,0,32560,76
2026-09-21T22:38:57.052365+00:00,1,32568,77
2026-09-21T22:38:57.052365+00:00,2,32574,80
2026-09-21T22:38:57.052365+00:00,3,32562,77
2026-09-21T22:39:02.120172+00:00,0,32560,80
2026-09-21T22:39:02.120172+00:00,1,32568,85
2026-09-21T22:39:02.120172+00:00,2,32574,76
2026-09-21T22:39:02.120172+00:00,3,32562,76
2026-09-21T22:39:07.186174+00:00,0,32560,77
2026-09-21T22:39:07.186174+00:00,1,32568,78
2026-09-21T22:39:07.186174+00:00,2,32574,78
2026-09-21T22:39:07.186174+00:00,3,32562,84
2026-09-21T22:39:12.250154+00:00,0,32560,79
2026-09-21T22:39:12.250154+00:00,1,32568,82
2026-09-21T22:39:12.250154+00:00,2,32574,77
2026-09-21T22:39:12.250154+00:00,3,32562,83
2026-09-21T22:39:17.317385+00:00,0,32560,79
2026-09-21T22:39:17.317385+00:00,1,32568,82
2026-09-21T22:39:17.317385+00:00,2,32574,79
2026-09-21T22:39:17.317385+00:00,3,32562,83
2026-09-21T22:39:22.393733+00:00,0,32560,78
2026-09-21T22:39:22.393733+00:00,1,32568,82
2026-09-21T22:39:22.393733+00:00,2,32574,85
2026-09-21T22:39:22.393733+00:00,3,32562,81
2026-09-21T22:39:27.463541+00:00,0,32560,83
2026-09-21T22:39:27.463541+00:00,1,32568,81
2026-09-21T22:39:27.463541+00:00,2,32574,80
2026-09-21T22:39:27.463541+00:00,3,32562,80
2026-09-21T22:39:32.521540+00:00,0,32560,85
2026-09-21T22:39:32.521540+00:00,1,32568,80
2026-09-21T22:39:32.521540+00:00,2,32574,83
2026-09-21T22:39:32.521540+00:00,3,32562,85
2026-09-21T22:39:37.590654+00:00,0,32560,80
2026-09-21T22:39:37.590654+00:00,1,32568,81
2026-09-21T22:39:37.590654+00:00,2,32574,80
2026-09-21T22:39:37.590654+00:00,3,32562,80
2026-09-21T22:39:42.650422+00:00,0,32560,83
2026-09-21T22:39:42.650422+00:00,1,32568,81
2026-09-21T22:39:42.650422+00:00,2,32574,84
2026-09-21T22:39:42.650422+00:00,3,32562,79
2026-09-21T22:39:47.716302+00:00,0,32560,80
2026-09-21T22:39:47.716302+00:00,1,32568,83
2026-09-21T22:39:47.716302+00:00,2,32574,80
2026-09-21T22:39:47.716302+00:00,3,32562,81
2026-09-21T22:39:52.784587+00:00,0,32560,82
2026-09-21T22:39:52.784587+00:00,1,32568,84
2026-09-21T22:39:52.784587+00:00,2,32574,81
2026-09-21T22:39:52.784587+00:00,3,32562,85
2026-09-21T22:39:57.854790+00:00,0,32560,82
2026-09-21T22:39:57.854790+00:00,1,32568,85
2026-09-21T22:39:57.854790+00:00,2,32574,81
2026-09-21T22:39:57.854790+00:00,3,32562,83
2026-09-21T22:40:02.925874+00:00,0,32560,85
2026-09-21T22:40:02.925874+00:00,1,32568,84
2026-09-21T22:40:02.925874+00:00,2,32574,80
2026-09-21T22:40:02.925874+00:00,3,32562,80
2026-09-21T22:40:07.992235+00:00,0,32560,83
2026-09-21T22:40:07.992235+00:00,1,32568,83
2026-09-21T22:40:07.992235+00:00,2,32574,82
2026-09-21T22:40:07.992235+00:00,3,32562,84
2026-09-21T22:40:13.061150+00:00,0,32560,85
2026-09-21T22:40:13.061150+00:00,1,32568,83
2026-09-21T22:40:13.061150+00:00,2,32574,83
2026-09-21T22:40:13.061150+00:00,3,32562,85
2026-09-21T22:40:18.128679+00:00,0,32560,84
2026-09-21T22:40:18.128679+00:00,1,32568,85
2026-09-21T22:40:18.128679+00:00,2,32574,81
2026-09-21T22:40:18.128679+00:00,3,32562,82
2026-09-21T22:40:23.188178+00:00,0,32560,87
2026-09-21T22:40:23.188178+00:00,1,32568,80
2026-09-21T22:40:23.188178+00:00,2,32574,84
2026-09-21T22:40:23.188178+00:00,3,32562,88
2026-09-21T22:40:28.253919+00:00,0,32560,91
2026-09-21T22:40:28.253919+00:00,1,32568,86
2026-09-21T22:40:28.253919+00:00,2,32574,85
2026-09-21T22:40:28.253919+00:00,3,32562,82
2026-09-21T22:40:33.327499+00:00,0,32560,85
2026-09-21T22:40:33.327499+00:00,1,32568,82
2026-09-21T22:40:33.327499+00:00,2,32574,82
2026-09-21T22:40:33.327499+00:00,3,32562,84
2026-09-21T22:40:38.395350+00:00,0,32560,82
2026-09-21T22:40:38.395350+00:00,1,32568,87
2026-09-21T22:40:38.395350+00:00,2,32574,84
2026-09-21T22:40:38.395350+00:00,3,32562,81
2026-09-21T22:40:43.465139+00:00,0,32560,86
2026-09-21T22:40:43.465139+00:00,1,32568,90
2026-09-21T22:40:43.465139+00:00,2,32574,86
2026-09-21T22:40:43.465139+00:00,3,32562,85
2026-09-21T22:40:48.528347+00:00,0,32560,0
2026-09-21T22:40:48.528347+00:00,1,32568,77
2026-09-21T22:40:48.528347+00:00,2,32574,0
2026-09-21T22:40:48.528347+00:00,3,32562,0
2026-09-21T22:40:53.584714+00:00,0,12312,99
2026-09-21T22:40:53.584714+00:00,1,13112,99
2026-09-21T22:40:53.584714+00:00,2,12252,99
2026-09-21T22:40:53.584714+00:00,3,12052,98
2026-09-21T22:40:58.652558+00:00,0,12396,99
2026-09-21T22:40:58.652558+00:00,1,13498,99
2026-09-21T22:40:58.652558+00:00,2,12418,99
2026-09-21T22:40:58.652558+00:00,3,12438,99
2026-09-21T22:41:03.718852+00:00,0,1204,88
2026-09-21T22:41:03.718852+00:00,1,1206,87
2026-09-21T22:41:03.718852+00:00,2,1206,0
2026-09-21T22:41:03.718852+00:00,3,1206,6
2026-09-21T22:41:08.777726+00:00,0,25522,99
2026-09-21T22:41:08.777726+00:00,1,25582,99
2026-09-21T22:41:08.777726+00:00,2,25522,99
2026-09-21T22:41:08.777726+00:00,3,25522,99
2026-09-21T22:41:13.848508+00:00,0,27724,99
2026-09-21T22:41:13.848508+00:00,1,26524,98
2026-09-21T22:41:13.848508+00:00,2,26764,98
2026-09-21T22:41:13.848508+00:00,3,26664,100
2026-09-21T22:41:18.917980+00:00,0,27726,99
2026-09-21T22:41:18.917980+00:00,1,28186,99
2026-09-21T22:41:18.917980+00:00,2,28146,99
2026-09-21T22:41:18.917980+00:00,3,27766,99
2026-09-21T22:41:23.988333+00:00,0,28068,98
2026-09-21T22:41:23.988333+00:00,1,28328,98
2026-09-21T22:41:23.988333+00:00,2,28186,99
2026-09-21T22:41:23.988333+00:00,3,28006,99
2026-09-21T22:41:29.053195+00:00,0,28190,98
2026-09-21T22:41:29.053195+00:00,1,28330,99
2026-09-21T22:41:29.053195+00:00,2,28190,99
2026-09-21T22:41:29.053195+00:00,3,28270,99
2026-09-21T22:41:34.127027+00:00,0,28190,99
2026-09-21T22:41:34.127027+00:00,1,28330,99
2026-09-21T22:41:34.127027+00:00,2,28190,97
2026-09-21T22:41:34.127027+00:00,3,28270,99
2026-09-21T22:41:39.200938+00:00,0,28192,99
2026-09-21T22:41:39.200938+00:00,1,28332,99
2026-09-21T22:41:39.200938+00:00,2,28192,99
2026-09-21T22:41:39.200938+00:00,3,28272,99
2026-09-21T22:41:44.273764+00:00,0,4038,84
2026-09-21T22:41:44.273764+00:00,1,4758,84
2026-09-21T22:41:44.273764+00:00,2,4458,84
2026-09-21T22:41:44.273764+00:00,3,4638,84
2026-09-21T22:41:49.329564+00:00,0,9720,7
2026-09-21T22:41:49.329564+00:00,1,9740,5
2026-09-21T22:41:49.329564+00:00,2,9720,7
2026-09-21T22:41:49.329564+00:00,3,9720,7
2026-09-21T22:41:54.388428+00:00,0,11050,87
2026-09-21T22:41:54.388428+00:00,1,10906,8
2026-09-21T22:41:54.388428+00:00,2,11050,8
2026-09-21T22:41:54.388428+00:00,3,11050,6
2026-09-21T22:41:59.439475+00:00,0,15514,30
2026-09-21T22:41:59.439475+00:00,1,15474,29
2026-09-21T22:41:59.439475+00:00,2,15454,31
2026-09-21T22:41:59.439475+00:00,3,15514,30
2026-09-21T22:42:04.504173+00:00,0,32602,74
2026-09-21T22:42:04.504173+00:00,1,32562,75
2026-09-21T22:42:04.504173+00:00,2,32564,79
2026-09-21T22:42:04.504173+00:00,3,32536,78
2026-09-21T22:42:09.566930+00:00,0,32602,76
2026-09-21T22:42:09.566930+00:00,1,32562,78
2026-09-21T22:42:09.566930+00:00,2,32564,78
2026-09-21T22:42:09.566930+00:00,3,32536,76
2026-09-21T22:42:14.629144+00:00,0,32602,74
2026-09-21T22:42:14.629144+00:00,1,32562,73
2026-09-21T22:42:14.629144+00:00,2,32564,77
2026-09-21T22:42:14.629144+00:00,3,32536,77
2026-09-21T22:42:19.695804+00:00,0,32602,77
2026-09-21T22:42:19.695804+00:00,1,32562,77
2026-09-21T22:42:19.695804+00:00,2,32564,77
2026-09-21T22:42:19.695804+00:00,3,32536,79
2026-09-21T22:42:24.759952+00:00,0,32602,73
2026-09-21T22:42:24.759952+00:00,1,32562,87
2026-09-21T22:42:24.759952+00:00,2,32564,80
2026-09-21T22:42:24.759952+00:00,3,32536,76
2026-09-21T22:42:29.824324+00:00,0,32602,77
2026-09-21T22:42:29.824324+00:00,1,32562,80
2026-09-21T22:42:29.824324+00:00,2,32564,80
2026-09-21T22:42:29.824324+00:00,3,32536,78
2026-09-21T22:42:34.891162+00:00,0,32602,79
2026-09-21T22:42:34.891162+00:00,1,32562,78
2026-09-21T22:42:34.891162+00:00,2,32564,80
2026-09-21T22:42:34.891162+00:00,3,32536,76
2026-09-21T22:42:39.957274+00:00,0,32602,80
2026-09-21T22:42:39.957274+00:00,1,32562,79
2026-09-21T22:42:39.957274+00:00,2,32564,76
2026-09-21T22:42:39.957274+00:00,3,32536,76
2026-09-21T22:42:45.016701+00:00,0,32602,80
2026-09-21T22:42:45.016701+00:00,1,32562,79
2026-09-21T22:42:45.016701+00:00,2,32564,80
2026-09-21T22:42:45.016701+00:00,3,32536,78
2026-09-21T22:42:50.086866+00:00,0,32602,78
2026-09-21T22:42:50.086866+00:00,1,32562,81
2026-09-21T22:42:50.086866+00:00,2,32564,88
2026-09-21T22:42:50.086866+00:00,3,32536,80
2026-09-21T22:42:55.151053+00:00,0,32602,83
2026-09-21T22:42:55.151053+00:00,1,32562,81
2026-09-21T22:42:55.151053+00:00,2,32564,80
2026-09-21T22:42:55.151053+00:00,3,32536,77
2026-09-21T22:43:00.218136+00:00,0,32602,80
2026-09-21T22:43:00.218136+00:00,1,32562,81
2026-09-21T22:43:00.218136+00:00,2,32564,84
2026-09-21T22:43:00.218136+00:00,3,32536,78
2026-09-21T22:43:05.284277+00:00,0,32602,80
2026-09-21T22:43:05.284277+00:00,1,32562,79
2026-09-21T22:43:05.284277+00:00,2,32564,83
2026-09-21T22:43:05.284277+00:00,3,32536,79
2026-09-21T22:43:10.348686+00:00,0,32602,83
2026-09-21T22:43:10.348686+00:00,1,32562,84
2026-09-21T22:43:10.348686+00:00,2,32564,80
2026-09-21T22:43:10.348686+00:00,3,32536,82
2026-09-21T22:43:15.416185+00:00,0,32602,86
2026-09-21T22:43:15.416185+00:00,1,32562,80
2026-09-21T22:43:15.416185+00:00,2,32564,82
2026-09-21T22:43:15.416185+00:00,3,32536,84
2026-09-21T22:43:20.485647+00:00,0,32602,78
2026-09-21T22:43:20.485647+00:00,1,32562,81
2026-09-21T22:43:20.485647+00:00,2,32564,82
2026-09-21T22:43:20.485647+00:00,3,32536,78
2026-09-21T22:43:25.553316+00:00,0,32602,79
2026-09-21T22:43:25.553316+00:00,1,32562,83
2026-09-21T22:43:25.553316+00:00,2,32564,89
2026-09-21T22:43:25.553316+00:00,3,32536,80
2026-09-21T22:43:30.620828+00:00,0,32602,84
2026-09-21T22:43:30.620828+00:00,1,32562,77
2026-09-21T22:43:30.620828+00:00,2,32564,87
2026-09-21T22:43:30.620828+00:00,3,32536,82
2026-09-21T22:43:35.688927+00:00,0,32602,86
2026-09-21T22:43:35.688927+00:00,1,32562,80
2026-09-21T22:43:35.688927+00:00,2,32564,79
2026-09-21T22:43:35.688927+00:00,3,32536,83
2026-09-21T22:43:40.753993+00:00,0,32602,82
2026-09-21T22:43:40.753993+00:00,1,32562,81
2026-09-21T22:43:40.753993+00:00,2,32564,80
2026-09-21T22:43:40.753993+00:00,3,32536,82
2026-09-21T22:43:45.831476+00:00,0,32602,81
2026-09-21T22:43:45.831476+00:00,1,32562,81
2026-09-21T22:43:45.831476+00:00,2,32564,79
2026-09-21T22:43:45.831476+00:00,3,32536,82
2026-09-21T22:43:50.897357+00:00,0,32602,80
2026-09-21T22:43:50.897357+00:00,1,32562,80
2026-09-21T22:43:50.897357+00:00,2,32564,84
2026-09-21T22:43:50.897357+00:00,3,32536,83
2026-09-21T22:43:55.969480+00:00,0,32602,82
2026-09-21T22:43:55.969480+00:00,1,32562,82
2026-09-21T22:43:55.969480+00:00,2,32564,81
2026-09-21T22:43:55.969480+00:00,3,32536,80
2026-09-21T22:44:01.037585+00:00,0,32602,83
2026-09-21T22:44:01.037585+00:00,1,32562,82
2026-09-21T22:44:01.037585+00:00,2,32564,0
2026-09-21T22:44:01.037585+00:00,3,32536,82
2026-09-21T22:44:06.100761+00:00,0,32602,81
2026-09-21T22:44:06.100761+00:00,1,32562,82
2026-09-21T22:44:06.100761+00:00,2,32564,0
2026-09-21T22:44:06.100761+00:00,3,32536,80
2026-09-21T22:44:11.166605+00:00,0,6512,66
2026-09-21T22:44:11.166605+00:00,1,6572,69
2026-09-21T22:44:11.166605+00:00,2,6512,97
2026-09-21T22:44:11.166605+00:00,3,6470,82
2026-09-21T22:44:16.234205+00:00,0,11916,98
2026-09-21T22:44:16.234205+00:00,1,13016,99
2026-09-21T22:44:16.234205+00:00,2,12116,98
2026-09-21T22:44:16.234205+00:00,3,12036,98
2026-09-21T22:44:21.308774+00:00,0,11922,99
2026-09-21T22:44:21.308774+00:00,1,13022,99
2026-09-21T22:44:21.308774+00:00,2,12122,100
2026-09-21T22:44:21.308774+00:00,3,12122,98
2026-09-21T22:44:26.379017+00:00,0,25438,98
2026-09-21T22:44:26.379017+00:00,1,25498,99
2026-09-21T22:44:26.379017+00:00,2,25418,98
2026-09-21T22:44:26.379017+00:00,3,25438,99
2026-09-21T22:44:31.453345+00:00,0,27364,99
2026-09-21T22:44:31.453345+00:00,1,26784,99
2026-09-21T22:44:31.453345+00:00,2,27264,99
2026-09-21T22:44:31.453345+00:00,3,27224,99
2026-09-21T22:44:36.521447+00:00,0,27644,99
2026-09-21T22:44:36.521447+00:00,1,28024,98
2026-09-21T22:44:36.521447+00:00,2,27744,99
2026-09-21T22:44:36.521447+00:00,3,27624,99
2026-09-21T22:44:41.590522+00:00,0,30446,99
2026-09-21T22:44:41.590522+00:00,1,30086,96
2026-09-21T22:44:41.590522+00:00,2,29866,89
2026-09-21T22:44:41.590522+00:00,3,30426,100
2026-09-21T22:44:46.653417+00:00,0,30450,98
2026-09-21T22:44:46.653417+00:00,1,30090,99
2026-09-21T22:44:46.653417+00:00,2,30030,99
2026-09-21T22:44:46.653417+00:00,3,30430,99
2026-09-21T22:44:51.726440+00:00,0,30450,97
2026-09-21T22:44:51.726440+00:00,1,30090,98
2026-09-21T22:44:51.726440+00:00,2,30030,99
2026-09-21T22:44:51.726440+00:00,3,30430,98
2026-09-21T22:44:56.793114+00:00,0,30452,99
2026-09-21T22:44:56.793114+00:00,1,30092,98
2026-09-21T22:44:56.793114+00:00,2,30032,99
2026-09-21T22:44:56.793114+00:00,3,30432,98
2026-09-21T22:45:01.865288+00:00,0,1216,33
2026-09-21T22:45:01.865288+00:00,1,1218,1
2026-09-21T22:45:01.865288+00:00,2,1218,81
2026-09-21T22:45:01.865288+00:00,3,1218,81
2026-09-21T22:45:06.923256+00:00,0,9720,6
2026-09-21T22:45:06.923256+00:00,1,9740,6
2026-09-21T22:45:06.923256+00:00,2,9720,5
2026-09-21T22:45:06.923256+00:00,3,9720,6
2026-09-21T22:45:11.982674+00:00,0,10804,6
2026-09-21T22:45:11.982674+00:00,1,10826,6
2026-09-21T22:45:11.982674+00:00,2,10784,8
2026-09-21T22:45:11.982674+00:00,3,10824,6
2026-09-21T22:45:17.042792+00:00,0,11050,19
2026-09-21T22:45:17.042792+00:00,1,11050,19
2026-09-21T22:45:17.042792+00:00,2,11050,34
2026-09-21T22:45:17.042792+00:00,3,11050,20
2026-09-21T22:45:22.102694+00:00,0,32558,27
2026-09-21T22:45:22.102694+00:00,1,32560,22
2026-09-21T22:45:22.102694+00:00,2,32570,21
2026-09-21T22:45:22.102694+00:00,3,32558,48
2026-09-21T22:45:27.156172+00:00,0,32558,79
2026-09-21T22:45:27.156172+00:00,1,32560,74
2026-09-21T22:45:27.156172+00:00,2,32570,71
2026-09-21T22:45:27.156172+00:00,3,32558,76
2026-09-21T22:45:32.220384+00:00,0,32558,82
2026-09-21T22:45:32.220384+00:00,1,32560,78
2026-09-21T22:45:32.220384+00:00,2,32570,72
2026-09-21T22:45:32.220384+00:00,3,32558,73
2026-09-21T22:45:37.284268+00:00,0,32558,75
2026-09-21T22:45:37.284268+00:00,1,32560,76
2026-09-21T22:45:37.284268+00:00,2,32570,76
2026-09-21T22:45:37.284268+00:00,3,32558,83
2026-09-21T22:45:42.348150+00:00,0,32558,80
2026-09-21T22:45:42.348150+00:00,1,32560,78
2026-09-21T22:45:42.348150+00:00,2,32570,77
2026-09-21T22:45:42.348150+00:00,3,32558,82
2026-09-21T22:45:47.413475+00:00,0,32558,80
2026-09-21T22:45:47.413475+00:00,1,32560,79
2026-09-21T22:45:47.413475+00:00,2,32570,79
2026-09-21T22:45:47.413475+00:00,3,32558,77
2026-09-21T22:45:52.482705+00:00,0,32558,78
2026-09-21T22:45:52.482705+00:00,1,32560,78
2026-09-21T22:45:52.482705+00:00,2,32570,75
2026-09-21T22:45:52.482705+00:00,3,32558,83
2026-09-21T22:45:57.549311+00:00,0,32558,80
2026-09-21T22:45:57.549311+00:00,1,32560,79
2026-09-21T22:45:57.549311+00:00,2,32570,80
2026-09-21T22:45:57.549311+00:00,3,32558,78
2026-09-21T22:46:02.615365+00:00,0,32558,78
2026-09-21T22:46:02.615365+00:00,1,32560,77
2026-09-21T22:46:02.615365+00:00,2,32570,80
2026-09-21T22:46:02.615365+00:00,3,32558,79
2026-09-21T22:46:07.680835+00:00,0,32558,79
2026-09-21T22:46:07.680835+00:00,1,32560,81
2026-09-21T22:46:07.680835+00:00,2,32570,79
2026-09-21T22:46:07.680835+00:00,3,32558,79
2026-09-21T22:46:12.759486+00:00,0,32558,78
2026-09-21T22:46:12.759486+00:00,1,32560,80
2026-09-21T22:46:12.759486+00:00,2,32570,80
2026-09-21T22:46:12.759486+00:00,3,32558,78
2026-09-21T22:46:17.855295+00:00,0,32558,82
2026-09-21T22:46:17.855295+00:00,1,32560,83
2026-09-21T22:46:17.855295+00:00,2,32570,85
2026-09-21T22:46:17.855295+00:00,3,32558,78
2026-09-21T22:46:22.928813+00:00,0,32558,80
2026-09-21T22:46:22.928813+00:00,1,32560,84
2026-09-21T22:46:22.928813+00:00,2,32570,80
2026-09-21T22:46:22.928813+00:00,3,32558,78
2026-09-21T22:46:27.995700+00:00,0,32558,80
2026-09-21T22:46:27.995700+00:00,1,32560,83
2026-09-21T22:46:27.995700+00:00,2,32570,80
2026-09-21T22:46:27.995700+00:00,3,32558,84
2026-09-21T22:46:33.059186+00:00,0,32558,77
2026-09-21T22:46:33.059186+00:00,1,32560,82
2026-09-21T22:46:33.059186+00:00,2,32570,83
2026-09-21T22:46:33.059186+00:00,3,32558,82
2026-09-21T22:46:38.123341+00:00,0,32558,83
2026-09-21T22:46:38.123341+00:00,1,32560,82
2026-09-21T22:46:38.123341+00:00,2,32570,84
2026-09-21T22:46:38.123341+00:00,3,32558,86
2026-09-21T22:46:43.190011+00:00,0,32558,83
2026-09-21T22:46:43.190011+00:00,1,32560,81
2026-09-21T22:46:43.190011+00:00,2,32570,81
2026-09-21T22:46:43.190011+00:00,3,32558,81
2026-09-21T22:46:48.258062+00:00,0,32558,82
2026-09-21T22:46:48.258062+00:00,1,32560,81
2026-09-21T22:46:48.258062+00:00,2,32570,80
2026-09-21T22:46:48.258062+00:00,3,32558,83
2026-09-21T22:46:53.327570+00:00,0,32558,80
2026-09-21T22:46:53.327570+00:00,1,32560,82
2026-09-21T22:46:53.327570+00:00,2,32570,84
2026-09-21T22:46:53.327570+00:00,3,32558,83
2026-09-21T22:46:58.396959+00:00,0,32558,84
2026-09-21T22:46:58.396959+00:00,1,32560,81
2026-09-21T22:46:58.396959+00:00,2,32570,84
2026-09-21T22:46:58.396959+00:00,3,32558,84
2026-09-21T22:47:03.466661+00:00,0,32558,79
2026-09-21T22:47:03.466661+00:00,1,32560,84
2026-09-21T22:47:03.466661+00:00,2,32570,84
2026-09-21T22:47:03.466661+00:00,3,32558,81
2026-09-21T22:47:08.534485+00:00,0,32558,85
2026-09-21T22:47:08.534485+00:00,1,32560,86
2026-09-21T22:47:08.534485+00:00,2,32570,86
2026-09-21T22:47:08.534485+00:00,3,32558,84
2026-09-21T22:47:13.595785+00:00,0,32558,84
2026-09-21T22:47:13.595785+00:00,1,32560,83
2026-09-21T22:47:13.595785+00:00,2,32570,84
2026-09-21T22:47:13.595785+00:00,3,32558,81
2026-09-21T22:47:18.665824+00:00,0,32558,80
2026-09-21T22:47:18.665824+00:00,1,32560,83
2026-09-21T22:47:18.665824+00:00,2,32570,83
2026-09-21T22:47:18.665824+00:00,3,32558,83
2026-09-21T22:47:23.731109+00:00,0,32558,87
2026-09-21T22:47:23.731109+00:00,1,32560,84
2026-09-21T22:47:23.731109+00:00,2,32570,81
2026-09-21T22:47:23.731109+00:00,3,32558,82
2026-09-21T22:47:28.793641+00:00,0,32558,0
2026-09-21T22:47:28.793641+00:00,1,32560,81
2026-09-21T22:47:28.793641+00:00,2,32570,0
2026-09-21T22:47:28.793641+00:00,3,32558,81
2026-09-21T22:47:33.857356+00:00,0,11772,98
2026-09-21T22:47:33.857356+00:00,1,12852,99
2026-09-21T22:47:33.857356+00:00,2,11992,99
2026-09-21T22:47:33.857356+00:00,3,11972,99
2026-09-21T22:47:38.928302+00:00,0,12400,97
2026-09-21T22:47:38.928302+00:00,1,13498,96
2026-09-21T22:47:38.928302+00:00,2,12378,100
2026-09-21T22:47:38.928302+00:00,3,12418,99
2026-09-21T22:47:44.000792+00:00,0,4550,100
2026-09-21T22:47:44.000792+00:00,1,4528,94
2026-09-21T22:47:44.000792+00:00,2,4548,100
2026-09-21T22:47:44.000792+00:00,3,4548,59
2026-09-21T22:47:49.066558+00:00,0,26802,99
2026-09-21T22:47:49.066558+00:00,1,25502,99
2026-09-21T22:47:49.066558+00:00,2,26322,98
2026-09-21T22:47:49.066558+00:00,3,26202,99
2026-09-21T22:47:54.135565+00:00,0,26804,99
2026-09-21T22:47:54.135565+00:00,1,25502,98
2026-09-21T22:47:54.135565+00:00,2,26322,98
2026-09-21T22:47:54.135565+00:00,3,26202,98
2026-09-21T22:47:59.201895+00:00,0,26806,99
2026-09-21T22:47:59.201895+00:00,1,26584,98
2026-09-21T22:47:59.201895+00:00,2,26666,99
2026-09-21T22:47:59.201895+00:00,3,26766,98
2026-09-21T22:48:04.277291+00:00,0,28148,98
2026-09-21T22:48:04.277291+00:00,1,28386,98
2026-09-21T22:48:04.277291+00:00,2,28108,97
2026-09-21T22:48:04.277291+00:00,3,28328,98
2026-09-21T22:48:09.347042+00:00,0,28150,99
2026-09-21T22:48:09.347042+00:00,1,28388,98
2026-09-21T22:48:09.347042+00:00,2,28108,99
2026-09-21T22:48:09.347042+00:00,3,28330,99
2026-09-21T22:48:14.418283+00:00,0,28150,99
2026-09-21T22:48:14.418283+00:00,1,28390,99
2026-09-21T22:48:14.418283+00:00,2,28110,84
2026-09-21T22:48:14.418283+00:00,3,28330,86
2026-09-21T22:48:19.492591+00:00,0,28152,99
2026-09-21T22:48:19.492591+00:00,1,28392,99
2026-09-21T22:48:19.492591+00:00,2,28112,99
2026-09-21T22:48:19.492591+00:00,3,28332,99
2026-09-21T22:48:24.568388+00:00,0,4684,75
2026-09-21T22:48:24.568388+00:00,1,4684,90
2026-09-21T22:48:24.568388+00:00,2,4684,61
2026-09-21T22:48:24.568388+00:00,3,4684,15
2026-09-21T22:48:29.625961+00:00,0,9720,7
2026-09-21T22:48:29.625961+00:00,1,9740,6
2026-09-21T22:48:29.625961+00:00,2,9720,7
2026-09-21T22:48:29.625961+00:00,3,9720,6
2026-09-21T22:48:34.686037+00:00,0,11050,100
2026-09-21T22:48:34.686037+00:00,1,11050,100
2026-09-21T22:48:34.686037+00:00,2,10866,5
2026-09-21T22:48:34.686037+00:00,3,11050,100
2026-09-21T22:48:39.745569+00:00,0,11050,44
2026-09-21T22:48:39.745569+00:00,1,11050,13
2026-09-21T22:48:39.745569+00:00,2,11050,19
2026-09-21T22:48:39.745569+00:00,3,11050,18
2026-09-21T22:48:44.806795+00:00,0,32596,28
2026-09-21T22:48:44.806795+00:00,1,32574,43
2026-09-21T22:48:44.806795+00:00,2,32564,30
2026-09-21T22:48:44.806795+00:00,3,32554,63
2026-09-21T22:48:49.873212+00:00,0,32596,72
2026-09-21T22:48:49.873212+00:00,1,32574,78
2026-09-21T22:48:49.873212+00:00,2,32564,73
2026-09-21T22:48:49.873212+00:00,3,32554,78
2026-09-21T22:48:54.938163+00:00,0,32596,78
2026-09-21T22:48:54.938163+00:00,1,32574,81
2026-09-21T22:48:54.938163+00:00,2,32564,76
2026-09-21T22:48:54.938163+00:00,3,32554,75
2026-09-21T22:49:00.006175+00:00,0,32596,76
2026-09-21T22:49:00.006175+00:00,1,32574,77
2026-09-21T22:49:00.006175+00:00,2,32564,76
2026-09-21T22:49:00.006175+00:00,3,32554,80
2026-09-21T22:49:05.075509+00:00,0,32596,79
2026-09-21T22:49:05.075509+00:00,1,32574,78
2026-09-21T22:49:05.075509+00:00,2,32564,84
2026-09-21T22:49:05.075509+00:00,3,32554,81
2026-09-21T22:49:10.141740+00:00,0,32596,81
2026-09-21T22:49:10.141740+00:00,1,32574,81
2026-09-21T22:49:10.141740+00:00,2,32564,85
2026-09-21T22:49:10.141740+00:00,3,32554,78
2026-09-21T22:49:15.209844+00:00,0,32596,79
2026-09-21T22:49:15.209844+00:00,1,32574,81
2026-09-21T22:49:15.209844+00:00,2,32564,85
2026-09-21T22:49:15.209844+00:00,3,32554,83
2026-09-21T22:49:20.278007+00:00,0,32596,85
2026-09-21T22:49:20.278007+00:00,1,32574,85
2026-09-21T22:49:20.278007+00:00,2,32564,77
2026-09-21T22:49:20.278007+00:00,3,32554,81
2026-09-21T22:49:25.345715+00:00,0,32596,79
2026-09-21T22:49:25.345715+00:00,1,32574,78
2026-09-21T22:49:25.345715+00:00,2,32564,76
2026-09-21T22:49:25.345715+00:00,3,32554,82
2026-09-21T22:49:30.410293+00:00,0,32596,83
2026-09-21T22:49:30.410293+00:00,1,32574,80
2026-09-21T22:49:30.410293+00:00,2,32564,78
2026-09-21T22:49:30.410293+00:00,3,32554,79
2026-09-21T22:49:35.474688+00:00,0,32596,81
2026-09-21T22:49:35.474688+00:00,1,32574,79
2026-09-21T22:49:35.474688+00:00,2,32564,79
2026-09-21T22:49:35.474688+00:00,3,32554,85
2026-09-21T22:49:40.543295+00:00,0,32596,79
2026-09-21T22:49:40.543295+00:00,1,32574,82
2026-09-21T22:49:40.543295+00:00,2,32564,80
2026-09-21T22:49:40.543295+00:00,3,32554,79
2026-09-21T22:49:45.612049+00:00,0,32596,83
2026-09-21T22:49:45.612049+00:00,1,32574,80
2026-09-21T22:49:45.612049+00:00,2,32564,81
2026-09-21T22:49:45.612049+00:00,3,32554,82
2026-09-21T22:49:50.675175+00:00,0,32596,79
2026-09-21T22:49:50.675175+00:00,1,32574,80
2026-09-21T22:49:50.675175+00:00,2,32564,82
2026-09-21T22:49:50.675175+00:00,3,32554,81
2026-09-21T22:49:55.742016+00:00,0,32596,85
2026-09-21T22:49:55.742016+00:00,1,32574,81
2026-09-21T22:49:55.742016+00:00,2,32564,83
2026-09-21T22:49:55.742016+00:00,3,32554,82
2026-09-21T22:50:00.810733+00:00,0,32596,82
2026-09-21T22:50:00.810733+00:00,1,32574,78
2026-09-21T22:50:00.810733+00:00,2,32564,81
2026-09-21T22:50:00.810733+00:00,3,32554,82
2026-09-21T22:50:05.877405+00:00,0,32596,82
2026-09-21T22:50:05.877405+00:00,1,32574,81
2026-09-21T22:50:05.877405+00:00,2,32564,78
2026-09-21T22:50:05.877405+00:00,3,32554,81
2026-09-21T22:50:10.946184+00:00,0,32596,86
2026-09-21T22:50:10.946184+00:00,1,32574,84
2026-09-21T22:50:10.946184+00:00,2,32564,82
2026-09-21T22:50:10.946184+00:00,3,32554,81
2026-09-21T22:50:16.005471+00:00,0,32596,82
2026-09-21T22:50:16.005471+00:00,1,32574,85
2026-09-21T22:50:16.005471+00:00,2,32564,80
2026-09-21T22:50:16.005471+00:00,3,32554,82
2026-09-21T22:50:21.073213+00:00,0,32596,83
2026-09-21T22:50:21.073213+00:00,1,32574,81
2026-09-21T22:50:21.073213+00:00,2,32564,79
2026-09-21T22:50:21.073213+00:00,3,32554,82
2026-09-21T22:50:26.138046+00:00,0,32596,79
2026-09-21T22:50:26.138046+00:00,1,32574,83
2026-09-21T22:50:26.138046+00:00,2,32564,86
2026-09-21T22:50:26.138046+00:00,3,32554,83
2026-09-21T22:50:31.207398+00:00,0,32596,82
2026-09-21T22:50:31.207398+00:00,1,32574,82
2026-09-21T22:50:31.207398+00:00,2,32564,82
2026-09-21T22:50:31.207398+00:00,3,32554,83
2026-09-21T22:50:36.276186+00:00,0,32596,85
2026-09-21T22:50:36.276186+00:00,1,32574,80
2026-09-21T22:50:36.276186+00:00,2,32564,83
2026-09-21T22:50:36.276186+00:00,3,32554,83
2026-09-21T22:50:41.343039+00:00,0,32596,83
2026-09-21T22:50:41.343039+00:00,1,32574,85
2026-09-21T22:50:41.343039+00:00,2,32564,82
2026-09-21T22:50:41.343039+00:00,3,32554,81
2026-09-21T22:50:46.411740+00:00,0,32596,0
2026-09-21T22:50:46.411740+00:00,1,32574,83
2026-09-21T22:50:46.411740+00:00,2,32564,0
2026-09-21T22:50:46.411740+00:00,3,32554,0
2026-09-21T22:50:51.473081+00:00,0,12352,45
2026-09-21T22:50:51.473081+00:00,1,13452,54
2026-09-21T22:50:51.473081+00:00,2,12372,98
2026-09-21T22:50:51.473081+00:00,3,12332,70
2026-09-21T22:50:56.540175+00:00,0,12798,99
2026-09-21T22:50:56.540175+00:00,1,13898,99
2026-09-21T22:50:56.540175+00:00,2,12738,99
2026-09-21T22:50:56.540175+00:00,3,12758,99
2026-09-21T22:51:01.613269+00:00,0,5768,92
2026-09-21T22:51:01.613269+00:00,1,5908,98
2026-09-21T22:51:01.613269+00:00,2,5748,58
2026-09-21T22:51:01.613269+00:00,3,5788,56
2026-09-21T22:51:06.679950+00:00,0,25422,98
2026-09-21T22:51:06.679950+00:00,1,25522,99
2026-09-21T22:51:06.679950+00:00,2,25442,98
2026-09-21T22:51:06.679950+00:00,3,25462,99
2026-09-21T22:51:11.753595+00:00,0,27024,99
2026-09-21T22:51:11.753595+00:00,1,26704,98
2026-09-21T22:51:11.753595+00:00,2,27604,99
2026-09-21T22:51:11.753595+00:00,3,26664,98
2026-09-21T22:51:16.825324+00:00,0,27606,99
2026-09-21T22:51:16.825324+00:00,1,27586,99
2026-09-21T22:51:16.825324+00:00,2,27606,99
2026-09-21T22:51:16.825324+00:00,3,27686,99
2026-09-21T22:51:21.897783+00:00,0,27608,99
2026-09-21T22:51:21.897783+00:00,1,27588,98
2026-09-21T22:51:21.897783+00:00,2,27608,99
2026-09-21T22:51:21.897783+00:00,3,28148,98
2026-09-21T22:51:26.970362+00:00,0,27610,99
2026-09-21T22:51:26.970362+00:00,1,28210,99
2026-09-21T22:51:26.970362+00:00,2,28070,99
2026-09-21T22:51:26.970362+00:00,3,28150,98
2026-09-21T22:51:32.036613+00:00,0,27892,98
2026-09-21T22:51:32.036613+00:00,1,28212,98
2026-09-21T22:51:32.036613+00:00,2,28072,98
2026-09-21T22:51:32.036613+00:00,3,28152,98
2026-09-21T22:51:37.102478+00:00,0,27894,99
2026-09-21T22:51:37.102478+00:00,1,28214,98
2026-09-21T22:51:37.102478+00:00,2,28074,99
2026-09-21T22:51:37.102478+00:00,3,28154,99
2026-09-21T22:51:42.180729+00:00,0,9720,5
2026-09-21T22:51:42.180729+00:00,1,9740,7
2026-09-21T22:51:42.180729+00:00,2,9720,5
2026-09-21T22:51:42.180729+00:00,3,9720,6
2026-09-21T22:51:47.234486+00:00,0,10334,6
2026-09-21T22:51:47.234486+00:00,1,10334,8
2026-09-21T22:51:47.234486+00:00,2,10230,6
2026-09-21T22:51:47.234486+00:00,3,10496,6
2026-09-21T22:51:52.290348+00:00,0,11050,23
2026-09-21T22:51:52.290348+00:00,1,11050,16
2026-09-21T22:51:52.290348+00:00,2,11050,16
2026-09-21T22:51:52.290348+00:00,3,11050,22
2026-09-21T22:51:57.349603+00:00,0,4830,10
2026-09-21T22:51:57.349603+00:00,1,4832,9
2026-09-21T22:51:57.349603+00:00,2,4832,8
2026-09-21T22:51:57.349603+00:00,3,4832,8
2026-09-21T22:52:02.407141+00:00,0,32624,73
2026-09-21T22:52:02.407141+00:00,1,32574,80
2026-09-21T22:52:02.407141+00:00,2,32578,71
2026-09-21T22:52:02.407141+00:00,3,32646,74
2026-09-21T22:52:07.472474+00:00,0,32624,74
2026-09-21T22:52:07.472474+00:00,1,32574,74
2026-09-21T22:52:07.472474+00:00,2,32578,75
2026-09-21T22:52:07.472474+00:00,3,32646,78
2026-09-21T22:52:12.532671+00:00,0,32624,76
2026-09-21T22:52:12.532671+00:00,1,32574,79
2026-09-21T22:52:12.532671+00:00,2,32578,77
2026-09-21T22:52:12.532671+00:00,3,32646,78
2026-09-21T22:52:17.597177+00:00,0,32624,80
2026-09-21T22:52:17.597177+00:00,1,32574,84
2026-09-21T22:52:17.597177+00:00,2,32578,77
2026-09-21T22:52:17.597177+00:00,3,32646,75
2026-09-21T22:52:22.663878+00:00,0,32624,74
2026-09-21T22:52:22.663878+00:00,1,32574,75
2026-09-21T22:52:22.663878+00:00,2,32578,78
2026-09-21T22:52:22.663878+00:00,3,32646,81
2026-09-21T22:52:27.730158+00:00,0,32624,79
2026-09-21T22:52:27.730158+00:00,1,32574,82
2026-09-21T22:52:27.730158+00:00,2,32578,80
2026-09-21T22:52:27.730158+00:00,3,32646,78
2026-09-21T22:52:32.797589+00:00,0,32624,83
2026-09-21T22:52:32.797589+00:00,1,32574,76
2026-09-21T22:52:32.797589+00:00,2,32578,77
2026-09-21T22:52:32.797589+00:00,3,32646,81
2026-09-21T22:52:37.856866+00:00,0,32624,79
2026-09-21T22:52:37.856866+00:00,1,32574,78
2026-09-21T22:52:37.856866+00:00,2,32578,80
2026-09-21T22:52:37.856866+00:00,3,32646,79
2026-09-21T22:52:42.925910+00:00,0,32624,81
2026-09-21T22:52:42.925910+00:00,1,32574,80
2026-09-21T22:52:42.925910+00:00,2,32578,78
2026-09-21T22:52:42.925910+00:00,3,32646,79
2026-09-21T22:52:47.991922+00:00,0,32624,83
2026-09-21T22:52:47.991922+00:00,1,32574,81
2026-09-21T22:52:47.991922+00:00,2,32578,81
2026-09-21T22:52:47.991922+00:00,3,32646,75
2026-09-21T22:52:53.059323+00:00,0,32624,79
2026-09-21T22:52:53.059323+00:00,1,32574,85
2026-09-21T22:52:53.059323+00:00,2,32578,81
2026-09-21T22:52:53.059323+00:00,3,32646,84
2026-09-21T22:52:58.129101+00:00,0,32624,84
2026-09-21T22:52:58.129101+00:00,1,32574,81
2026-09-21T22:52:58.129101+00:00,2,32578,81
2026-09-21T22:52:58.129101+00:00,3,32646,79
2026-09-21T22:53:03.195016+00:00,0,32624,80
2026-09-21T22:53:03.195016+00:00,1,32574,80
2026-09-21T22:53:03.195016+00:00,2,32578,82
2026-09-21T22:53:03.195016+00:00,3,32646,82
2026-09-21T22:53:08.262661+00:00,0,32624,83
2026-09-21T22:53:08.262661+00:00,1,32574,87
2026-09-21T22:53:08.262661+00:00,2,32578,80
2026-09-21T22:53:08.262661+00:00,3,32646,87
2026-09-21T22:53:13.330528+00:00,0,32624,83
2026-09-21T22:53:13.330528+00:00,1,32574,84
2026-09-21T22:53:13.330528+00:00,2,32578,83
2026-09-21T22:53:13.330528+00:00,3,32646,81
2026-09-21T22:53:18.411352+00:00,0,32624,85
2026-09-21T22:53:18.411352+00:00,1,32574,82
2026-09-21T22:53:18.411352+00:00,2,32578,79
2026-09-21T22:53:18.411352+00:00,3,32646,82
2026-09-21T22:53:23.489304+00:00,0,32624,83
2026-09-21T22:53:23.489304+00:00,1,32574,81
2026-09-21T22:53:23.489304+00:00,2,32578,81
2026-09-21T22:53:23.489304+00:00,3,32646,81
2026-09-21T22:53:28.560461+00:00,0,32624,81
2026-09-21T22:53:28.560461+00:00,1,32574,83
2026-09-21T22:53:28.560461+00:00,2,32578,85
2026-09-21T22:53:28.560461+00:00,3,32646,84
2026-09-21T22:53:33.628628+00:00,0,32624,81
2026-09-21T22:53:33.628628+00:00,1,32574,81
2026-09-21T22:53:33.628628+00:00,2,32578,80
2026-09-21T22:53:33.628628+00:00,3,32646,82
2026-09-21T22:53:38.698090+00:00,0,32624,84
2026-09-21T22:53:38.698090+00:00,1,32574,85
2026-09-21T22:53:38.698090+00:00,2,32578,82
2026-09-21T22:53:38.698090+00:00,3,32646,80
2026-09-21T22:53:43.767539+00:00,0,32624,83
2026-09-21T22:53:43.767539+00:00,1,32574,89
2026-09-21T22:53:43.767539+00:00,2,32578,81
2026-09-21T22:53:43.767539+00:00,3,32646,82
2026-09-21T22:53:48.833407+00:00,0,32624,83
2026-09-21T22:53:48.833407+00:00,1,32574,86
2026-09-21T22:53:48.833407+00:00,2,32578,84
2026-09-21T22:53:48.833407+00:00,3,32646,82
2026-09-21T22:53:53.896285+00:00,0,32624,83
2026-09-21T22:53:53.896285+00:00,1,32574,83
2026-09-21T22:53:53.896285+00:00,2,32578,84
2026-09-21T22:53:53.896285+00:00,3,32646,82
2026-09-21T22:53:58.964766+00:00,0,32624,82
2026-09-21T22:53:58.964766+00:00,1,32574,83
2026-09-21T22:53:58.964766+00:00,2,32578,85
2026-09-21T22:53:58.964766+00:00,3,32646,85
2026-09-21T22:54:04.039363+00:00,0,32624,84
2026-09-21T22:54:04.039363+00:00,1,32574,82
2026-09-21T22:54:04.039363+00:00,2,32578,86
2026-09-21T22:54:04.039363+00:00,3,32646,84
2026-09-21T22:54:09.109393+00:00,0,32624,0
2026-09-21T22:54:09.109393+00:00,1,32574,82
2026-09-21T22:54:09.109393+00:00,2,32578,0
2026-09-21T22:54:09.109393+00:00,3,32646,82
2026-09-21T22:54:14.174065+00:00,0,12232,99
2026-09-21T22:54:14.174065+00:00,1,13292,99
2026-09-21T22:54:14.174065+00:00,2,12512,98
2026-09-21T22:54:14.174065+00:00,3,12472,99
2026-09-21T22:54:19.247213+00:00,0,12698,99
2026-09-21T22:54:19.247213+00:00,1,13356,99
2026-09-21T22:54:19.247213+00:00,2,12616,99
2026-09-21T22:54:19.247213+00:00,3,12616,99
2026-09-21T22:54:24.308474+00:00,0,7084,94
2026-09-21T22:54:24.308474+00:00,1,7584,88
2026-09-21T22:54:24.308474+00:00,2,6484,97
2026-09-21T22:54:24.308474+00:00,3,6784,97
2026-09-21T22:54:29.379656+00:00,0,25440,97
2026-09-21T22:54:29.379656+00:00,1,25520,98
2026-09-21T22:54:29.379656+00:00,2,25440,98
2026-09-21T22:54:29.379656+00:00,3,25440,98
2026-09-21T22:54:34.448743+00:00,0,27284,99
2026-09-21T22:54:34.448743+00:00,1,28724,98
2026-09-21T22:54:34.448743+00:00,2,28544,99
2026-09-21T22:54:34.448743+00:00,3,28304,99
2026-09-21T22:54:39.525593+00:00,0,28844,99
2026-09-21T22:54:39.525593+00:00,1,28784,99
2026-09-21T22:54:39.525593+00:00,2,28544,99
2026-09-21T22:54:39.525593+00:00,3,28824,99
2026-09-21T22:54:44.602113+00:00,0,29408,99
2026-09-21T22:54:44.602113+00:00,1,29028,99
2026-09-21T22:54:44.602113+00:00,2,29008,99
2026-09-21T22:54:44.602113+00:00,3,29008,99
2026-09-21T22:54:49.673408+00:00,0,29408,98
2026-09-21T22:54:49.673408+00:00,1,29028,99
2026-09-21T22:54:49.673408+00:00,2,29008,98
2026-09-21T22:54:49.673408+00:00,3,29008,98
2026-09-21T22:54:54.740818+00:00,0,29410,98
2026-09-21T22:54:54.740818+00:00,1,29030,99
2026-09-21T22:54:54.740818+00:00,2,29190,99
2026-09-21T22:54:54.740818+00:00,3,29010,98
2026-09-21T22:54:59.813396+00:00,0,29412,99
2026-09-21T22:54:59.813396+00:00,1,29032,98
2026-09-21T22:54:59.813396+00:00,2,29192,98
2026-09-21T22:54:59.813396+00:00,3,29012,98
2026-09-21T22:55:04.879843+00:00,0,29414,99
2026-09-21T22:55:04.879843+00:00,1,29032,98
2026-09-21T22:55:04.879843+00:00,2,29194,98
2026-09-21T22:55:04.879843+00:00,3,29014,99
2026-09-21T22:55:09.953249+00:00,0,9718,68
2026-09-21T22:55:09.953249+00:00,1,9738,85
2026-09-21T22:55:09.953249+00:00,2,9718,70
2026-09-21T22:55:09.953249+00:00,3,9718,81
2026-09-21T22:55:15.020568+00:00,0,10230,8
2026-09-21T22:55:15.020568+00:00,1,10332,7
2026-09-21T22:55:15.020568+00:00,2,10108,8
2026-09-21T22:55:15.020568+00:00,3,10272,6
2026-09-21T22:55:20.081491+00:00,0,11050,22
2026-09-21T22:55:20.081491+00:00,1,11050,24
2026-09-21T22:55:20.081491+00:00,2,11050,19
2026-09-21T22:55:20.081491+00:00,3,11050,17
2026-09-21T22:55:25.142204+00:00,0,4830,9
2026-09-21T22:55:25.142204+00:00,1,4832,9
2026-09-21T22:55:25.142204+00:00,2,4832,9
2026-09-21T22:55:25.142204+00:00,3,4832,10
2026-09-21T22:55:30.200702+00:00,0,32574,74
2026-09-21T22:55:30.200702+00:00,1,32560,76
2026-09-21T22:55:30.200702+00:00,2,32576,76
2026-09-21T22:55:30.200702+00:00,3,32580,75
2026-09-21T22:55:35.258607+00:00,0,32574,78
2026-09-21T22:55:35.258607+00:00,1,32560,76
2026-09-21T22:55:35.258607+00:00,2,32576,82
2026-09-21T22:55:35.258607+00:00,3,32580,81
2026-09-21T22:55:40.326678+00:00,0,32574,75
2026-09-21T22:55:40.326678+00:00,1,32560,75
2026-09-21T22:55:40.326678+00:00,2,32576,77
2026-09-21T22:55:40.326678+00:00,3,32580,76
2026-09-21T22:55:45.391682+00:00,0,32574,84
2026-09-21T22:55:45.391682+00:00,1,32560,82
2026-09-21T22:55:45.391682+00:00,2,32576,80
2026-09-21T22:55:45.391682+00:00,3,32580,79
2026-09-21T22:55:50.459794+00:00,0,32574,76
2026-09-21T22:55:50.459794+00:00,1,32560,78
2026-09-21T22:55:50.459794+00:00,2,32576,79
2026-09-21T22:55:50.459794+00:00,3,32580,80
2026-09-21T22:55:55.525053+00:00,0,32574,77
2026-09-21T22:55:55.525053+00:00,1,32560,80
2026-09-21T22:55:55.525053+00:00,2,32576,78
2026-09-21T22:55:55.525053+00:00,3,32580,76
2026-09-21T22:56:00.581248+00:00,0,32574,77
2026-09-21T22:56:00.581248+00:00,1,32560,88
2026-09-21T22:56:00.581248+00:00,2,32576,80
2026-09-21T22:56:00.581248+00:00,3,32580,78
2026-09-21T22:56:05.647870+00:00,0,32574,81
2026-09-21T22:56:05.647870+00:00,1,32560,80
2026-09-21T22:56:05.647870+00:00,2,32576,81
2026-09-21T22:56:05.647870+00:00,3,32580,79
2026-09-21T22:56:10.717355+00:00,0,32574,81
2026-09-21T22:56:10.717355+00:00,1,32560,80
2026-09-21T22:56:10.717355+00:00,2,32576,80
2026-09-21T22:56:10.717355+00:00,3,32580,79
2026-09-21T22:56:15.786040+00:00,0,32574,79
2026-09-21T22:56:15.786040+00:00,1,32560,86
2026-09-21T22:56:15.786040+00:00,2,32576,78
2026-09-21T22:56:15.786040+00:00,3,32580,81
2026-09-21T22:56:20.853158+00:00,0,32574,77
2026-09-21T22:56:20.853158+00:00,1,32560,81
2026-09-21T22:56:20.853158+00:00,2,32576,81
2026-09-21T22:56:20.853158+00:00,3,32580,81
2026-09-21T22:56:25.921634+00:00,0,32574,81
2026-09-21T22:56:25.921634+00:00,1,32560,82
2026-09-21T22:56:25.921634+00:00,2,32576,79
2026-09-21T22:56:25.921634+00:00,3,32580,84
2026-09-21T22:56:30.989050+00:00,0,32574,79
2026-09-21T22:56:30.989050+00:00,1,32560,85
2026-09-21T22:56:30.989050+00:00,2,32576,78
2026-09-21T22:56:30.989050+00:00,3,32580,80
2026-09-21T22:56:36.055931+00:00,0,32574,81
2026-09-21T22:56:36.055931+00:00,1,32560,83
2026-09-21T22:56:36.055931+00:00,2,32576,87
2026-09-21T22:56:36.055931+00:00,3,32580,83
2026-09-21T22:56:41.125210+00:00,0,32574,86
2026-09-21T22:56:41.125210+00:00,1,32560,85
2026-09-21T22:56:41.125210+00:00,2,32576,84
2026-09-21T22:56:41.125210+00:00,3,32580,81
2026-09-21T22:56:46.192142+00:00,0,32574,81
2026-09-21T22:56:46.192142+00:00,1,32560,82
2026-09-21T22:56:46.192142+00:00,2,32576,82
2026-09-21T22:56:46.192142+00:00,3,32580,86
2026-09-21T22:56:51.261056+00:00,0,32574,86
2026-09-21T22:56:51.261056+00:00,1,32560,82
2026-09-21T22:56:51.261056+00:00,2,32576,81
2026-09-21T22:56:51.261056+00:00,3,32580,83
2026-09-21T22:56:56.332879+00:00,0,32574,82
2026-09-21T22:56:56.332879+00:00,1,32560,84
2026-09-21T22:56:56.332879+00:00,2,32576,83
2026-09-21T22:56:56.332879+00:00,3,32580,85
2026-09-21T22:57:01.389654+00:00,0,32574,83
2026-09-21T22:57:01.389654+00:00,1,32560,86
2026-09-21T22:57:01.389654+00:00,2,32576,81
2026-09-21T22:57:01.389654+00:00,3,32580,83
2026-09-21T22:57:06.460246+00:00,0,32574,84
2026-09-21T22:57:06.460246+00:00,1,32560,84
2026-09-21T22:57:06.460246+00:00,2,32576,85
2026-09-21T22:57:06.460246+00:00,3,32580,82
2026-09-21T22:57:11.529171+00:00,0,32574,80
2026-09-21T22:57:11.529171+00:00,1,32560,83
2026-09-21T22:57:11.529171+00:00,2,32576,86
2026-09-21T22:57:11.529171+00:00,3,32580,87
2026-09-21T22:57:16.596827+00:00,0,32574,83
2026-09-21T22:57:16.596827+00:00,1,32560,87
2026-09-21T22:57:16.596827+00:00,2,32576,80
2026-09-21T22:57:16.596827+00:00,3,32580,79
2026-09-21T22:57:21.664362+00:00,0,32574,85
2026-09-21T22:57:21.664362+00:00,1,32560,82
2026-09-21T22:57:21.664362+00:00,2,32576,83
2026-09-21T22:57:21.664362+00:00,3,32580,82
2026-09-21T22:57:26.734606+00:00,0,32574,82
2026-09-21T22:57:26.734606+00:00,1,32560,88
2026-09-21T22:57:26.734606+00:00,2,32576,84
2026-09-21T22:57:26.734606+00:00,3,32580,83
2026-09-21T22:57:31.797279+00:00,0,32574,85
2026-09-21T22:57:31.797279+00:00,1,32560,78
2026-09-21T22:57:31.797279+00:00,2,32576,83
2026-09-21T22:57:31.797279+00:00,3,32580,0
2026-09-21T22:57:36.863749+00:00,0,1334,100
2026-09-21T22:57:36.863749+00:00,1,1320,100
2026-09-21T22:57:36.863749+00:00,2,1336,100
2026-09-21T22:57:36.863749+00:00,3,1340,100
2026-09-21T22:57:41.921746+00:00,0,12414,99
2026-09-21T22:57:41.921746+00:00,1,13534,99
2026-09-21T22:57:41.921746+00:00,2,12454,99
2026-09-21T22:57:41.921746+00:00,3,12334,99
2026-09-21T22:57:46.995062+00:00,0,12598,99
2026-09-21T22:57:46.995062+00:00,1,13618,99
2026-09-21T22:57:46.995062+00:00,2,12518,99
2026-09-21T22:57:46.995062+00:00,3,12558,99
2026-09-21T22:57:52.069585+00:00,0,6808,99
2026-09-21T22:57:52.069585+00:00,1,6868,99
2026-09-21T22:57:52.069585+00:00,2,6848,99
2026-09-21T22:57:52.069585+00:00,3,6848,99
2026-09-21T22:57:57.131650+00:00,0,25522,99
2026-09-21T22:57:57.131650+00:00,1,25582,99
2026-09-21T22:57:57.131650+00:00,2,25522,99
2026-09-21T22:57:57.131650+00:00,3,25522,99
2026-09-21T22:58:02.197772+00:00,0,28124,100
2026-09-21T22:58:02.197772+00:00,1,28324,99
2026-09-21T22:58:02.197772+00:00,2,28304,88
2026-09-21T22:58:02.197772+00:00,3,28444,99
2026-09-21T22:58:07.273224+00:00,0,28506,99
2026-09-21T22:58:07.273224+00:00,1,28526,99
2026-09-21T22:58:07.273224+00:00,2,28686,99
2026-09-21T22:58:07.273224+00:00,3,28446,99
2026-09-21T22:58:12.339981+00:00,0,29048,99
2026-09-21T22:58:12.339981+00:00,1,28548,99
2026-09-21T22:58:12.339981+00:00,2,28688,99
2026-09-21T22:58:12.339981+00:00,3,28566,99
2026-09-21T22:58:17.403459+00:00,0,29050,99
2026-09-21T22:58:17.403459+00:00,1,28550,99
2026-09-21T22:58:17.403459+00:00,2,28690,99
2026-09-21T22:58:17.403459+00:00,3,28810,99
2026-09-21T22:58:22.470666+00:00,0,29050,99
2026-09-21T22:58:22.470666+00:00,1,28550,99
2026-09-21T22:58:22.470666+00:00,2,28690,99
2026-09-21T22:58:22.470666+00:00,3,28810,98
2026-09-21T22:58:27.539669+00:00,0,29052,99
2026-09-21T22:58:27.539669+00:00,1,28552,98
2026-09-21T22:58:27.539669+00:00,2,28692,98
2026-09-21T22:58:27.539669+00:00,3,28812,99
2026-09-21T22:58:32.607095+00:00,0,1216,0
2026-09-21T22:58:32.607095+00:00,1,1218,0
2026-09-21T22:58:32.607095+00:00,2,2460,0
2026-09-21T22:58:32.607095+00:00,3,2140,0
2026-09-21T22:58:37.666116+00:00,0,9720,6
2026-09-21T22:58:37.666116+00:00,1,9740,6
2026-09-21T22:58:37.666116+00:00,2,9720,6
2026-09-21T22:58:37.666116+00:00,3,9720,8
2026-09-21T22:58:42.724894+00:00,0,11050,6
2026-09-21T22:58:42.724894+00:00,1,11050,100
2026-09-21T22:58:42.724894+00:00,2,11008,6
2026-09-21T22:58:42.724894+00:00,3,10948,6
2026-09-21T22:58:47.786112+00:00,0,12190,34
2026-09-21T22:58:47.786112+00:00,1,12130,35
2026-09-21T22:58:47.786112+00:00,2,12170,33
2026-09-21T22:58:47.786112+00:00,3,12230,33
2026-09-21T22:58:52.842755+00:00,0,32566,73
2026-09-21T22:58:52.842755+00:00,1,32568,82
2026-09-21T22:58:52.842755+00:00,2,32560,75
2026-09-21T22:58:52.842755+00:00,3,32574,74
2026-09-21T22:58:57.914416+00:00,0,32566,73
2026-09-21T22:58:57.914416+00:00,1,32568,78
2026-09-21T22:58:57.914416+00:00,2,32560,75
2026-09-21T22:58:57.914416+00:00,3,32574,76
2026-09-21T22:59:02.977078+00:00,0,32566,78
2026-09-21T22:59:02.977078+00:00,1,32568,75
2026-09-21T22:59:02.977078+00:00,2,32560,77
2026-09-21T22:59:02.977078+00:00,3,32574,78
2026-09-21T22:59:08.039072+00:00,0,32566,79
2026-09-21T22:59:08.039072+00:00,1,32568,75
2026-09-21T22:59:08.039072+00:00,2,32560,82
2026-09-21T22:59:08.039072+00:00,3,32574,78
2026-09-21T22:59:13.100335+00:00,0,32566,77
2026-09-21T22:59:13.100335+00:00,1,32568,84
2026-09-21T22:59:13.100335+00:00,2,32560,74
2026-09-21T22:59:13.100335+00:00,3,32574,84
2026-09-21T22:59:18.166383+00:00,0,32566,76
2026-09-21T22:59:18.166383+00:00,1,32568,77
2026-09-21T22:59:18.166383+00:00,2,32560,81
2026-09-21T22:59:18.166383+00:00,3,32574,80
2026-09-21T22:59:23.233305+00:00,0,32566,77
2026-09-21T22:59:23.233305+00:00,1,32568,79
2026-09-21T22:59:23.233305+00:00,2,32560,79
2026-09-21T22:59:23.233305+00:00,3,32574,80
2026-09-21T22:59:28.301185+00:00,0,32566,83
2026-09-21T22:59:28.301185+00:00,1,32568,79
2026-09-21T22:59:28.301185+00:00,2,32560,81
2026-09-21T22:59:28.301185+00:00,3,32574,81
2026-09-21T22:59:33.367029+00:00,0,32566,82
2026-09-21T22:59:33.367029+00:00,1,32568,82
2026-09-21T22:59:33.367029+00:00,2,32560,86
2026-09-21T22:59:33.367029+00:00,3,32574,83
2026-09-21T22:59:38.423469+00:00,0,32566,84
2026-09-21T22:59:38.423469+00:00,1,32568,77
2026-09-21T22:59:38.423469+00:00,2,32560,79
2026-09-21T22:59:38.423469+00:00,3,32574,84
2026-09-21T22:59:43.503510+00:00,0,32566,81
2026-09-21T22:59:43.503510+00:00,1,32568,79
2026-09-21T22:59:43.503510+00:00,2,32560,82
2026-09-21T22:59:43.503510+00:00,3,32574,81
2026-09-21T22:59:48.565109+00:00,0,32566,82
2026-09-21T22:59:48.565109+00:00,1,32568,79
2026-09-21T22:59:48.565109+00:00,2,32560,83
2026-09-21T22:59:48.565109+00:00,3,32574,85
2026-09-21T22:59:53.628696+00:00,0,32566,82
2026-09-21T22:59:53.628696+00:00,1,32568,83
2026-09-21T22:59:53.628696+00:00,2,32560,85
2026-09-21T22:59:53.628696+00:00,3,32574,82
2026-09-21T22:59:58.688876+00:00,0,32566,81
2026-09-21T22:59:58.688876+00:00,1,32568,82
2026-09-21T22:59:58.688876+00:00,2,32560,83
2026-09-21T22:59:58.688876+00:00,3,32574,84
2026-09-21T23:00:03.757657+00:00,0,32566,81
2026-09-21T23:00:03.757657+00:00,1,32568,83
2026-09-21T23:00:03.757657+00:00,2,32560,84
2026-09-21T23:00:03.757657+00:00,3,32574,85
2026-09-21T23:00:08.823586+00:00,0,32566,88
2026-09-21T23:00:08.823586+00:00,1,32568,82
2026-09-21T23:00:08.823586+00:00,2,32560,83
2026-09-21T23:00:08.823586+00:00,3,32574,83
2026-09-21T23:00:13.881577+00:00,0,32566,85
2026-09-21T23:00:13.881577+00:00,1,32568,84
2026-09-21T23:00:13.881577+00:00,2,32560,87
2026-09-21T23:00:13.881577+00:00,3,32574,83
2026-09-21T23:00:18.949110+00:00,0,32566,82
2026-09-21T23:00:18.949110+00:00,1,32568,84
2026-09-21T23:00:18.949110+00:00,2,32560,83
2026-09-21T23:00:18.949110+00:00,3,32574,84
2026-09-21T23:00:24.018801+00:00,0,32566,82
2026-09-21T23:00:24.018801+00:00,1,32568,83
2026-09-21T23:00:24.018801+00:00,2,32560,83
2026-09-21T23:00:24.018801+00:00,3,32574,85
2026-09-21T23:00:29.108353+00:00,0,32566,83
2026-09-21T23:00:29.108353+00:00,1,32568,82
2026-09-21T23:00:29.108353+00:00,2,32560,86
2026-09-21T23:00:29.108353+00:00,3,32574,83
2026-09-21T23:00:34.189078+00:00,0,32566,81
2026-09-21T23:00:34.189078+00:00,1,32568,84
2026-09-21T23:00:34.189078+00:00,2,32560,81
2026-09-21T23:00:34.189078+00:00,3,32574,82
2026-09-21T23:00:39.250118+00:00,0,32566,85
2026-09-21T23:00:39.250118+00:00,1,32568,86
2026-09-21T23:00:39.250118+00:00,2,32560,80
2026-09-21T23:00:39.250118+00:00,3,32574,81
2026-09-21T23:00:44.310628+00:00,0,32566,85
2026-09-21T23:00:44.310628+00:00,1,32568,86
2026-09-21T23:00:44.310628+00:00,2,32560,81
2026-09-21T23:00:44.310628+00:00,3,32574,85
2026-09-21T23:00:49.376734+00:00,0,32566,0
2026-09-21T23:00:49.376734+00:00,1,32568,81
2026-09-21T23:00:49.376734+00:00,2,32560,83
2026-09-21T23:00:49.376734+00:00,3,32574,83
2026-09-21T23:00:54.443726+00:00,0,32566,0
2026-09-21T23:00:54.443726+00:00,1,32568,0
2026-09-21T23:00:54.443726+00:00,2,32560,85
2026-09-21T23:00:54.443726+00:00,3,32574,81
2026-09-21T23:00:59.504835+00:00,0,6512,99
2026-09-21T23:00:59.504835+00:00,1,6572,99
2026-09-21T23:00:59.504835+00:00,2,6532,99
2026-09-21T23:00:59.504835+00:00,3,6532,99
2026-09-21T23:01:04.575713+00:00,0,11918,99
2026-09-21T23:01:04.575713+00:00,1,12896,99
2026-09-21T23:01:04.575713+00:00,2,11796,99
2026-09-21T23:01:04.575713+00:00,3,11898,99
2026-09-21T23:01:09.648610+00:00,0,9164,99
2026-09-21T23:01:09.648610+00:00,1,10204,100
2026-09-21T23:01:09.648610+00:00,2,9124,100
2026-09-21T23:01:09.648610+00:00,3,8864,97
2026-09-21T23:01:14.709542+00:00,0,25360,98
2026-09-21T23:01:14.709542+00:00,1,25340,99
2026-09-21T23:01:14.709542+00:00,2,25340,98
2026-09-21T23:01:14.709542+00:00,3,25320,99
2026-09-21T23:01:19.778259+00:00,0,27704,99
2026-09-21T23:01:19.778259+00:00,1,27864,99
2026-09-21T23:01:19.778259+00:00,2,27604,98
2026-09-21T23:01:19.778259+00:00,3,27824,99
2026-09-21T23:01:24.850736+00:00,0,27704,99
2026-09-21T23:01:24.850736+00:00,1,27866,99
2026-09-21T23:01:24.850736+00:00,2,28064,98
2026-09-21T23:01:24.850736+00:00,3,27824,99
2026-09-21T23:01:29.924263+00:00,0,28168,98
2026-09-21T23:01:29.924263+00:00,1,28088,99
2026-09-21T23:01:29.924263+00:00,2,28068,99
2026-09-21T23:01:29.924263+00:00,3,28048,99
2026-09-21T23:01:34.996374+00:00,0,28168,99
2026-09-21T23:01:34.996374+00:00,1,28088,99
2026-09-21T23:01:34.996374+00:00,2,28068,98
2026-09-21T23:01:34.996374+00:00,3,28148,99
2026-09-21T23:01:40.056834+00:00,0,28170,99
2026-09-21T23:01:40.056834+00:00,1,28090,98
2026-09-21T23:01:40.056834+00:00,2,28072,99
2026-09-21T23:01:40.056834+00:00,3,28150,99
2026-09-21T23:01:45.119013+00:00,0,28172,99
2026-09-21T23:01:45.119013+00:00,1,28092,98
2026-09-21T23:01:45.119013+00:00,2,28072,99
2026-09-21T23:01:45.119013+00:00,3,28152,99
2026-09-21T23:01:50.197348+00:00,0,11050,7
2026-09-21T23:01:50.197348+00:00,1,11050,7
2026-09-21T23:01:50.197348+00:00,2,11050,83
2026-09-21T23:01:50.197348+00:00,3,11050,100
2026-09-21T23:01:55.251676+00:00,0,9720,5
2026-09-21T23:01:55.251676+00:00,1,10026,8
2026-09-21T23:01:55.251676+00:00,2,9720,5
2026-09-21T23:01:55.251676+00:00,3,9862,5
2026-09-21T23:02:00.311503+00:00,0,11050,33
2026-09-21T23:02:00.311503+00:00,1,11050,29
2026-09-21T23:02:00.311503+00:00,2,11050,33
2026-09-21T23:02:00.311503+00:00,3,11050,19
2026-09-21T23:02:05.371277+00:00,0,4830,86
2026-09-21T23:02:05.371277+00:00,1,4832,0
2026-09-21T23:02:05.371277+00:00,2,4832,87
2026-09-21T23:02:05.371277+00:00,3,4832,33
2026-09-21T23:02:10.428609+00:00,0,32602,84
2026-09-21T23:02:10.428609+00:00,1,32576,77
2026-09-21T23:02:10.428609+00:00,2,32590,79
2026-09-21T23:02:10.428609+00:00,3,32550,74
2026-09-21T23:02:15.495362+00:00,0,32602,86
2026-09-21T23:02:15.495362+00:00,1,32576,74
2026-09-21T23:02:15.495362+00:00,2,32590,79
2026-09-21T23:02:15.495362+00:00,3,32550,72
2026-09-21T23:02:20.567235+00:00,0,32602,78
2026-09-21T23:02:20.567235+00:00,1,32576,77
2026-09-21T23:02:20.567235+00:00,2,32590,74
2026-09-21T23:02:20.567235+00:00,3,32550,77
2026-09-21T23:02:25.630657+00:00,0,32602,80
2026-09-21T23:02:25.630657+00:00,1,32576,78
2026-09-21T23:02:25.630657+00:00,2,32590,77
2026-09-21T23:02:25.630657+00:00,3,32550,78
2026-09-21T23:02:30.691168+00:00,0,32602,77
2026-09-21T23:02:30.691168+00:00,1,32576,84
2026-09-21T23:02:30.691168+00:00,2,32590,78
2026-09-21T23:02:30.691168+00:00,3,32550,78
2026-09-21T23:02:35.753691+00:00,0,32602,80
2026-09-21T23:02:35.753691+00:00,1,32576,79
2026-09-21T23:02:35.753691+00:00,2,32590,77
2026-09-21T23:02:35.753691+00:00,3,32550,81
2026-09-21T23:02:40.819308+00:00,0,32602,80
2026-09-21T23:02:40.819308+00:00,1,32576,81
2026-09-21T23:02:40.819308+00:00,2,32590,84
2026-09-21T23:02:40.819308+00:00,3,32550,78
2026-09-21T23:02:45.887043+00:00,0,32602,82
2026-09-21T23:02:45.887043+00:00,1,32576,84
2026-09-21T23:02:45.887043+00:00,2,32590,85
2026-09-21T23:02:45.887043+00:00,3,32550,80
2026-09-21T23:02:50.955502+00:00,0,32602,80
2026-09-21T23:02:50.955502+00:00,1,32576,81
2026-09-21T23:02:50.955502+00:00,2,32590,83
2026-09-21T23:02:50.955502+00:00,3,32550,82
2026-09-21T23:02:56.017565+00:00,0,32602,83
2026-09-21T23:02:56.017565+00:00,1,32576,80
2026-09-21T23:02:56.017565+00:00,2,32590,81
2026-09-21T23:02:56.017565+00:00,3,32550,79
2026-09-21T23:03:01.082905+00:00,0,32602,84
2026-09-21T23:03:01.082905+00:00,1,32576,78
2026-09-21T23:03:01.082905+00:00,2,32590,82
2026-09-21T23:03:01.082905+00:00,3,32550,77
2026-09-21T23:03:06.151201+00:00,0,32602,82
2026-09-21T23:03:06.151201+00:00,1,32576,82
2026-09-21T23:03:06.151201+00:00,2,32590,83
2026-09-21T23:03:06.151201+00:00,3,32550,85
2026-09-21T23:03:11.220722+00:00,0,32602,80
2026-09-21T23:03:11.220722+00:00,1,32576,81
2026-09-21T23:03:11.220722+00:00,2,32590,80
2026-09-21T23:03:11.220722+00:00,3,32550,81
2026-09-21T23:03:16.289774+00:00,0,32602,86
2026-09-21T23:03:16.289774+00:00,1,32576,81
2026-09-21T23:03:16.289774+00:00,2,32590,80
2026-09-21T23:03:16.289774+00:00,3,32550,84
2026-09-21T23:03:21.353711+00:00,0,32602,81
2026-09-21T23:03:21.353711+00:00,1,32576,85
2026-09-21T23:03:21.353711+00:00,2,32590,82
2026-09-21T23:03:21.353711+00:00,3,32550,80
2026-09-21T23:03:26.420535+00:00,0,32602,83
2026-09-21T23:03:26.420535+00:00,1,32576,80
2026-09-21T23:03:26.420535+00:00,2,32590,81
2026-09-21T23:03:26.420535+00:00,3,32550,85
2026-09-21T23:03:31.487362+00:00,0,32602,81
2026-09-21T23:03:31.487362+00:00,1,32576,81
2026-09-21T23:03:31.487362+00:00,2,32590,82
2026-09-21T23:03:31.487362+00:00,3,32550,81
2026-09-21T23:03:36.550198+00:00,0,32602,82
2026-09-21T23:03:36.550198+00:00,1,32576,85
2026-09-21T23:03:36.550198+00:00,2,32590,84
2026-09-21T23:03:36.550198+00:00,3,32550,80
2026-09-21T23:03:41.621314+00:00,0,32602,82
2026-09-21T23:03:41.621314+00:00,1,32576,82
2026-09-21T23:03:41.621314+00:00,2,32590,82
2026-09-21T23:03:41.621314+00:00,3,32550,84
2026-09-21T23:03:46.687926+00:00,0,32602,85
2026-09-21T23:03:46.687926+00:00,1,32576,84
2026-09-21T23:03:46.687926+00:00,2,32590,81
2026-09-21T23:03:46.687926+00:00,3,32550,82
2026-09-21T23:03:51.754683+00:00,0,32602,87
2026-09-21T23:03:51.754683+00:00,1,32576,82
2026-09-21T23:03:51.754683+00:00,2,32590,84
2026-09-21T23:03:51.754683+00:00,3,32550,82
2026-09-21T23:03:56.821045+00:00,0,32602,84
2026-09-21T23:03:56.821045+00:00,1,32576,84
2026-09-21T23:03:56.821045+00:00,2,32590,86
2026-09-21T23:03:56.821045+00:00,3,32550,88
2026-09-21T23:04:01.887555+00:00,0,32602,83
2026-09-21T23:04:01.887555+00:00,1,32576,83
2026-09-21T23:04:01.887555+00:00,2,32590,83
2026-09-21T23:04:01.887555+00:00,3,32550,85
2026-09-21T23:04:06.953935+00:00,0,32602,0
2026-09-21T23:04:06.953935+00:00,1,32576,79
2026-09-21T23:04:06.953935+00:00,2,32590,82
2026-09-21T23:04:06.953935+00:00,3,32552,0
2026-09-21T23:04:12.015274+00:00,0,11452,99
2026-09-21T23:04:12.015274+00:00,1,12392,99
2026-09-21T23:04:12.015274+00:00,2,11574,99
2026-09-21T23:04:12.015274+00:00,3,11432,99
2026-09-21T23:04:17.085656+00:00,0,12018,99
2026-09-21T23:04:17.085656+00:00,1,12918,98
2026-09-21T23:04:17.085656+00:00,2,11998,99
2026-09-21T23:04:17.085656+00:00,3,11978,99
2026-09-21T23:04:22.149682+00:00,0,6028,98
2026-09-21T23:04:22.149682+00:00,1,6208,92
2026-09-21T23:04:22.149682+00:00,2,5948,99
2026-09-21T23:04:22.149682+00:00,3,5988,92
2026-09-21T23:04:27.214977+00:00,0,25662,99
2026-09-21T23:04:27.214977+00:00,1,25342,99
2026-09-21T23:04:27.214977+00:00,2,25662,99
2026-09-21T23:04:27.214977+00:00,3,25882,99
2026-09-21T23:04:32.283090+00:00,0,27984,99
2026-09-21T23:04:32.283090+00:00,1,27944,99
2026-09-21T23:04:32.283090+00:00,2,27924,99
2026-09-21T23:04:32.283090+00:00,3,27944,97
2026-09-21T23:04:37.348439+00:00,0,28126,99
2026-09-21T23:04:37.348439+00:00,1,28146,99
2026-09-21T23:04:37.348439+00:00,2,28206,99
2026-09-21T23:04:37.348439+00:00,3,28266,98
2026-09-21T23:04:42.425001+00:00,0,28148,98
2026-09-21T23:04:42.425001+00:00,1,28148,99
2026-09-21T23:04:42.425001+00:00,2,28388,98
2026-09-21T23:04:42.425001+00:00,3,28268,99
2026-09-21T23:04:47.487785+00:00,0,28150,99
2026-09-21T23:04:47.487785+00:00,1,28210,99
2026-09-21T23:04:47.487785+00:00,2,28390,99
2026-09-21T23:04:47.487785+00:00,3,28330,99
2026-09-21T23:04:52.575651+00:00,0,28152,98
2026-09-21T23:04:52.575651+00:00,1,28212,98
2026-09-21T23:04:52.575651+00:00,2,28390,98
2026-09-21T23:04:52.575651+00:00,3,28332,98
2026-09-21T23:04:57.639662+00:00,0,28154,99
2026-09-21T23:04:57.639662+00:00,1,28214,99
2026-09-21T23:04:57.639662+00:00,2,28394,99
2026-09-21T23:04:57.639662+00:00,3,28334,99
2026-09-21T23:05:02.724264+00:00,0,9536,72
2026-09-21T23:05:02.724264+00:00,1,9556,70
2026-09-21T23:05:02.724264+00:00,2,9536,73
2026-09-21T23:05:02.724264+00:00,3,9536,83
2026-09-21T23:05:07.780290+00:00,0,10230,9
2026-09-21T23:05:07.780290+00:00,1,10230,5
2026-09-21T23:05:07.780290+00:00,2,9984,7
2026-09-21T23:05:07.780290+00:00,3,10374,8
2026-09-21T23:05:12.839874+00:00,0,11050,28
2026-09-21T23:05:12.839874+00:00,1,11050,32
2026-09-21T23:05:12.839874+00:00,2,11050,17
2026-09-21T23:05:12.839874+00:00,3,11050,20
2026-09-21T23:05:17.899639+00:00,0,4830,9
2026-09-21T23:05:17.899639+00:00,1,4832,9
2026-09-21T23:05:17.899639+00:00,2,4832,12
2026-09-21T23:05:17.899639+00:00,3,4832,10
2026-09-21T23:05:22.957424+00:00,0,32646,74
2026-09-21T23:05:22.957424+00:00,1,32648,74
2026-09-21T23:05:22.957424+00:00,2,32584,75
2026-09-21T23:05:22.957424+00:00,3,32600,77
2026-09-21T23:05:28.021502+00:00,0,32646,75
2026-09-21T23:05:28.021502+00:00,1,32648,79
2026-09-21T23:05:28.021502+00:00,2,32584,76
2026-09-21T23:05:28.021502+00:00,3,32600,76
2026-09-21T23:05:33.085856+00:00,0,32646,76
2026-09-21T23:05:33.085856+00:00,1,32648,75
2026-09-21T23:05:33.085856+00:00,2,32584,76
2026-09-21T23:05:33.085856+00:00,3,32600,74
2026-09-21T23:05:38.150806+00:00,0,32646,76
2026-09-21T23:05:38.150806+00:00,1,32648,75
2026-09-21T23:05:38.150806+00:00,2,32584,79
2026-09-21T23:05:38.150806+00:00,3,32600,77
2026-09-21T23:05:43.215391+00:00,0,32646,75
2026-09-21T23:05:43.215391+00:00,1,32648,78
2026-09-21T23:05:43.215391+00:00,2,32584,78
2026-09-21T23:05:43.215391+00:00,3,32600,78
2026-09-21T23:05:48.279858+00:00,0,32646,81
2026-09-21T23:05:48.279858+00:00,1,32648,78
2026-09-21T23:05:48.279858+00:00,2,32584,79
2026-09-21T23:05:48.279858+00:00,3,32600,78
2026-09-21T23:05:53.344017+00:00,0,32646,79
2026-09-21T23:05:53.344017+00:00,1,32648,79
2026-09-21T23:05:53.344017+00:00,2,32584,81
2026-09-21T23:05:53.344017+00:00,3,32600,76
2026-09-21T23:05:58.410839+00:00,0,32646,77
2026-09-21T23:05:58.410839+00:00,1,32648,78
2026-09-21T23:05:58.410839+00:00,2,32584,78
2026-09-21T23:05:58.410839+00:00,3,32600,81
2026-09-21T23:06:03.477437+00:00,0,32646,81
2026-09-21T23:06:03.477437+00:00,1,32648,80
2026-09-21T23:06:03.477437+00:00,2,32584,80
2026-09-21T23:06:03.477437+00:00,3,32600,88
2026-09-21T23:06:08.543117+00:00,0,32646,83
2026-09-21T23:06:08.543117+00:00,1,32648,83
2026-09-21T23:06:08.543117+00:00,2,32584,80
2026-09-21T23:06:08.543117+00:00,3,32600,82
2026-09-21T23:06:13.603446+00:00,0,32646,83
2026-09-21T23:06:13.603446+00:00,1,32648,83
2026-09-21T23:06:13.603446+00:00,2,32584,76
2026-09-21T23:06:13.603446+00:00,3,32600,81
2026-09-21T23:06:18.670580+00:00,0,32646,82
2026-09-21T23:06:18.670580+00:00,1,32648,85
2026-09-21T23:06:18.670580+00:00,2,32584,81
2026-09-21T23:06:18.670580+00:00,3,32600,79
2026-09-21T23:06:23.741138+00:00,0,32646,80
2026-09-21T23:06:23.741138+00:00,1,32648,78
2026-09-21T23:06:23.741138+00:00,2,32584,83
2026-09-21T23:06:23.741138+00:00,3,32600,81
2026-09-21T23:06:28.809917+00:00,0,32646,80
2026-09-21T23:06:28.809917+00:00,1,32648,84
2026-09-21T23:06:28.809917+00:00,2,32584,84
2026-09-21T23:06:28.809917+00:00,3,32600,84
2026-09-21T23:06:33.878268+00:00,0,32646,82
2026-09-21T23:06:33.878268+00:00,1,32648,83
2026-09-21T23:06:33.878268+00:00,2,32584,79
2026-09-21T23:06:33.878268+00:00,3,32600,80
2026-09-21T23:06:38.942074+00:00,0,32646,83
2026-09-21T23:06:38.942074+00:00,1,32648,86
2026-09-21T23:06:38.942074+00:00,2,32584,84
2026-09-21T23:06:38.942074+00:00,3,32600,83
2026-09-21T23:06:44.004094+00:00,0,32646,85
2026-09-21T23:06:44.004094+00:00,1,32648,84
2026-09-21T23:06:44.004094+00:00,2,32584,79
2026-09-21T23:06:44.004094+00:00,3,32600,88
2026-09-21T23:06:49.066090+00:00,0,32646,82
2026-09-21T23:06:49.066090+00:00,1,32648,83
2026-09-21T23:06:49.066090+00:00,2,32584,81
2026-09-21T23:06:49.066090+00:00,3,32600,83
2026-09-21T23:06:54.131969+00:00,0,32646,84
2026-09-21T23:06:54.131969+00:00,1,32648,85
2026-09-21T23:06:54.131969+00:00,2,32584,82
2026-09-21T23:06:54.131969+00:00,3,32600,82
2026-09-21T23:06:59.198106+00:00,0,32646,83
2026-09-21T23:06:59.198106+00:00,1,32648,86
2026-09-21T23:06:59.198106+00:00,2,32584,79
2026-09-21T23:06:59.198106+00:00,3,32600,82
2026-09-21T23:07:04.270037+00:00,0,32646,86
2026-09-21T23:07:04.270037+00:00,1,32648,83
2026-09-21T23:07:04.270037+00:00,2,32584,83
2026-09-21T23:07:04.270037+00:00,3,32600,82
2026-09-21T23:07:09.336087+00:00,0,32646,81
2026-09-21T23:07:09.336087+00:00,1,32648,82
2026-09-21T23:07:09.336087+00:00,2,32584,81
2026-09-21T23:07:09.336087+00:00,3,32600,84
2026-09-21T23:07:14.405987+00:00,0,32646,80
2026-09-21T23:07:14.405987+00:00,1,32648,84
2026-09-21T23:07:14.405987+00:00,2,32584,82
2026-09-21T23:07:14.405987+00:00,3,32600,84
2026-09-21T23:07:19.475521+00:00,0,32646,83
2026-09-21T23:07:19.475521+00:00,1,32648,81
2026-09-21T23:07:19.475521+00:00,2,32584,86
2026-09-21T23:07:19.475521+00:00,3,32600,79
2026-09-21T23:07:24.543332+00:00,0,32646,83
2026-09-21T23:07:24.543332+00:00,1,32648,84
2026-09-21T23:07:24.543332+00:00,2,32584,84
2026-09-21T23:07:24.543332+00:00,3,32600,88
2026-09-21T23:07:29.608501+00:00,0,1406,100
2026-09-21T23:07:29.608501+00:00,1,1408,100
2026-09-21T23:07:29.608501+00:00,2,1344,100
2026-09-21T23:07:29.608501+00:00,3,1360,100
2026-09-21T23:07:34.664430+00:00,0,11554,99
2026-09-21T23:07:34.664430+00:00,1,12514,99
2026-09-21T23:07:34.664430+00:00,2,11534,99
2026-09-21T23:07:34.664430+00:00,3,11554,99
2026-09-21T23:07:39.735705+00:00,0,11998,99
2026-09-21T23:07:39.735705+00:00,1,13018,100
2026-09-21T23:07:39.735705+00:00,2,12038,97
2026-09-21T23:07:39.735705+00:00,3,11958,96
2026-09-21T23:07:44.825057+00:00,0,5748,95
2026-09-21T23:07:44.825057+00:00,1,5888,56
2026-09-21T23:07:44.825057+00:00,2,5728,95
2026-09-21T23:07:44.825057+00:00,3,5728,82
2026-09-21T23:07:49.904321+00:00,0,25422,99
2026-09-21T23:07:49.904321+00:00,1,25502,98
2026-09-21T23:07:49.904321+00:00,2,26682,99
2026-09-21T23:07:49.904321+00:00,3,25982,99
2026-09-21T23:07:54.978057+00:00,0,25502,98
2026-09-21T23:07:54.978057+00:00,1,25522,98
2026-09-21T23:07:54.978057+00:00,2,26682,98
2026-09-21T23:07:54.978057+00:00,3,25982,98
2026-09-21T23:08:00.042566+00:00,0,26626,99
2026-09-21T23:08:00.042566+00:00,1,25724,99
2026-09-21T23:08:00.042566+00:00,2,26684,99
2026-09-21T23:08:00.042566+00:00,3,25984,99
2026-09-21T23:08:05.116013+00:00,0,27186,98
2026-09-21T23:08:05.116013+00:00,1,27786,99
2026-09-21T23:08:05.116013+00:00,2,27566,98
2026-09-21T23:08:05.116013+00:00,3,27466,97
2026-09-21T23:08:10.193644+00:00,0,27188,99
2026-09-21T23:08:10.193644+00:00,1,27788,99
2026-09-21T23:08:10.193644+00:00,2,27568,99
2026-09-21T23:08:10.193644+00:00,3,27468,99
2026-09-21T23:08:15.268191+00:00,0,27190,99
2026-09-21T23:08:15.268191+00:00,1,27790,100
2026-09-21T23:08:15.268191+00:00,2,27570,99
2026-09-21T23:08:15.268191+00:00,3,27470,99
2026-09-21T23:08:20.335416+00:00,0,27192,96
2026-09-21T23:08:20.335416+00:00,1,27792,99
2026-09-21T23:08:20.335416+00:00,2,27572,98
2026-09-21T23:08:20.335416+00:00,3,27472,97
2026-09-21T23:08:25.401043+00:00,0,27192,99
2026-09-21T23:08:25.401043+00:00,1,27794,98
2026-09-21T23:08:25.401043+00:00,2,27574,99
2026-09-21T23:08:25.401043+00:00,3,27472,99
2026-09-21T23:08:30.474803+00:00,0,9176,72
2026-09-21T23:08:30.474803+00:00,1,9376,81
2026-09-21T23:08:30.474803+00:00,2,9356,79
2026-09-21T23:08:30.474803+00:00,3,9356,84
2026-09-21T23:08:35.539785+00:00,0,10332,7
2026-09-21T23:08:35.539785+00:00,1,10252,7
2026-09-21T23:08:35.539785+00:00,2,10088,8
2026-09-21T23:08:35.539785+00:00,3,10230,5
2026-09-21T23:08:40.597470+00:00,0,11050,28
2026-09-21T23:08:40.597470+00:00,1,11050,15
2026-09-21T23:08:40.597470+00:00,2,11050,31
2026-09-21T23:08:40.597470+00:00,3,11050,19
2026-09-21T23:08:45.660992+00:00,0,4830,11
2026-09-21T23:08:45.660992+00:00,1,4832,8
2026-09-21T23:08:45.660992+00:00,2,4832,11
2026-09-21T23:08:45.660992+00:00,3,4832,9
2026-09-21T23:08:50.717389+00:00,0,32548,76
2026-09-21T23:08:50.717389+00:00,1,32550,70
2026-09-21T23:08:50.717389+00:00,2,32560,72
2026-09-21T23:08:50.717389+00:00,3,32544,70
2026-09-21T23:08:55.782785+00:00,0,32548,76
2026-09-21T23:08:55.782785+00:00,1,32550,74
2026-09-21T23:08:55.782785+00:00,2,32560,73
2026-09-21T23:08:55.782785+00:00,3,32544,78
2026-09-21T23:09:00.840015+00:00,0,32548,76
2026-09-21T23:09:00.840015+00:00,1,32550,77
2026-09-21T23:09:00.840015+00:00,2,32560,82
2026-09-21T23:09:00.840015+00:00,3,32544,76
2026-09-21T23:09:05.897898+00:00,0,32548,78
2026-09-21T23:09:05.897898+00:00,1,32550,77
2026-09-21T23:09:05.897898+00:00,2,32560,77
2026-09-21T23:09:05.897898+00:00,3,32544,76
2026-09-21T23:09:10.959834+00:00,0,32548,80
2026-09-21T23:09:10.959834+00:00,1,32550,78
2026-09-21T23:09:10.959834+00:00,2,32560,76
2026-09-21T23:09:10.959834+00:00,3,32544,83
2026-09-21T23:09:16.027701+00:00,0,32548,76
2026-09-21T23:09:16.027701+00:00,1,32550,77
2026-09-21T23:09:16.027701+00:00,2,32560,79
2026-09-21T23:09:16.027701+00:00,3,32544,76
2026-09-21T23:09:21.093033+00:00,0,32548,79
2026-09-21T23:09:21.093033+00:00,1,32550,84
2026-09-21T23:09:21.093033+00:00,2,32560,76
2026-09-21T23:09:21.093033+00:00,3,32544,76
2026-09-21T23:09:26.153958+00:00,0,32548,76
2026-09-21T23:09:26.153958+00:00,1,32550,77
2026-09-21T23:09:26.153958+00:00,2,32560,80
2026-09-21T23:09:26.153958+00:00,3,32544,81
2026-09-21T23:09:31.222020+00:00,0,32548,80
2026-09-21T23:09:31.222020+00:00,1,32550,77
2026-09-21T23:09:31.222020+00:00,2,32560,81
2026-09-21T23:09:31.222020+00:00,3,32544,79
2026-09-21T23:09:36.289561+00:00,0,32548,79
2026-09-21T23:09:36.289561+00:00,1,32550,80
2026-09-21T23:09:36.289561+00:00,2,32560,78
2026-09-21T23:09:36.289561+00:00,3,32544,79
2026-09-21T23:09:41.353381+00:00,0,32548,83
2026-09-21T23:09:41.353381+00:00,1,32550,82
2026-09-21T23:09:41.353381+00:00,2,32560,83
2026-09-21T23:09:41.353381+00:00,3,32544,85
2026-09-21T23:09:46.418921+00:00,0,32548,81
2026-09-21T23:09:46.418921+00:00,1,32550,79
2026-09-21T23:09:46.418921+00:00,2,32560,85
2026-09-21T23:09:46.418921+00:00,3,32544,82
2026-09-21T23:09:51.486516+00:00,0,32548,84
2026-09-21T23:09:51.486516+00:00,1,32550,79
2026-09-21T23:09:51.486516+00:00,2,32560,80
2026-09-21T23:09:51.486516+00:00,3,32544,78
2026-09-21T23:09:56.550191+00:00,0,32548,79
2026-09-21T23:09:56.550191+00:00,1,32550,82
2026-09-21T23:09:56.550191+00:00,2,32560,81
2026-09-21T23:09:56.550191+00:00,3,32544,78
2026-09-21T23:10:01.613177+00:00,0,32548,81
2026-09-21T23:10:01.613177+00:00,1,32550,80
2026-09-21T23:10:01.613177+00:00,2,32560,80
2026-09-21T23:10:01.613177+00:00,3,32544,81
2026-09-21T23:10:06.676924+00:00,0,32548,83
2026-09-21T23:10:06.676924+00:00,1,32550,81
2026-09-21T23:10:06.676924+00:00,2,32560,83
2026-09-21T23:10:06.676924+00:00,3,32544,83
2026-09-21T23:10:11.746102+00:00,0,32548,82
2026-09-21T23:10:11.746102+00:00,1,32550,84
2026-09-21T23:10:11.746102+00:00,2,32560,83
2026-09-21T23:10:11.746102+00:00,3,32544,80
2026-09-21T23:10:16.816315+00:00,0,32548,83
2026-09-21T23:10:16.816315+00:00,1,32550,83
2026-09-21T23:10:16.816315+00:00,2,32560,81
2026-09-21T23:10:16.816315+00:00,3,32544,84
2026-09-21T23:10:21.899703+00:00,0,32548,84
2026-09-21T23:10:21.899703+00:00,1,32550,84
2026-09-21T23:10:21.899703+00:00,2,32560,83
2026-09-21T23:10:21.899703+00:00,3,32544,82
2026-09-21T23:10:26.969644+00:00,0,32548,84
2026-09-21T23:10:26.969644+00:00,1,32550,80
2026-09-21T23:10:26.969644+00:00,2,32560,80
2026-09-21T23:10:26.969644+00:00,3,32544,86
2026-09-21T23:10:32.042180+00:00,0,32548,83
2026-09-21T23:10:32.042180+00:00,1,32550,83
2026-09-21T23:10:32.042180+00:00,2,32560,82
2026-09-21T23:10:32.042180+00:00,3,32544,84
2026-09-21T23:10:37.111543+00:00,0,32548,84
2026-09-21T23:10:37.111543+00:00,1,32550,85
2026-09-21T23:10:37.111543+00:00,2,32560,82
2026-09-21T23:10:37.111543+00:00,3,32544,86
2026-09-21T23:10:42.180852+00:00,0,32548,83
2026-09-21T23:10:42.180852+00:00,1,32550,84
2026-09-21T23:10:42.180852+00:00,2,32560,82
2026-09-21T23:10:42.180852+00:00,3,32544,86
2026-09-21T23:10:47.252957+00:00,0,32548,82
2026-09-21T23:10:47.252957+00:00,1,32550,88
2026-09-21T23:10:47.252957+00:00,2,32560,81
2026-09-21T23:10:47.252957+00:00,3,32544,86
2026-09-21T23:10:52.317545+00:00,0,32548,82
2026-09-21T23:10:52.317545+00:00,1,32550,80
2026-09-21T23:10:52.317545+00:00,2,32560,84
2026-09-21T23:10:52.317545+00:00,3,32544,83
2026-09-21T23:10:57.391767+00:00,0,32548,83
2026-09-21T23:10:57.391767+00:00,1,32550,84
2026-09-21T23:10:57.391767+00:00,2,32560,82
2026-09-21T23:10:57.391767+00:00,3,32544,84
2026-09-21T23:11:02.452818+00:00,0,32548,83
2026-09-21T23:11:02.452818+00:00,1,32550,86
2026-09-21T23:11:02.452818+00:00,2,32560,0
2026-09-21T23:11:02.452818+00:00,3,32544,80
2026-09-21T23:11:07.520024+00:00,0,32548,0
2026-09-21T23:11:07.520024+00:00,1,32550,77
2026-09-21T23:11:07.520024+00:00,2,32560,0
2026-09-21T23:11:07.520024+00:00,3,32544,0
2026-09-21T23:11:12.579595+00:00,0,11774,100
2026-09-21T23:11:12.579595+00:00,1,12854,95
2026-09-21T23:11:12.579595+00:00,2,11774,99
2026-09-21T23:11:12.579595+00:00,3,11754,99
2026-09-21T23:11:17.650921+00:00,0,12858,99
2026-09-21T23:11:17.650921+00:00,1,13878,99
2026-09-21T23:11:17.650921+00:00,2,12938,99
2026-09-21T23:11:17.650921+00:00,3,12978,99
2026-09-21T23:11:22.722184+00:00,0,12862,99
2026-09-21T23:11:22.722184+00:00,1,13902,99
2026-09-21T23:11:22.722184+00:00,2,12942,99
2026-09-21T23:11:22.722184+00:00,3,12982,98
2026-09-21T23:11:27.796006+00:00,0,26062,98
2026-09-21T23:11:27.796006+00:00,1,24840,98
2026-09-21T23:11:27.796006+00:00,2,24780,98
2026-09-21T23:11:27.796006+00:00,3,25260,98
2026-09-21T23:11:32.867617+00:00,0,26062,99
2026-09-21T23:11:32.867617+00:00,1,25482,99
2026-09-21T23:11:32.867617+00:00,2,25422,98
2026-09-21T23:11:32.867617+00:00,3,25422,99
2026-09-21T23:11:37.941387+00:00,0,26064,99
2026-09-21T23:11:37.941387+00:00,1,25504,98
2026-09-21T23:11:37.941387+00:00,2,25424,98
2026-09-21T23:11:37.941387+00:00,3,25484,99
2026-09-21T23:11:43.009180+00:00,0,28066,99
2026-09-21T23:11:43.009180+00:00,1,28466,97
2026-09-21T23:11:43.009180+00:00,2,27926,99
2026-09-21T23:11:43.009180+00:00,3,28166,99
2026-09-21T23:11:48.079001+00:00,0,29068,99
2026-09-21T23:11:48.079001+00:00,1,28848,99
2026-09-21T23:11:48.079001+00:00,2,29088,98
2026-09-21T23:11:48.079001+00:00,3,28688,99
2026-09-21T23:11:53.148184+00:00,0,29068,99
2026-09-21T23:11:53.148184+00:00,1,28848,99
2026-09-21T23:11:53.148184+00:00,2,29088,98
2026-09-21T23:11:53.148184+00:00,3,28688,97
2026-09-21T23:11:58.221251+00:00,0,29070,99
2026-09-21T23:11:58.221251+00:00,1,28850,99
2026-09-21T23:11:58.221251+00:00,2,29090,99
2026-09-21T23:11:58.221251+00:00,3,28690,99
2026-09-21T23:12:03.294368+00:00,0,29072,98
2026-09-21T23:12:03.294368+00:00,1,28850,99
2026-09-21T23:12:03.294368+00:00,2,29090,98
2026-09-21T23:12:03.294368+00:00,3,28692,98
2026-09-21T23:12:08.361829+00:00,0,29072,99
2026-09-21T23:12:08.361829+00:00,1,28852,99
2026-09-21T23:12:08.361829+00:00,2,29094,99
2026-09-21T23:12:08.361829+00:00,3,28692,99
2026-09-21T23:12:13.425323+00:00,0,9720,6
2026-09-21T23:12:13.425323+00:00,1,9740,6
2026-09-21T23:12:13.425323+00:00,2,9720,5
2026-09-21T23:12:13.425323+00:00,3,9720,5
2026-09-21T23:12:18.486935+00:00,0,10006,5
2026-09-21T23:12:18.486935+00:00,1,10456,8
2026-09-21T23:12:18.486935+00:00,2,10374,6
2026-09-21T23:12:18.486935+00:00,3,10416,6
2026-09-21T23:12:23.546337+00:00,0,11050,18
2026-09-21T23:12:23.546337+00:00,1,11050,31
2026-09-21T23:12:23.546337+00:00,2,11050,36
2026-09-21T23:12:23.546337+00:00,3,11050,23
2026-09-21T23:12:28.606161+00:00,0,4830,10
2026-09-21T23:12:28.606161+00:00,1,4832,8
2026-09-21T23:12:28.606161+00:00,2,4832,10
2026-09-21T23:12:28.606161+00:00,3,4832,9
2026-09-21T23:12:33.666778+00:00,0,32560,72
2026-09-21T23:12:33.666778+00:00,1,32568,73
2026-09-21T23:12:33.666778+00:00,2,32576,76
2026-09-21T23:12:33.666778+00:00,3,32544,77
2026-09-21T23:12:38.734619+00:00,0,32560,75
2026-09-21T23:12:38.734619+00:00,1,32568,75
2026-09-21T23:12:38.734619+00:00,2,32576,78
2026-09-21T23:12:38.734619+00:00,3,32544,75
2026-09-21T23:12:43.802464+00:00,0,32560,77
2026-09-21T23:12:43.802464+00:00,1,32568,83
2026-09-21T23:12:43.802464+00:00,2,32576,76
2026-09-21T23:12:43.802464+00:00,3,32544,80
2026-09-21T23:12:48.868462+00:00,0,32560,80
2026-09-21T23:12:48.868462+00:00,1,32568,82
2026-09-21T23:12:48.868462+00:00,2,32576,78
2026-09-21T23:12:48.868462+00:00,3,32544,84
2026-09-21T23:12:53.938543+00:00,0,32560,76
2026-09-21T23:12:53.938543+00:00,1,32568,76
2026-09-21T23:12:53.938543+00:00,2,32576,83
2026-09-21T23:12:53.938543+00:00,3,32544,76
2026-09-21T23:12:59.003230+00:00,0,32560,79
2026-09-21T23:12:59.003230+00:00,1,32568,80
2026-09-21T23:12:59.003230+00:00,2,32576,79
2026-09-21T23:12:59.003230+00:00,3,32544,82
2026-09-21T23:13:04.062718+00:00,0,32560,82
2026-09-21T23:13:04.062718+00:00,1,32568,77
2026-09-21T23:13:04.062718+00:00,2,32576,79
2026-09-21T23:13:04.062718+00:00,3,32544,78
2026-09-21T23:13:09.131530+00:00,0,32560,81
2026-09-21T23:13:09.131530+00:00,1,32568,76
2026-09-21T23:13:09.131530+00:00,2,32576,62
2026-09-21T23:13:09.131530+00:00,3,32544,77
2026-09-21T23:13:14.196854+00:00,0,32560,80
2026-09-21T23:13:14.196854+00:00,1,32568,81
2026-09-21T23:13:14.196854+00:00,2,32576,83
2026-09-21T23:13:14.196854+00:00,3,32544,83
2026-09-21T23:13:19.264095+00:00,0,32560,85
2026-09-21T23:13:19.264095+00:00,1,32568,81
2026-09-21T23:13:19.264095+00:00,2,32576,80
2026-09-21T23:13:19.264095+00:00,3,32544,80
2026-09-21T23:13:24.331777+00:00,0,32560,81
2026-09-21T23:13:24.331777+00:00,1,32568,80
2026-09-21T23:13:24.331777+00:00,2,32576,82
2026-09-21T23:13:24.331777+00:00,3,32544,80
2026-09-21T23:13:29.398166+00:00,0,32560,81
2026-09-21T23:13:29.398166+00:00,1,32568,77
2026-09-21T23:13:29.398166+00:00,2,32576,82
2026-09-21T23:13:29.398166+00:00,3,32544,82
2026-09-21T23:13:34.471262+00:00,0,32560,81
2026-09-21T23:13:34.471262+00:00,1,32568,85
2026-09-21T23:13:34.471262+00:00,2,32576,79
2026-09-21T23:13:34.471262+00:00,3,32544,81
2026-09-21T23:13:39.534277+00:00,0,32560,80
2026-09-21T23:13:39.534277+00:00,1,32568,82
2026-09-21T23:13:39.534277+00:00,2,32576,80
2026-09-21T23:13:39.534277+00:00,3,32544,82
2026-09-21T23:13:44.600507+00:00,0,32560,78
2026-09-21T23:13:44.600507+00:00,1,32568,80
2026-09-21T23:13:44.600507+00:00,2,32576,78
2026-09-21T23:13:44.600507+00:00,3,32544,81
2026-09-21T23:13:49.668633+00:00,0,32560,82
2026-09-21T23:13:49.668633+00:00,1,32568,81
2026-09-21T23:13:49.668633+00:00,2,32576,77
2026-09-21T23:13:49.668633+00:00,3,32544,81
2026-09-21T23:13:54.738264+00:00,0,32560,78
2026-09-21T23:13:54.738264+00:00,1,32568,77
2026-09-21T23:13:54.738264+00:00,2,32576,79
2026-09-21T23:13:54.738264+00:00,3,32544,78
2026-09-21T23:13:59.809971+00:00,0,32560,81
2026-09-21T23:13:59.809971+00:00,1,32568,85
2026-09-21T23:13:59.809971+00:00,2,32576,79
2026-09-21T23:13:59.809971+00:00,3,32544,82
2026-09-21T23:14:04.875814+00:00,0,32560,82
2026-09-21T23:14:04.875814+00:00,1,32568,82
2026-09-21T23:14:04.875814+00:00,2,32576,80
2026-09-21T23:14:04.875814+00:00,3,32544,81
2026-09-21T23:14:09.944471+00:00,0,32560,82
2026-09-21T23:14:09.944471+00:00,1,32568,80
2026-09-21T23:14:09.944471+00:00,2,32576,83
2026-09-21T23:14:09.944471+00:00,3,32544,85
2026-09-21T23:14:15.014681+00:00,0,32560,81
2026-09-21T23:14:15.014681+00:00,1,32568,83
2026-09-21T23:14:15.014681+00:00,2,32576,85
2026-09-21T23:14:15.014681+00:00,3,32544,82
2026-09-21T23:14:20.084497+00:00,0,32560,84
2026-09-21T23:14:20.084497+00:00,1,32568,85
2026-09-21T23:14:20.084497+00:00,2,32576,84
2026-09-21T23:14:20.084497+00:00,3,32544,84
2026-09-21T23:14:25.157355+00:00,0,32560,84
2026-09-21T23:14:25.157355+00:00,1,32568,79
2026-09-21T23:14:25.157355+00:00,2,32576,86
2026-09-21T23:14:25.157355+00:00,3,32544,81
2026-09-21T23:14:30.228144+00:00,0,32560,84
2026-09-21T23:14:30.228144+00:00,1,32568,87
2026-09-21T23:14:30.228144+00:00,2,32576,86
2026-09-21T23:14:30.228144+00:00,3,32544,83
2026-09-21T23:14:35.307102+00:00,0,32560,86
2026-09-21T23:14:35.307102+00:00,1,32568,84
2026-09-21T23:14:35.307102+00:00,2,32576,87
2026-09-21T23:14:35.307102+00:00,3,32544,84
2026-09-21T23:14:40.381118+00:00,0,32560,83
2026-09-21T23:14:40.381118+00:00,1,32568,78
2026-09-21T23:14:40.381118+00:00,2,32576,83
2026-09-21T23:14:40.381118+00:00,3,32544,83
2026-09-21T23:14:45.446214+00:00,0,32560,82
2026-09-21T23:14:45.446214+00:00,1,32568,0
2026-09-21T23:14:45.446214+00:00,2,32576,0
2026-09-21T23:14:45.446214+00:00,3,32544,76
2026-09-21T23:14:50.502074+00:00,0,6470,99
2026-09-21T23:14:50.502074+00:00,1,6570,98
2026-09-21T23:14:50.502074+00:00,2,6490,99
2026-09-21T23:14:50.502074+00:00,3,6490,99
2026-09-21T23:14:55.573813+00:00,0,12436,99
2026-09-21T23:14:55.573813+00:00,1,13356,99
2026-09-21T23:14:55.573813+00:00,2,12316,99
2026-09-21T23:14:55.573813+00:00,3,12376,99
2026-09-21T23:15:00.645226+00:00,0,12440,99
2026-09-21T23:15:00.645226+00:00,1,13500,99
2026-09-21T23:15:00.645226+00:00,2,12480,98
2026-09-21T23:15:00.645226+00:00,3,12460,98
2026-09-21T23:15:05.716509+00:00,0,25356,98
2026-09-21T23:15:05.716509+00:00,1,25376,99
2026-09-21T23:15:05.716509+00:00,2,25356,98
2026-09-21T23:15:05.716509+00:00,3,25356,99
2026-09-21T23:15:10.779114+00:00,0,25462,98
2026-09-21T23:15:10.779114+00:00,1,25522,98
2026-09-21T23:15:10.779114+00:00,2,25462,98
2026-09-21T23:15:10.779114+00:00,3,25462,98
2026-09-21T23:15:15.844466+00:00,0,25504,99
2026-09-21T23:15:15.844466+00:00,1,25604,98
2026-09-21T23:15:15.844466+00:00,2,25504,99
2026-09-21T23:15:15.844466+00:00,3,25504,99
2026-09-21T23:15:20.910507+00:00,0,29186,87
2026-09-21T23:15:20.910507+00:00,1,29406,100
2026-09-21T23:15:20.910507+00:00,2,29346,98
2026-09-21T23:15:20.910507+00:00,3,29426,92
2026-09-21T23:15:25.980560+00:00,0,29328,99
2026-09-21T23:15:25.980560+00:00,1,29408,98
2026-09-21T23:15:25.980560+00:00,2,29388,99
2026-09-21T23:15:25.980560+00:00,3,29428,98
2026-09-21T23:15:31.065907+00:00,0,29348,98
2026-09-21T23:15:31.065907+00:00,1,29408,98
2026-09-21T23:15:31.065907+00:00,2,29388,98
2026-09-21T23:15:31.065907+00:00,3,29548,98
2026-09-21T23:15:36.130025+00:00,0,29350,98
2026-09-21T23:15:36.130025+00:00,1,29412,99
2026-09-21T23:15:36.130025+00:00,2,29390,99
2026-09-21T23:15:36.130025+00:00,3,29550,98
2026-09-21T23:15:41.216413+00:00,0,29352,98
2026-09-21T23:15:41.216413+00:00,1,29412,98
2026-09-21T23:15:41.216413+00:00,2,29392,97
2026-09-21T23:15:41.216413+00:00,3,29552,97
2026-09-21T23:15:46.288572+00:00,0,29354,98
2026-09-21T23:15:46.288572+00:00,1,29414,99
2026-09-21T23:15:46.288572+00:00,2,29394,99
2026-09-21T23:15:46.288572+00:00,3,29552,99
2026-09-21T23:15:51.377150+00:00,0,9720,49
2026-09-21T23:15:51.377150+00:00,1,9740,16
2026-09-21T23:15:51.377150+00:00,2,9720,74
2026-09-21T23:15:51.377150+00:00,3,9720,6
2026-09-21T23:15:56.438267+00:00,0,10230,8
2026-09-21T23:15:56.438267+00:00,1,10272,8
2026-09-21T23:15:56.438267+00:00,2,10374,8
2026-09-21T23:15:56.438267+00:00,3,10170,7
2026-09-21T23:16:01.498225+00:00,0,11050,19
2026-09-21T23:16:01.498225+00:00,1,11050,17
2026-09-21T23:16:01.498225+00:00,2,11050,26
2026-09-21T23:16:01.498225+00:00,3,11050,14
2026-09-21T23:16:06.557886+00:00,0,4830,10
2026-09-21T23:16:06.557886+00:00,1,4832,9
2026-09-21T23:16:06.557886+00:00,2,4832,0
2026-09-21T23:16:06.557886+00:00,3,4832,10
2026-09-21T23:16:11.608317+00:00,0,32564,73
2026-09-21T23:16:11.608317+00:00,1,32552,76
2026-09-21T23:16:11.608317+00:00,2,32584,76
2026-09-21T23:16:11.608317+00:00,3,32606,74
2026-09-21T23:16:16.676172+00:00,0,32564,74
2026-09-21T23:16:16.676172+00:00,1,32552,76
2026-09-21T23:16:16.676172+00:00,2,32584,81
2026-09-21T23:16:16.676172+00:00,3,32606,78
2026-09-21T23:16:21.745174+00:00,0,32564,76
2026-09-21T23:16:21.745174+00:00,1,32552,75
2026-09-21T23:16:21.745174+00:00,2,32584,76
2026-09-21T23:16:21.745174+00:00,3,32606,77
2026-09-21T23:16:26.810690+00:00,0,32564,76
2026-09-21T23:16:26.810690+00:00,1,32552,79
2026-09-21T23:16:26.810690+00:00,2,32584,79
2026-09-21T23:16:26.810690+00:00,3,32606,76
2026-09-21T23:16:31.875571+00:00,0,32564,76
2026-09-21T23:16:31.875571+00:00,1,32552,75
2026-09-21T23:16:31.875571+00:00,2,32584,77
2026-09-21T23:16:31.875571+00:00,3,32606,77
2026-09-21T23:16:36.943347+00:00,0,32564,83
2026-09-21T23:16:36.943347+00:00,1,32552,76
2026-09-21T23:16:36.943347+00:00,2,32584,77
2026-09-21T23:16:36.943347+00:00,3,32606,76
2026-09-21T23:16:42.009711+00:00,0,32564,78
2026-09-21T23:16:42.009711+00:00,1,32552,74
2026-09-21T23:16:42.009711+00:00,2,32584,79
2026-09-21T23:16:42.009711+00:00,3,32606,79
2026-09-21T23:16:47.078421+00:00,0,32564,80
2026-09-21T23:16:47.078421+00:00,1,32552,78
2026-09-21T23:16:47.078421+00:00,2,32584,76
2026-09-21T23:16:47.078421+00:00,3,32606,76
2026-09-21T23:16:52.147004+00:00,0,32564,77
2026-09-21T23:16:52.147004+00:00,1,32552,77
2026-09-21T23:16:52.147004+00:00,2,32584,75
2026-09-21T23:16:52.147004+00:00,3,32606,78
2026-09-21T23:16:57.215530+00:00,0,32564,79
2026-09-21T23:16:57.215530+00:00,1,32552,79
2026-09-21T23:16:57.215530+00:00,2,32584,84
2026-09-21T23:16:57.215530+00:00,3,32606,81
2026-09-21T23:17:02.284753+00:00,0,32564,81
2026-09-21T23:17:02.284753+00:00,1,32552,78
2026-09-21T23:17:02.284753+00:00,2,32584,78
2026-09-21T23:17:02.284753+00:00,3,32606,78
2026-09-21T23:17:07.352640+00:00,0,32564,81
2026-09-21T23:17:07.352640+00:00,1,32552,78
2026-09-21T23:17:07.352640+00:00,2,32584,81
2026-09-21T23:17:07.352640+00:00,3,32606,77
2026-09-21T23:17:12.420849+00:00,0,32564,79
2026-09-21T23:17:12.420849+00:00,1,32552,77
2026-09-21T23:17:12.420849+00:00,2,32584,80
2026-09-21T23:17:12.420849+00:00,3,32606,79
2026-09-21T23:17:17.490957+00:00,0,32564,79
2026-09-21T23:17:17.490957+00:00,1,32552,84
2026-09-21T23:17:17.490957+00:00,2,32584,80
2026-09-21T23:17:17.490957+00:00,3,32606,77
2026-09-21T23:17:22.561079+00:00,0,32564,77
2026-09-21T23:17:22.561079+00:00,1,32552,79
2026-09-21T23:17:22.561079+00:00,2,32584,79
2026-09-21T23:17:22.561079+00:00,3,32606,81
2026-09-21T23:17:27.629001+00:00,0,32564,79
2026-09-21T23:17:27.629001+00:00,1,32552,82
2026-09-21T23:17:27.629001+00:00,2,32584,81
2026-09-21T23:17:27.629001+00:00,3,32606,81
2026-09-21T23:17:32.695991+00:00,0,32564,80
2026-09-21T23:17:32.695991+00:00,1,32552,80
2026-09-21T23:17:32.695991+00:00,2,32584,80
2026-09-21T23:17:32.695991+00:00,3,32606,79
2026-09-21T23:17:37.763827+00:00,0,32564,84
2026-09-21T23:17:37.763827+00:00,1,32552,87
2026-09-21T23:17:37.763827+00:00,2,32584,82
2026-09-21T23:17:37.763827+00:00,3,32606,82
2026-09-21T23:17:42.838320+00:00,0,32564,84
2026-09-21T23:17:42.838320+00:00,1,32552,84
2026-09-21T23:17:42.838320+00:00,2,32584,82
2026-09-21T23:17:42.838320+00:00,3,32606,88
2026-09-21T23:17:47.906134+00:00,0,32564,81
2026-09-21T23:17:47.906134+00:00,1,32552,79
2026-09-21T23:17:47.906134+00:00,2,32584,86
2026-09-21T23:17:47.906134+00:00,3,32606,81
2026-09-21T23:17:52.969801+00:00,0,32564,80
2026-09-21T23:17:52.969801+00:00,1,32552,80
2026-09-21T23:17:52.969801+00:00,2,32584,86
2026-09-21T23:17:52.969801+00:00,3,32606,82
2026-09-21T23:17:58.037393+00:00,0,32564,84
2026-09-21T23:17:58.037393+00:00,1,32552,84
2026-09-21T23:17:58.037393+00:00,2,32584,81
2026-09-21T23:17:58.037393+00:00,3,32606,82
2026-09-21T23:18:03.104954+00:00,0,32564,87
2026-09-21T23:18:03.104954+00:00,1,32552,81
2026-09-21T23:18:03.104954+00:00,2,32584,81
2026-09-21T23:18:03.104954+00:00,3,32606,83
2026-09-21T23:18:08.172402+00:00,0,32564,0
2026-09-21T23:18:08.172402+00:00,1,32552,78
2026-09-21T23:18:08.172402+00:00,2,32584,0
2026-09-21T23:18:08.172402+00:00,3,32606,79
2026-09-21T23:18:13.234180+00:00,0,1198,0
2026-09-21T23:18:13.234180+00:00,1,1200,0
2026-09-21T23:18:13.234180+00:00,2,1200,0
2026-09-21T23:18:13.234180+00:00,3,1200,0
2026-09-21T23:18:18.292231+00:00,0,11674,98
2026-09-21T23:18:18.292231+00:00,1,12714,98
2026-09-21T23:18:18.292231+00:00,2,11694,99
2026-09-21T23:18:18.292231+00:00,3,11834,98
2026-09-21T23:18:23.365586+00:00,0,11800,99
2026-09-21T23:18:23.365586+00:00,1,12780,98
2026-09-21T23:18:23.365586+00:00,2,11820,99
2026-09-21T23:18:23.365586+00:00,3,11880,98
2026-09-21T23:18:28.435641+00:00,0,24936,99
2026-09-21T23:18:28.435641+00:00,1,24736,98
2026-09-21T23:18:28.435641+00:00,2,24516,99
2026-09-21T23:18:28.435641+00:00,3,24596,99
2026-09-21T23:18:33.503646+00:00,0,26342,99
2026-09-21T23:18:33.503646+00:00,1,26762,98
2026-09-21T23:18:33.503646+00:00,2,27262,98
2026-09-21T23:18:33.503646+00:00,3,26782,98
2026-09-21T23:18:38.576095+00:00,0,27504,99
2026-09-21T23:18:38.576095+00:00,1,27684,99
2026-09-21T23:18:38.576095+00:00,2,27424,99
2026-09-21T23:18:38.576095+00:00,3,27604,99
2026-09-21T23:18:43.650664+00:00,0,27686,98
2026-09-21T23:18:43.650664+00:00,1,27686,98
2026-09-21T23:18:43.650664+00:00,2,27686,98
2026-09-21T23:18:43.650664+00:00,3,27786,97
2026-09-21T23:18:48.720796+00:00,0,27728,99
2026-09-21T23:18:48.720796+00:00,1,27708,98
2026-09-21T23:18:48.720796+00:00,2,27688,99
2026-09-21T23:18:48.720796+00:00,3,27888,99
2026-09-21T23:18:53.786213+00:00,0,27730,97
2026-09-21T23:18:53.786213+00:00,1,27870,98
2026-09-21T23:18:53.786213+00:00,2,27690,98
2026-09-21T23:18:53.786213+00:00,3,27890,97
2026-09-21T23:18:58.861053+00:00,0,27732,98
2026-09-21T23:18:58.861053+00:00,1,27872,99
2026-09-21T23:18:58.861053+00:00,2,27692,99
2026-09-21T23:18:58.861053+00:00,3,27892,98
2026-09-21T23:19:03.938943+00:00,0,1216,0
2026-09-21T23:19:03.938943+00:00,1,1218,0
2026-09-21T23:19:03.938943+00:00,2,1218,0
2026-09-21T23:19:03.938943+00:00,3,1218,0
2026-09-21T23:19:08.996951+00:00,0,9720,5
2026-09-21T23:19:08.996951+00:00,1,9740,6
2026-09-21T23:19:08.996951+00:00,2,9720,6
2026-09-21T23:19:08.996951+00:00,3,9720,7
2026-09-21T23:19:14.058587+00:00,0,10784,6
2026-09-21T23:19:14.058587+00:00,1,11030,7
2026-09-21T23:19:14.058587+00:00,2,10926,7
2026-09-21T23:19:14.058587+00:00,3,11050,5
2026-09-21T23:19:19.120505+00:00,0,11050,20
2026-09-21T23:19:19.120505+00:00,1,11050,17
2026-09-21T23:19:19.120505+00:00,2,11050,17
2026-09-21T23:19:19.120505+00:00,3,11050,18
2026-09-21T23:19:24.180772+00:00,0,4830,0
2026-09-21T23:19:24.180772+00:00,1,4832,3
2026-09-21T23:19:24.180772+00:00,2,32440,0
2026-09-21T23:19:24.180772+00:00,3,32440,0
2026-09-21T23:19:29.237542+00:00,0,32562,75
2026-09-21T23:19:29.237542+00:00,1,32586,74
2026-09-21T23:19:29.237542+00:00,2,32570,74
2026-09-21T23:19:29.237542+00:00,3,32566,72
2026-09-21T23:19:34.303452+00:00,0,32562,77
2026-09-21T23:19:34.303452+00:00,1,32586,76
2026-09-21T23:19:34.303452+00:00,2,32570,74
2026-09-21T23:19:34.303452+00:00,3,32566,81
2026-09-21T23:19:39.366802+00:00,0,32562,79
2026-09-21T23:19:39.366802+00:00,1,32586,72
2026-09-21T23:19:39.366802+00:00,2,32570,64
2026-09-21T23:19:39.366802+00:00,3,32566,83
2026-09-21T23:19:44.429832+00:00,0,32562,77
2026-09-21T23:19:44.429832+00:00,1,32586,76
2026-09-21T23:19:44.429832+00:00,2,32570,78
2026-09-21T23:19:44.429832+00:00,3,32566,76
2026-09-21T23:19:49.486774+00:00,0,32562,76
2026-09-21T23:19:49.486774+00:00,1,32586,76
2026-09-21T23:19:49.486774+00:00,2,32570,80
2026-09-21T23:19:49.486774+00:00,3,32566,74
2026-09-21T23:19:54.554052+00:00,0,32562,79
2026-09-21T23:19:54.554052+00:00,1,32586,77
2026-09-21T23:19:54.554052+00:00,2,32570,77
2026-09-21T23:19:54.554052+00:00,3,32566,84
2026-09-21T23:19:59.622344+00:00,0,32562,80
2026-09-21T23:19:59.622344+00:00,1,32586,77
2026-09-21T23:19:59.622344+00:00,2,32570,76
2026-09-21T23:19:59.622344+00:00,3,32566,78
2026-09-21T23:20:04.687425+00:00,0,32562,80
2026-09-21T23:20:04.687425+00:00,1,32586,77
2026-09-21T23:20:04.687425+00:00,2,32570,80
2026-09-21T23:20:04.687425+00:00,3,32566,76
2026-09-21T23:20:09.754468+00:00,0,32562,78
2026-09-21T23:20:09.754468+00:00,1,32586,79
2026-09-21T23:20:09.754468+00:00,2,32570,78
2026-09-21T23:20:09.754468+00:00,3,32566,83
2026-09-21T23:20:14.824071+00:00,0,32562,84
2026-09-21T23:20:14.824071+00:00,1,32586,80
2026-09-21T23:20:14.824071+00:00,2,32570,81
2026-09-21T23:20:14.824071+00:00,3,32566,78
2026-09-21T23:20:19.905536+00:00,0,32562,83
2026-09-21T23:20:19.905536+00:00,1,32586,80
2026-09-21T23:20:19.905536+00:00,2,32570,79
2026-09-21T23:20:19.905536+00:00,3,32566,82
2026-09-21T23:20:24.974272+00:00,0,32562,89
2026-09-21T23:20:24.974272+00:00,1,32586,79
2026-09-21T23:20:24.974272+00:00,2,32570,85
2026-09-21T23:20:24.974272+00:00,3,32566,82
2026-09-21T23:20:30.052901+00:00,0,32562,83
2026-09-21T23:20:30.052901+00:00,1,32586,83
2026-09-21T23:20:30.052901+00:00,2,32570,82
2026-09-21T23:20:30.052901+00:00,3,32566,80
2026-09-21T23:20:35.115265+00:00,0,32562,80
2026-09-21T23:20:35.115265+00:00,1,32586,81
2026-09-21T23:20:35.115265+00:00,2,32570,83
2026-09-21T23:20:35.115265+00:00,3,32566,81
2026-09-21T23:20:40.176784+00:00,0,32562,81
2026-09-21T23:20:40.176784+00:00,1,32586,82
2026-09-21T23:20:40.176784+00:00,2,32570,84
2026-09-21T23:20:40.176784+00:00,3,32566,82
2026-09-21T23:20:45.244948+00:00,0,32562,80
2026-09-21T23:20:45.244948+00:00,1,32586,83
2026-09-21T23:20:45.244948+00:00,2,32570,83
2026-09-21T23:20:45.244948+00:00,3,32566,81
2026-09-21T23:20:50.308720+00:00,0,32562,82
2026-09-21T23:20:50.308720+00:00,1,32586,83
2026-09-21T23:20:50.308720+00:00,2,32570,82
2026-09-21T23:20:50.308720+00:00,3,32566,80
2026-09-21T23:20:55.374039+00:00,0,32562,79
2026-09-21T23:20:55.374039+00:00,1,32586,81
2026-09-21T23:20:55.374039+00:00,2,32570,80
2026-09-21T23:20:55.374039+00:00,3,32566,82
2026-09-21T23:21:00.440760+00:00,0,32562,84
2026-09-21T23:21:00.440760+00:00,1,32586,84
2026-09-21T23:21:00.440760+00:00,2,32570,80
2026-09-21T23:21:00.440760+00:00,3,32566,82
2026-09-21T23:21:05.499425+00:00,0,32562,82
2026-09-21T23:21:05.499425+00:00,1,32586,84
2026-09-21T23:21:05.499425+00:00,2,32570,80
2026-09-21T23:21:05.499425+00:00,3,32566,80
2026-09-21T23:21:10.558707+00:00,0,32562,83
2026-09-21T23:21:10.558707+00:00,1,32586,81
2026-09-21T23:21:10.558707+00:00,2,32570,83
2026-09-21T23:21:10.558707+00:00,3,32566,80
2026-09-21T23:21:15.625766+00:00,0,32562,38
2026-09-21T23:21:15.625766+00:00,1,32586,83
2026-09-21T23:21:15.625766+00:00,2,32570,81
2026-09-21T23:21:15.625766+00:00,3,32566,81
2026-09-21T23:21:20.698509+00:00,0,32562,0
2026-09-21T23:21:20.698509+00:00,1,32586,80
2026-09-21T23:21:20.698509+00:00,2,32570,0
2026-09-21T23:21:20.698509+00:00,3,32566,81
2026-09-21T23:21:25.761495+00:00,0,32562,0
2026-09-21T23:21:25.761495+00:00,1,32586,89
2026-09-21T23:21:25.761495+00:00,2,32570,0
2026-09-21T23:21:25.761495+00:00,3,32566,0
2026-09-21T23:21:30.820684+00:00,0,1322,84
2026-09-21T23:21:30.820684+00:00,1,1346,100
2026-09-21T23:21:30.820684+00:00,2,1330,100
2026-09-21T23:21:30.820684+00:00,3,1326,100
2026-09-21T23:21:35.893745+00:00,0,12534,99
2026-09-21T23:21:35.893745+00:00,1,13654,99
2026-09-21T23:21:35.893745+00:00,2,12434,99
2026-09-21T23:21:35.893745+00:00,3,12314,98
2026-09-21T23:21:40.977204+00:00,0,12640,98
2026-09-21T23:21:40.977204+00:00,1,13780,99
2026-09-21T23:21:40.977204+00:00,2,12700,99
2026-09-21T23:21:40.977204+00:00,3,12660,99
2026-09-21T23:21:46.040248+00:00,0,25898,97
2026-09-21T23:21:46.040248+00:00,1,26118,99
2026-09-21T23:21:46.040248+00:00,2,25998,98
2026-09-21T23:21:46.040248+00:00,3,26018,99
2026-09-21T23:21:51.105684+00:00,0,26022,95
2026-09-21T23:21:51.105684+00:00,1,26122,98
2026-09-21T23:21:51.105684+00:00,2,26062,98
2026-09-21T23:21:51.105684+00:00,3,26282,98
2026-09-21T23:21:56.171572+00:00,0,26546,98
2026-09-21T23:21:56.171572+00:00,1,26266,99
2026-09-21T23:21:56.171572+00:00,2,26184,98
2026-09-21T23:21:56.171572+00:00,3,26406,99
2026-09-21T23:22:01.236463+00:00,0,26768,99
2026-09-21T23:22:01.236463+00:00,1,27728,100
2026-09-21T23:22:01.236463+00:00,2,27348,99
2026-09-21T23:22:01.236463+00:00,3,26608,98
2026-09-21T23:22:06.311686+00:00,0,26768,98
2026-09-21T23:22:06.311686+00:00,1,27728,99
2026-09-21T23:22:06.311686+00:00,2,27348,99
2026-09-21T23:22:06.311686+00:00,3,26610,98
2026-09-21T23:22:11.378108+00:00,0,26770,98
2026-09-21T23:22:11.378108+00:00,1,27730,99
2026-09-21T23:22:11.378108+00:00,2,27350,97
2026-09-21T23:22:11.378108+00:00,3,26610,98
2026-09-21T23:22:16.446489+00:00,0,26772,98
2026-09-21T23:22:16.446489+00:00,1,27732,97
2026-09-21T23:22:16.446489+00:00,2,27352,98
2026-09-21T23:22:16.446489+00:00,3,26612,97
2026-09-21T23:22:21.515375+00:00,0,8812,80
2026-09-21T23:22:21.515375+00:00,1,8832,74
2026-09-21T23:22:21.515375+00:00,2,8812,69
2026-09-21T23:22:21.515375+00:00,3,8812,78
2026-09-21T23:22:26.581950+00:00,0,9720,6
2026-09-21T23:22:26.581950+00:00,1,9740,6
2026-09-21T23:22:26.581950+00:00,2,9720,7
2026-09-21T23:22:26.581950+00:00,3,9720,5
2026-09-21T23:22:31.641744+00:00,0,11050,84
2026-09-21T23:22:31.641744+00:00,1,11050,5
2026-09-21T23:22:31.641744+00:00,2,11050,100
2026-09-21T23:22:31.641744+00:00,3,11050,100
2026-09-21T23:22:36.703533+00:00,0,13250,32
2026-09-21T23:22:36.703533+00:00,1,13250,33
2026-09-21T23:22:36.703533+00:00,2,13730,37
2026-09-21T23:22:36.703533+00:00,3,13370,34
2026-09-21T23:22:41.765162+00:00,0,32556,72
2026-09-21T23:22:41.765162+00:00,1,32574,73
2026-09-21T23:22:41.765162+00:00,2,32570,77
2026-09-21T23:22:41.765162+00:00,3,32560,74
2026-09-21T23:22:46.831216+00:00,0,32556,74
2026-09-21T23:22:46.831216+00:00,1,32574,80
2026-09-21T23:22:46.831216+00:00,2,32570,79
2026-09-21T23:22:46.831216+00:00,3,32560,73
2026-09-21T23:22:51.899160+00:00,0,32556,76
2026-09-21T23:22:51.899160+00:00,1,32574,75
2026-09-21T23:22:51.899160+00:00,2,32570,79
2026-09-21T23:22:51.899160+00:00,3,32560,77
2026-09-21T23:22:56.966105+00:00,0,32556,79
2026-09-21T23:22:56.966105+00:00,1,32574,76
2026-09-21T23:22:56.966105+00:00,2,32570,74
2026-09-21T23:22:56.966105+00:00,3,32560,77
2026-09-21T23:23:02.033193+00:00,0,32556,76
2026-09-21T23:23:02.033193+00:00,1,32574,75
2026-09-21T23:23:02.033193+00:00,2,32570,81
2026-09-21T23:23:02.033193+00:00,3,32560,77
2026-09-21T23:23:07.098809+00:00,0,32556,76
2026-09-21T23:23:07.098809+00:00,1,32574,79
2026-09-21T23:23:07.098809+00:00,2,32570,75
2026-09-21T23:23:07.098809+00:00,3,32560,75
2026-09-21T23:23:12.166468+00:00,0,32556,82
2026-09-21T23:23:12.166468+00:00,1,32574,80
2026-09-21T23:23:12.166468+00:00,2,32570,78
2026-09-21T23:23:12.166468+00:00,3,32560,81
2026-09-21T23:23:17.234741+00:00,0,32556,80
2026-09-21T23:23:17.234741+00:00,1,32574,76
2026-09-21T23:23:17.234741+00:00,2,32570,80
2026-09-21T23:23:17.234741+00:00,3,32560,77
2026-09-21T23:23:22.300732+00:00,0,32556,78
2026-09-21T23:23:22.300732+00:00,1,32574,82
2026-09-21T23:23:22.300732+00:00,2,32570,77
2026-09-21T23:23:22.300732+00:00,3,32560,79
2026-09-21T23:23:27.370894+00:00,0,32556,81
2026-09-21T23:23:27.370894+00:00,1,32574,75
2026-09-21T23:23:27.370894+00:00,2,32570,81
2026-09-21T23:23:27.370894+00:00,3,32560,75
2026-09-21T23:23:32.436939+00:00,0,32556,79
2026-09-21T23:23:32.436939+00:00,1,32574,80
2026-09-21T23:23:32.436939+00:00,2,32570,79
2026-09-21T23:23:32.436939+00:00,3,32560,79
2026-09-21T23:23:37.507572+00:00,0,32556,80
2026-09-21T23:23:37.507572+00:00,1,32574,78
2026-09-21T23:23:37.507572+00:00,2,32570,82
2026-09-21T23:23:37.507572+00:00,3,32560,79
2026-09-21T23:23:42.576594+00:00,0,32556,82
2026-09-21T23:23:42.576594+00:00,1,32574,81
2026-09-21T23:23:42.576594+00:00,2,32570,81
2026-09-21T23:23:42.576594+00:00,3,32560,79
2026-09-21T23:23:47.645711+00:00,0,32556,80
2026-09-21T23:23:47.645711+00:00,1,32574,81
2026-09-21T23:23:47.645711+00:00,2,32570,78
2026-09-21T23:23:47.645711+00:00,3,32560,82
2026-09-21T23:23:52.715072+00:00,0,32556,83
2026-09-21T23:23:52.715072+00:00,1,32574,79
2026-09-21T23:23:52.715072+00:00,2,32570,81
2026-09-21T23:23:52.715072+00:00,3,32560,80
2026-09-21T23:23:57.785876+00:00,0,32556,82
2026-09-21T23:23:57.785876+00:00,1,32574,83
2026-09-21T23:23:57.785876+00:00,2,32570,83
2026-09-21T23:23:57.785876+00:00,3,32560,82
2026-09-21T23:24:02.856699+00:00,0,32556,81
2026-09-21T23:24:02.856699+00:00,1,32574,84
2026-09-21T23:24:02.856699+00:00,2,32570,83
2026-09-21T23:24:02.856699+00:00,3,32560,82
2026-09-21T23:24:07.923068+00:00,0,32556,76
2026-09-21T23:24:07.923068+00:00,1,32574,83
2026-09-21T23:24:07.923068+00:00,2,32570,85
2026-09-21T23:24:07.923068+00:00,3,32560,80
2026-09-21T23:24:12.990563+00:00,0,32556,80
2026-09-21T23:24:12.990563+00:00,1,32574,81
2026-09-21T23:24:12.990563+00:00,2,32570,82
2026-09-21T23:24:12.990563+00:00,3,32560,88
2026-09-21T23:24:18.057296+00:00,0,32556,80
2026-09-21T23:24:18.057296+00:00,1,32574,83
2026-09-21T23:24:18.057296+00:00,2,32570,83
2026-09-21T23:24:18.057296+00:00,3,32560,88
2026-09-21T23:24:23.124196+00:00,0,32556,81
2026-09-21T23:24:23.124196+00:00,1,32574,83
2026-09-21T23:24:23.124196+00:00,2,32570,83
2026-09-21T23:24:23.124196+00:00,3,32560,83
2026-09-21T23:24:28.197253+00:00,0,32556,79
2026-09-21T23:24:28.197253+00:00,1,32574,85
2026-09-21T23:24:28.197253+00:00,2,32570,80
2026-09-21T23:24:28.197253+00:00,3,32560,86
2026-09-21T23:24:33.266935+00:00,0,32556,82
2026-09-21T23:24:33.266935+00:00,1,32574,83
2026-09-21T23:24:33.266935+00:00,2,32570,85
2026-09-21T23:24:33.266935+00:00,3,32560,83
2026-09-21T23:24:38.349787+00:00,0,32556,82
2026-09-21T23:24:38.349787+00:00,1,32574,83
2026-09-21T23:24:38.349787+00:00,2,32570,82
2026-09-21T23:24:38.349787+00:00,3,32560,81
2026-09-21T23:24:43.415951+00:00,0,32556,82
2026-09-21T23:24:43.415951+00:00,1,32574,83
2026-09-21T23:24:43.415951+00:00,2,32570,73
2026-09-21T23:24:43.415951+00:00,3,32560,83
2026-09-21T23:24:48.483604+00:00,0,32556,86
2026-09-21T23:24:48.483604+00:00,1,32574,82
2026-09-21T23:24:48.483604+00:00,2,32572,0
2026-09-21T23:24:48.483604+00:00,3,32560,82
2026-09-21T23:24:53.542786+00:00,0,32556,0
2026-09-21T23:24:53.542786+00:00,1,32574,82
2026-09-21T23:24:53.542786+00:00,2,32572,0
2026-09-21T23:24:53.542786+00:00,3,32560,0
2026-09-21T23:24:58.601750+00:00,0,12072,70
2026-09-21T23:24:58.601750+00:00,1,13172,94
2026-09-21T23:24:58.601750+00:00,2,12072,97
2026-09-21T23:24:58.601750+00:00,3,12052,78
2026-09-21T23:25:03.677651+00:00,0,12678,99
2026-09-21T23:25:03.677651+00:00,1,13718,99
2026-09-21T23:25:03.677651+00:00,2,12478,98
2026-09-21T23:25:03.677651+00:00,3,12578,99
2026-09-21T23:25:08.748343+00:00,0,12682,99
2026-09-21T23:25:08.748343+00:00,1,13722,99
2026-09-21T23:25:08.748343+00:00,2,12482,99
2026-09-21T23:25:08.748343+00:00,3,12584,99
2026-09-21T23:25:13.817886+00:00,0,25340,99
2026-09-21T23:25:13.817886+00:00,1,25340,99
2026-09-21T23:25:13.817886+00:00,2,25340,98
2026-09-21T23:25:13.817886+00:00,3,25320,99
2026-09-21T23:25:18.896583+00:00,0,26784,99
2026-09-21T23:25:18.896583+00:00,1,26784,99
2026-09-21T23:25:18.896583+00:00,2,26824,99
2026-09-21T23:25:18.896583+00:00,3,26664,99
2026-09-21T23:25:23.969747+00:00,0,28204,90
2026-09-21T23:25:23.969747+00:00,1,28384,88
2026-09-21T23:25:23.969747+00:00,2,28484,99
2026-09-21T23:25:23.969747+00:00,3,28064,99
2026-09-21T23:25:29.051436+00:00,0,29308,99
2026-09-21T23:25:29.051436+00:00,1,29188,99
2026-09-21T23:25:29.051436+00:00,2,28488,99
2026-09-21T23:25:29.051436+00:00,3,28848,99
2026-09-21T23:25:34.128749+00:00,0,29308,97
2026-09-21T23:25:34.128749+00:00,1,29188,98
2026-09-21T23:25:34.128749+00:00,2,28488,98
2026-09-21T23:25:34.128749+00:00,3,28928,97
2026-09-21T23:25:39.212856+00:00,0,29310,99
2026-09-21T23:25:39.212856+00:00,1,29190,99
2026-09-21T23:25:39.212856+00:00,2,28490,99
2026-09-21T23:25:39.212856+00:00,3,28930,99
2026-09-21T23:25:44.300444+00:00,0,29312,98
2026-09-21T23:25:44.300444+00:00,1,29192,98
2026-09-21T23:25:44.300444+00:00,2,28492,98
2026-09-21T23:25:44.300444+00:00,3,28932,98
2026-09-21T23:25:49.363579+00:00,0,29314,99
2026-09-21T23:25:49.363579+00:00,1,29194,99
2026-09-21T23:25:49.363579+00:00,2,28494,98
2026-09-21T23:25:49.363579+00:00,3,28934,99
2026-09-21T23:25:54.431310+00:00,0,9720,5
2026-09-21T23:25:54.431310+00:00,1,9740,5
2026-09-21T23:25:54.431310+00:00,2,9720,5
2026-09-21T23:25:54.431310+00:00,3,9720,5
2026-09-21T23:25:59.491856+00:00,0,10394,6
2026-09-21T23:25:59.491856+00:00,1,10558,6
2026-09-21T23:25:59.491856+00:00,2,10374,5
2026-09-21T23:25:59.491856+00:00,3,10476,6
2026-09-21T23:26:04.551403+00:00,0,11050,15
2026-09-21T23:26:04.551403+00:00,1,11050,32
2026-09-21T23:26:04.551403+00:00,2,11050,30
2026-09-21T23:26:04.551403+00:00,3,11050,13
2026-09-21T23:26:09.612158+00:00,0,4830,0
2026-09-21T23:26:09.612158+00:00,1,4832,0
2026-09-21T23:26:09.612158+00:00,2,4832,9
2026-09-21T23:26:09.612158+00:00,3,4832,0
2026-09-21T23:26:14.663168+00:00,0,32568,78
2026-09-21T23:26:14.663168+00:00,1,32546,76
2026-09-21T23:26:14.663168+00:00,2,32546,81
2026-09-21T23:26:14.663168+00:00,3,32592,74
2026-09-21T23:26:19.721199+00:00,0,32568,81
2026-09-21T23:26:19.721199+00:00,1,32546,75
2026-09-21T23:26:19.721199+00:00,2,32546,76
2026-09-21T23:26:19.721199+00:00,3,32592,73
2026-09-21T23:26:24.784020+00:00,0,32568,76
2026-09-21T23:26:24.784020+00:00,1,32546,74
2026-09-21T23:26:24.784020+00:00,2,32546,77
2026-09-21T23:26:24.784020+00:00,3,32592,79
2026-09-21T23:26:29.852178+00:00,0,32568,79
2026-09-21T23:26:29.852178+00:00,1,32546,78
2026-09-21T23:26:29.852178+00:00,2,32546,77
2026-09-21T23:26:29.852178+00:00,3,32592,75
2026-09-21T23:26:34.916712+00:00,0,32568,78
2026-09-21T23:26:34.916712+00:00,1,32546,76
2026-09-21T23:26:34.916712+00:00,2,32546,79
2026-09-21T23:26:34.916712+00:00,3,32592,78
2026-09-21T23:26:39.985102+00:00,0,32568,83
2026-09-21T23:26:39.985102+00:00,1,32546,75
2026-09-21T23:26:39.985102+00:00,2,32546,76
2026-09-21T23:26:39.985102+00:00,3,32592,76
2026-09-21T23:26:45.049350+00:00,0,32568,79
2026-09-21T23:26:45.049350+00:00,1,32546,78
2026-09-21T23:26:45.049350+00:00,2,32546,85
2026-09-21T23:26:45.049350+00:00,3,32592,79
2026-09-21T23:26:50.118602+00:00,0,32568,80
2026-09-21T23:26:50.118602+00:00,1,32546,82
2026-09-21T23:26:50.118602+00:00,2,32546,78
2026-09-21T23:26:50.118602+00:00,3,32592,78
2026-09-21T23:26:55.182418+00:00,0,32568,78
2026-09-21T23:26:55.182418+00:00,1,32546,79
2026-09-21T23:26:55.182418+00:00,2,32546,79
2026-09-21T23:26:55.182418+00:00,3,32592,81
2026-09-21T23:27:00.249604+00:00,0,32568,79
2026-09-21T23:27:00.249604+00:00,1,32546,81
2026-09-21T23:27:00.249604+00:00,2,32546,81
2026-09-21T23:27:00.249604+00:00,3,32592,79
2026-09-21T23:27:05.317355+00:00,0,32568,82
2026-09-21T23:27:05.317355+00:00,1,32546,79
2026-09-21T23:27:05.317355+00:00,2,32546,82
2026-09-21T23:27:05.317355+00:00,3,32592,82
2026-09-21T23:27:10.385235+00:00,0,32568,81
2026-09-21T23:27:10.385235+00:00,1,32546,81
2026-09-21T23:27:10.385235+00:00,2,32546,81
2026-09-21T23:27:10.385235+00:00,3,32592,85
2026-09-21T23:27:15.453952+00:00,0,32568,82
2026-09-21T23:27:15.453952+00:00,1,32546,80
2026-09-21T23:27:15.453952+00:00,2,32546,79
2026-09-21T23:27:15.453952+00:00,3,32592,82
2026-09-21T23:27:20.520918+00:00,0,32568,78
2026-09-21T23:27:20.520918+00:00,1,32546,82
2026-09-21T23:27:20.520918+00:00,2,32546,78
2026-09-21T23:27:20.520918+00:00,3,32592,80
2026-09-21T23:27:25.586168+00:00,0,32568,81
2026-09-21T23:27:25.586168+00:00,1,32546,82
2026-09-21T23:27:25.586168+00:00,2,32546,78
2026-09-21T23:27:25.586168+00:00,3,32592,82
2026-09-21T23:27:30.654322+00:00,0,32568,82
2026-09-21T23:27:30.654322+00:00,1,32546,82
2026-09-21T23:27:30.654322+00:00,2,32546,79
2026-09-21T23:27:30.654322+00:00,3,32592,80
2026-09-21T23:27:35.721250+00:00,0,32568,84
2026-09-21T23:27:35.721250+00:00,1,32546,80
2026-09-21T23:27:35.721250+00:00,2,32546,82
2026-09-21T23:27:35.721250+00:00,3,32592,78
2026-09-21T23:27:40.787079+00:00,0,32568,90
2026-09-21T23:27:40.787079+00:00,1,32546,81
2026-09-21T23:27:40.787079+00:00,2,32546,88
2026-09-21T23:27:40.787079+00:00,3,32592,86
2026-09-21T23:27:45.854873+00:00,0,32568,81
2026-09-21T23:27:45.854873+00:00,1,32546,80
2026-09-21T23:27:45.854873+00:00,2,32546,81
2026-09-21T23:27:45.854873+00:00,3,32592,82
2026-09-21T23:27:50.915482+00:00,0,32568,81
2026-09-21T23:27:50.915482+00:00,1,32546,81
2026-09-21T23:27:50.915482+00:00,2,32546,84
2026-09-21T23:27:50.915482+00:00,3,32592,83
2026-09-21T23:27:55.983956+00:00,0,32568,83
2026-09-21T23:27:55.983956+00:00,1,32546,83
2026-09-21T23:27:55.983956+00:00,2,32546,86
2026-09-21T23:27:55.983956+00:00,3,32592,86
2026-09-21T23:28:01.044387+00:00,0,32568,81
2026-09-21T23:28:01.044387+00:00,1,32546,88
2026-09-21T23:28:01.044387+00:00,2,32546,83
2026-09-21T23:28:01.044387+00:00,3,32592,86
2026-09-21T23:28:06.116365+00:00,0,32568,85
2026-09-21T23:28:06.116365+00:00,1,32546,86
2026-09-21T23:28:06.116365+00:00,2,32546,82
2026-09-21T23:28:06.116365+00:00,3,32592,84
2026-09-21T23:28:11.184411+00:00,0,32568,82
2026-09-21T23:28:11.184411+00:00,1,32546,84
2026-09-21T23:28:11.184411+00:00,2,32546,82
2026-09-21T23:28:11.184411+00:00,3,32592,81
2026-09-21T23:28:16.252000+00:00,0,32568,82
2026-09-21T23:28:16.252000+00:00,1,32546,83
2026-09-21T23:28:16.252000+00:00,2,32546,81
2026-09-21T23:28:16.252000+00:00,3,32592,83
2026-09-21T23:28:21.331426+00:00,0,32568,0
2026-09-21T23:28:21.331426+00:00,1,32546,82
2026-09-21T23:28:21.331426+00:00,2,32546,0
2026-09-21T23:28:21.331426+00:00,3,32592,79
2026-09-21T23:28:26.398861+00:00,0,1328,100
2026-09-21T23:28:26.398861+00:00,1,1306,100
2026-09-21T23:28:26.398861+00:00,2,1200,100
2026-09-21T23:28:26.398861+00:00,3,1352,100
2026-09-21T23:28:31.457039+00:00,0,11534,99
2026-09-21T23:28:31.457039+00:00,1,12694,98
2026-09-21T23:28:31.457039+00:00,2,11794,99
2026-09-21T23:28:31.457039+00:00,3,11514,99
2026-09-21T23:28:36.529961+00:00,0,12280,96
2026-09-21T23:28:36.529961+00:00,1,13160,96
2026-09-21T23:28:36.529961+00:00,2,12160,95
2026-09-21T23:28:36.529961+00:00,3,12258,99
2026-09-21T23:28:41.600018+00:00,0,5788,55
2026-09-21T23:28:41.600018+00:00,1,5888,80
2026-09-21T23:28:41.600018+00:00,2,5788,100
2026-09-21T23:28:41.600018+00:00,3,5808,95
2026-09-21T23:28:46.663170+00:00,0,25182,98
2026-09-21T23:28:46.663170+00:00,1,25342,99
2026-09-21T23:28:46.663170+00:00,2,25302,98
2026-09-21T23:28:46.663170+00:00,3,25222,98
2026-09-21T23:28:51.731744+00:00,0,25402,98
2026-09-21T23:28:51.731744+00:00,1,25984,98
2026-09-21T23:28:51.731744+00:00,2,25402,98
2026-09-21T23:28:51.731744+00:00,3,25362,98
2026-09-21T23:28:56.804601+00:00,0,27864,99
2026-09-21T23:28:56.804601+00:00,1,27486,98
2026-09-21T23:28:56.804601+00:00,2,27344,99
2026-09-21T23:28:56.804601+00:00,3,27584,99
2026-09-21T23:29:01.879106+00:00,0,28406,99
2026-09-21T23:29:01.879106+00:00,1,28346,98
2026-09-21T23:29:01.879106+00:00,2,27986,98
2026-09-21T23:29:01.879106+00:00,3,28326,98
2026-09-21T23:29:06.949778+00:00,0,28568,99
2026-09-21T23:29:06.949778+00:00,1,28470,99
2026-09-21T23:29:06.949778+00:00,2,28548,99
2026-09-21T23:29:06.949778+00:00,3,28648,99
2026-09-21T23:29:12.028610+00:00,0,28570,99
2026-09-21T23:29:12.028610+00:00,1,28470,98
2026-09-21T23:29:12.028610+00:00,2,28550,98
2026-09-21T23:29:12.028610+00:00,3,28650,98
2026-09-21T23:29:17.102911+00:00,0,28572,99
2026-09-21T23:29:17.102911+00:00,1,28472,99
2026-09-21T23:29:17.102911+00:00,2,28552,99
2026-09-21T23:29:17.102911+00:00,3,28650,99
2026-09-21T23:29:22.177882+00:00,0,28574,99
2026-09-21T23:29:22.177882+00:00,1,28474,99
2026-09-21T23:29:22.177882+00:00,2,28552,99
2026-09-21T23:29:22.177882+00:00,3,28654,99
2026-09-21T23:29:27.255236+00:00,0,5226,100
2026-09-21T23:29:27.255236+00:00,1,5226,73
2026-09-21T23:29:27.255236+00:00,2,5226,100
2026-09-21T23:29:27.255236+00:00,3,5226,89
2026-09-21T23:29:32.327797+00:00,0,9800,5
2026-09-21T23:29:32.327797+00:00,1,10004,5
2026-09-21T23:29:32.327797+00:00,2,9720,5
2026-09-21T23:29:32.327797+00:00,3,9904,6
2026-09-21T23:29:37.389891+00:00,0,11050,19
2026-09-21T23:29:37.389891+00:00,1,11050,22
2026-09-21T23:29:37.389891+00:00,2,11050,18
2026-09-21T23:29:37.389891+00:00,3,11050,23
2026-09-21T23:29:42.450009+00:00,0,2904,89
2026-09-21T23:29:42.450009+00:00,1,2904,83
2026-09-21T23:29:42.450009+00:00,2,2904,87
2026-09-21T23:29:42.450009+00:00,3,2904,86
2026-09-21T23:29:47.513526+00:00,0,32558,74
2026-09-21T23:29:47.513526+00:00,1,32554,70
2026-09-21T23:29:47.513526+00:00,2,32556,79
2026-09-21T23:29:47.513526+00:00,3,32546,74
2026-09-21T23:29:52.580210+00:00,0,32558,74
2026-09-21T23:29:52.580210+00:00,1,32554,78
2026-09-21T23:29:52.580210+00:00,2,32556,73
2026-09-21T23:29:52.580210+00:00,3,32546,74
2026-09-21T23:29:57.646668+00:00,0,32558,77
2026-09-21T23:29:57.646668+00:00,1,32554,71
2026-09-21T23:29:57.646668+00:00,2,32556,76
2026-09-21T23:29:57.646668+00:00,3,32546,75
2026-09-21T23:30:02.714375+00:00,0,32558,71
2026-09-21T23:30:02.714375+00:00,1,32554,76
2026-09-21T23:30:02.714375+00:00,2,32556,73
2026-09-21T23:30:02.714375+00:00,3,32546,73
2026-09-21T23:30:07.778052+00:00,0,32558,76
2026-09-21T23:30:07.778052+00:00,1,32554,78
2026-09-21T23:30:07.778052+00:00,2,32556,79
2026-09-21T23:30:07.778052+00:00,3,32546,80
2026-09-21T23:30:12.842298+00:00,0,32558,77
2026-09-21T23:30:12.842298+00:00,1,32554,82
2026-09-21T23:30:12.842298+00:00,2,32556,75
2026-09-21T23:30:12.842298+00:00,3,32546,77
2026-09-21T23:30:17.908463+00:00,0,32558,78
2026-09-21T23:30:17.908463+00:00,1,32554,82
2026-09-21T23:30:17.908463+00:00,2,32556,82
2026-09-21T23:30:17.908463+00:00,3,32546,78
2026-09-21T23:30:22.968808+00:00,0,32558,78
2026-09-21T23:30:22.968808+00:00,1,32554,77
2026-09-21T23:30:22.968808+00:00,2,32556,76
2026-09-21T23:30:22.968808+00:00,3,32546,80
2026-09-21T23:30:28.041656+00:00,0,32558,81
2026-09-21T23:30:28.041656+00:00,1,32554,82
2026-09-21T23:30:28.041656+00:00,2,32556,81
2026-09-21T23:30:28.041656+00:00,3,32546,78
2026-09-21T23:30:33.110971+00:00,0,32558,78
2026-09-21T23:30:33.110971+00:00,1,32554,80
2026-09-21T23:30:33.110971+00:00,2,32556,79
2026-09-21T23:30:33.110971+00:00,3,32546,85
2026-09-21T23:30:38.189147+00:00,0,32558,81
2026-09-21T23:30:38.189147+00:00,1,32554,84
2026-09-21T23:30:38.189147+00:00,2,32556,79
2026-09-21T23:30:38.189147+00:00,3,32546,79
2026-09-21T23:30:43.257720+00:00,0,32558,83
2026-09-21T23:30:43.257720+00:00,1,32554,80
2026-09-21T23:30:43.257720+00:00,2,32556,80
2026-09-21T23:30:43.257720+00:00,3,32546,84
2026-09-21T23:30:48.326607+00:00,0,32558,83
2026-09-21T23:30:48.326607+00:00,1,32554,84
2026-09-21T23:30:48.326607+00:00,2,32556,86
2026-09-21T23:30:48.326607+00:00,3,32546,82
2026-09-21T23:30:53.391341+00:00,0,32558,84
2026-09-21T23:30:53.391341+00:00,1,32554,81
2026-09-21T23:30:53.391341+00:00,2,32556,80
2026-09-21T23:30:53.391341+00:00,3,32546,79
2026-09-21T23:30:58.454178+00:00,0,32558,82
2026-09-21T23:30:58.454178+00:00,1,32554,86
2026-09-21T23:30:58.454178+00:00,2,32556,80
2026-09-21T23:30:58.454178+00:00,3,32546,80
2026-09-21T23:31:03.523112+00:00,0,32558,82
2026-09-21T23:31:03.523112+00:00,1,32554,83
2026-09-21T23:31:03.523112+00:00,2,32556,78
2026-09-21T23:31:03.523112+00:00,3,32546,81
2026-09-21T23:31:08.592505+00:00,0,32558,87
2026-09-21T23:31:08.592505+00:00,1,32554,82
2026-09-21T23:31:08.592505+00:00,2,32556,81
2026-09-21T23:31:08.592505+00:00,3,32546,82
2026-09-21T23:31:13.660770+00:00,0,32558,79
2026-09-21T23:31:13.660770+00:00,1,32554,82
2026-09-21T23:31:13.660770+00:00,2,32556,84
2026-09-21T23:31:13.660770+00:00,3,32546,80
2026-09-21T23:31:18.731407+00:00,0,32558,82
2026-09-21T23:31:18.731407+00:00,1,32554,84
2026-09-21T23:31:18.731407+00:00,2,32556,82
2026-09-21T23:31:18.731407+00:00,3,32546,82
2026-09-21T23:31:23.800478+00:00,0,32558,80
2026-09-21T23:31:23.800478+00:00,1,32554,82
2026-09-21T23:31:23.800478+00:00,2,32556,89
2026-09-21T23:31:23.800478+00:00,3,32546,84
2026-09-21T23:31:28.871360+00:00,0,32558,82
2026-09-21T23:31:28.871360+00:00,1,32554,80
2026-09-21T23:31:28.871360+00:00,2,32556,83
2026-09-21T23:31:28.871360+00:00,3,32546,84
2026-09-21T23:31:33.937190+00:00,0,32558,81
2026-09-21T23:31:33.937190+00:00,1,32554,82
2026-09-21T23:31:33.937190+00:00,2,32556,83
2026-09-21T23:31:33.937190+00:00,3,32546,82
2026-09-21T23:31:39.004924+00:00,0,32558,85
2026-09-21T23:31:39.004924+00:00,1,32554,84
2026-09-21T23:31:39.004924+00:00,2,32556,80
2026-09-21T23:31:39.004924+00:00,3,32546,87
2026-09-21T23:31:44.072875+00:00,0,32558,86
2026-09-21T23:31:44.072875+00:00,1,32554,82
2026-09-21T23:31:44.072875+00:00,2,32556,84
2026-09-21T23:31:44.072875+00:00,3,32546,84
2026-09-21T23:31:49.142817+00:00,0,32558,82
2026-09-21T23:31:49.142817+00:00,1,32554,84
2026-09-21T23:31:49.142817+00:00,2,32556,81
2026-09-21T23:31:49.142817+00:00,3,32546,84
2026-09-21T23:31:54.213276+00:00,0,32558,84
2026-09-21T23:31:54.213276+00:00,1,32554,85
2026-09-21T23:31:54.213276+00:00,2,32556,80
2026-09-21T23:31:54.213276+00:00,3,32546,0
2026-09-21T23:31:59.281162+00:00,0,1198,0
2026-09-21T23:31:59.281162+00:00,1,1200,0
2026-09-21T23:31:59.281162+00:00,2,1200,0
2026-09-21T23:31:59.281162+00:00,3,1200,2
2026-09-21T23:32:04.340717+00:00,0,11614,99
2026-09-21T23:32:04.340717+00:00,1,12734,99
2026-09-21T23:32:04.340717+00:00,2,11634,98
2026-09-21T23:32:04.340717+00:00,3,11674,98
2026-09-21T23:32:09.414789+00:00,0,11778,98
2026-09-21T23:32:09.414789+00:00,1,12858,99
2026-09-21T23:32:09.414789+00:00,2,11958,99
2026-09-21T23:32:09.414789+00:00,3,11858,99
2026-09-21T23:32:14.487308+00:00,0,6568,98
2026-09-21T23:32:14.487308+00:00,1,6808,99
2026-09-21T23:32:14.487308+00:00,2,6568,98
2026-09-21T23:32:14.487308+00:00,3,6608,98
2026-09-21T23:32:19.555410+00:00,0,25962,99
2026-09-21T23:32:19.555410+00:00,1,26102,99
2026-09-21T23:32:19.555410+00:00,2,26482,99
2026-09-21T23:32:19.555410+00:00,3,26722,99
2026-09-21T23:32:24.623416+00:00,0,25962,91
2026-09-21T23:32:24.623416+00:00,1,26102,89
2026-09-21T23:32:24.623416+00:00,2,26484,89
2026-09-21T23:32:24.623416+00:00,3,26724,98
2026-09-21T23:32:29.687062+00:00,0,25964,99
2026-09-21T23:32:29.687062+00:00,1,26104,99
2026-09-21T23:32:29.687062+00:00,2,26484,99
2026-09-21T23:32:29.687062+00:00,3,26724,99
2026-09-21T23:32:34.763643+00:00,0,28388,98
2026-09-21T23:32:34.763643+00:00,1,27528,99
2026-09-21T23:32:34.763643+00:00,2,28508,98
2026-09-21T23:32:34.763643+00:00,3,27088,98
2026-09-21T23:32:39.833528+00:00,0,28388,97
2026-09-21T23:32:39.833528+00:00,1,27808,98
2026-09-21T23:32:39.833528+00:00,2,28510,99
2026-09-21T23:32:39.833528+00:00,3,27088,98
2026-09-21T23:32:44.907174+00:00,0,28390,98
2026-09-21T23:32:44.907174+00:00,1,27810,99
2026-09-21T23:32:44.907174+00:00,2,28510,99
2026-09-21T23:32:44.907174+00:00,3,27090,99
2026-09-21T23:32:49.981108+00:00,0,28390,98
2026-09-21T23:32:49.981108+00:00,1,27812,98
2026-09-21T23:32:49.981108+00:00,2,28512,98
2026-09-21T23:32:49.981108+00:00,3,27092,98
2026-09-21T23:32:55.053427+00:00,0,28394,99
2026-09-21T23:32:55.053427+00:00,1,27814,99
2026-09-21T23:32:55.053427+00:00,2,28512,99
2026-09-21T23:32:55.053427+00:00,3,27094,99
2026-09-21T23:33:00.125743+00:00,0,9720,5
2026-09-21T23:33:00.125743+00:00,1,9740,5
2026-09-21T23:33:00.125743+00:00,2,9720,5
2026-09-21T23:33:00.125743+00:00,3,9720,5
2026-09-21T23:33:05.185225+00:00,0,10414,5
2026-09-21T23:33:05.185225+00:00,1,10558,6
2026-09-21T23:33:05.185225+00:00,2,10332,6
2026-09-21T23:33:05.185225+00:00,3,10456,7
2026-09-21T23:33:10.247483+00:00,0,11050,20
2026-09-21T23:33:10.247483+00:00,1,11050,16
2026-09-21T23:33:10.247483+00:00,2,11050,18
2026-09-21T23:33:10.247483+00:00,3,11050,18
2026-09-21T23:33:15.308597+00:00,0,4830,0
2026-09-21T23:33:15.308597+00:00,1,4832,0
2026-09-21T23:33:15.308597+00:00,2,4832,0
2026-09-21T23:33:15.308597+00:00,3,4832,0
2026-09-21T23:33:20.358063+00:00,0,32552,75
2026-09-21T23:33:20.358063+00:00,1,32554,74
2026-09-21T23:33:20.358063+00:00,2,32550,78
2026-09-21T23:33:20.358063+00:00,3,32552,75
2026-09-21T23:33:25.422748+00:00,0,32552,76
2026-09-21T23:33:25.422748+00:00,1,32554,76
2026-09-21T23:33:25.422748+00:00,2,32550,69
2026-09-21T23:33:25.422748+00:00,3,32552,76
2026-09-21T23:33:30.487912+00:00,0,32552,77
2026-09-21T23:33:30.487912+00:00,1,32554,78
2026-09-21T23:33:30.487912+00:00,2,32550,76
2026-09-21T23:33:30.487912+00:00,3,32552,80
2026-09-21T23:33:35.551735+00:00,0,32552,75
2026-09-21T23:33:35.551735+00:00,1,32554,77
2026-09-21T23:33:35.551735+00:00,2,32550,81
2026-09-21T23:33:35.551735+00:00,3,32552,79
2026-09-21T23:33:40.619237+00:00,0,32552,80
2026-09-21T23:33:40.619237+00:00,1,32554,75
2026-09-21T23:33:40.619237+00:00,2,32550,79
2026-09-21T23:33:40.619237+00:00,3,32552,80
2026-09-21T23:33:45.682733+00:00,0,32552,77
2026-09-21T23:33:45.682733+00:00,1,32554,77
2026-09-21T23:33:45.682733+00:00,2,32550,79
2026-09-21T23:33:45.682733+00:00,3,32552,76
2026-09-21T23:33:50.748216+00:00,0,32552,77
2026-09-21T23:33:50.748216+00:00,1,32554,83
2026-09-21T23:33:50.748216+00:00,2,32550,76
2026-09-21T23:33:50.748216+00:00,3,32552,78
2026-09-21T23:33:55.814613+00:00,0,32552,83
2026-09-21T23:33:55.814613+00:00,1,32554,77
2026-09-21T23:33:55.814613+00:00,2,32550,80
2026-09-21T23:33:55.814613+00:00,3,32552,79
2026-09-21T23:34:00.878559+00:00,0,32552,81
2026-09-21T23:34:00.878559+00:00,1,32554,79
2026-09-21T23:34:00.878559+00:00,2,32550,79
2026-09-21T23:34:00.878559+00:00,3,32552,82
2026-09-21T23:34:05.941022+00:00,0,32552,76
2026-09-21T23:34:05.941022+00:00,1,32554,84
2026-09-21T23:34:05.941022+00:00,2,32550,80
2026-09-21T23:34:05.941022+00:00,3,32552,81
2026-09-21T23:34:11.009711+00:00,0,32552,88
2026-09-21T23:34:11.009711+00:00,1,32554,82
2026-09-21T23:34:11.009711+00:00,2,32550,80
2026-09-21T23:34:11.009711+00:00,3,32552,74
2026-09-21T23:34:16.078969+00:00,0,32552,80
2026-09-21T23:34:16.078969+00:00,1,32554,82
2026-09-21T23:34:16.078969+00:00,2,32550,75
2026-09-21T23:34:16.078969+00:00,3,32552,80
2026-09-21T23:34:21.151210+00:00,0,32552,86
2026-09-21T23:34:21.151210+00:00,1,32554,75
2026-09-21T23:34:21.151210+00:00,2,32550,88
2026-09-21T23:34:21.151210+00:00,3,32552,82
2026-09-21T23:34:26.211538+00:00,0,32552,81
2026-09-21T23:34:26.211538+00:00,1,32554,81
2026-09-21T23:34:26.211538+00:00,2,32550,81
2026-09-21T23:34:26.211538+00:00,3,32552,81
2026-09-21T23:34:31.277396+00:00,0,32552,80
2026-09-21T23:34:31.277396+00:00,1,32554,80
2026-09-21T23:34:31.277396+00:00,2,32550,87
2026-09-21T23:34:31.277396+00:00,3,32552,81
2026-09-21T23:34:36.348592+00:00,0,32552,86
2026-09-21T23:34:36.348592+00:00,1,32554,82
2026-09-21T23:34:36.348592+00:00,2,32550,79
2026-09-21T23:34:36.348592+00:00,3,32552,78
2026-09-21T23:34:41.418165+00:00,0,32552,83
2026-09-21T23:34:41.418165+00:00,1,32554,82
2026-09-21T23:34:41.418165+00:00,2,32550,81
2026-09-21T23:34:41.418165+00:00,3,32552,82
2026-09-21T23:34:46.487182+00:00,0,32552,81
2026-09-21T23:34:46.487182+00:00,1,32554,78
2026-09-21T23:34:46.487182+00:00,2,32550,81
2026-09-21T23:34:46.487182+00:00,3,32552,84
2026-09-21T23:34:51.555966+00:00,0,32552,80
2026-09-21T23:34:51.555966+00:00,1,32554,82
2026-09-21T23:34:51.555966+00:00,2,32550,81
2026-09-21T23:34:51.555966+00:00,3,32552,81
2026-09-21T23:34:56.623597+00:00,0,32552,78
2026-09-21T23:34:56.623597+00:00,1,32554,84
2026-09-21T23:34:56.623597+00:00,2,32550,83
2026-09-21T23:34:56.623597+00:00,3,32552,80
2026-09-21T23:35:01.691670+00:00,0,32552,82
2026-09-21T23:35:01.691670+00:00,1,32554,80
2026-09-21T23:35:01.691670+00:00,2,32550,84
2026-09-21T23:35:01.691670+00:00,3,32552,81
2026-09-21T23:35:06.754800+00:00,0,32552,80
2026-09-21T23:35:06.754800+00:00,1,32554,80
2026-09-21T23:35:06.754800+00:00,2,32550,82
2026-09-21T23:35:06.754800+00:00,3,32552,80
2026-09-21T23:35:11.825489+00:00,0,32552,82
2026-09-21T23:35:11.825489+00:00,1,32554,80
2026-09-21T23:35:11.825489+00:00,2,32550,84
2026-09-21T23:35:11.825489+00:00,3,32552,83
2026-09-21T23:35:16.895626+00:00,0,32552,79
2026-09-21T23:35:16.895626+00:00,1,32554,82
2026-09-21T23:35:16.895626+00:00,2,32550,82
2026-09-21T23:35:16.895626+00:00,3,32552,84
2026-09-21T23:35:21.966293+00:00,0,32552,81
2026-09-21T23:35:21.966293+00:00,1,32554,80
2026-09-21T23:35:21.966293+00:00,2,32550,0
2026-09-21T23:35:21.966293+00:00,3,32552,83
2026-09-21T23:35:27.032092+00:00,0,32552,0
2026-09-21T23:35:27.032092+00:00,1,32554,0
2026-09-21T23:35:27.032092+00:00,2,32550,0
2026-09-21T23:35:27.032092+00:00,3,32552,85
2026-09-21T23:35:32.094005+00:00,0,32552,0
2026-09-21T23:35:32.094005+00:00,1,32554,0
2026-09-21T23:35:32.094005+00:00,2,32550,0
2026-09-21T23:35:32.094005+00:00,3,32552,84
2026-09-21T23:35:37.154022+00:00,0,11252,97
2026-09-21T23:35:37.154022+00:00,1,12252,98
2026-09-21T23:35:37.154022+00:00,2,11312,98
2026-09-21T23:35:37.154022+00:00,3,11232,98
2026-09-21T23:35:42.227064+00:00,0,12098,99
2026-09-21T23:35:42.227064+00:00,1,13018,99
2026-09-21T23:35:42.227064+00:00,2,12238,99
2026-09-21T23:35:42.227064+00:00,3,12278,99
2026-09-21T23:35:47.319115+00:00,0,3284,95
2026-09-21T23:35:47.319115+00:00,1,4224,86
2026-09-21T23:35:47.319115+00:00,2,3184,85
2026-09-21T23:35:47.319115+00:00,3,3024,100
2026-09-21T23:35:52.388723+00:00,0,25722,85
2026-09-21T23:35:52.388723+00:00,1,24842,100
2026-09-21T23:35:52.388723+00:00,2,25582,98
2026-09-21T23:35:52.388723+00:00,3,24982,99
2026-09-21T23:35:57.456809+00:00,0,25722,99
2026-09-21T23:35:57.456809+00:00,1,25442,97
2026-09-21T23:35:57.456809+00:00,2,25582,100
2026-09-21T23:35:57.456809+00:00,3,25402,98
2026-09-21T23:36:02.528050+00:00,0,25724,99
2026-09-21T23:36:02.528050+00:00,1,25524,99
2026-09-21T23:36:02.528050+00:00,2,25584,99
2026-09-21T23:36:02.528050+00:00,3,26626,99
2026-09-21T23:36:07.603366+00:00,0,27206,99
2026-09-21T23:36:07.603366+00:00,1,27046,97
2026-09-21T23:36:07.603366+00:00,2,26726,98
2026-09-21T23:36:07.603366+00:00,3,27386,98
2026-09-21T23:36:12.673443+00:00,0,28268,99
2026-09-21T23:36:12.673443+00:00,1,28148,98
2026-09-21T23:36:12.673443+00:00,2,28408,98
2026-09-21T23:36:12.673443+00:00,3,28270,99
2026-09-21T23:36:17.749393+00:00,0,28270,98
2026-09-21T23:36:17.749393+00:00,1,28150,98
2026-09-21T23:36:17.749393+00:00,2,28410,98
2026-09-21T23:36:17.749393+00:00,3,28270,97
2026-09-21T23:36:22.823176+00:00,0,28272,99
2026-09-21T23:36:22.823176+00:00,1,28150,99
2026-09-21T23:36:22.823176+00:00,2,28412,99
2026-09-21T23:36:22.823176+00:00,3,28272,98
2026-09-21T23:36:27.900746+00:00,0,28272,99
2026-09-21T23:36:27.900746+00:00,1,28152,99
2026-09-21T23:36:27.900746+00:00,2,28412,98
2026-09-21T23:36:27.900746+00:00,3,28272,99
2026-09-21T23:36:32.975663+00:00,0,5046,84
2026-09-21T23:36:32.975663+00:00,1,5046,73
2026-09-21T23:36:32.975663+00:00,2,5046,100
2026-09-21T23:36:32.975663+00:00,3,5046,100
2026-09-21T23:36:38.033656+00:00,0,9822,5
2026-09-21T23:36:38.033656+00:00,1,10006,6
2026-09-21T23:36:38.033656+00:00,2,9720,5
2026-09-21T23:36:38.033656+00:00,3,10004,8
2026-09-21T23:36:43.094039+00:00,0,11050,29
2026-09-21T23:36:43.094039+00:00,1,11050,32
2026-09-21T23:36:43.094039+00:00,2,11050,18
2026-09-21T23:36:43.094039+00:00,3,11050,20
2026-09-21T23:36:48.155938+00:00,0,4830,86
2026-09-21T23:36:48.155938+00:00,1,4832,97
2026-09-21T23:36:48.155938+00:00,2,4832,25
2026-09-21T23:36:48.155938+00:00,3,4832,83
2026-09-21T23:36:53.206379+00:00,0,32542,72
2026-09-21T23:36:53.206379+00:00,1,32564,72
2026-09-21T23:36:53.206379+00:00,2,32592,73
2026-09-21T23:36:53.206379+00:00,3,32564,73
2026-09-21T23:36:58.271902+00:00,0,32542,75
2026-09-21T23:36:58.271902+00:00,1,32564,75
2026-09-21T23:36:58.271902+00:00,2,32592,76
2026-09-21T23:36:58.271902+00:00,3,32564,76
2026-09-21T23:37:03.334453+00:00,0,32542,73
2026-09-21T23:37:03.334453+00:00,1,32564,77
2026-09-21T23:37:03.334453+00:00,2,32592,73
2026-09-21T23:37:03.334453+00:00,3,32564,79
2026-09-21T23:37:08.394742+00:00,0,32542,78
2026-09-21T23:37:08.394742+00:00,1,32564,79
2026-09-21T23:37:08.394742+00:00,2,32592,74
2026-09-21T23:37:08.394742+00:00,3,32564,79
2026-09-21T23:37:13.453744+00:00,0,32542,77
2026-09-21T23:37:13.453744+00:00,1,32564,77
2026-09-21T23:37:13.453744+00:00,2,32592,80
2026-09-21T23:37:13.453744+00:00,3,32564,76
2026-09-21T23:37:18.521418+00:00,0,32542,81
2026-09-21T23:37:18.521418+00:00,1,32564,77
2026-09-21T23:37:18.521418+00:00,2,32592,78
2026-09-21T23:37:18.521418+00:00,3,32564,79
2026-09-21T23:37:23.593855+00:00,0,32542,78
2026-09-21T23:37:23.593855+00:00,1,32564,82
2026-09-21T23:37:23.593855+00:00,2,32592,78
2026-09-21T23:37:23.593855+00:00,3,32564,80
2026-09-21T23:37:28.652361+00:00,0,32542,77
2026-09-21T23:37:28.652361+00:00,1,32564,81
2026-09-21T23:37:28.652361+00:00,2,32592,77
2026-09-21T23:37:28.652361+00:00,3,32564,78
2026-09-21T23:37:33.714634+00:00,0,32542,79
2026-09-21T23:37:33.714634+00:00,1,32564,80
2026-09-21T23:37:33.714634+00:00,2,32592,80
2026-09-21T23:37:33.714634+00:00,3,32564,80
2026-09-21T23:37:38.783660+00:00,0,32542,79
2026-09-21T23:37:38.783660+00:00,1,32564,80
2026-09-21T23:37:38.783660+00:00,2,32592,80
2026-09-21T23:37:38.783660+00:00,3,32564,83
2026-09-21T23:37:43.853733+00:00,0,32542,79
2026-09-21T23:37:43.853733+00:00,1,32564,81
2026-09-21T23:37:43.853733+00:00,2,32592,82
2026-09-21T23:37:43.853733+00:00,3,32564,81
2026-09-21T23:37:48.919871+00:00,0,32542,81
2026-09-21T23:37:48.919871+00:00,1,32564,80
2026-09-21T23:37:48.919871+00:00,2,32592,81
2026-09-21T23:37:48.919871+00:00,3,32564,84
2026-09-21T23:37:53.990741+00:00,0,32542,86
2026-09-21T23:37:53.990741+00:00,1,32564,80
2026-09-21T23:37:53.990741+00:00,2,32592,79
2026-09-21T23:37:53.990741+00:00,3,32564,78
2026-09-21T23:37:59.057853+00:00,0,32542,80
2026-09-21T23:37:59.057853+00:00,1,32564,82
2026-09-21T23:37:59.057853+00:00,2,32592,80
2026-09-21T23:37:59.057853+00:00,3,32564,81
2026-09-21T23:38:04.124819+00:00,0,32542,83
2026-09-21T23:38:04.124819+00:00,1,32564,85
2026-09-21T23:38:04.124819+00:00,2,32592,82
2026-09-21T23:38:04.124819+00:00,3,32564,84
2026-09-21T23:38:09.189686+00:00,0,32542,84
2026-09-21T23:38:09.189686+00:00,1,32564,85
2026-09-21T23:38:09.189686+00:00,2,32592,83
2026-09-21T23:38:09.189686+00:00,3,32564,82
2026-09-21T23:38:14.255113+00:00,0,32542,83
2026-09-21T23:38:14.255113+00:00,1,32564,85
2026-09-21T23:38:14.255113+00:00,2,32592,89
2026-09-21T23:38:14.255113+00:00,3,32564,80
2026-09-21T23:38:19.326653+00:00,0,32542,83
2026-09-21T23:38:19.326653+00:00,1,32564,85
2026-09-21T23:38:19.326653+00:00,2,32592,79
2026-09-21T23:38:19.326653+00:00,3,32564,77
2026-09-21T23:38:24.398828+00:00,0,32542,79
2026-09-21T23:38:24.398828+00:00,1,32564,84
2026-09-21T23:38:24.398828+00:00,2,32592,80
2026-09-21T23:38:24.398828+00:00,3,32564,84
2026-09-21T23:38:29.469533+00:00,0,32542,82
2026-09-21T23:38:29.469533+00:00,1,32564,85
2026-09-21T23:38:29.469533+00:00,2,32592,82
2026-09-21T23:38:29.469533+00:00,3,32564,85
2026-09-21T23:38:34.541083+00:00,0,32542,82
2026-09-21T23:38:34.541083+00:00,1,32564,83
2026-09-21T23:38:34.541083+00:00,2,32592,83
2026-09-21T23:38:34.541083+00:00,3,32564,81
2026-09-21T23:38:39.613969+00:00,0,32542,84
2026-09-21T23:38:39.613969+00:00,1,32564,82
2026-09-21T23:38:39.613969+00:00,2,32592,84
2026-09-21T23:38:39.613969+00:00,3,32564,88
2026-09-21T23:38:44.682067+00:00,0,32542,84
2026-09-21T23:38:44.682067+00:00,1,32564,83
2026-09-21T23:38:44.682067+00:00,2,32592,84
2026-09-21T23:38:44.682067+00:00,3,32564,85
2026-09-21T23:38:49.750458+00:00,0,32542,82
2026-09-21T23:38:49.750458+00:00,1,32564,80
2026-09-21T23:38:49.750458+00:00,2,32592,86
2026-09-21T23:38:49.750458+00:00,3,32564,83
2026-09-21T23:38:54.817751+00:00,0,32542,85
2026-09-21T23:38:54.817751+00:00,1,32564,83
2026-09-21T23:38:54.817751+00:00,2,32592,82
2026-09-21T23:38:54.817751+00:00,3,32564,85
2026-09-21T23:38:59.887593+00:00,0,32542,88
2026-09-21T23:38:59.887593+00:00,1,32564,78
2026-09-21T23:38:59.887593+00:00,2,32592,81
2026-09-21T23:38:59.887593+00:00,3,32564,83
2026-09-21T23:39:04.955683+00:00,0,8210,99
2026-09-21T23:39:04.955683+00:00,1,11330,99
2026-09-21T23:39:04.955683+00:00,2,11370,99
2026-09-21T23:39:04.955683+00:00,3,11330,99
2026-09-21T23:39:10.051937+00:00,0,11736,99
2026-09-21T23:39:10.051937+00:00,1,12696,99
2026-09-21T23:39:10.051937+00:00,2,11736,99
2026-09-21T23:39:10.051937+00:00,3,11736,99
2026-09-21T23:39:15.126611+00:00,0,12122,99
2026-09-21T23:39:15.126611+00:00,1,13162,95
2026-09-21T23:39:15.126611+00:00,2,12122,98
2026-09-21T23:39:15.126611+00:00,3,12202,99
2026-09-21T23:39:20.198499+00:00,0,24340,99
2026-09-21T23:39:20.198499+00:00,1,24800,98
2026-09-21T23:39:20.198499+00:00,2,25842,99
2026-09-21T23:39:20.198499+00:00,3,24740,99
2026-09-21T23:39:25.264303+00:00,0,25862,99
2026-09-21T23:39:25.264303+00:00,1,26002,98
2026-09-21T23:39:25.264303+00:00,2,25844,99
2026-09-21T23:39:25.264303+00:00,3,25442,99
2026-09-21T23:39:30.331307+00:00,0,25864,98
2026-09-21T23:39:30.331307+00:00,1,26004,99
2026-09-21T23:39:30.331307+00:00,2,25844,98
2026-09-21T23:39:30.331307+00:00,3,25444,98
2026-09-21T23:39:35.405413+00:00,0,27446,99
2026-09-21T23:39:35.405413+00:00,1,28146,98
2026-09-21T23:39:35.405413+00:00,2,27526,99
2026-09-21T23:39:35.405413+00:00,3,28086,99
2026-09-21T23:39:40.473211+00:00,0,28188,98
2026-09-21T23:39:40.473211+00:00,1,28168,98
2026-09-21T23:39:40.473211+00:00,2,28288,98
2026-09-21T23:39:40.473211+00:00,3,28128,98
2026-09-21T23:39:45.548096+00:00,0,28190,98
2026-09-21T23:39:45.548096+00:00,1,28168,98
2026-09-21T23:39:45.548096+00:00,2,28290,99
2026-09-21T23:39:45.548096+00:00,3,28150,98
2026-09-21T23:39:50.613512+00:00,0,28190,98
2026-09-21T23:39:50.613512+00:00,1,28170,98
2026-09-21T23:39:50.613512+00:00,2,28290,97
2026-09-21T23:39:50.613512+00:00,3,28150,98
2026-09-21T23:39:55.696479+00:00,0,28192,99
2026-09-21T23:39:55.696479+00:00,1,28172,99
2026-09-21T23:39:55.696479+00:00,2,28292,98
2026-09-21T23:39:55.696479+00:00,3,28152,99
2026-09-21T23:40:00.768838+00:00,0,5046,100
2026-09-21T23:40:00.768838+00:00,1,5046,100
2026-09-21T23:40:00.768838+00:00,2,5046,91
2026-09-21T23:40:00.768838+00:00,3,5046,88
2026-09-21T23:40:05.833687+00:00,0,9720,7
2026-09-21T23:40:05.833687+00:00,1,9740,6
2026-09-21T23:40:05.833687+00:00,2,9720,6
2026-09-21T23:40:05.833687+00:00,3,9720,6
2026-09-21T23:40:10.895604+00:00,0,10846,6
2026-09-21T23:40:10.895604+00:00,1,11050,100
2026-09-21T23:40:10.895604+00:00,2,11050,8
2026-09-21T23:40:10.895604+00:00,3,11050,6
2026-09-21T23:40:15.947971+00:00,0,11050,17
2026-09-21T23:40:15.947971+00:00,1,11050,26
2026-09-21T23:40:15.947971+00:00,2,11050,18
2026-09-21T23:40:15.947971+00:00,3,11050,22
2026-09-21T23:40:21.008389+00:00,0,4830,2
2026-09-21T23:40:21.008389+00:00,1,4832,0
2026-09-21T23:40:21.008389+00:00,2,4832,3
2026-09-21T23:40:21.008389+00:00,3,4832,0
2026-09-21T23:40:26.058851+00:00,0,32566,73
2026-09-21T23:40:26.058851+00:00,1,32552,72
2026-09-21T23:40:26.058851+00:00,2,32548,75
2026-09-21T23:40:26.058851+00:00,3,32614,73
2026-09-21T23:40:31.125147+00:00,0,32566,75
2026-09-21T23:40:31.125147+00:00,1,32552,77
2026-09-21T23:40:31.125147+00:00,2,32548,73
2026-09-21T23:40:31.125147+00:00,3,32614,72
2026-09-21T23:40:36.195277+00:00,0,32566,76
2026-09-21T23:40:36.195277+00:00,1,32552,75
2026-09-21T23:40:36.195277+00:00,2,32548,76
2026-09-21T23:40:36.195277+00:00,3,32614,75
2026-09-21T23:40:41.260074+00:00,0,32566,79
2026-09-21T23:40:41.260074+00:00,1,32552,79
2026-09-21T23:40:41.260074+00:00,2,32548,77
2026-09-21T23:40:41.260074+00:00,3,32614,77
2026-09-21T23:40:46.322166+00:00,0,32566,77
2026-09-21T23:40:46.322166+00:00,1,32552,77
2026-09-21T23:40:46.322166+00:00,2,32548,78
2026-09-21T23:40:46.322166+00:00,3,32614,78
2026-09-21T23:40:51.389168+00:00,0,32566,78
2026-09-21T23:40:51.389168+00:00,1,32552,79
2026-09-21T23:40:51.389168+00:00,2,32548,83
2026-09-21T23:40:51.389168+00:00,3,32614,83
2026-09-21T23:40:56.458089+00:00,0,32566,77
2026-09-21T23:40:56.458089+00:00,1,32552,77
2026-09-21T23:40:56.458089+00:00,2,32548,77
2026-09-21T23:40:56.458089+00:00,3,32614,78
2026-09-21T23:41:01.528259+00:00,0,32566,80
2026-09-21T23:41:01.528259+00:00,1,32552,78
2026-09-21T23:41:01.528259+00:00,2,32548,80
2026-09-21T23:41:01.528259+00:00,3,32614,79
2026-09-21T23:41:06.592612+00:00,0,32566,82
2026-09-21T23:41:06.592612+00:00,1,32552,78
2026-09-21T23:41:06.592612+00:00,2,32548,79
2026-09-21T23:41:06.592612+00:00,3,32614,84
2026-09-21T23:41:11.662788+00:00,0,32566,79
2026-09-21T23:41:11.662788+00:00,1,32552,80
2026-09-21T23:41:11.662788+00:00,2,32548,79
2026-09-21T23:41:11.662788+00:00,3,32614,80
2026-09-21T23:41:16.720197+00:00,0,32566,78
2026-09-21T23:41:16.720197+00:00,1,32552,82
2026-09-21T23:41:16.720197+00:00,2,32548,82
2026-09-21T23:41:16.720197+00:00,3,32614,81
2026-09-21T23:41:21.787696+00:00,0,32566,78
2026-09-21T23:41:21.787696+00:00,1,32552,83
2026-09-21T23:41:21.787696+00:00,2,32548,80
2026-09-21T23:41:21.787696+00:00,3,32614,82
2026-09-21T23:41:26.854572+00:00,0,32566,80
2026-09-21T23:41:26.854572+00:00,1,32552,80
2026-09-21T23:41:26.854572+00:00,2,32548,80
2026-09-21T23:41:26.854572+00:00,3,32614,82
2026-09-21T23:41:31.924641+00:00,0,32566,85
2026-09-21T23:41:31.924641+00:00,1,32552,79
2026-09-21T23:41:31.924641+00:00,2,32548,79
2026-09-21T23:41:31.924641+00:00,3,32614,82
2026-09-21T23:41:36.991940+00:00,0,32566,81
2026-09-21T23:41:36.991940+00:00,1,32552,82
2026-09-21T23:41:36.991940+00:00,2,32548,83
2026-09-21T23:41:36.991940+00:00,3,32614,85
2026-09-21T23:41:42.060730+00:00,0,32566,83
2026-09-21T23:41:42.060730+00:00,1,32552,84
2026-09-21T23:41:42.060730+00:00,2,32548,81
2026-09-21T23:41:42.060730+00:00,3,32614,85
2026-09-21T23:41:47.129864+00:00,0,32566,84
2026-09-21T23:41:47.129864+00:00,1,32552,81
2026-09-21T23:41:47.129864+00:00,2,32548,84
2026-09-21T23:41:47.129864+00:00,3,32614,82
2026-09-21T23:41:52.198092+00:00,0,32566,83
2026-09-21T23:41:52.198092+00:00,1,32552,87
2026-09-21T23:41:52.198092+00:00,2,32548,86
2026-09-21T23:41:52.198092+00:00,3,32614,84
2026-09-21T23:41:57.267613+00:00,0,32566,85
2026-09-21T23:41:57.267613+00:00,1,32552,87
2026-09-21T23:41:57.267613+00:00,2,32548,84
2026-09-21T23:41:57.267613+00:00,3,32614,84
2026-09-21T23:42:02.329797+00:00,0,32566,84
2026-09-21T23:42:02.329797+00:00,1,32552,85
2026-09-21T23:42:02.329797+00:00,2,32548,83
2026-09-21T23:42:02.329797+00:00,3,32614,86
2026-09-21T23:42:07.391395+00:00,0,32566,87
2026-09-21T23:42:07.391395+00:00,1,32552,81
2026-09-21T23:42:07.391395+00:00,2,32548,83
2026-09-21T23:42:07.391395+00:00,3,32614,86
2026-09-21T23:42:12.460522+00:00,0,32566,85
2026-09-21T23:42:12.460522+00:00,1,32552,82
2026-09-21T23:42:12.460522+00:00,2,32548,84
2026-09-21T23:42:12.460522+00:00,3,32614,81
2026-09-21T23:42:17.528782+00:00,0,32566,82
2026-09-21T23:42:17.528782+00:00,1,32552,84
2026-09-21T23:42:17.528782+00:00,2,32548,85
2026-09-21T23:42:17.528782+00:00,3,32614,81
2026-09-21T23:42:22.597987+00:00,0,32566,83
2026-09-21T23:42:22.597987+00:00,1,32552,81
2026-09-21T23:42:22.597987+00:00,2,32548,79
2026-09-21T23:42:22.597987+00:00,3,32614,84
2026-09-21T23:42:27.662898+00:00,0,32566,0
2026-09-21T23:42:27.662898+00:00,1,32552,0
2026-09-21T23:42:27.662898+00:00,2,32548,0
2026-09-21T23:42:27.662898+00:00,3,32614,81
2026-09-21T23:42:32.722377+00:00,0,12092,99
2026-09-21T23:42:32.722377+00:00,1,13112,98
2026-09-21T23:42:32.722377+00:00,2,12012,87
2026-09-21T23:42:32.722377+00:00,3,12032,99
2026-09-21T23:42:37.793903+00:00,0,12098,98
2026-09-21T23:42:37.793903+00:00,1,13116,99
2026-09-21T23:42:37.793903+00:00,2,12178,99
2026-09-21T23:42:37.793903+00:00,3,12158,98
2026-09-21T23:42:42.864550+00:00,0,10784,93
2026-09-21T23:42:42.864550+00:00,1,12004,94
2026-09-21T23:42:42.864550+00:00,2,10964,100
2026-09-21T23:42:42.864550+00:00,3,10684,99
2026-09-21T23:42:47.932539+00:00,0,26742,99
2026-09-21T23:42:47.932539+00:00,1,26382,98
2026-09-21T23:42:47.932539+00:00,2,26402,98
2026-09-21T23:42:47.932539+00:00,3,26482,98
2026-09-21T23:42:53.004288+00:00,0,26764,99
2026-09-21T23:42:53.004288+00:00,1,26924,99
2026-09-21T23:42:53.004288+00:00,2,26402,99
2026-09-21T23:42:53.004288+00:00,3,26484,98
2026-09-21T23:42:58.071981+00:00,0,26766,99
2026-09-21T23:42:58.071981+00:00,1,26926,99
2026-09-21T23:42:58.071981+00:00,2,26806,99
2026-09-21T23:42:58.071981+00:00,3,26484,99
2026-09-21T23:43:03.179147+00:00,0,26768,97
2026-09-21T23:43:03.179147+00:00,1,26926,99
2026-09-21T23:43:03.179147+00:00,2,27208,100
2026-09-21T23:43:03.179147+00:00,3,27006,98
2026-09-21T23:43:08.261996+00:00,0,26770,99
2026-09-21T23:43:08.261996+00:00,1,26928,99
2026-09-21T23:43:08.261996+00:00,2,27208,99
2026-09-21T23:43:08.261996+00:00,3,27150,99
2026-09-21T23:43:13.330390+00:00,0,26770,99
2026-09-21T23:43:13.330390+00:00,1,26930,98
2026-09-21T23:43:13.330390+00:00,2,27210,98
2026-09-21T23:43:13.330390+00:00,3,27150,98
2026-09-21T23:43:18.405836+00:00,0,26772,99
2026-09-21T23:43:18.405836+00:00,1,26932,99
2026-09-21T23:43:18.405836+00:00,2,27212,99
2026-09-21T23:43:18.405836+00:00,3,27152,98
2026-09-21T23:43:23.472214+00:00,0,1216,0
2026-09-21T23:43:23.472214+00:00,1,1218,0
2026-09-21T23:43:23.472214+00:00,2,1218,0
2026-09-21T23:43:23.472214+00:00,3,1218,0
2026-09-21T23:43:28.531428+00:00,0,9720,5
2026-09-21T23:43:28.531428+00:00,1,9740,6
2026-09-21T23:43:28.531428+00:00,2,9720,6
2026-09-21T23:43:28.531428+00:00,3,9720,6
2026-09-21T23:43:33.590609+00:00,0,10928,7
2026-09-21T23:43:33.590609+00:00,1,11050,8
2026-09-21T23:43:33.590609+00:00,2,10866,7
2026-09-21T23:43:33.590609+00:00,3,10968,6
2026-09-21T23:43:38.654987+00:00,0,11050,24
2026-09-21T23:43:38.654987+00:00,1,11050,33
2026-09-21T23:43:38.654987+00:00,2,11050,11
2026-09-21T23:43:38.654987+00:00,3,11050,28
2026-09-21T23:43:43.716485+00:00,0,4830,0
2026-09-21T23:43:43.716485+00:00,1,32440,0
2026-09-21T23:43:43.716485+00:00,2,4832,0
2026-09-21T23:43:43.716485+00:00,3,32440,0
2026-09-21T23:43:48.765881+00:00,0,32580,74
2026-09-21T23:43:48.765881+00:00,1,32562,73
2026-09-21T23:43:48.765881+00:00,2,32584,79
2026-09-21T23:43:48.765881+00:00,3,32562,81
2026-09-21T23:43:53.830341+00:00,0,32580,78
2026-09-21T23:43:53.830341+00:00,1,32562,78
2026-09-21T23:43:53.830341+00:00,2,32584,74
2026-09-21T23:43:53.830341+00:00,3,32562,75
2026-09-21T23:43:58.896104+00:00,0,32580,80
2026-09-21T23:43:58.896104+00:00,1,32562,77
2026-09-21T23:43:58.896104+00:00,2,32584,79
2026-09-21T23:43:58.896104+00:00,3,32562,75
2026-09-21T23:44:03.952678+00:00,0,32580,78
2026-09-21T23:44:03.952678+00:00,1,32562,77
2026-09-21T23:44:03.952678+00:00,2,32584,80
2026-09-21T23:44:03.952678+00:00,3,32562,76
2026-09-21T23:44:09.020624+00:00,0,32580,82
2026-09-21T23:44:09.020624+00:00,1,32562,75
2026-09-21T23:44:09.020624+00:00,2,32584,76
2026-09-21T23:44:09.020624+00:00,3,32562,77
2026-09-21T23:44:14.089561+00:00,0,32580,82
2026-09-21T23:44:14.089561+00:00,1,32562,80
2026-09-21T23:44:14.089561+00:00,2,32584,79
2026-09-21T23:44:14.089561+00:00,3,32562,81
2026-09-21T23:44:19.158277+00:00,0,32580,78
2026-09-21T23:44:19.158277+00:00,1,32562,81
2026-09-21T23:44:19.158277+00:00,2,32584,86
2026-09-21T23:44:19.158277+00:00,3,32562,76
2026-09-21T23:44:24.222574+00:00,0,32580,78
2026-09-21T23:44:24.222574+00:00,1,32562,86
2026-09-21T23:44:24.222574+00:00,2,32584,79
2026-09-21T23:44:24.222574+00:00,3,32562,79
2026-09-21T23:44:29.288617+00:00,0,32580,83
2026-09-21T23:44:29.288617+00:00,1,32562,80
2026-09-21T23:44:29.288617+00:00,2,32584,81
2026-09-21T23:44:29.288617+00:00,3,32562,78
2026-09-21T23:44:34.357806+00:00,0,32580,82
2026-09-21T23:44:34.357806+00:00,1,32562,77
2026-09-21T23:44:34.357806+00:00,2,32584,81
2026-09-21T23:44:34.357806+00:00,3,32562,79
2026-09-21T23:44:39.428285+00:00,0,32580,81
2026-09-21T23:44:39.428285+00:00,1,32562,75
2026-09-21T23:44:39.428285+00:00,2,32584,78
2026-09-21T23:44:39.428285+00:00,3,32562,79
2026-09-21T23:44:44.507294+00:00,0,32580,80
2026-09-21T23:44:44.507294+00:00,1,32562,80
2026-09-21T23:44:44.507294+00:00,2,32584,81
2026-09-21T23:44:44.507294+00:00,3,32562,81
2026-09-21T23:44:49.574041+00:00,0,32580,82
2026-09-21T23:44:49.574041+00:00,1,32562,83
2026-09-21T23:44:49.574041+00:00,2,32584,81
2026-09-21T23:44:49.574041+00:00,3,32562,84
2026-09-21T23:44:54.645518+00:00,0,32580,82
2026-09-21T23:44:54.645518+00:00,1,32562,81
2026-09-21T23:44:54.645518+00:00,2,32584,81
2026-09-21T23:44:54.645518+00:00,3,32562,85
2026-09-21T23:44:59.708971+00:00,0,32580,82
2026-09-21T23:44:59.708971+00:00,1,32562,85
2026-09-21T23:44:59.708971+00:00,2,32584,81
2026-09-21T23:44:59.708971+00:00,3,32562,80
2026-09-21T23:45:04.781581+00:00,0,32580,84
2026-09-21T23:45:04.781581+00:00,1,32562,82
2026-09-21T23:45:04.781581+00:00,2,32584,88
2026-09-21T23:45:04.781581+00:00,3,32562,82
2026-09-21T23:45:09.851363+00:00,0,32580,81
2026-09-21T23:45:09.851363+00:00,1,32562,79
2026-09-21T23:45:09.851363+00:00,2,32584,83
2026-09-21T23:45:09.851363+00:00,3,32562,84
2026-09-21T23:45:14.919432+00:00,0,32580,83
2026-09-21T23:45:14.919432+00:00,1,32562,81
2026-09-21T23:45:14.919432+00:00,2,32584,85
2026-09-21T23:45:14.919432+00:00,3,32562,85
2026-09-21T23:45:19.980779+00:00,0,32580,79
2026-09-21T23:45:19.980779+00:00,1,32562,82
2026-09-21T23:45:19.980779+00:00,2,32584,82
2026-09-21T23:45:19.980779+00:00,3,32562,80
2026-09-21T23:45:25.052983+00:00,0,32580,79
2026-09-21T23:45:25.052983+00:00,1,32562,83
2026-09-21T23:45:25.052983+00:00,2,32584,83
2026-09-21T23:45:25.052983+00:00,3,32562,87
2026-09-21T23:45:30.123480+00:00,0,32580,81
2026-09-21T23:45:30.123480+00:00,1,32562,81
2026-09-21T23:45:30.123480+00:00,2,32584,81
2026-09-21T23:45:30.123480+00:00,3,32562,81
2026-09-21T23:45:35.205140+00:00,0,32580,84
2026-09-21T23:45:35.205140+00:00,1,32562,82
2026-09-21T23:45:35.205140+00:00,2,32584,85
2026-09-21T23:45:35.205140+00:00,3,32562,83
2026-09-21T23:45:40.275289+00:00,0,32580,83
2026-09-21T23:45:40.275289+00:00,1,32562,84
2026-09-21T23:45:40.275289+00:00,2,32584,84
2026-09-21T23:45:40.275289+00:00,3,32562,83
2026-09-21T23:45:45.347829+00:00,0,32580,83
2026-09-21T23:45:45.347829+00:00,1,32562,84
2026-09-21T23:45:45.347829+00:00,2,32584,82
2026-09-21T23:45:45.347829+00:00,3,32562,84
2026-09-21T23:45:50.415968+00:00,0,32580,0
2026-09-21T23:45:50.415968+00:00,1,32562,15
2026-09-21T23:45:50.415968+00:00,2,32584,85
2026-09-21T23:45:50.415968+00:00,3,32562,84
2026-09-21T23:45:55.482305+00:00,0,1198,0
2026-09-21T23:45:55.482305+00:00,1,1200,0
2026-09-21T23:45:55.482305+00:00,2,1200,0
2026-09-21T23:45:55.482305+00:00,3,1200,0
2026-09-21T23:46:00.540383+00:00,0,12354,99
2026-09-21T23:46:00.540383+00:00,1,13434,99
2026-09-21T23:46:00.540383+00:00,2,12314,99
2026-09-21T23:46:00.540383+00:00,3,12394,99
2026-09-21T23:46:05.610134+00:00,0,12540,99
2026-09-21T23:46:05.610134+00:00,1,13660,98
2026-09-21T23:46:05.610134+00:00,2,12640,99
2026-09-21T23:46:05.610134+00:00,3,12640,99
2026-09-21T23:46:10.676758+00:00,0,25272,74
2026-09-21T23:46:10.676758+00:00,1,25312,99
2026-09-21T23:46:10.676758+00:00,2,25252,91
2026-09-21T23:46:10.676758+00:00,3,25252,99
2026-09-21T23:46:15.740377+00:00,0,25482,99
2026-09-21T23:46:15.740377+00:00,1,25502,98
2026-09-21T23:46:15.740377+00:00,2,25462,97
2026-09-21T23:46:15.740377+00:00,3,25462,98
2026-09-21T23:46:20.811786+00:00,0,28004,99
2026-09-21T23:46:20.811786+00:00,1,28024,98
2026-09-21T23:46:20.811786+00:00,2,27864,98
2026-09-21T23:46:20.811786+00:00,3,27924,99
2026-09-21T23:46:25.881284+00:00,0,28006,98
2026-09-21T23:46:25.881284+00:00,1,28266,97
2026-09-21T23:46:25.881284+00:00,2,28026,97
2026-09-21T23:46:25.881284+00:00,3,27926,98
2026-09-21T23:46:30.952731+00:00,0,28788,98
2026-09-21T23:46:30.952731+00:00,1,29088,99
2026-09-21T23:46:30.952731+00:00,2,29168,99
2026-09-21T23:46:30.952731+00:00,3,29108,98
2026-09-21T23:46:36.026305+00:00,0,28790,99
2026-09-21T23:46:36.026305+00:00,1,29090,99
2026-09-21T23:46:36.026305+00:00,2,29170,98
2026-09-21T23:46:36.026305+00:00,3,29110,99
2026-09-21T23:46:41.104196+00:00,0,28792,99
2026-09-21T23:46:41.104196+00:00,1,29092,99
2026-09-21T23:46:41.104196+00:00,2,29172,99
2026-09-21T23:46:41.104196+00:00,3,29112,99
2026-09-21T23:46:46.171355+00:00,0,28792,100
2026-09-21T23:46:46.171355+00:00,1,29092,98
2026-09-21T23:46:46.171355+00:00,2,29172,98
2026-09-21T23:46:46.171355+00:00,3,29112,97
2026-09-21T23:46:51.239430+00:00,0,6658,74
2026-09-21T23:46:51.239430+00:00,1,6718,76
2026-09-21T23:46:51.239430+00:00,2,6838,69
2026-09-21T23:46:51.239430+00:00,3,6838,77
2026-09-21T23:46:56.302978+00:00,0,9720,6
2026-09-21T23:46:56.302978+00:00,1,9740,6
2026-09-21T23:46:56.302978+00:00,2,9720,7
2026-09-21T23:46:56.302978+00:00,3,9720,5
2026-09-21T23:47:01.363265+00:00,0,11050,22
2026-09-21T23:47:01.363265+00:00,1,11050,18
2026-09-21T23:47:01.363265+00:00,2,11050,30
2026-09-21T23:47:01.363265+00:00,3,11050,15
2026-09-21T23:47:06.422216+00:00,0,15514,25
2026-09-21T23:47:06.422216+00:00,1,16516,26
2026-09-21T23:47:06.422216+00:00,2,16096,31
2026-09-21T23:47:06.422216+00:00,3,16516,26
2026-09-21T23:47:11.484489+00:00,0,32548,71
2026-09-21T23:47:11.484489+00:00,1,32588,73
2026-09-21T23:47:11.484489+00:00,2,32574,80
2026-09-21T23:47:11.484489+00:00,3,32572,74
2026-09-21T23:47:16.548898+00:00,0,32548,77
2026-09-21T23:47:16.548898+00:00,1,32588,79
2026-09-21T23:47:16.548898+00:00,2,32574,74
2026-09-21T23:47:16.548898+00:00,3,32572,77
2026-09-21T23:47:21.614012+00:00,0,32548,79
2026-09-21T23:47:21.614012+00:00,1,32588,75
2026-09-21T23:47:21.614012+00:00,2,32574,73
2026-09-21T23:47:21.614012+00:00,3,32572,78
2026-09-21T23:47:26.682169+00:00,0,32548,77
2026-09-21T23:47:26.682169+00:00,1,32588,77
2026-09-21T23:47:26.682169+00:00,2,32574,77
2026-09-21T23:47:26.682169+00:00,3,32572,74
2026-09-21T23:47:31.746850+00:00,0,32548,79
2026-09-21T23:47:31.746850+00:00,1,32588,77
2026-09-21T23:47:31.746850+00:00,2,32574,77
2026-09-21T23:47:31.746850+00:00,3,32572,77
2026-09-21T23:47:36.814677+00:00,0,32548,78
2026-09-21T23:47:36.814677+00:00,1,32588,79
2026-09-21T23:47:36.814677+00:00,2,32574,81
2026-09-21T23:47:36.814677+00:00,3,32572,77
2026-09-21T23:47:41.884578+00:00,0,32548,79
2026-09-21T23:47:41.884578+00:00,1,32588,74
2026-09-21T23:47:41.884578+00:00,2,32574,73
2026-09-21T23:47:41.884578+00:00,3,32572,82
2026-09-21T23:47:46.951438+00:00,0,32548,81
2026-09-21T23:47:46.951438+00:00,1,32588,77
2026-09-21T23:47:46.951438+00:00,2,32574,79
2026-09-21T23:47:46.951438+00:00,3,32572,76
2026-09-21T23:47:52.019746+00:00,0,32548,83
2026-09-21T23:47:52.019746+00:00,1,32588,80
2026-09-21T23:47:52.019746+00:00,2,32574,78
2026-09-21T23:47:52.019746+00:00,3,32572,79
2026-09-21T23:47:57.096860+00:00,0,32548,84
2026-09-21T23:47:57.096860+00:00,1,32588,79
2026-09-21T23:47:57.096860+00:00,2,32574,78
2026-09-21T23:47:57.096860+00:00,3,32572,80
2026-09-21T23:48:02.156678+00:00,0,32548,80
2026-09-21T23:48:02.156678+00:00,1,32588,84
2026-09-21T23:48:02.156678+00:00,2,32574,76
2026-09-21T23:48:02.156678+00:00,3,32572,79
2026-09-21T23:48:07.223040+00:00,0,32548,81
2026-09-21T23:48:07.223040+00:00,1,32588,81
2026-09-21T23:48:07.223040+00:00,2,32574,80
2026-09-21T23:48:07.223040+00:00,3,32572,78
2026-09-21T23:48:12.292220+00:00,0,32548,82
2026-09-21T23:48:12.292220+00:00,1,32588,82
2026-09-21T23:48:12.292220+00:00,2,32574,80
2026-09-21T23:48:12.292220+00:00,3,32572,83
2026-09-21T23:48:17.360135+00:00,0,32548,80
2026-09-21T23:48:17.360135+00:00,1,32588,79
2026-09-21T23:48:17.360135+00:00,2,32574,81
2026-09-21T23:48:17.360135+00:00,3,32572,80
2026-09-21T23:48:22.428407+00:00,0,32548,79
2026-09-21T23:48:22.428407+00:00,1,32588,80
2026-09-21T23:48:22.428407+00:00,2,32574,78
2026-09-21T23:48:22.428407+00:00,3,32572,80
2026-09-21T23:48:27.497862+00:00,0,32548,79
2026-09-21T23:48:27.497862+00:00,1,32588,83
2026-09-21T23:48:27.497862+00:00,2,32574,82
2026-09-21T23:48:27.497862+00:00,3,32572,81
2026-09-21T23:48:32.566401+00:00,0,32548,80
2026-09-21T23:48:32.566401+00:00,1,32588,86
2026-09-21T23:48:32.566401+00:00,2,32574,82
2026-09-21T23:48:32.566401+00:00,3,32572,82
2026-09-21T23:48:37.626524+00:00,0,32548,82
2026-09-21T23:48:37.626524+00:00,1,32588,79
2026-09-21T23:48:37.626524+00:00,2,32574,83
2026-09-21T23:48:37.626524+00:00,3,32572,84
2026-09-21T23:48:42.696216+00:00,0,32548,80
2026-09-21T23:48:42.696216+00:00,1,32588,78
2026-09-21T23:48:42.696216+00:00,2,32574,81
2026-09-21T23:48:42.696216+00:00,3,32572,83
2026-09-21T23:48:47.764650+00:00,0,32548,84
2026-09-21T23:48:47.764650+00:00,1,32588,81
2026-09-21T23:48:47.764650+00:00,2,32574,81
2026-09-21T23:48:47.764650+00:00,3,32572,82
2026-09-21T23:48:52.833185+00:00,0,32548,86
2026-09-21T23:48:52.833185+00:00,1,32588,80
2026-09-21T23:48:52.833185+00:00,2,32574,81
2026-09-21T23:48:52.833185+00:00,3,32572,83
2026-09-21T23:48:57.900098+00:00,0,32548,82
2026-09-21T23:48:57.900098+00:00,1,32588,79
2026-09-21T23:48:57.900098+00:00,2,32574,85
2026-09-21T23:48:57.900098+00:00,3,32572,82
2026-09-21T23:49:02.961679+00:00,0,32548,82
2026-09-21T23:49:02.961679+00:00,1,32588,83
2026-09-21T23:49:02.961679+00:00,2,32574,82
2026-09-21T23:49:02.961679+00:00,3,32572,83
2026-09-21T23:49:08.028532+00:00,0,32548,79
2026-09-21T23:49:08.028532+00:00,1,32588,79
2026-09-21T23:49:08.028532+00:00,2,32574,82
2026-09-21T23:49:08.028532+00:00,3,32572,0
2026-09-21T23:49:13.092417+00:00,0,32548,0
2026-09-21T23:49:13.092417+00:00,1,32588,0
2026-09-21T23:49:13.092417+00:00,2,32574,79
2026-09-21T23:49:13.092417+00:00,3,32572,0
2026-09-21T23:49:18.152915+00:00,0,11612,99
2026-09-21T23:49:18.152915+00:00,1,12532,99
2026-09-21T23:49:18.152915+00:00,2,11712,99
2026-09-21T23:49:18.152915+00:00,3,11512,99
2026-09-21T23:49:23.220904+00:00,0,11798,99
2026-09-21T23:49:23.220904+00:00,1,12858,98
2026-09-21T23:49:23.220904+00:00,2,11918,99
2026-09-21T23:49:23.220904+00:00,3,11858,99
2026-09-21T23:49:28.291540+00:00,0,6268,98
2026-09-21T23:49:28.291540+00:00,1,6488,98
2026-09-21T23:49:28.291540+00:00,2,6268,99
2026-09-21T23:49:28.291540+00:00,3,6248,99
2026-09-21T23:49:33.354651+00:00,0,27142,99
2026-09-21T23:49:33.354651+00:00,1,26882,98
2026-09-21T23:49:33.354651+00:00,2,27182,99
2026-09-21T23:49:33.354651+00:00,3,27182,99
2026-09-21T23:49:38.430599+00:00,0,27264,99
2026-09-21T23:49:38.430599+00:00,1,27364,98
2026-09-21T23:49:38.430599+00:00,2,27304,98
2026-09-21T23:49:38.430599+00:00,3,27364,99
2026-09-21T23:49:43.496637+00:00,0,27586,98
2026-09-21T23:49:43.496637+00:00,1,27446,99
2026-09-21T23:49:43.496637+00:00,2,27566,98
2026-09-21T23:49:43.496637+00:00,3,27386,98
2026-09-21T23:49:48.571513+00:00,0,27908,98
2026-09-21T23:49:48.571513+00:00,1,27448,98
2026-09-21T23:49:48.571513+00:00,2,27648,98
2026-09-21T23:49:48.571513+00:00,3,27388,99
2026-09-21T23:49:53.646691+00:00,0,27910,99
2026-09-21T23:49:53.646691+00:00,1,27870,99
2026-09-21T23:49:53.646691+00:00,2,27770,98
2026-09-21T23:49:53.646691+00:00,3,27630,99
2026-09-21T23:49:58.722743+00:00,0,27910,96
2026-09-21T23:49:58.722743+00:00,1,27872,98
2026-09-21T23:49:58.722743+00:00,2,27770,98
2026-09-21T23:49:58.722743+00:00,3,27630,99
2026-09-21T23:50:03.814623+00:00,0,27914,99
2026-09-21T23:50:03.814623+00:00,1,27874,99
2026-09-21T23:50:03.814623+00:00,2,27774,99
2026-09-21T23:50:03.814623+00:00,3,27634,99
2026-09-21T23:50:08.888795+00:00,0,5836,0
2026-09-21T23:50:08.888795+00:00,1,5818,0
2026-09-21T23:50:08.888795+00:00,2,5838,0
2026-09-21T23:50:08.888795+00:00,3,5838,0
2026-09-21T23:50:13.945525+00:00,0,11050,8
2026-09-21T23:50:13.945525+00:00,1,11050,72
2026-09-21T23:50:13.945525+00:00,2,11050,6
2026-09-21T23:50:13.945525+00:00,3,11050,75
2026-09-21T23:50:19.006679+00:00,0,9720,5
2026-09-21T23:50:19.006679+00:00,1,9800,5
2026-09-21T23:50:19.006679+00:00,2,9720,6
2026-09-21T23:50:19.006679+00:00,3,9862,7
2026-09-21T23:50:24.066921+00:00,0,11050,18
2026-09-21T23:50:24.066921+00:00,1,11050,19
2026-09-21T23:50:24.066921+00:00,2,11050,18
2026-09-21T23:50:24.066921+00:00,3,11050,21
2026-09-21T23:50:29.126167+00:00,0,4596,82
2026-09-21T23:50:29.126167+00:00,1,4356,83
2026-09-21T23:50:29.126167+00:00,2,5556,82
2026-09-21T23:50:29.126167+00:00,3,3656,82
2026-09-21T23:50:34.199099+00:00,0,32564,72
2026-09-21T23:50:34.199099+00:00,1,32570,74
2026-09-21T23:50:34.199099+00:00,2,32566,80
2026-09-21T23:50:34.199099+00:00,3,32552,78
2026-09-21T23:50:39.251989+00:00,0,32564,73
2026-09-21T23:50:39.251989+00:00,1,32570,75
2026-09-21T23:50:39.251989+00:00,2,32566,71
2026-09-21T23:50:39.251989+00:00,3,32552,74
2026-09-21T23:50:44.319034+00:00,0,32564,80
2026-09-21T23:50:44.319034+00:00,1,32570,77
2026-09-21T23:50:44.319034+00:00,2,32566,79
2026-09-21T23:50:44.319034+00:00,3,32552,77
2026-09-21T23:50:49.379234+00:00,0,32564,78
2026-09-21T23:50:49.379234+00:00,1,32570,77
2026-09-21T23:50:49.379234+00:00,2,32566,77
2026-09-21T23:50:49.379234+00:00,3,32552,82
2026-09-21T23:50:54.442366+00:00,0,32564,74
2026-09-21T23:50:54.442366+00:00,1,32570,74
2026-09-21T23:50:54.442366+00:00,2,32566,77
2026-09-21T23:50:54.442366+00:00,3,32552,77
2026-09-21T23:50:59.509619+00:00,0,32564,86
2026-09-21T23:50:59.509619+00:00,1,32570,78
2026-09-21T23:50:59.509619+00:00,2,32566,79
2026-09-21T23:50:59.509619+00:00,3,32552,81
2026-09-21T23:51:04.576386+00:00,0,32564,79
2026-09-21T23:51:04.576386+00:00,1,32570,77
2026-09-21T23:51:04.576386+00:00,2,32566,78
2026-09-21T23:51:04.576386+00:00,3,32552,79
2026-09-21T23:51:09.651935+00:00,0,32564,81
2026-09-21T23:51:09.651935+00:00,1,32570,81
2026-09-21T23:51:09.651935+00:00,2,32566,81
2026-09-21T23:51:09.651935+00:00,3,32552,81
2026-09-21T23:51:14.718771+00:00,0,32564,81
2026-09-21T23:51:14.718771+00:00,1,32570,80
2026-09-21T23:51:14.718771+00:00,2,32566,79
2026-09-21T23:51:14.718771+00:00,3,32552,80
2026-09-21T23:51:19.787355+00:00,0,32564,80
2026-09-21T23:51:19.787355+00:00,1,32570,81
2026-09-21T23:51:19.787355+00:00,2,32566,78
2026-09-21T23:51:19.787355+00:00,3,32552,80
2026-09-21T23:51:24.855449+00:00,0,32564,81
2026-09-21T23:51:24.855449+00:00,1,32570,80
2026-09-21T23:51:24.855449+00:00,2,32566,80
2026-09-21T23:51:24.855449+00:00,3,32552,79
2026-09-21T23:51:29.925109+00:00,0,32564,84
2026-09-21T23:51:29.925109+00:00,1,32570,83
2026-09-21T23:51:29.925109+00:00,2,32566,79
2026-09-21T23:51:29.925109+00:00,3,32552,83
2026-09-21T23:51:34.992624+00:00,0,32564,82
2026-09-21T23:51:34.992624+00:00,1,32570,80
2026-09-21T23:51:34.992624+00:00,2,32566,82
2026-09-21T23:51:34.992624+00:00,3,32552,78
2026-09-21T23:51:40.057483+00:00,0,32564,81
2026-09-21T23:51:40.057483+00:00,1,32570,85
2026-09-21T23:51:40.057483+00:00,2,32566,80
2026-09-21T23:51:40.057483+00:00,3,32552,81
2026-09-21T23:51:45.126304+00:00,0,32564,86
2026-09-21T23:51:45.126304+00:00,1,32570,81
2026-09-21T23:51:45.126304+00:00,2,32566,81
2026-09-21T23:51:45.126304+00:00,3,32552,81
2026-09-21T23:51:50.193738+00:00,0,32564,82
2026-09-21T23:51:50.193738+00:00,1,32570,82
2026-09-21T23:51:50.193738+00:00,2,32566,82
2026-09-21T23:51:50.193738+00:00,3,32552,85
2026-09-21T23:51:55.260494+00:00,0,32564,80
2026-09-21T23:51:55.260494+00:00,1,32570,82
2026-09-21T23:51:55.260494+00:00,2,32566,80
2026-09-21T23:51:55.260494+00:00,3,32552,82
2026-09-21T23:52:00.328105+00:00,0,32564,81
2026-09-21T23:52:00.328105+00:00,1,32570,77
2026-09-21T23:52:00.328105+00:00,2,32566,88
2026-09-21T23:52:00.328105+00:00,3,32552,84
2026-09-21T23:52:05.395498+00:00,0,32564,81
2026-09-21T23:52:05.395498+00:00,1,32570,82
2026-09-21T23:52:05.395498+00:00,2,32566,82
2026-09-21T23:52:05.395498+00:00,3,32552,81
2026-09-21T23:52:10.463792+00:00,0,32564,81
2026-09-21T23:52:10.463792+00:00,1,32570,82
2026-09-21T23:52:10.463792+00:00,2,32566,82
2026-09-21T23:52:10.463792+00:00,3,32552,81
2026-09-21T23:52:15.521601+00:00,0,32564,81
2026-09-21T23:52:15.521601+00:00,1,32570,80
2026-09-21T23:52:15.521601+00:00,2,32566,79
2026-09-21T23:52:15.521601+00:00,3,32552,80
2026-09-21T23:52:20.587680+00:00,0,32564,82
2026-09-21T23:52:20.587680+00:00,1,32570,82
2026-09-21T23:52:20.587680+00:00,2,32566,81
2026-09-21T23:52:20.587680+00:00,3,32552,80
2026-09-21T23:52:25.652512+00:00,0,32564,0
2026-09-21T23:52:25.652512+00:00,1,32570,0
2026-09-21T23:52:25.652512+00:00,2,32566,0
2026-09-21T23:52:25.652512+00:00,3,32552,81
2026-09-21T23:52:30.715514+00:00,0,11532,98
2026-09-21T23:52:30.715514+00:00,1,12674,98
2026-09-21T23:52:30.715514+00:00,2,11592,96
2026-09-21T23:52:30.715514+00:00,3,11552,98
2026-09-21T23:52:35.788487+00:00,0,11838,99
2026-09-21T23:52:35.788487+00:00,1,12978,99
2026-09-21T23:52:35.788487+00:00,2,11878,99
2026-09-21T23:52:35.788487+00:00,3,11898,99
2026-09-21T23:52:40.863800+00:00,0,21110,37
2026-09-21T23:52:40.863800+00:00,1,26050,46
2026-09-21T23:52:40.863800+00:00,2,26170,59
2026-09-21T23:52:40.863800+00:00,3,26090,45
2026-09-21T23:52:45.972842+00:00,0,26264,99
2026-09-21T23:52:45.972842+00:00,1,26422,99
2026-09-21T23:52:45.972842+00:00,2,26182,99
2026-09-21T23:52:45.972842+00:00,3,26262,99
2026-09-21T23:52:51.046043+00:00,0,26826,99
2026-09-21T23:52:51.046043+00:00,1,26586,98
2026-09-21T23:52:51.046043+00:00,2,26926,99
2026-09-21T23:52:51.046043+00:00,3,26446,99
2026-09-21T23:52:56.115454+00:00,0,26828,98
2026-09-21T23:52:56.115454+00:00,1,26586,98
2026-09-21T23:52:56.115454+00:00,2,26926,99
2026-09-21T23:52:56.115454+00:00,3,27126,98
2026-09-21T23:53:01.180421+00:00,0,26830,99
2026-09-21T23:53:01.180421+00:00,1,26590,98
2026-09-21T23:53:01.180421+00:00,2,26930,98
2026-09-21T23:53:01.180421+00:00,3,27130,99
2026-09-21T23:53:06.254707+00:00,0,26830,97
2026-09-21T23:53:06.254707+00:00,1,26590,98
2026-09-21T23:53:06.254707+00:00,2,26930,98
2026-09-21T23:53:06.254707+00:00,3,27130,98
2026-09-21T23:53:11.321744+00:00,0,26834,98
2026-09-21T23:53:11.321744+00:00,1,26594,99
2026-09-21T23:53:11.321744+00:00,2,26934,98
2026-09-21T23:53:11.321744+00:00,3,27134,98
2026-09-21T23:53:16.393178+00:00,0,9720,5
2026-09-21T23:53:16.393178+00:00,1,9740,5
2026-09-21T23:53:16.393178+00:00,2,9720,5
2026-09-21T23:53:16.393178+00:00,3,9720,6
2026-09-21T23:53:21.453173+00:00,0,10354,8
2026-09-21T23:53:21.453173+00:00,1,10456,7
2026-09-21T23:53:21.453173+00:00,2,10230,6
2026-09-21T23:53:21.453173+00:00,3,10682,6
2026-09-21T23:53:26.513571+00:00,0,11050,22
2026-09-21T23:53:26.513571+00:00,1,11050,19
2026-09-21T23:53:26.513571+00:00,2,11050,15
2026-09-21T23:53:26.513571+00:00,3,11050,35
2026-09-21T23:53:31.574212+00:00,0,4830,8
2026-09-21T23:53:31.574212+00:00,1,4832,10
2026-09-21T23:53:31.574212+00:00,2,4832,8
2026-09-21T23:53:31.574212+00:00,3,4832,0
2026-09-21T23:53:36.626344+00:00,0,32564,76
2026-09-21T23:53:36.626344+00:00,1,32538,75
2026-09-21T23:53:36.626344+00:00,2,32540,74
2026-09-21T23:53:36.626344+00:00,3,32566,73
2026-09-21T23:53:41.691497+00:00,0,32564,76
2026-09-21T23:53:41.691497+00:00,1,32538,74
2026-09-21T23:53:41.691497+00:00,2,32540,74
2026-09-21T23:53:41.691497+00:00,3,32566,72
2026-09-21T23:53:46.756828+00:00,0,32564,81
2026-09-21T23:53:46.756828+00:00,1,32538,76
2026-09-21T23:53:46.756828+00:00,2,32540,71
2026-09-21T23:53:46.756828+00:00,3,32566,77
2026-09-21T23:53:51.817817+00:00,0,32564,76
2026-09-21T23:53:51.817817+00:00,1,32538,75
2026-09-21T23:53:51.817817+00:00,2,32540,76
2026-09-21T23:53:51.817817+00:00,3,32566,74
2026-09-21T23:53:56.881537+00:00,0,32564,79
2026-09-21T23:53:56.881537+00:00,1,32538,82
2026-09-21T23:53:56.881537+00:00,2,32540,74
2026-09-21T23:53:56.881537+00:00,3,32566,75
2026-09-21T23:54:01.944770+00:00,0,32564,76
2026-09-21T23:54:01.944770+00:00,1,32538,75
2026-09-21T23:54:01.944770+00:00,2,32540,79
2026-09-21T23:54:01.944770+00:00,3,32566,77
2026-09-21T23:54:07.013455+00:00,0,32564,78
2026-09-21T23:54:07.013455+00:00,1,32538,75
2026-09-21T23:54:07.013455+00:00,2,32540,79
2026-09-21T23:54:07.013455+00:00,3,32566,75
2026-09-21T23:54:12.082684+00:00,0,32564,80
2026-09-21T23:54:12.082684+00:00,1,32538,78
2026-09-21T23:54:12.082684+00:00,2,32540,79
2026-09-21T23:54:12.082684+00:00,3,32566,78
2026-09-21T23:54:17.148929+00:00,0,32564,79
2026-09-21T23:54:17.148929+00:00,1,32538,82
2026-09-21T23:54:17.148929+00:00,2,32540,81
2026-09-21T23:54:17.148929+00:00,3,32566,83
2026-09-21T23:54:22.214675+00:00,0,32564,83
2026-09-21T23:54:22.214675+00:00,1,32538,80
2026-09-21T23:54:22.214675+00:00,2,32540,81
2026-09-21T23:54:22.214675+00:00,3,32566,81
2026-09-21T23:54:27.274660+00:00,0,32564,80
2026-09-21T23:54:27.274660+00:00,1,32538,82
2026-09-21T23:54:27.274660+00:00,2,32540,80
2026-09-21T23:54:27.274660+00:00,3,32566,84
2026-09-21T23:54:32.341913+00:00,0,32564,79
2026-09-21T23:54:32.341913+00:00,1,32538,85
2026-09-21T23:54:32.341913+00:00,2,32540,81
2026-09-21T23:54:32.341913+00:00,3,32566,75
2026-09-21T23:54:37.406961+00:00,0,32564,77
2026-09-21T23:54:37.406961+00:00,1,32538,81
2026-09-21T23:54:37.406961+00:00,2,32540,80
2026-09-21T23:54:37.406961+00:00,3,32566,76
2026-09-21T23:54:42.473829+00:00,0,32564,79
2026-09-21T23:54:42.473829+00:00,1,32538,81
2026-09-21T23:54:42.473829+00:00,2,32540,79
2026-09-21T23:54:42.473829+00:00,3,32566,77
2026-09-21T23:54:47.542076+00:00,0,32564,79
2026-09-21T23:54:47.542076+00:00,1,32538,80
2026-09-21T23:54:47.542076+00:00,2,32540,81
2026-09-21T23:54:47.542076+00:00,3,32566,82
2026-09-21T23:54:52.608179+00:00,0,32564,83
2026-09-21T23:54:52.608179+00:00,1,32538,81
2026-09-21T23:54:52.608179+00:00,2,32540,81
2026-09-21T23:54:52.608179+00:00,3,32566,83
2026-09-21T23:54:57.678497+00:00,0,32564,81
2026-09-21T23:54:57.678497+00:00,1,32538,89
2026-09-21T23:54:57.678497+00:00,2,32540,83
2026-09-21T23:54:57.678497+00:00,3,32566,82
2026-09-21T23:55:02.747381+00:00,0,32564,83
2026-09-21T23:55:02.747381+00:00,1,32538,82
2026-09-21T23:55:02.747381+00:00,2,32540,83
2026-09-21T23:55:02.747381+00:00,3,32566,80
2026-09-21T23:55:07.815794+00:00,0,32564,79
2026-09-21T23:55:07.815794+00:00,1,32538,82
2026-09-21T23:55:07.815794+00:00,2,32540,84
2026-09-21T23:55:07.815794+00:00,3,32566,79
2026-09-21T23:55:12.885797+00:00,0,32564,82
2026-09-21T23:55:12.885797+00:00,1,32538,81
2026-09-21T23:55:12.885797+00:00,2,32540,81
2026-09-21T23:55:12.885797+00:00,3,32566,81
2026-09-21T23:55:17.954188+00:00,0,32564,83
2026-09-21T23:55:17.954188+00:00,1,32538,82
2026-09-21T23:55:17.954188+00:00,2,32540,84
2026-09-21T23:55:17.954188+00:00,3,32566,88
2026-09-21T23:55:23.018554+00:00,0,32564,84
2026-09-21T23:55:23.018554+00:00,1,32538,83
2026-09-21T23:55:23.018554+00:00,2,32540,84
2026-09-21T23:55:23.018554+00:00,3,32566,82
2026-09-21T23:55:28.078008+00:00,0,32564,85
2026-09-21T23:55:28.078008+00:00,1,32538,86
2026-09-21T23:55:28.078008+00:00,2,32540,87
2026-09-21T23:55:28.078008+00:00,3,32566,84
2026-09-21T23:55:33.142946+00:00,0,32564,80
2026-09-21T23:55:33.142946+00:00,1,32538,85
2026-09-21T23:55:33.142946+00:00,2,32540,83
2026-09-21T23:55:33.142946+00:00,3,32566,83
2026-09-21T23:55:38.204320+00:00,0,32564,83
2026-09-21T23:55:38.204320+00:00,1,32538,83
2026-09-21T23:55:38.204320+00:00,2,32540,77
2026-09-21T23:55:38.204320+00:00,3,32566,0
2026-09-21T23:55:43.265892+00:00,0,6532,99
2026-09-21T23:55:43.265892+00:00,1,6632,99
2026-09-21T23:55:43.265892+00:00,2,6532,99
2026-09-21T23:55:43.265892+00:00,3,6532,98
2026-09-21T23:55:48.331666+00:00,0,12196,99
2026-09-21T23:55:48.331666+00:00,1,13256,98
2026-09-21T23:55:48.331666+00:00,2,12216,98
2026-09-21T23:55:48.331666+00:00,3,12216,98
2026-09-21T23:55:53.408966+00:00,0,12202,99
2026-09-21T23:55:53.408966+00:00,1,13382,99
2026-09-21T23:55:53.408966+00:00,2,12322,99
2026-09-21T23:55:53.408966+00:00,3,12262,98
2026-09-21T23:55:58.482204+00:00,0,25040,99
2026-09-21T23:55:58.482204+00:00,1,25922,99
2026-09-21T23:55:58.482204+00:00,2,25562,99
2026-09-21T23:55:58.482204+00:00,3,25282,99
2026-09-21T23:56:03.548390+00:00,0,25522,99
2026-09-21T23:56:03.548390+00:00,1,25924,99
2026-09-21T23:56:03.548390+00:00,2,25564,99
2026-09-21T23:56:03.548390+00:00,3,25482,99
2026-09-21T23:56:08.614974+00:00,0,27064,98
2026-09-21T23:56:08.614974+00:00,1,26624,99
2026-09-21T23:56:08.614974+00:00,2,26804,99
2026-09-21T23:56:08.614974+00:00,3,27204,98
2026-09-21T23:56:13.688473+00:00,0,27686,98
2026-09-21T23:56:13.688473+00:00,1,27708,99
2026-09-21T23:56:13.688473+00:00,2,27766,99
2026-09-21T23:56:13.688473+00:00,3,27526,98
2026-09-21T23:56:18.760912+00:00,0,27688,98
2026-09-21T23:56:18.760912+00:00,1,27768,98
2026-09-21T23:56:18.760912+00:00,2,27768,98
2026-09-21T23:56:18.760912+00:00,3,27528,98
2026-09-21T23:56:23.826920+00:00,0,27690,98
2026-09-21T23:56:23.826920+00:00,1,27770,99
2026-09-21T23:56:23.826920+00:00,2,27770,99
2026-09-21T23:56:23.826920+00:00,3,27530,99
2026-09-21T23:56:28.899028+00:00,0,27690,98
2026-09-21T23:56:28.899028+00:00,1,27772,98
2026-09-21T23:56:28.899028+00:00,2,27770,99
2026-09-21T23:56:28.899028+00:00,3,27530,88
2026-09-21T23:56:33.970137+00:00,0,27694,99
2026-09-21T23:56:33.970137+00:00,1,27772,99
2026-09-21T23:56:33.970137+00:00,2,27774,99
2026-09-21T23:56:33.970137+00:00,3,27534,99
2026-09-21T23:56:39.042780+00:00,0,9720,5
2026-09-21T23:56:39.042780+00:00,1,9740,7
2026-09-21T23:56:39.042780+00:00,2,9720,6
2026-09-21T23:56:39.042780+00:00,3,9720,6
2026-09-21T23:56:44.099190+00:00,0,10456,6
2026-09-21T23:56:44.099190+00:00,1,10252,6
2026-09-21T23:56:44.099190+00:00,2,10374,6
2026-09-21T23:56:44.099190+00:00,3,10642,6
2026-09-21T23:56:49.159343+00:00,0,11050,16
2026-09-21T23:56:49.159343+00:00,1,11050,32
2026-09-21T23:56:49.159343+00:00,2,11050,30
2026-09-21T23:56:49.159343+00:00,3,11050,20
2026-09-21T23:56:54.220660+00:00,0,4830,8
2026-09-21T23:56:54.220660+00:00,1,4832,0
2026-09-21T23:56:54.220660+00:00,2,4832,9
2026-09-21T23:56:54.220660+00:00,3,4832,0
2026-09-21T23:56:59.277417+00:00,0,32560,76
2026-09-21T23:56:59.277417+00:00,1,32564,74
2026-09-21T23:56:59.277417+00:00,2,32554,74
2026-09-21T23:56:59.277417+00:00,3,32562,73
2026-09-21T23:57:04.341665+00:00,0,32560,73
2026-09-21T23:57:04.341665+00:00,1,32564,79
2026-09-21T23:57:04.341665+00:00,2,32554,79
2026-09-21T23:57:04.341665+00:00,3,32562,73
2026-09-21T23:57:09.418511+00:00,0,32560,76
2026-09-21T23:57:09.418511+00:00,1,32564,76
2026-09-21T23:57:09.418511+00:00,2,32554,76
2026-09-21T23:57:09.418511+00:00,3,32562,73
2026-09-21T23:57:14.493870+00:00,0,32560,75
2026-09-21T23:57:14.493870+00:00,1,32564,80
2026-09-21T23:57:14.493870+00:00,2,32554,83
2026-09-21T23:57:14.493870+00:00,3,32562,74
2026-09-21T23:57:19.559569+00:00,0,32560,78
2026-09-21T23:57:19.559569+00:00,1,32564,77
2026-09-21T23:57:19.559569+00:00,2,32554,78
2026-09-21T23:57:19.559569+00:00,3,32562,79
2026-09-21T23:57:24.629639+00:00,0,32560,78
2026-09-21T23:57:24.629639+00:00,1,32564,75
2026-09-21T23:57:24.629639+00:00,2,32554,75
2026-09-21T23:57:24.629639+00:00,3,32562,79
2026-09-21T23:57:29.691165+00:00,0,32560,80
2026-09-21T23:57:29.691165+00:00,1,32564,80
2026-09-21T23:57:29.691165+00:00,2,32554,78
2026-09-21T23:57:29.691165+00:00,3,32562,79
2026-09-21T23:57:34.759922+00:00,0,32560,77
2026-09-21T23:57:34.759922+00:00,1,32564,78
2026-09-21T23:57:34.759922+00:00,2,32554,86
2026-09-21T23:57:34.759922+00:00,3,32562,81
2026-09-21T23:57:39.824426+00:00,0,32560,84
2026-09-21T23:57:39.824426+00:00,1,32564,80
2026-09-21T23:57:39.824426+00:00,2,32554,81
2026-09-21T23:57:39.824426+00:00,3,32562,77
2026-09-21T23:57:44.892108+00:00,0,32560,79
2026-09-21T23:57:44.892108+00:00,1,32564,86
2026-09-21T23:57:44.892108+00:00,2,32554,81
2026-09-21T23:57:44.892108+00:00,3,32562,79
2026-09-21T23:57:49.952596+00:00,0,32560,79
2026-09-21T23:57:49.952596+00:00,1,32564,78
2026-09-21T23:57:49.952596+00:00,2,32554,78
2026-09-21T23:57:49.952596+00:00,3,32562,80
2026-09-21T23:57:55.022301+00:00,0,32560,79
2026-09-21T23:57:55.022301+00:00,1,32564,78
2026-09-21T23:57:55.022301+00:00,2,32554,79
2026-09-21T23:57:55.022301+00:00,3,32562,80
2026-09-21T23:58:00.088317+00:00,0,32560,77
2026-09-21T23:58:00.088317+00:00,1,32564,76
2026-09-21T23:58:00.088317+00:00,2,32554,83
2026-09-21T23:58:00.088317+00:00,3,32562,88
2026-09-21T23:58:05.156412+00:00,0,32560,84
2026-09-21T23:58:05.156412+00:00,1,32564,84
2026-09-21T23:58:05.156412+00:00,2,32554,84
2026-09-21T23:58:05.156412+00:00,3,32562,85
2026-09-21T23:58:10.220250+00:00,0,32560,81
2026-09-21T23:58:10.220250+00:00,1,32564,83
2026-09-21T23:58:10.220250+00:00,2,32554,80
2026-09-21T23:58:10.220250+00:00,3,32562,87
2026-09-21T23:58:15.292278+00:00,0,32560,82
2026-09-21T23:58:15.292278+00:00,1,32564,80
2026-09-21T23:58:15.292278+00:00,2,32554,83
2026-09-21T23:58:15.292278+00:00,3,32562,84
2026-09-21T23:58:20.363104+00:00,0,32560,76
2026-09-21T23:58:20.363104+00:00,1,32564,79
2026-09-21T23:58:20.363104+00:00,2,32554,81
2026-09-21T23:58:20.363104+00:00,3,32562,80
2026-09-21T23:58:25.434341+00:00,0,32560,80
2026-09-21T23:58:25.434341+00:00,1,32564,84
2026-09-21T23:58:25.434341+00:00,2,32554,83
2026-09-21T23:58:25.434341+00:00,3,32562,80
2026-09-21T23:58:30.506254+00:00,0,32560,80
2026-09-21T23:58:30.506254+00:00,1,32564,85
2026-09-21T23:58:30.506254+00:00,2,32554,82
2026-09-21T23:58:30.506254+00:00,3,32562,82
2026-09-21T23:58:35.577402+00:00,0,32560,83
2026-09-21T23:58:35.577402+00:00,1,32564,81
2026-09-21T23:58:35.577402+00:00,2,32554,82
2026-09-21T23:58:35.577402+00:00,3,32562,84
2026-09-21T23:58:40.642165+00:00,0,32560,81
2026-09-21T23:58:40.642165+00:00,1,32564,87
2026-09-21T23:58:40.642165+00:00,2,32554,83
2026-09-21T23:58:40.642165+00:00,3,32562,82
2026-09-21T23:58:45.710836+00:00,0,32560,81
2026-09-21T23:58:45.710836+00:00,1,32564,85
2026-09-21T23:58:45.710836+00:00,2,32554,84
2026-09-21T23:58:45.710836+00:00,3,32562,82
2026-09-21T23:58:50.778947+00:00,0,32560,86
2026-09-21T23:58:50.778947+00:00,1,32564,83
2026-09-21T23:58:50.778947+00:00,2,32554,83
2026-09-21T23:58:50.778947+00:00,3,32562,80
2026-09-21T23:58:55.848500+00:00,0,32560,83
2026-09-21T23:58:55.848500+00:00,1,32564,80
2026-09-21T23:58:55.848500+00:00,2,32554,83
2026-09-21T23:58:55.848500+00:00,3,32562,81
2026-09-21T23:59:00.916690+00:00,0,32560,83
2026-09-21T23:59:00.916690+00:00,1,32564,83
2026-09-21T23:59:00.916690+00:00,2,32554,81
2026-09-21T23:59:00.916690+00:00,3,32562,83
2026-09-21T23:59:05.980163+00:00,0,32560,82
2026-09-21T23:59:05.980163+00:00,1,32564,0
2026-09-21T23:59:05.980163+00:00,2,32554,0
2026-09-21T23:59:05.980163+00:00,3,32562,0
2026-09-21T23:59:11.041860+00:00,0,11312,98
2026-09-21T23:59:11.041860+00:00,1,12332,99
2026-09-21T23:59:11.041860+00:00,2,11312,98
2026-09-21T23:59:11.041860+00:00,3,11372,98
2026-09-21T23:59:16.113964+00:00,0,12118,98
2026-09-21T23:59:16.113964+00:00,1,13178,99
2026-09-21T23:59:16.113964+00:00,2,12118,99
2026-09-21T23:59:16.113964+00:00,3,12138,99
2026-09-21T23:59:21.181401+00:00,0,7924,98
2026-09-21T23:59:21.181401+00:00,1,9004,99
2026-09-21T23:59:21.181401+00:00,2,7904,100
2026-09-21T23:59:21.181401+00:00,3,7744,93
2026-09-21T23:59:26.246187+00:00,0,24660,87
2026-09-21T23:59:26.246187+00:00,1,25040,99
2026-09-21T23:59:26.246187+00:00,2,24800,99
2026-09-21T23:59:26.246187+00:00,3,24800,88
2026-09-21T23:59:31.316709+00:00,0,25202,98
2026-09-21T23:59:31.316709+00:00,1,25924,97
2026-09-21T23:59:31.316709+00:00,2,25142,99
2026-09-21T23:59:31.316709+00:00,3,25142,99
2026-09-21T23:59:36.387772+00:00,0,27084,99
2026-09-21T23:59:36.387772+00:00,1,27466,99
2026-09-21T23:59:36.387772+00:00,2,27244,99
2026-09-21T23:59:36.387772+00:00,3,27984,99
2026-09-21T23:59:41.460528+00:00,0,28046,98
2026-09-21T23:59:41.460528+00:00,1,28206,98
2026-09-21T23:59:41.460528+00:00,2,28066,98
2026-09-21T23:59:41.460528+00:00,3,28046,97
2026-09-21T23:59:46.525483+00:00,0,28568,99
2026-09-21T23:59:46.525483+00:00,1,28390,99
2026-09-21T23:59:46.525483+00:00,2,28548,99
2026-09-21T23:59:46.525483+00:00,3,28528,99
2026-09-21T23:59:51.600074+00:00,0,28570,99
2026-09-21T23:59:51.600074+00:00,1,28390,97
2026-09-21T23:59:51.600074+00:00,2,28550,98
2026-09-21T23:59:51.600074+00:00,3,28530,99
2026-09-21T23:59:56.670771+00:00,0,28572,98
2026-09-21T23:59:56.670771+00:00,1,28392,99
2026-09-21T23:59:56.670771+00:00,2,28552,99
2026-09-21T23:59:56.670771+00:00,3,28532,99
2026-09-22T00:00:01.746268+00:00,0,28572,97
2026-09-22T00:00:01.746268+00:00,1,28392,98
2026-09-22T00:00:01.746268+00:00,2,28552,98
2026-09-22T00:00:01.746268+00:00,3,28532,95
2026-09-22T00:00:06.811455+00:00,0,11050,80
2026-09-22T00:00:06.811455+00:00,1,10682,59
2026-09-22T00:00:06.811455+00:00,2,10722,7
2026-09-22T00:00:06.811455+00:00,3,11050,12
2026-09-22T00:00:11.869174+00:00,0,9862,7
2026-09-22T00:00:11.869174+00:00,1,9740,5
2026-09-22T00:00:11.869174+00:00,2,9720,6
2026-09-22T00:00:11.869174+00:00,3,9720,5
2026-09-22T00:00:16.928117+00:00,0,11050,28
2026-09-22T00:00:16.928117+00:00,1,11050,23
2026-09-22T00:00:16.928117+00:00,2,11050,21
2026-09-22T00:00:16.928117+00:00,3,11050,19
2026-09-22T00:00:21.987970+00:00,0,2024,84
2026-09-22T00:00:21.987970+00:00,1,3856,82
2026-09-22T00:00:21.987970+00:00,2,5956,87
2026-09-22T00:00:21.987970+00:00,3,3716,34
2026-09-22T00:00:27.050193+00:00,0,32560,72
2026-09-22T00:00:27.050193+00:00,1,32548,73
2026-09-22T00:00:27.050193+00:00,2,32600,79
2026-09-22T00:00:27.050193+00:00,3,32582,68
2026-09-22T00:00:32.114196+00:00,0,32560,76
2026-09-22T00:00:32.114196+00:00,1,32548,79
2026-09-22T00:00:32.114196+00:00,2,32600,71
2026-09-22T00:00:32.114196+00:00,3,32582,76
2026-09-22T00:00:37.182596+00:00,0,32560,73
2026-09-22T00:00:37.182596+00:00,1,32548,77
2026-09-22T00:00:37.182596+00:00,2,32600,72
2026-09-22T00:00:37.182596+00:00,3,32582,70
2026-09-22T00:00:42.250500+00:00,0,32560,76
2026-09-22T00:00:42.250500+00:00,1,32548,77
2026-09-22T00:00:42.250500+00:00,2,32600,78
2026-09-22T00:00:42.250500+00:00,3,32582,80
2026-09-22T00:00:47.318293+00:00,0,32560,81
2026-09-22T00:00:47.318293+00:00,1,32548,78
2026-09-22T00:00:47.318293+00:00,2,32600,78
2026-09-22T00:00:47.318293+00:00,3,32582,82
2026-09-22T00:00:52.388322+00:00,0,32560,79
2026-09-22T00:00:52.388322+00:00,1,32548,82
2026-09-22T00:00:52.388322+00:00,2,32600,82
2026-09-22T00:00:52.388322+00:00,3,32582,77
2026-09-22T00:00:57.446381+00:00,0,32560,79
2026-09-22T00:00:57.446381+00:00,1,32548,79
2026-09-22T00:00:57.446381+00:00,2,32600,77
2026-09-22T00:00:57.446381+00:00,3,32582,79
2026-09-22T00:01:02.503883+00:00,0,32560,80
2026-09-22T00:01:02.503883+00:00,1,32548,79
2026-09-22T00:01:02.503883+00:00,2,32600,79
2026-09-22T00:01:02.503883+00:00,3,32582,81
2026-09-22T00:01:07.563080+00:00,0,32560,81
2026-09-22T00:01:07.563080+00:00,1,32548,80
2026-09-22T00:01:07.563080+00:00,2,32600,80
2026-09-22T00:01:07.563080+00:00,3,32582,87
2026-09-22T00:01:12.630685+00:00,0,32560,82
2026-09-22T00:01:12.630685+00:00,1,32548,80
2026-09-22T00:01:12.630685+00:00,2,32600,82
2026-09-22T00:01:12.630685+00:00,3,32582,79
2026-09-22T00:01:17.690160+00:00,0,32560,82
2026-09-22T00:01:17.690160+00:00,1,32548,81
2026-09-22T00:01:17.690160+00:00,2,32600,82
2026-09-22T00:01:17.690160+00:00,3,32582,85
2026-09-22T00:01:22.757953+00:00,0,32560,81
2026-09-22T00:01:22.757953+00:00,1,32548,80
2026-09-22T00:01:22.757953+00:00,2,32600,78
2026-09-22T00:01:22.757953+00:00,3,32582,83
2026-09-22T00:01:27.816270+00:00,0,32560,80
2026-09-22T00:01:27.816270+00:00,1,32548,81
2026-09-22T00:01:27.816270+00:00,2,32600,81
2026-09-22T00:01:27.816270+00:00,3,32582,80
2026-09-22T00:01:32.888557+00:00,0,32560,81
2026-09-22T00:01:32.888557+00:00,1,32548,81
2026-09-22T00:01:32.888557+00:00,2,32600,78
2026-09-22T00:01:32.888557+00:00,3,32582,76
2026-09-22T00:01:37.957104+00:00,0,32560,78
2026-09-22T00:01:37.957104+00:00,1,32548,80
2026-09-22T00:01:37.957104+00:00,2,32600,79
2026-09-22T00:01:37.957104+00:00,3,32582,80
2026-09-22T00:01:43.025948+00:00,0,32560,76
2026-09-22T00:01:43.025948+00:00,1,32548,81
2026-09-22T00:01:43.025948+00:00,2,32600,78
2026-09-22T00:01:43.025948+00:00,3,32582,77
2026-09-22T00:01:48.094629+00:00,0,32560,84
2026-09-22T00:01:48.094629+00:00,1,32548,80
2026-09-22T00:01:48.094629+00:00,2,32600,86
2026-09-22T00:01:48.094629+00:00,3,32582,78
2026-09-22T00:01:53.154286+00:00,0,32560,83
2026-09-22T00:01:53.154286+00:00,1,32548,80
2026-09-22T00:01:53.154286+00:00,2,32600,80
2026-09-22T00:01:53.154286+00:00,3,32582,82
2026-09-22T00:01:58.224013+00:00,0,32560,78
2026-09-22T00:01:58.224013+00:00,1,32548,79
2026-09-22T00:01:58.224013+00:00,2,32600,78
2026-09-22T00:01:58.224013+00:00,3,32582,84
2026-09-22T00:02:03.293471+00:00,0,32560,78
2026-09-22T00:02:03.293471+00:00,1,32548,76
2026-09-22T00:02:03.293471+00:00,2,32600,77
2026-09-22T00:02:03.293471+00:00,3,32582,77
2026-09-22T00:02:08.379434+00:00,0,32560,77
2026-09-22T00:02:08.379434+00:00,1,32548,75
2026-09-22T00:02:08.379434+00:00,2,32600,80
2026-09-22T00:02:08.379434+00:00,3,32582,72
2026-09-22T00:02:13.460210+00:00,0,32560,75
2026-09-22T00:02:13.460210+00:00,1,32548,77
2026-09-22T00:02:13.460210+00:00,2,32600,80
2026-09-22T00:02:13.460210+00:00,3,32582,78
2026-09-22T00:02:18.542553+00:00,0,32560,80
2026-09-22T00:02:18.542553+00:00,1,32548,78
2026-09-22T00:02:18.542553+00:00,2,32600,78
2026-09-22T00:02:18.542553+00:00,3,32582,77
2026-09-22T00:02:23.623765+00:00,0,32560,79
2026-09-22T00:02:23.623765+00:00,1,32548,76
2026-09-22T00:02:23.623765+00:00,2,32600,79
2026-09-22T00:02:23.623765+00:00,3,32582,74
2026-09-22T00:02:28.706457+00:00,0,32560,78
2026-09-22T00:02:28.706457+00:00,1,32548,76
2026-09-22T00:02:28.706457+00:00,2,32600,78
2026-09-22T00:02:28.706457+00:00,3,32582,76
2026-09-22T00:02:33.786542+00:00,0,32560,80
2026-09-22T00:02:33.786542+00:00,1,32548,79
2026-09-22T00:02:33.786542+00:00,2,32600,84
2026-09-22T00:02:33.786542+00:00,3,32582,82
2026-09-22T00:02:38.855843+00:00,0,32560,77
2026-09-22T00:02:38.855843+00:00,1,32548,0
2026-09-22T00:02:38.855843+00:00,2,32600,77
2026-09-22T00:02:38.855843+00:00,3,32582,0
2026-09-22T00:02:43.932200+00:00,0,32560,0
2026-09-22T00:02:43.932200+00:00,1,32548,0
2026-09-22T00:02:43.932200+00:00,2,32600,73
2026-09-22T00:02:43.932200+00:00,3,32582,0
2026-09-22T00:02:49.008762+00:00,0,11512,99
2026-09-22T00:02:49.008762+00:00,1,12532,99
2026-09-22T00:02:49.008762+00:00,2,11452,99
2026-09-22T00:02:49.008762+00:00,3,11492,98
2026-09-22T00:02:54.071112+00:00,0,12056,99
2026-09-22T00:02:54.071112+00:00,1,13096,99
2026-09-22T00:02:54.071112+00:00,2,12056,99
2026-09-22T00:02:54.071112+00:00,3,12156,99
2026-09-22T00:02:59.140934+00:00,0,12282,99
2026-09-22T00:02:59.140934+00:00,1,13302,99
2026-09-22T00:02:59.140934+00:00,2,12182,99
2026-09-22T00:02:59.140934+00:00,3,12162,99
2026-09-22T00:03:04.209621+00:00,0,25280,99
2026-09-22T00:03:04.209621+00:00,1,25320,99
2026-09-22T00:03:04.209621+00:00,2,25280,97
2026-09-22T00:03:04.209621+00:00,3,25280,99
2026-09-22T00:03:09.275465+00:00,0,25462,99
2026-09-22T00:03:09.275465+00:00,1,25482,99
2026-09-22T00:03:09.275465+00:00,2,25462,99
2026-09-22T00:03:09.275465+00:00,3,25422,99
2026-09-22T00:03:14.339466+00:00,0,25464,98
2026-09-22T00:03:14.339466+00:00,1,25504,99
2026-09-22T00:03:14.339466+00:00,2,25464,98
2026-09-22T00:03:14.339466+00:00,3,25444,99
2026-09-22T00:03:19.398312+00:00,0,28446,99
2026-09-22T00:03:19.398312+00:00,1,28466,99
2026-09-22T00:03:19.398312+00:00,2,27906,99
2026-09-22T00:03:19.398312+00:00,3,27866,99
2026-09-22T00:03:24.465958+00:00,0,28448,98
2026-09-22T00:03:24.465958+00:00,1,29048,99
2026-09-22T00:03:24.465958+00:00,2,28668,98
2026-09-22T00:03:24.465958+00:00,3,29068,98
2026-09-22T00:03:29.530175+00:00,0,28450,100
2026-09-22T00:03:29.530175+00:00,1,29050,100
2026-09-22T00:03:29.530175+00:00,2,28670,99
2026-09-22T00:03:29.530175+00:00,3,29070,99
2026-09-22T00:03:34.608283+00:00,0,28452,98
2026-09-22T00:03:34.608283+00:00,1,29050,99
2026-09-22T00:03:34.608283+00:00,2,28670,98
2026-09-22T00:03:34.608283+00:00,3,29072,98
2026-09-22T00:03:39.679378+00:00,0,28452,100
2026-09-22T00:03:39.679378+00:00,1,29052,99
2026-09-22T00:03:39.679378+00:00,2,28672,99
2026-09-22T00:03:39.679378+00:00,3,29072,99
2026-09-22T00:03:44.751452+00:00,0,4684,100
2026-09-22T00:03:44.751452+00:00,1,4684,92
2026-09-22T00:03:44.751452+00:00,2,4684,91
2026-09-22T00:03:44.751452+00:00,3,4684,100
2026-09-22T00:03:49.815778+00:00,0,9720,7
2026-09-22T00:03:49.815778+00:00,1,9740,6
2026-09-22T00:03:49.815778+00:00,2,9720,6
2026-09-22T00:03:49.815778+00:00,3,9720,7
2026-09-22T00:03:54.871767+00:00,0,11050,100
2026-09-22T00:03:54.871767+00:00,1,11050,100
2026-09-22T00:03:54.871767+00:00,2,11030,9
2026-09-22T00:03:54.871767+00:00,3,11050,100
2026-09-22T00:03:59.927720+00:00,0,15172,32
2026-09-22T00:03:59.927720+00:00,1,14510,27
2026-09-22T00:03:59.927720+00:00,2,14450,28
2026-09-22T00:03:59.927720+00:00,3,15454,32
2026-09-22T00:04:04.993754+00:00,0,32562,76
2026-09-22T00:04:04.993754+00:00,1,32540,72
2026-09-22T00:04:04.993754+00:00,2,32558,72
2026-09-22T00:04:04.993754+00:00,3,32556,74
2026-09-22T00:04:10.063337+00:00,0,32562,70
2026-09-22T00:04:10.063337+00:00,1,32540,72
2026-09-22T00:04:10.063337+00:00,2,32558,67
2026-09-22T00:04:10.063337+00:00,3,32556,71
2026-09-22T00:04:15.130831+00:00,0,32562,74
2026-09-22T00:04:15.130831+00:00,1,32540,73
2026-09-22T00:04:15.130831+00:00,2,32558,77
2026-09-22T00:04:15.130831+00:00,3,32556,77
2026-09-22T00:04:20.193471+00:00,0,32562,71
2026-09-22T00:04:20.193471+00:00,1,32540,68
2026-09-22T00:04:20.193471+00:00,2,32558,69
2026-09-22T00:04:20.193471+00:00,3,32556,71
2026-09-22T00:04:25.269141+00:00,0,32562,76
2026-09-22T00:04:25.269141+00:00,1,32540,78
2026-09-22T00:04:25.269141+00:00,2,32558,78
2026-09-22T00:04:25.269141+00:00,3,32556,76
2026-09-22T00:04:30.334181+00:00,0,32562,70
2026-09-22T00:04:30.334181+00:00,1,32540,72
2026-09-22T00:04:30.334181+00:00,2,32558,70
2026-09-22T00:04:30.334181+00:00,3,32556,71
2026-09-22T00:04:35.412532+00:00,0,32562,78
2026-09-22T00:04:35.412532+00:00,1,32540,79
2026-09-22T00:04:35.412532+00:00,2,32558,76
2026-09-22T00:04:35.412532+00:00,3,32556,75
2026-09-22T00:04:40.476275+00:00,0,32562,75
2026-09-22T00:04:40.476275+00:00,1,32540,77
2026-09-22T00:04:40.476275+00:00,2,32558,77
2026-09-22T00:04:40.476275+00:00,3,32556,78
2026-09-22T00:04:45.539165+00:00,0,32562,80
2026-09-22T00:04:45.539165+00:00,1,32540,79
2026-09-22T00:04:45.539165+00:00,2,32558,78
2026-09-22T00:04:45.539165+00:00,3,32556,77
2026-09-22T00:04:50.604691+00:00,0,32562,75
2026-09-22T00:04:50.604691+00:00,1,32540,76
2026-09-22T00:04:50.604691+00:00,2,32558,72
2026-09-22T00:04:50.604691+00:00,3,32556,75
2026-09-22T00:04:55.686230+00:00,0,32562,75
2026-09-22T00:04:55.686230+00:00,1,32540,76
2026-09-22T00:04:55.686230+00:00,2,32558,74
2026-09-22T00:04:55.686230+00:00,3,32556,74
2026-09-22T00:05:00.765889+00:00,0,32562,84
2026-09-22T00:05:00.765889+00:00,1,32540,77
2026-09-22T00:05:00.765889+00:00,2,32558,80
2026-09-22T00:05:00.765889+00:00,3,32556,82
2026-09-22T00:05:05.833783+00:00,0,32562,79
2026-09-22T00:05:05.833783+00:00,1,32540,82
2026-09-22T00:05:05.833783+00:00,2,32558,79
2026-09-22T00:05:05.833783+00:00,3,32556,80
2026-09-22T00:05:10.899738+00:00,0,32562,76
2026-09-22T00:05:10.899738+00:00,1,32540,70
2026-09-22T00:05:10.899738+00:00,2,32558,73
2026-09-22T00:05:10.899738+00:00,3,32556,75
2026-09-22T00:05:15.985491+00:00,0,32562,78
2026-09-22T00:05:15.985491+00:00,1,32540,80
2026-09-22T00:05:15.985491+00:00,2,32558,77
2026-09-22T00:05:15.985491+00:00,3,32556,79
2026-09-22T00:05:21.055574+00:00,0,32562,73
2026-09-22T00:05:21.055574+00:00,1,32540,75
2026-09-22T00:05:21.055574+00:00,2,32558,75
2026-09-22T00:05:21.055574+00:00,3,32556,72
2026-09-22T00:05:26.140190+00:00,0,32562,81
2026-09-22T00:05:26.140190+00:00,1,32540,80
2026-09-22T00:05:26.140190+00:00,2,32558,79
2026-09-22T00:05:26.140190+00:00,3,32556,76
2026-09-22T00:05:31.210143+00:00,0,32562,73
2026-09-22T00:05:31.210143+00:00,1,32540,77
2026-09-22T00:05:31.210143+00:00,2,32558,78
2026-09-22T00:05:31.210143+00:00,3,32556,75
2026-09-22T00:05:36.292069+00:00,0,32562,78
2026-09-22T00:05:36.292069+00:00,1,32540,77
2026-09-22T00:05:36.292069+00:00,2,32558,75
2026-09-22T00:05:36.292069+00:00,3,32556,76
2026-09-22T00:05:41.374562+00:00,0,32562,76
2026-09-22T00:05:41.374562+00:00,1,32540,74
2026-09-22T00:05:41.374562+00:00,2,32558,77
2026-09-22T00:05:41.374562+00:00,3,32556,78
2026-09-22T00:05:46.454111+00:00,0,32562,77
2026-09-22T00:05:46.454111+00:00,1,32540,77
2026-09-22T00:05:46.454111+00:00,2,32558,76
2026-09-22T00:05:46.454111+00:00,3,32556,77
2026-09-22T00:05:51.536703+00:00,0,32562,76
2026-09-22T00:05:51.536703+00:00,1,32540,74
2026-09-22T00:05:51.536703+00:00,2,32558,76
2026-09-22T00:05:51.536703+00:00,3,32556,73
2026-09-22T00:05:56.616933+00:00,0,32562,78
2026-09-22T00:05:56.616933+00:00,1,32540,78
2026-09-22T00:05:56.616933+00:00,2,32558,78
2026-09-22T00:05:56.616933+00:00,3,32556,75
2026-09-22T00:06:01.716145+00:00,0,32562,78
2026-09-22T00:06:01.716145+00:00,1,32540,73
2026-09-22T00:06:01.716145+00:00,2,32558,80
2026-09-22T00:06:01.716145+00:00,3,32556,78
2026-09-22T00:06:06.795926+00:00,0,32562,81
2026-09-22T00:06:06.795926+00:00,1,32540,78
2026-09-22T00:06:06.795926+00:00,2,32558,83
2026-09-22T00:06:06.795926+00:00,3,32556,84
2026-09-22T00:06:11.860419+00:00,0,32562,83
2026-09-22T00:06:11.860419+00:00,1,32540,80
2026-09-22T00:06:11.860419+00:00,2,32558,81
2026-09-22T00:06:11.860419+00:00,3,32556,78
2026-09-22T00:06:16.934491+00:00,0,32564,0
2026-09-22T00:06:16.934491+00:00,1,32540,0
2026-09-22T00:06:16.934491+00:00,2,32558,75
2026-09-22T00:06:16.934491+00:00,3,32556,0
2026-09-22T00:06:21.989440+00:00,0,11872,72
2026-09-22T00:06:21.989440+00:00,1,13232,100
2026-09-22T00:06:21.989440+00:00,2,11792,96
2026-09-22T00:06:21.989440+00:00,3,12052,95
2026-09-22T00:06:27.063558+00:00,0,12318,99
2026-09-22T00:06:27.063558+00:00,1,13458,99
2026-09-22T00:06:27.063558+00:00,2,12418,99
2026-09-22T00:06:27.063558+00:00,3,12398,99
2026-09-22T00:06:32.136103+00:00,0,5424,100
2026-09-22T00:06:32.136103+00:00,1,6604,94
2026-09-22T00:06:32.136103+00:00,2,5504,85
2026-09-22T00:06:32.136103+00:00,3,5424,98
2026-09-22T00:06:37.201586+00:00,0,25420,98
2026-09-22T00:06:37.201586+00:00,1,25880,99
2026-09-22T00:06:37.201586+00:00,2,25462,98
2026-09-22T00:06:37.201586+00:00,3,25500,98
2026-09-22T00:06:42.281888+00:00,0,25762,99
2026-09-22T00:06:42.281888+00:00,1,27124,99
2026-09-22T00:06:42.281888+00:00,2,25464,100
2026-09-22T00:06:42.281888+00:00,3,26504,99
2026-09-22T00:06:47.354765+00:00,0,28026,99
2026-09-22T00:06:47.354765+00:00,1,27706,99
2026-09-22T00:06:47.354765+00:00,2,28066,100
2026-09-22T00:06:47.354765+00:00,3,27506,100
2026-09-22T00:06:52.417588+00:00,0,28028,100
2026-09-22T00:06:52.417588+00:00,1,28108,99
2026-09-22T00:06:52.417588+00:00,2,28288,100
2026-09-22T00:06:52.417588+00:00,3,28168,99
2026-09-22T00:06:57.491196+00:00,0,28030,99
2026-09-22T00:06:57.491196+00:00,1,28110,100
2026-09-22T00:06:57.491196+00:00,2,28290,99
2026-09-22T00:06:57.491196+00:00,3,28230,99
2026-09-22T00:07:02.561736+00:00,0,28030,99
2026-09-22T00:07:02.561736+00:00,1,28112,100
2026-09-22T00:07:02.561736+00:00,2,28290,100
2026-09-22T00:07:02.561736+00:00,3,28230,99
2026-09-22T00:07:07.635695+00:00,0,28032,99
2026-09-22T00:07:07.635695+00:00,1,28112,99
2026-09-22T00:07:07.635695+00:00,2,28292,99
2026-09-22T00:07:07.635695+00:00,3,28232,99
2026-09-22T00:07:12.709682+00:00,0,4478,83
2026-09-22T00:07:12.709682+00:00,1,4558,83
2026-09-22T00:07:12.709682+00:00,2,4538,83
2026-09-22T00:07:12.709682+00:00,3,5098,83
2026-09-22T00:07:17.796252+00:00,0,9720,33
2026-09-22T00:07:17.796252+00:00,1,9740,31
2026-09-22T00:07:17.796252+00:00,2,9720,7
2026-09-22T00:07:17.796252+00:00,3,9720,7
2026-09-22T00:07:22.854822+00:00,0,10620,6
2026-09-22T00:07:22.854822+00:00,1,10804,8
2026-09-22T00:07:22.854822+00:00,2,10354,8
2026-09-22T00:07:22.854822+00:00,3,11050,41
2026-09-22T00:07:27.913633+00:00,0,11050,16
2026-09-22T00:07:27.913633+00:00,1,11050,39
2026-09-22T00:07:27.913633+00:00,2,11050,44
2026-09-22T00:07:27.913633+00:00,3,11050,17
2026-09-22T00:07:32.971621+00:00,0,32438,0
2026-09-22T00:07:32.971621+00:00,1,32440,0
2026-09-22T00:07:32.971621+00:00,2,32440,0
2026-09-22T00:07:32.971621+00:00,3,32440,0
2026-09-22T00:07:38.027362+00:00,0,32568,70
2026-09-22T00:07:38.027362+00:00,1,32558,76
2026-09-22T00:07:38.027362+00:00,2,32558,72
2026-09-22T00:07:38.027362+00:00,3,32560,80
2026-09-22T00:07:43.088467+00:00,0,32568,71
2026-09-22T00:07:43.088467+00:00,1,32558,75
2026-09-22T00:07:43.088467+00:00,2,32558,72
2026-09-22T00:07:43.088467+00:00,3,32560,75
2026-09-22T00:07:48.155573+00:00,0,32568,71
2026-09-22T00:07:48.155573+00:00,1,32558,73
2026-09-22T00:07:48.155573+00:00,2,32558,72
2026-09-22T00:07:48.155573+00:00,3,32560,76
2026-09-22T00:07:53.224937+00:00,0,32568,77
2026-09-22T00:07:53.224937+00:00,1,32558,80
2026-09-22T00:07:53.224937+00:00,2,32558,76
2026-09-22T00:07:53.224937+00:00,3,32560,75
2026-09-22T00:07:58.289167+00:00,0,32568,67
2026-09-22T00:07:58.289167+00:00,1,32558,67
2026-09-22T00:07:58.289167+00:00,2,32558,70
2026-09-22T00:07:58.289167+00:00,3,32560,71
2026-09-22T00:08:03.367195+00:00,0,32568,77
2026-09-22T00:08:03.367195+00:00,1,32558,76
2026-09-22T00:08:03.367195+00:00,2,32558,79
2026-09-22T00:08:03.367195+00:00,3,32560,77
2026-09-22T00:08:08.433214+00:00,0,32568,70
2026-09-22T00:08:08.433214+00:00,1,32558,69
2026-09-22T00:08:08.433214+00:00,2,32558,65
2026-09-22T00:08:08.433214+00:00,3,32560,72
2026-09-22T00:08:13.510692+00:00,0,32568,76
2026-09-22T00:08:13.510692+00:00,1,32558,74
2026-09-22T00:08:13.510692+00:00,2,32558,76
2026-09-22T00:08:13.510692+00:00,3,32560,74
2026-09-22T00:08:18.576933+00:00,0,32568,75
2026-09-22T00:08:18.576933+00:00,1,32558,71
2026-09-22T00:08:18.576933+00:00,2,32558,73
2026-09-22T00:08:18.576933+00:00,3,32560,74
2026-09-22T00:08:23.654644+00:00,0,32568,76
2026-09-22T00:08:23.654644+00:00,1,32558,74
2026-09-22T00:08:23.654644+00:00,2,32558,72
2026-09-22T00:08:23.654644+00:00,3,32560,75
2026-09-22T00:08:28.730363+00:00,0,32568,75
2026-09-22T00:08:28.730363+00:00,1,32558,75
2026-09-22T00:08:28.730363+00:00,2,32558,75
2026-09-22T00:08:28.730363+00:00,3,32560,72
2026-09-22T00:08:33.809661+00:00,0,32568,77
2026-09-22T00:08:33.809661+00:00,1,32558,73
2026-09-22T00:08:33.809661+00:00,2,32558,77
2026-09-22T00:08:33.809661+00:00,3,32560,76
2026-09-22T00:08:38.883769+00:00,0,32568,75
2026-09-22T00:08:38.883769+00:00,1,32558,71
2026-09-22T00:08:38.883769+00:00,2,32558,76
2026-09-22T00:08:38.883769+00:00,3,32560,75
2026-09-22T00:08:43.958797+00:00,0,32568,76
2026-09-22T00:08:43.958797+00:00,1,32558,77
2026-09-22T00:08:43.958797+00:00,2,32558,75
2026-09-22T00:08:43.958797+00:00,3,32560,78
2026-09-22T00:08:49.041336+00:00,0,32568,76
2026-09-22T00:08:49.041336+00:00,1,32558,77
2026-09-22T00:08:49.041336+00:00,2,32558,75
2026-09-22T00:08:49.041336+00:00,3,32560,78
2026-09-22T00:08:54.116567+00:00,0,32568,78
2026-09-22T00:08:54.116567+00:00,1,32558,81
2026-09-22T00:08:54.116567+00:00,2,32558,79
2026-09-22T00:08:54.116567+00:00,3,32560,86
2026-09-22T00:08:59.185885+00:00,0,32568,79
2026-09-22T00:08:59.185885+00:00,1,32558,84
2026-09-22T00:08:59.185885+00:00,2,32558,79
2026-09-22T00:08:59.185885+00:00,3,32560,81
2026-09-22T00:09:04.253632+00:00,0,32568,78
2026-09-22T00:09:04.253632+00:00,1,32558,71
2026-09-22T00:09:04.253632+00:00,2,32558,74
2026-09-22T00:09:04.253632+00:00,3,32560,75
2026-09-22T00:09:09.331728+00:00,0,32568,75
2026-09-22T00:09:09.331728+00:00,1,32558,76
2026-09-22T00:09:09.331728+00:00,2,32558,74
2026-09-22T00:09:09.331728+00:00,3,32560,76
2026-09-22T00:09:14.411825+00:00,0,32568,81
2026-09-22T00:09:14.411825+00:00,1,32558,81
2026-09-22T00:09:14.411825+00:00,2,32558,79
2026-09-22T00:09:14.411825+00:00,3,32560,79
2026-09-22T00:09:19.484166+00:00,0,32568,80
2026-09-22T00:09:19.484166+00:00,1,32558,74
2026-09-22T00:09:19.484166+00:00,2,32558,79
2026-09-22T00:09:19.484166+00:00,3,32560,81
2026-09-22T00:09:24.552937+00:00,0,32568,74
2026-09-22T00:09:24.552937+00:00,1,32558,78
2026-09-22T00:09:24.552937+00:00,2,32558,75
2026-09-22T00:09:24.552937+00:00,3,32560,73
2026-09-22T00:09:29.633745+00:00,0,32568,81
2026-09-22T00:09:29.633745+00:00,1,32558,79
2026-09-22T00:09:29.633745+00:00,2,32558,80
2026-09-22T00:09:29.633745+00:00,3,32560,81
2026-09-22T00:09:34.701904+00:00,0,32568,83
2026-09-22T00:09:34.701904+00:00,1,32558,83
2026-09-22T00:09:34.701904+00:00,2,32558,79
2026-09-22T00:09:34.701904+00:00,3,32560,81
2026-09-22T00:09:39.770639+00:00,0,32568,82
2026-09-22T00:09:39.770639+00:00,1,32558,81
2026-09-22T00:09:39.770639+00:00,2,32558,72
2026-09-22T00:09:39.770639+00:00,3,32560,84
2026-09-22T00:09:44.839454+00:00,0,1198,3
2026-09-22T00:09:44.839454+00:00,1,1200,0
2026-09-22T00:09:44.839454+00:00,2,1200,0
2026-09-22T00:09:44.839454+00:00,3,1200,0
2026-09-22T00:09:49.910539+00:00,0,11774,99
2026-09-22T00:09:49.910539+00:00,1,12694,99
2026-09-22T00:09:49.910539+00:00,2,11854,99
2026-09-22T00:09:49.910539+00:00,3,11574,99
2026-09-22T00:09:54.979726+00:00,0,11980,99
2026-09-22T00:09:54.979726+00:00,1,13020,99
2026-09-22T00:09:54.979726+00:00,2,11980,99
2026-09-22T00:09:54.979726+00:00,3,11920,99
2026-09-22T00:10:00.048544+00:00,0,25514,100
2026-09-22T00:10:00.048544+00:00,1,25534,99
2026-09-22T00:10:00.048544+00:00,2,25514,99
2026-09-22T00:10:00.048544+00:00,3,25514,100
2026-09-22T00:10:05.119362+00:00,0,27582,99
2026-09-22T00:10:05.119362+00:00,1,27622,99
2026-09-22T00:10:05.119362+00:00,2,27462,99
2026-09-22T00:10:05.119362+00:00,3,27462,99
2026-09-22T00:10:10.189486+00:00,0,27644,99
2026-09-22T00:10:10.189486+00:00,1,27904,99
2026-09-22T00:10:10.189486+00:00,2,27464,99
2026-09-22T00:10:10.189486+00:00,3,27764,99
2026-09-22T00:10:15.252940+00:00,0,28086,99
2026-09-22T00:10:15.252940+00:00,1,27906,99
2026-09-22T00:10:15.252940+00:00,2,27806,98
2026-09-22T00:10:15.252940+00:00,3,28046,98
2026-09-22T00:10:20.327679+00:00,0,28668,99
2026-09-22T00:10:20.327679+00:00,1,28188,100
2026-09-22T00:10:20.327679+00:00,2,28928,100
2026-09-22T00:10:20.327679+00:00,3,28328,100
2026-09-22T00:10:25.400028+00:00,0,28670,99
2026-09-22T00:10:25.400028+00:00,1,28190,99
2026-09-22T00:10:25.400028+00:00,2,28930,99
2026-09-22T00:10:25.400028+00:00,3,28330,99
2026-09-22T00:10:30.475896+00:00,0,28672,99
2026-09-22T00:10:30.475896+00:00,1,28192,100
2026-09-22T00:10:30.475896+00:00,2,28932,99
2026-09-22T00:10:30.475896+00:00,3,28332,99
2026-09-22T00:10:35.545842+00:00,0,4718,52
2026-09-22T00:10:35.545842+00:00,1,4278,65
2026-09-22T00:10:35.545842+00:00,2,4338,84
2026-09-22T00:10:35.545842+00:00,3,4358,66
2026-09-22T00:10:40.624000+00:00,0,9720,6
2026-09-22T00:10:40.624000+00:00,1,9740,5
2026-09-22T00:10:40.624000+00:00,2,9720,7
2026-09-22T00:10:40.624000+00:00,3,9720,8
2026-09-22T00:10:45.681937+00:00,0,10826,6
2026-09-22T00:10:45.681937+00:00,1,11008,8
2026-09-22T00:10:45.681937+00:00,2,11050,100
2026-09-22T00:10:45.681937+00:00,3,10824,7
2026-09-22T00:10:50.739371+00:00,0,11050,15
2026-09-22T00:10:50.739371+00:00,1,11050,12
2026-09-22T00:10:50.739371+00:00,2,11050,45
2026-09-22T00:10:50.739371+00:00,3,11050,20
2026-09-22T00:10:55.803844+00:00,0,32560,75
2026-09-22T00:10:55.803844+00:00,1,32554,72
2026-09-22T00:10:55.803844+00:00,2,32552,74
2026-09-22T00:10:55.803844+00:00,3,32538,74
2026-09-22T00:11:00.869478+00:00,0,32560,72
2026-09-22T00:11:00.869478+00:00,1,32554,74
2026-09-22T00:11:00.869478+00:00,2,32552,79
2026-09-22T00:11:00.869478+00:00,3,32538,79
2026-09-22T00:11:05.925827+00:00,0,32560,75
2026-09-22T00:11:05.925827+00:00,1,32554,74
2026-09-22T00:11:05.925827+00:00,2,32552,74
2026-09-22T00:11:05.925827+00:00,3,32538,75
2026-09-22T00:11:10.987093+00:00,0,32560,82
2026-09-22T00:11:10.987093+00:00,1,32554,74
2026-09-22T00:11:10.987093+00:00,2,32552,76
2026-09-22T00:11:10.987093+00:00,3,32538,75
2026-09-22T00:11:16.053285+00:00,0,32560,74
2026-09-22T00:11:16.053285+00:00,1,32554,76
2026-09-22T00:11:16.053285+00:00,2,32552,76
2026-09-22T00:11:16.053285+00:00,3,32538,77
2026-09-22T00:11:21.116983+00:00,0,32560,74
2026-09-22T00:11:21.116983+00:00,1,32554,80
2026-09-22T00:11:21.116983+00:00,2,32552,77
2026-09-22T00:11:21.116983+00:00,3,32538,72
2026-09-22T00:11:26.182616+00:00,0,32560,76
2026-09-22T00:11:26.182616+00:00,1,32554,77
2026-09-22T00:11:26.182616+00:00,2,32552,78
2026-09-22T00:11:26.182616+00:00,3,32538,76
2026-09-22T00:11:31.249549+00:00,0,32560,77
2026-09-22T00:11:31.249549+00:00,1,32554,78
2026-09-22T00:11:31.249549+00:00,2,32552,74
2026-09-22T00:11:31.249549+00:00,3,32538,73
2026-09-22T00:11:36.317983+00:00,0,32560,73
2026-09-22T00:11:36.317983+00:00,1,32554,74
2026-09-22T00:11:36.317983+00:00,2,32552,75
2026-09-22T00:11:36.317983+00:00,3,32538,75
2026-09-22T00:11:41.392252+00:00,0,32560,74
2026-09-22T00:11:41.392252+00:00,1,32554,69
2026-09-22T00:11:41.392252+00:00,2,32552,73
2026-09-22T00:11:41.392252+00:00,3,32538,72
2026-09-22T00:11:46.473445+00:00,0,32560,80
2026-09-22T00:11:46.473445+00:00,1,32554,76
2026-09-22T00:11:46.473445+00:00,2,32552,81
2026-09-22T00:11:46.473445+00:00,3,32538,81
2026-09-22T00:11:51.537182+00:00,0,32560,80
2026-09-22T00:11:51.537182+00:00,1,32554,78
2026-09-22T00:11:51.537182+00:00,2,32552,80
2026-09-22T00:11:51.537182+00:00,3,32538,79
2026-09-22T00:11:56.605813+00:00,0,32560,73
2026-09-22T00:11:56.605813+00:00,1,32554,74
2026-09-22T00:11:56.605813+00:00,2,32552,72
2026-09-22T00:11:56.605813+00:00,3,32538,74
2026-09-22T00:12:01.687460+00:00,0,32560,76
2026-09-22T00:12:01.687460+00:00,1,32554,79
2026-09-22T00:12:01.687460+00:00,2,32552,78
2026-09-22T00:12:01.687460+00:00,3,32538,76
2026-09-22T00:12:06.755351+00:00,0,32560,73
2026-09-22T00:12:06.755351+00:00,1,32554,73
2026-09-22T00:12:06.755351+00:00,2,32552,77
2026-09-22T00:12:06.755351+00:00,3,32538,71
2026-09-22T00:12:11.837941+00:00,0,32560,80
2026-09-22T00:12:11.837941+00:00,1,32554,83
2026-09-22T00:12:11.837941+00:00,2,32552,76
2026-09-22T00:12:11.837941+00:00,3,32538,77
2026-09-22T00:12:16.908175+00:00,0,32560,79
2026-09-22T00:12:16.908175+00:00,1,32554,77
2026-09-22T00:12:16.908175+00:00,2,32552,77
2026-09-22T00:12:16.908175+00:00,3,32538,80
2026-09-22T00:12:21.980044+00:00,0,32560,78
2026-09-22T00:12:21.980044+00:00,1,32554,74
2026-09-22T00:12:21.980044+00:00,2,32552,73
2026-09-22T00:12:21.980044+00:00,3,32538,76
2026-09-22T00:12:27.057318+00:00,0,32560,79
2026-09-22T00:12:27.057318+00:00,1,32554,75
2026-09-22T00:12:27.057318+00:00,2,32552,82
2026-09-22T00:12:27.057318+00:00,3,32538,80
2026-09-22T00:12:32.123494+00:00,0,32560,82
2026-09-22T00:12:32.123494+00:00,1,32554,77
2026-09-22T00:12:32.123494+00:00,2,32552,77
2026-09-22T00:12:32.123494+00:00,3,32538,81
2026-09-22T00:12:37.189446+00:00,0,32560,80
2026-09-22T00:12:37.189446+00:00,1,32554,79
2026-09-22T00:12:37.189446+00:00,2,32552,82
2026-09-22T00:12:37.189446+00:00,3,32538,77
2026-09-22T00:12:42.254214+00:00,0,32560,72
2026-09-22T00:12:42.254214+00:00,1,32554,77
2026-09-22T00:12:42.254214+00:00,2,32552,75
2026-09-22T00:12:42.254214+00:00,3,32538,73
2026-09-22T00:12:47.338083+00:00,0,32560,77
2026-09-22T00:12:47.338083+00:00,1,32554,77
2026-09-22T00:12:47.338083+00:00,2,32552,77
2026-09-22T00:12:47.338083+00:00,3,32538,74
2026-09-22T00:12:52.428217+00:00,0,32560,75
2026-09-22T00:12:52.428217+00:00,1,32554,77
2026-09-22T00:12:52.428217+00:00,2,32552,79
2026-09-22T00:12:52.428217+00:00,3,32538,74
2026-09-22T00:12:57.510034+00:00,0,32560,78
2026-09-22T00:12:57.510034+00:00,1,32554,78
2026-09-22T00:12:57.510034+00:00,2,32552,83
2026-09-22T00:12:57.510034+00:00,3,32538,82
2026-09-22T00:13:02.576360+00:00,0,32560,84
2026-09-22T00:13:02.576360+00:00,1,32554,0
2026-09-22T00:13:02.576360+00:00,2,32552,79
2026-09-22T00:13:02.576360+00:00,3,32538,0
2026-09-22T00:13:07.638047+00:00,0,11812,97
2026-09-22T00:13:07.638047+00:00,1,13012,99
2026-09-22T00:13:07.638047+00:00,2,11872,96
2026-09-22T00:13:07.638047+00:00,3,11812,96
2026-09-22T00:13:12.708806+00:00,0,12038,99
2026-09-22T00:13:12.708806+00:00,1,13098,99
2026-09-22T00:13:12.708806+00:00,2,12078,99
2026-09-22T00:13:12.708806+00:00,3,11998,99
2026-09-22T00:13:17.783311+00:00,0,1204,76
2026-09-22T00:13:17.783311+00:00,1,1206,55
2026-09-22T00:13:17.783311+00:00,2,1206,0
2026-09-22T00:13:17.783311+00:00,3,1206,0
2026-09-22T00:13:22.832704+00:00,0,25202,99
2026-09-22T00:13:22.832704+00:00,1,26042,100
2026-09-22T00:13:22.832704+00:00,2,25742,100
2026-09-22T00:13:22.832704+00:00,3,25162,99
2026-09-22T00:13:27.904763+00:00,0,25342,99
2026-09-22T00:13:27.904763+00:00,1,26604,99
2026-09-22T00:13:27.904763+00:00,2,26544,98
2026-09-22T00:13:27.904763+00:00,3,26264,99
2026-09-22T00:13:32.964535+00:00,0,26626,99
2026-09-22T00:13:32.964535+00:00,1,26606,99
2026-09-22T00:13:32.964535+00:00,2,26706,100
2026-09-22T00:13:32.964535+00:00,3,26426,100
2026-09-22T00:13:38.036569+00:00,0,26746,98
2026-09-22T00:13:38.036569+00:00,1,26946,98
2026-09-22T00:13:38.036569+00:00,2,27008,98
2026-09-22T00:13:38.036569+00:00,3,26988,98
2026-09-22T00:13:43.108766+00:00,0,26750,100
2026-09-22T00:13:43.108766+00:00,1,26948,99
2026-09-22T00:13:43.108766+00:00,2,27010,99
2026-09-22T00:13:43.108766+00:00,3,26988,99
2026-09-22T00:13:48.187760+00:00,0,26752,99
2026-09-22T00:13:48.187760+00:00,1,26952,99
2026-09-22T00:13:48.187760+00:00,2,27012,100
2026-09-22T00:13:48.187760+00:00,3,26992,99
2026-09-22T00:13:53.251631+00:00,0,26752,98
2026-09-22T00:13:53.251631+00:00,1,26952,97
2026-09-22T00:13:53.251631+00:00,2,27012,99
2026-09-22T00:13:53.251631+00:00,3,26992,97
2026-09-22T00:13:58.321584+00:00,0,5770,86
2026-09-22T00:13:58.321584+00:00,1,5770,92
2026-09-22T00:13:58.321584+00:00,2,5770,100
2026-09-22T00:13:58.321584+00:00,3,5770,96
2026-09-22T00:14:03.375027+00:00,0,9720,8
2026-09-22T00:14:03.375027+00:00,1,9740,7
2026-09-22T00:14:03.375027+00:00,2,9720,8
2026-09-22T00:14:03.375027+00:00,3,9720,7
2026-09-22T00:14:08.436771+00:00,0,11050,33
2026-09-22T00:14:08.436771+00:00,1,11050,100
2026-09-22T00:14:08.436771+00:00,2,11050,17
2026-09-22T00:14:08.436771+00:00,3,11050,32
2026-09-22T00:14:13.494397+00:00,0,16516,37
2026-09-22T00:14:13.494397+00:00,1,16516,30
2026-09-22T00:14:13.494397+00:00,2,15474,27
2026-09-22T00:14:13.494397+00:00,3,16076,31
2026-09-22T00:14:18.556609+00:00,0,32568,79
2026-09-22T00:14:18.556609+00:00,1,32566,72
2026-09-22T00:14:18.556609+00:00,2,32560,83
2026-09-22T00:14:18.556609+00:00,3,32568,75
2026-09-22T00:14:23.620445+00:00,0,32568,73
2026-09-22T00:14:23.620445+00:00,1,32566,73
2026-09-22T00:14:23.620445+00:00,2,32560,76
2026-09-22T00:14:23.620445+00:00,3,32568,72
2026-09-22T00:14:28.684031+00:00,0,32568,75
2026-09-22T00:14:28.684031+00:00,1,32566,73
2026-09-22T00:14:28.684031+00:00,2,32560,74
2026-09-22T00:14:28.684031+00:00,3,32568,75
2026-09-22T00:14:33.752339+00:00,0,32568,72
2026-09-22T00:14:33.752339+00:00,1,32566,76
2026-09-22T00:14:33.752339+00:00,2,32560,78
2026-09-22T00:14:33.752339+00:00,3,32568,72
2026-09-22T00:14:38.821321+00:00,0,32568,74
2026-09-22T00:14:38.821321+00:00,1,32566,76
2026-09-22T00:14:38.821321+00:00,2,32560,77
2026-09-22T00:14:38.821321+00:00,3,32568,77
2026-09-22T00:14:43.887469+00:00,0,32568,84
2026-09-22T00:14:43.887469+00:00,1,32566,80
2026-09-22T00:14:43.887469+00:00,2,32560,78
2026-09-22T00:14:43.887469+00:00,3,32568,85
2026-09-22T00:14:48.954907+00:00,0,32568,77
2026-09-22T00:14:48.954907+00:00,1,32566,75
2026-09-22T00:14:48.954907+00:00,2,32560,83
2026-09-22T00:14:48.954907+00:00,3,32568,78
2026-09-22T00:14:54.020833+00:00,0,32568,84
2026-09-22T00:14:54.020833+00:00,1,32566,76
2026-09-22T00:14:54.020833+00:00,2,32560,77
2026-09-22T00:14:54.020833+00:00,3,32568,85
2026-09-22T00:14:59.089679+00:00,0,32568,84
2026-09-22T00:14:59.089679+00:00,1,32566,81
2026-09-22T00:14:59.089679+00:00,2,32560,80
2026-09-22T00:14:59.089679+00:00,3,32568,77
2026-09-22T00:15:04.154491+00:00,0,32568,81
2026-09-22T00:15:04.154491+00:00,1,32566,78
2026-09-22T00:15:04.154491+00:00,2,32560,78
2026-09-22T00:15:04.154491+00:00,3,32568,82
2026-09-22T00:15:09.223292+00:00,0,32568,80
2026-09-22T00:15:09.223292+00:00,1,32566,79
2026-09-22T00:15:09.223292+00:00,2,32560,88
2026-09-22T00:15:09.223292+00:00,3,32568,79
2026-09-22T00:15:14.292204+00:00,0,32568,78
2026-09-22T00:15:14.292204+00:00,1,32566,81
2026-09-22T00:15:14.292204+00:00,2,32560,83
2026-09-22T00:15:14.292204+00:00,3,32568,78
2026-09-22T00:15:19.368822+00:00,0,32568,80
2026-09-22T00:15:19.368822+00:00,1,32566,81
2026-09-22T00:15:19.368822+00:00,2,32560,80
2026-09-22T00:15:19.368822+00:00,3,32568,78
2026-09-22T00:15:24.437094+00:00,0,32568,78
2026-09-22T00:15:24.437094+00:00,1,32566,81
2026-09-22T00:15:24.437094+00:00,2,32560,78
2026-09-22T00:15:24.437094+00:00,3,32568,78
2026-09-22T00:15:29.504830+00:00,0,32568,85
2026-09-22T00:15:29.504830+00:00,1,32566,79
2026-09-22T00:15:29.504830+00:00,2,32560,80
2026-09-22T00:15:29.504830+00:00,3,32568,80
2026-09-22T00:15:34.566369+00:00,0,32568,81
2026-09-22T00:15:34.566369+00:00,1,32566,81
2026-09-22T00:15:34.566369+00:00,2,32560,80
2026-09-22T00:15:34.566369+00:00,3,32568,81
2026-09-22T00:15:39.633924+00:00,0,32568,76
2026-09-22T00:15:39.633924+00:00,1,32566,73
2026-09-22T00:15:39.633924+00:00,2,32560,79
2026-09-22T00:15:39.633924+00:00,3,32568,79
2026-09-22T00:15:44.709025+00:00,0,32568,75
2026-09-22T00:15:44.709025+00:00,1,32566,78
2026-09-22T00:15:44.709025+00:00,2,32560,75
2026-09-22T00:15:44.709025+00:00,3,32568,78
2026-09-22T00:15:49.790175+00:00,0,32568,84
2026-09-22T00:15:49.790175+00:00,1,32566,79
2026-09-22T00:15:49.790175+00:00,2,32560,81
2026-09-22T00:15:49.790175+00:00,3,32568,83
2026-09-22T00:15:54.855829+00:00,0,32568,81
2026-09-22T00:15:54.855829+00:00,1,32566,89
2026-09-22T00:15:54.855829+00:00,2,32560,83
2026-09-22T00:15:54.855829+00:00,3,32568,83
2026-09-22T00:15:59.924348+00:00,0,32568,77
2026-09-22T00:15:59.924348+00:00,1,32566,84
2026-09-22T00:15:59.924348+00:00,2,32560,81
2026-09-22T00:15:59.924348+00:00,3,32568,82
2026-09-22T00:16:04.990997+00:00,0,32568,87
2026-09-22T00:16:04.990997+00:00,1,32566,82
2026-09-22T00:16:04.990997+00:00,2,32560,79
2026-09-22T00:16:04.990997+00:00,3,32568,85
2026-09-22T00:16:10.059936+00:00,0,32568,86
2026-09-22T00:16:10.059936+00:00,1,32566,87
2026-09-22T00:16:10.059936+00:00,2,32560,81
2026-09-22T00:16:10.059936+00:00,3,32568,82
2026-09-22T00:16:15.127285+00:00,0,32568,81
2026-09-22T00:16:15.127285+00:00,1,32566,83
2026-09-22T00:16:15.127285+00:00,2,32560,80
2026-09-22T00:16:15.127285+00:00,3,32568,81
2026-09-22T00:16:20.198995+00:00,0,32568,82
2026-09-22T00:16:20.198995+00:00,1,32566,81
2026-09-22T00:16:20.198995+00:00,2,32560,80
2026-09-22T00:16:20.198995+00:00,3,32568,0
2026-09-22T00:16:25.260211+00:00,0,32568,78
2026-09-22T00:16:25.260211+00:00,1,32566,0
2026-09-22T00:16:25.260211+00:00,2,32560,0
2026-09-22T00:16:25.260211+00:00,3,32568,0
2026-09-22T00:16:30.332258+00:00,0,2782,12
2026-09-22T00:16:30.332258+00:00,1,2782,0
2026-09-22T00:16:30.332258+00:00,2,2864,0
2026-09-22T00:16:30.332258+00:00,3,2782,0
2026-09-22T00:16:35.398432+00:00,0,12196,95
2026-09-22T00:16:35.398432+00:00,1,13256,96
2026-09-22T00:16:35.398432+00:00,2,12176,100
2026-09-22T00:16:35.398432+00:00,3,12356,96
2026-09-22T00:16:40.468154+00:00,0,12440,99
2026-09-22T00:16:40.468154+00:00,1,13320,99
2026-09-22T00:16:40.468154+00:00,2,12600,99
2026-09-22T00:16:40.468154+00:00,3,12360,99
2026-09-22T00:16:45.535649+00:00,0,26518,99
2026-09-22T00:16:45.535649+00:00,1,26558,99
2026-09-22T00:16:45.535649+00:00,2,26598,99
2026-09-22T00:16:45.535649+00:00,3,26358,99
2026-09-22T00:16:50.607260+00:00,0,26522,99
2026-09-22T00:16:50.607260+00:00,1,26562,98
2026-09-22T00:16:50.607260+00:00,2,26602,98
2026-09-22T00:16:50.607260+00:00,3,26362,99
2026-09-22T00:16:55.669499+00:00,0,26744,99
2026-09-22T00:16:55.669499+00:00,1,26564,99
2026-09-22T00:16:55.669499+00:00,2,26604,99
2026-09-22T00:16:55.669499+00:00,3,26924,99
2026-09-22T00:17:00.742552+00:00,0,27706,100
2026-09-22T00:17:00.742552+00:00,1,27486,100
2026-09-22T00:17:00.742552+00:00,2,28968,91
2026-09-22T00:17:00.742552+00:00,3,27928,100
2026-09-22T00:17:05.814546+00:00,0,28388,100
2026-09-22T00:17:05.814546+00:00,1,27488,99
2026-09-22T00:17:05.814546+00:00,2,28968,99
2026-09-22T00:17:05.814546+00:00,3,27928,99
2026-09-22T00:17:10.872301+00:00,0,28390,99
2026-09-22T00:17:10.872301+00:00,1,27490,99
2026-09-22T00:17:10.872301+00:00,2,28970,99
2026-09-22T00:17:10.872301+00:00,3,27930,99
2026-09-22T00:17:15.942116+00:00,0,28392,99
2026-09-22T00:17:15.942116+00:00,1,27490,98
2026-09-22T00:17:15.942116+00:00,2,28972,100
2026-09-22T00:17:15.942116+00:00,3,27932,98
2026-09-22T00:17:21.005488+00:00,0,28394,99
2026-09-22T00:17:21.005488+00:00,1,27494,99
2026-09-22T00:17:21.005488+00:00,2,28974,99
2026-09-22T00:17:21.005488+00:00,3,27934,99
2026-09-22T00:17:26.077942+00:00,0,9356,68
2026-09-22T00:17:26.077942+00:00,1,9376,75
2026-09-22T00:17:26.077942+00:00,2,9356,68
2026-09-22T00:17:26.077942+00:00,3,9356,81
2026-09-22T00:17:31.145664+00:00,0,9944,8
2026-09-22T00:17:31.145664+00:00,1,10600,8
2026-09-22T00:17:31.145664+00:00,2,9720,7
2026-09-22T00:17:31.145664+00:00,3,10252,9
2026-09-22T00:17:36.204002+00:00,0,11050,19
2026-09-22T00:17:36.204002+00:00,1,11050,33
2026-09-22T00:17:36.204002+00:00,2,11050,18
2026-09-22T00:17:36.204002+00:00,3,11050,32
2026-09-22T00:17:41.260608+00:00,0,4830,18
2026-09-22T00:17:41.260608+00:00,1,4832,13
2026-09-22T00:17:41.260608+00:00,2,4832,10
2026-09-22T00:17:41.260608+00:00,3,4832,12
2026-09-22T00:17:46.316469+00:00,0,32536,74
2026-09-22T00:17:46.316469+00:00,1,32586,78
2026-09-22T00:17:46.316469+00:00,2,32580,79
2026-09-22T00:17:46.316469+00:00,3,32558,75
2026-09-22T00:17:51.398402+00:00,0,32536,75
2026-09-22T00:17:51.398402+00:00,1,32586,75
2026-09-22T00:17:51.398402+00:00,2,32580,75
2026-09-22T00:17:51.398402+00:00,3,32558,77
2026-09-22T00:17:56.461870+00:00,0,32536,77
2026-09-22T00:17:56.461870+00:00,1,32586,80
2026-09-22T00:17:56.461870+00:00,2,32580,73
2026-09-22T00:17:56.461870+00:00,3,32558,72
2026-09-22T00:18:01.528647+00:00,0,32536,75
2026-09-22T00:18:01.528647+00:00,1,32586,84
2026-09-22T00:18:01.528647+00:00,2,32580,78
2026-09-22T00:18:01.528647+00:00,3,32558,80
2026-09-22T00:18:06.594880+00:00,0,32536,78
2026-09-22T00:18:06.594880+00:00,1,32586,75
2026-09-22T00:18:06.594880+00:00,2,32580,75
2026-09-22T00:18:06.594880+00:00,3,32558,75
2026-09-22T00:18:11.661742+00:00,0,32536,78
2026-09-22T00:18:11.661742+00:00,1,32586,76
2026-09-22T00:18:11.661742+00:00,2,32580,78
2026-09-22T00:18:11.661742+00:00,3,32558,78
2026-09-22T00:18:16.728527+00:00,0,32536,84
2026-09-22T00:18:16.728527+00:00,1,32586,79
2026-09-22T00:18:16.728527+00:00,2,32580,80
2026-09-22T00:18:16.728527+00:00,3,32558,79
2026-09-22T00:18:21.794162+00:00,0,32536,76
2026-09-22T00:18:21.794162+00:00,1,32586,79
2026-09-22T00:18:21.794162+00:00,2,32580,76
2026-09-22T00:18:21.794162+00:00,3,32558,77
2026-09-22T00:18:26.854930+00:00,0,32536,77
2026-09-22T00:18:26.854930+00:00,1,32586,81
2026-09-22T00:18:26.854930+00:00,2,32580,78
2026-09-22T00:18:26.854930+00:00,3,32558,77
2026-09-22T00:18:31.919091+00:00,0,32536,80
2026-09-22T00:18:31.919091+00:00,1,32586,80
2026-09-22T00:18:31.919091+00:00,2,32580,81
2026-09-22T00:18:31.919091+00:00,3,32558,80
2026-09-22T00:18:36.982733+00:00,0,32536,81
2026-09-22T00:18:36.982733+00:00,1,32586,78
2026-09-22T00:18:36.982733+00:00,2,32580,79
2026-09-22T00:18:36.982733+00:00,3,32558,82
2026-09-22T00:18:42.041029+00:00,0,32536,83
2026-09-22T00:18:42.041029+00:00,1,32586,84
2026-09-22T00:18:42.041029+00:00,2,32580,85
2026-09-22T00:18:42.041029+00:00,3,32558,84
2026-09-22T00:18:47.108473+00:00,0,32536,85
2026-09-22T00:18:47.108473+00:00,1,32586,78
2026-09-22T00:18:47.108473+00:00,2,32580,82
2026-09-22T00:18:47.108473+00:00,3,32558,78
2026-09-22T00:18:52.169021+00:00,0,32536,83
2026-09-22T00:18:52.169021+00:00,1,32586,84
2026-09-22T00:18:52.169021+00:00,2,32580,79
2026-09-22T00:18:52.169021+00:00,3,32558,79
2026-09-22T00:18:57.237803+00:00,0,32536,85
2026-09-22T00:18:57.237803+00:00,1,32586,78
2026-09-22T00:18:57.237803+00:00,2,32580,81
2026-09-22T00:18:57.237803+00:00,3,32558,83
2026-09-22T00:19:02.304819+00:00,0,32536,85
2026-09-22T00:19:02.304819+00:00,1,32586,81
2026-09-22T00:19:02.304819+00:00,2,32580,80
2026-09-22T00:19:02.304819+00:00,3,32558,85
2026-09-22T00:19:07.371609+00:00,0,32536,82
2026-09-22T00:19:07.371609+00:00,1,32586,82
2026-09-22T00:19:07.371609+00:00,2,32580,82
2026-09-22T00:19:07.371609+00:00,3,32558,87
2026-09-22T00:19:12.434962+00:00,0,32536,84
2026-09-22T00:19:12.434962+00:00,1,32586,84
2026-09-22T00:19:12.434962+00:00,2,32580,80
2026-09-22T00:19:12.434962+00:00,3,32558,87
2026-09-22T00:19:17.506349+00:00,0,32536,83
2026-09-22T00:19:17.506349+00:00,1,32586,87
2026-09-22T00:19:17.506349+00:00,2,32580,80
2026-09-22T00:19:17.506349+00:00,3,32558,86
2026-09-22T00:19:22.572995+00:00,0,32536,88
2026-09-22T00:19:22.572995+00:00,1,32586,82
2026-09-22T00:19:22.572995+00:00,2,32580,90
2026-09-22T00:19:22.572995+00:00,3,32558,87
2026-09-22T00:19:27.634421+00:00,0,32536,86
2026-09-22T00:19:27.634421+00:00,1,32586,80
2026-09-22T00:19:27.634421+00:00,2,32580,87
2026-09-22T00:19:27.634421+00:00,3,32558,85
2026-09-22T00:19:32.694321+00:00,0,32536,82
2026-09-22T00:19:32.694321+00:00,1,32586,84
2026-09-22T00:19:32.694321+00:00,2,32580,84
2026-09-22T00:19:32.694321+00:00,3,32558,83
2026-09-22T00:19:37.761109+00:00,0,32536,82
2026-09-22T00:19:37.761109+00:00,1,32586,87
2026-09-22T00:19:37.761109+00:00,2,32580,83
2026-09-22T00:19:37.761109+00:00,3,32558,84
2026-09-22T00:19:42.825816+00:00,0,32536,85
2026-09-22T00:19:42.825816+00:00,1,32586,85
2026-09-22T00:19:42.825816+00:00,2,32580,77
2026-09-22T00:19:42.825816+00:00,3,32558,86
2026-09-22T00:19:47.896644+00:00,0,32536,86
2026-09-22T00:19:47.896644+00:00,1,32586,81
2026-09-22T00:19:47.896644+00:00,2,32580,81
2026-09-22T00:19:47.896644+00:00,3,32558,82
2026-09-22T00:19:52.963566+00:00,0,32536,0
2026-09-22T00:19:52.963566+00:00,1,32586,88
2026-09-22T00:19:52.963566+00:00,2,32580,0
2026-09-22T00:19:52.963566+00:00,3,32558,0
2026-09-22T00:19:58.015082+00:00,0,12532,99
2026-09-22T00:19:58.015082+00:00,1,13212,99
2026-09-22T00:19:58.015082+00:00,2,12512,99
2026-09-22T00:19:58.015082+00:00,3,12552,99
2026-09-22T00:20:03.088609+00:00,0,12656,99
2026-09-22T00:20:03.088609+00:00,1,13336,99
2026-09-22T00:20:03.088609+00:00,2,12616,99
2026-09-22T00:20:03.088609+00:00,3,12556,99
2026-09-22T00:20:08.157105+00:00,0,5724,98
2026-09-22T00:20:08.157105+00:00,1,6264,100
2026-09-22T00:20:08.157105+00:00,2,5664,83
2026-09-22T00:20:08.157105+00:00,3,5544,98
2026-09-22T00:20:13.214427+00:00,0,25420,99
2026-09-22T00:20:13.214427+00:00,1,25500,90
2026-09-22T00:20:13.214427+00:00,2,25420,99
2026-09-22T00:20:13.214427+00:00,3,25420,89
2026-09-22T00:20:18.289272+00:00,0,28704,99
2026-09-22T00:20:18.289272+00:00,1,28484,99
2026-09-22T00:20:18.289272+00:00,2,28644,100
2026-09-22T00:20:18.289272+00:00,3,28804,100
2026-09-22T00:20:23.372953+00:00,0,29064,99
2026-09-22T00:20:23.372953+00:00,1,28924,99
2026-09-22T00:20:23.372953+00:00,2,28984,88
2026-09-22T00:20:23.372953+00:00,3,28804,90
2026-09-22T00:20:28.450826+00:00,0,29288,99
2026-09-22T00:20:28.450826+00:00,1,28928,99
2026-09-22T00:20:28.450826+00:00,2,29048,99
2026-09-22T00:20:28.450826+00:00,3,28808,99
2026-09-22T00:20:33.525650+00:00,0,29288,99
2026-09-22T00:20:33.525650+00:00,1,28928,99
2026-09-22T00:20:33.525650+00:00,2,29048,98
2026-09-22T00:20:33.525650+00:00,3,28988,99
2026-09-22T00:20:38.599526+00:00,0,29290,100
2026-09-22T00:20:38.599526+00:00,1,29110,99
2026-09-22T00:20:38.599526+00:00,2,29050,100
2026-09-22T00:20:38.599526+00:00,3,28990,99
2026-09-22T00:20:43.672747+00:00,0,29292,98
2026-09-22T00:20:43.672747+00:00,1,29112,98
2026-09-22T00:20:43.672747+00:00,2,29052,99
2026-09-22T00:20:43.672747+00:00,3,28992,99
2026-09-22T00:20:48.743054+00:00,0,29294,99
2026-09-22T00:20:48.743054+00:00,1,29114,100
2026-09-22T00:20:48.743054+00:00,2,29054,99
2026-09-22T00:20:48.743054+00:00,3,28994,99
2026-09-22T00:20:53.816975+00:00,0,9720,7
2026-09-22T00:20:53.816975+00:00,1,9740,5
2026-09-22T00:20:53.816975+00:00,2,9720,6
2026-09-22T00:20:53.816975+00:00,3,9720,5
2026-09-22T00:20:58.873967+00:00,0,10722,7
2026-09-22T00:20:58.873967+00:00,1,10334,8
2026-09-22T00:20:58.873967+00:00,2,10620,8
2026-09-22T00:20:58.873967+00:00,3,10744,8
2026-09-22T00:21:03.931326+00:00,0,11050,33
2026-09-22T00:21:03.931326+00:00,1,11050,43
2026-09-22T00:21:03.931326+00:00,2,11050,38
2026-09-22T00:21:03.931326+00:00,3,11050,17
2026-09-22T00:21:08.992488+00:00,0,32510,0
2026-09-22T00:21:08.992488+00:00,1,32542,17
2026-09-22T00:21:08.992488+00:00,2,32510,23
2026-09-22T00:21:08.992488+00:00,3,32594,55
2026-09-22T00:21:14.046473+00:00,0,32566,73
2026-09-22T00:21:14.046473+00:00,1,32582,77
2026-09-22T00:21:14.046473+00:00,2,32586,72
2026-09-22T00:21:14.046473+00:00,3,32594,70
2026-09-22T00:21:19.109176+00:00,0,32566,74
2026-09-22T00:21:19.109176+00:00,1,32582,72
2026-09-22T00:21:19.109176+00:00,2,32586,75
2026-09-22T00:21:19.109176+00:00,3,32594,69
2026-09-22T00:21:24.173271+00:00,0,32566,77
2026-09-22T00:21:24.173271+00:00,1,32582,82
2026-09-22T00:21:24.173271+00:00,2,32586,74
2026-09-22T00:21:24.173271+00:00,3,32594,76
2026-09-22T00:21:29.239511+00:00,0,32566,77
2026-09-22T00:21:29.239511+00:00,1,32582,78
2026-09-22T00:21:29.239511+00:00,2,32586,83
2026-09-22T00:21:29.239511+00:00,3,32594,76
2026-09-22T00:21:34.304355+00:00,0,32566,75
2026-09-22T00:21:34.304355+00:00,1,32582,72
2026-09-22T00:21:34.304355+00:00,2,32586,78
2026-09-22T00:21:34.304355+00:00,3,32594,75
2026-09-22T00:21:39.366163+00:00,0,32566,76
2026-09-22T00:21:39.366163+00:00,1,32582,79
2026-09-22T00:21:39.366163+00:00,2,32586,76
2026-09-22T00:21:39.366163+00:00,3,32594,79
2026-09-22T00:21:44.432009+00:00,0,32566,79
2026-09-22T00:21:44.432009+00:00,1,32582,78
2026-09-22T00:21:44.432009+00:00,2,32586,78
2026-09-22T00:21:44.432009+00:00,3,32594,78
2026-09-22T00:21:49.498449+00:00,0,32566,77
2026-09-22T00:21:49.498449+00:00,1,32582,77
2026-09-22T00:21:49.498449+00:00,2,32586,78
2026-09-22T00:21:49.498449+00:00,3,32594,82
2026-09-22T00:21:54.553903+00:00,0,32566,78
2026-09-22T00:21:54.553903+00:00,1,32582,86
2026-09-22T00:21:54.553903+00:00,2,32586,81
2026-09-22T00:21:54.553903+00:00,3,32594,74
2026-09-22T00:21:59.619325+00:00,0,32566,77
2026-09-22T00:21:59.619325+00:00,1,32582,80
2026-09-22T00:21:59.619325+00:00,2,32586,80
2026-09-22T00:21:59.619325+00:00,3,32594,79
2026-09-22T00:22:04.683683+00:00,0,32566,84
2026-09-22T00:22:04.683683+00:00,1,32582,81
2026-09-22T00:22:04.683683+00:00,2,32586,78
2026-09-22T00:22:04.683683+00:00,3,32594,82
2026-09-22T00:22:09.737964+00:00,0,32566,81
2026-09-22T00:22:09.737964+00:00,1,32582,82
2026-09-22T00:22:09.737964+00:00,2,32586,83
2026-09-22T00:22:09.737964+00:00,3,32594,81
2026-09-22T00:22:14.805982+00:00,0,32566,85
2026-09-22T00:22:14.805982+00:00,1,32582,79
2026-09-22T00:22:14.805982+00:00,2,32586,83
2026-09-22T00:22:14.805982+00:00,3,32594,77
2026-09-22T00:22:19.872026+00:00,0,32566,79
2026-09-22T00:22:19.872026+00:00,1,32582,81
2026-09-22T00:22:19.872026+00:00,2,32586,83
2026-09-22T00:22:19.872026+00:00,3,32594,81
2026-09-22T00:22:24.940674+00:00,0,32566,81
2026-09-22T00:22:24.940674+00:00,1,32582,81
2026-09-22T00:22:24.940674+00:00,2,32586,83
2026-09-22T00:22:24.940674+00:00,3,32594,81
2026-09-22T00:22:30.007673+00:00,0,32566,82
2026-09-22T00:22:30.007673+00:00,1,32582,83
2026-09-22T00:22:30.007673+00:00,2,32586,81
2026-09-22T00:22:30.007673+00:00,3,32594,83
2026-09-22T00:22:35.072341+00:00,0,32566,85
2026-09-22T00:22:35.072341+00:00,1,32582,80
2026-09-22T00:22:35.072341+00:00,2,32586,77
2026-09-22T00:22:35.072341+00:00,3,32594,85
2026-09-22T00:22:40.136737+00:00,0,32566,79
2026-09-22T00:22:40.136737+00:00,1,32582,81
2026-09-22T00:22:40.136737+00:00,2,32586,81
2026-09-22T00:22:40.136737+00:00,3,32594,81
2026-09-22T00:22:45.200818+00:00,0,32566,90
2026-09-22T00:22:45.200818+00:00,1,32582,81
2026-09-22T00:22:45.200818+00:00,2,32586,81
2026-09-22T00:22:45.200818+00:00,3,32594,82
2026-09-22T00:22:50.270990+00:00,0,32566,83
2026-09-22T00:22:50.270990+00:00,1,32582,81
2026-09-22T00:22:50.270990+00:00,2,32586,81
2026-09-22T00:22:50.270990+00:00,3,32594,83
2026-09-22T00:22:55.338947+00:00,0,32566,81
2026-09-22T00:22:55.338947+00:00,1,32582,89
2026-09-22T00:22:55.338947+00:00,2,32586,81
2026-09-22T00:22:55.338947+00:00,3,32594,82
2026-09-22T00:23:00.408707+00:00,0,32566,87
2026-09-22T00:23:00.408707+00:00,1,32582,83
2026-09-22T00:23:00.408707+00:00,2,32586,79
2026-09-22T00:23:00.408707+00:00,3,32594,81
2026-09-22T00:23:05.475623+00:00,0,32566,84
2026-09-22T00:23:05.475623+00:00,1,32582,80
2026-09-22T00:23:05.475623+00:00,2,32586,81
2026-09-22T00:23:05.475623+00:00,3,32594,85
2026-09-22T00:23:10.541576+00:00,0,32566,83
2026-09-22T00:23:10.541576+00:00,1,32582,80
2026-09-22T00:23:10.541576+00:00,2,32586,84
2026-09-22T00:23:10.541576+00:00,3,32594,85
2026-09-22T00:23:15.607873+00:00,0,32566,80
2026-09-22T00:23:15.607873+00:00,1,32582,82
2026-09-22T00:23:15.607873+00:00,2,32586,85
2026-09-22T00:23:15.607873+00:00,3,32594,77
2026-09-22T00:23:20.677073+00:00,0,32566,0
2026-09-22T00:23:20.677073+00:00,1,32582,0
2026-09-22T00:23:20.677073+00:00,2,32586,83
2026-09-22T00:23:20.677073+00:00,3,32594,0
2026-09-22T00:23:25.738650+00:00,0,12412,49
2026-09-22T00:23:25.738650+00:00,1,13412,99
2026-09-22T00:23:25.738650+00:00,2,12492,99
2026-09-22T00:23:25.738650+00:00,3,12432,45
2026-09-22T00:23:30.808498+00:00,0,12736,99
2026-09-22T00:23:30.808498+00:00,1,13696,99
2026-09-22T00:23:30.808498+00:00,2,12696,99
2026-09-22T00:23:30.808498+00:00,3,12676,99
2026-09-22T00:23:35.877077+00:00,0,12742,99
2026-09-22T00:23:35.877077+00:00,1,13702,99
2026-09-22T00:23:35.877077+00:00,2,12702,99
2026-09-22T00:23:35.877077+00:00,3,12682,99
2026-09-22T00:23:40.948930+00:00,0,25400,99
2026-09-22T00:23:40.948930+00:00,1,25480,99
2026-09-22T00:23:40.948930+00:00,2,25400,99
2026-09-22T00:23:40.948930+00:00,3,25400,99
2026-09-22T00:23:46.019089+00:00,0,28144,99
2026-09-22T00:23:46.019089+00:00,1,27864,99
2026-09-22T00:23:46.019089+00:00,2,28404,99
2026-09-22T00:23:46.019089+00:00,3,28164,100
2026-09-22T00:23:51.090616+00:00,0,28664,99
2026-09-22T00:23:51.090616+00:00,1,28624,99
2026-09-22T00:23:51.090616+00:00,2,28604,99
2026-09-22T00:23:51.090616+00:00,3,28544,99
2026-09-22T00:23:56.161680+00:00,0,29628,99
2026-09-22T00:23:56.161680+00:00,1,29208,99
2026-09-22T00:23:56.161680+00:00,2,29448,99
2026-09-22T00:23:56.161680+00:00,3,29328,100
2026-09-22T00:24:01.234110+00:00,0,29628,99
2026-09-22T00:24:01.234110+00:00,1,29208,98
2026-09-22T00:24:01.234110+00:00,2,29448,98
2026-09-22T00:24:01.234110+00:00,3,29328,99
2026-09-22T00:24:06.304573+00:00,0,29630,99
2026-09-22T00:24:06.304573+00:00,1,29210,99
2026-09-22T00:24:06.304573+00:00,2,29450,100
2026-09-22T00:24:06.304573+00:00,3,29330,99
2026-09-22T00:24:11.379157+00:00,0,29632,99
2026-09-22T00:24:11.379157+00:00,1,29212,99
2026-09-22T00:24:11.379157+00:00,2,29452,99
2026-09-22T00:24:11.379157+00:00,3,29332,98
2026-09-22T00:24:16.440111+00:00,0,29632,100
2026-09-22T00:24:16.440111+00:00,1,29212,99
2026-09-22T00:24:16.440111+00:00,2,29452,99
2026-09-22T00:24:16.440111+00:00,3,29332,99
2026-09-22T00:24:21.510077+00:00,0,8650,83
2026-09-22T00:24:21.510077+00:00,1,8650,77
2026-09-22T00:24:21.510077+00:00,2,8650,69
2026-09-22T00:24:21.510077+00:00,3,8650,81
2026-09-22T00:24:26.571826+00:00,0,10252,4
2026-09-22T00:24:26.571826+00:00,1,10272,8
2026-09-22T00:24:26.571826+00:00,2,9984,7
2026-09-22T00:24:26.571826+00:00,3,10824,10
2026-09-22T00:24:31.635658+00:00,0,11050,15
2026-09-22T00:24:31.635658+00:00,1,11050,21
2026-09-22T00:24:31.635658+00:00,2,11050,19
2026-09-22T00:24:31.635658+00:00,3,11050,36
2026-09-22T00:24:36.693099+00:00,0,4830,9
2026-09-22T00:24:36.693099+00:00,1,4832,10
2026-09-22T00:24:36.693099+00:00,2,4832,4
2026-09-22T00:24:36.693099+00:00,3,4832,3
2026-09-22T00:24:41.750478+00:00,0,32560,74
2026-09-22T00:24:41.750478+00:00,1,32558,72
2026-09-22T00:24:41.750478+00:00,2,32558,80
2026-09-22T00:24:41.750478+00:00,3,32576,72
2026-09-22T00:24:46.812061+00:00,0,32560,71
2026-09-22T00:24:46.812061+00:00,1,32558,77
2026-09-22T00:24:46.812061+00:00,2,32558,75
2026-09-22T00:24:46.812061+00:00,3,32576,72
2026-09-22T00:24:51.876637+00:00,0,32560,77
2026-09-22T00:24:51.876637+00:00,1,32558,74
2026-09-22T00:24:51.876637+00:00,2,32558,75
2026-09-22T00:24:51.876637+00:00,3,32576,71
2026-09-22T00:24:56.939534+00:00,0,32560,74
2026-09-22T00:24:56.939534+00:00,1,32558,74
2026-09-22T00:24:56.939534+00:00,2,32558,76
2026-09-22T00:24:56.939534+00:00,3,32576,75
2026-09-22T00:25:02.009222+00:00,0,32560,77
2026-09-22T00:25:02.009222+00:00,1,32558,76
2026-09-22T00:25:02.009222+00:00,2,32558,73
2026-09-22T00:25:02.009222+00:00,3,32576,75
2026-09-22T00:25:07.097742+00:00,0,32560,78
2026-09-22T00:25:07.097742+00:00,1,32558,78
2026-09-22T00:25:07.097742+00:00,2,32558,81
2026-09-22T00:25:07.097742+00:00,3,32576,79
2026-09-22T00:25:12.160468+00:00,0,32560,79
2026-09-22T00:25:12.160468+00:00,1,32558,78
2026-09-22T00:25:12.160468+00:00,2,32558,74
2026-09-22T00:25:12.160468+00:00,3,32576,74
2026-09-22T00:25:17.223576+00:00,0,32560,76
2026-09-22T00:25:17.223576+00:00,1,32558,77
2026-09-22T00:25:17.223576+00:00,2,32558,76
2026-09-22T00:25:17.223576+00:00,3,32576,78
2026-09-22T00:25:22.291690+00:00,0,32560,77
2026-09-22T00:25:22.291690+00:00,1,32558,79
2026-09-22T00:25:22.291690+00:00,2,32558,77
2026-09-22T00:25:22.291690+00:00,3,32576,79
2026-09-22T00:25:27.369903+00:00,0,32560,77
2026-09-22T00:25:27.369903+00:00,1,32558,79
2026-09-22T00:25:27.369903+00:00,2,32558,79
2026-09-22T00:25:27.369903+00:00,3,32576,79
2026-09-22T00:25:32.434375+00:00,0,32560,78
2026-09-22T00:25:32.434375+00:00,1,32558,79
2026-09-22T00:25:32.434375+00:00,2,32558,80
2026-09-22T00:25:32.434375+00:00,3,32576,80
2026-09-22T00:25:37.519680+00:00,0,32560,80
2026-09-22T00:25:37.519680+00:00,1,32558,78
2026-09-22T00:25:37.519680+00:00,2,32558,79
2026-09-22T00:25:37.519680+00:00,3,32576,75
2026-09-22T00:25:42.582992+00:00,0,32560,80
2026-09-22T00:25:42.582992+00:00,1,32558,77
2026-09-22T00:25:42.582992+00:00,2,32558,76
2026-09-22T00:25:42.582992+00:00,3,32576,81
2026-09-22T00:25:47.659591+00:00,0,32560,77
2026-09-22T00:25:47.659591+00:00,1,32558,80
2026-09-22T00:25:47.659591+00:00,2,32558,81
2026-09-22T00:25:47.659591+00:00,3,32576,79
2026-09-22T00:25:52.726384+00:00,0,32560,80
2026-09-22T00:25:52.726384+00:00,1,32558,79
2026-09-22T00:25:52.726384+00:00,2,32558,82
2026-09-22T00:25:52.726384+00:00,3,32576,80
2026-09-22T00:25:57.794335+00:00,0,32560,72
2026-09-22T00:25:57.794335+00:00,1,32558,81
2026-09-22T00:25:57.794335+00:00,2,32558,77
2026-09-22T00:25:57.794335+00:00,3,32576,72
2026-09-22T00:26:02.862435+00:00,0,32560,82
2026-09-22T00:26:02.862435+00:00,1,32558,80
2026-09-22T00:26:02.862435+00:00,2,32558,85
2026-09-22T00:26:02.862435+00:00,3,32576,79
2026-09-22T00:26:07.932652+00:00,0,32560,81
2026-09-22T00:26:07.932652+00:00,1,32558,82
2026-09-22T00:26:07.932652+00:00,2,32558,82
2026-09-22T00:26:07.932652+00:00,3,32576,83
2026-09-22T00:26:12.999605+00:00,0,32560,84
2026-09-22T00:26:12.999605+00:00,1,32558,82
2026-09-22T00:26:12.999605+00:00,2,32558,79
2026-09-22T00:26:12.999605+00:00,3,32576,81
2026-09-22T00:26:18.066916+00:00,0,32560,83
2026-09-22T00:26:18.066916+00:00,1,32558,83
2026-09-22T00:26:18.066916+00:00,2,32558,81
2026-09-22T00:26:18.066916+00:00,3,32576,83
2026-09-22T00:26:23.138174+00:00,0,32560,83
2026-09-22T00:26:23.138174+00:00,1,32558,86
2026-09-22T00:26:23.138174+00:00,2,32558,79
2026-09-22T00:26:23.138174+00:00,3,32576,81
2026-09-22T00:26:28.207903+00:00,0,32560,79
2026-09-22T00:26:28.207903+00:00,1,32558,82
2026-09-22T00:26:28.207903+00:00,2,32558,82
2026-09-22T00:26:28.207903+00:00,3,32576,81
2026-09-22T00:26:33.276965+00:00,0,32560,80
2026-09-22T00:26:33.276965+00:00,1,32558,80
2026-09-22T00:26:33.276965+00:00,2,32558,81
2026-09-22T00:26:33.276965+00:00,3,32576,83
2026-09-22T00:26:38.344845+00:00,0,32560,84
2026-09-22T00:26:38.344845+00:00,1,32558,79
2026-09-22T00:26:38.344845+00:00,2,32558,80
2026-09-22T00:26:38.344845+00:00,3,32576,81
2026-09-22T00:26:43.414053+00:00,0,32560,83
2026-09-22T00:26:43.414053+00:00,1,32558,82
2026-09-22T00:26:43.414053+00:00,2,32558,81
2026-09-22T00:26:43.414053+00:00,3,32576,84
2026-09-22T00:26:48.484325+00:00,0,32560,79
2026-09-22T00:26:48.484325+00:00,1,32558,0
2026-09-22T00:26:48.484325+00:00,2,32558,83
2026-09-22T00:26:48.484325+00:00,3,32576,82
2026-09-22T00:26:53.551727+00:00,0,12432,36
2026-09-22T00:26:53.551727+00:00,1,13552,67
2026-09-22T00:26:53.551727+00:00,2,12472,98
2026-09-22T00:26:53.551727+00:00,3,12432,99
2026-09-22T00:26:58.623084+00:00,0,12676,99
2026-09-22T00:26:58.623084+00:00,1,13696,99
2026-09-22T00:26:58.623084+00:00,2,12576,99
2026-09-22T00:26:58.623084+00:00,3,12596,99
2026-09-22T00:27:03.692418+00:00,0,12682,99
2026-09-22T00:27:03.692418+00:00,1,13702,99
2026-09-22T00:27:03.692418+00:00,2,12602,100
2026-09-22T00:27:03.692418+00:00,3,12602,99
2026-09-22T00:27:08.765573+00:00,0,25360,99
2026-09-22T00:27:08.765573+00:00,1,25440,98
2026-09-22T00:27:08.765573+00:00,2,25360,98
2026-09-22T00:27:08.765573+00:00,3,25360,99
2026-09-22T00:27:13.836176+00:00,0,28204,99
2026-09-22T00:27:13.836176+00:00,1,28564,99
2026-09-22T00:27:13.836176+00:00,2,27704,100
2026-09-22T00:27:13.836176+00:00,3,27704,99
2026-09-22T00:27:18.908195+00:00,0,28224,99
2026-09-22T00:27:18.908195+00:00,1,28564,99
2026-09-22T00:27:18.908195+00:00,2,28664,99
2026-09-22T00:27:18.908195+00:00,3,28724,98
2026-09-22T00:27:23.981782+00:00,0,29208,99
2026-09-22T00:27:23.981782+00:00,1,29088,99
2026-09-22T00:27:23.981782+00:00,2,28888,99
2026-09-22T00:27:23.981782+00:00,3,28866,99
2026-09-22T00:27:29.050367+00:00,0,29208,99
2026-09-22T00:27:29.050367+00:00,1,29088,99
2026-09-22T00:27:29.050367+00:00,2,28928,99
2026-09-22T00:27:29.050367+00:00,3,28928,99
2026-09-22T00:27:34.121491+00:00,0,29210,99
2026-09-22T00:27:34.121491+00:00,1,29090,99
2026-09-22T00:27:34.121491+00:00,2,28930,99
2026-09-22T00:27:34.121491+00:00,3,28930,100
2026-09-22T00:27:39.196499+00:00,0,29212,98
2026-09-22T00:27:39.196499+00:00,1,29092,98
2026-09-22T00:27:39.196499+00:00,2,28932,99
2026-09-22T00:27:39.196499+00:00,3,28932,98
2026-09-22T00:27:44.258707+00:00,0,29214,99
2026-09-22T00:27:44.258707+00:00,1,29094,100
2026-09-22T00:27:44.258707+00:00,2,28934,99
2026-09-22T00:27:44.258707+00:00,3,28934,99
2026-09-22T00:27:49.334920+00:00,0,9720,63
2026-09-22T00:27:49.334920+00:00,1,9740,80
2026-09-22T00:27:49.334920+00:00,2,9720,83
2026-09-22T00:27:49.334920+00:00,3,9720,80
2026-09-22T00:27:54.393059+00:00,0,10374,8
2026-09-22T00:27:54.393059+00:00,1,10784,8
2026-09-22T00:27:54.393059+00:00,2,10230,8
2026-09-22T00:27:54.393059+00:00,3,10598,8
2026-09-22T00:27:59.452912+00:00,0,11050,39
2026-09-22T00:27:59.452912+00:00,1,11050,50
2026-09-22T00:27:59.452912+00:00,2,11050,12
2026-09-22T00:27:59.452912+00:00,3,11050,30
2026-09-22T00:28:04.512853+00:00,0,32438,0
2026-09-22T00:28:04.512853+00:00,1,32440,0
2026-09-22T00:28:04.512853+00:00,2,4832,0
2026-09-22T00:28:04.512853+00:00,3,4832,17
2026-09-22T00:28:09.571621+00:00,0,32570,74
2026-09-22T00:28:09.571621+00:00,1,32566,72
2026-09-22T00:28:09.571621+00:00,2,32568,75
2026-09-22T00:28:09.571621+00:00,3,32586,79
2026-09-22T00:28:14.636659+00:00,0,32570,77
2026-09-22T00:28:14.636659+00:00,1,32566,74
2026-09-22T00:28:14.636659+00:00,2,32568,76
2026-09-22T00:28:14.636659+00:00,3,32586,76
2026-09-22T00:28:19.701618+00:00,0,32570,78
2026-09-22T00:28:19.701618+00:00,1,32566,76
2026-09-22T00:28:19.701618+00:00,2,32568,77
2026-09-22T00:28:19.701618+00:00,3,32586,73
2026-09-22T00:28:24.764349+00:00,0,32570,77
2026-09-22T00:28:24.764349+00:00,1,32566,79
2026-09-22T00:28:24.764349+00:00,2,32568,77
2026-09-22T00:28:24.764349+00:00,3,32586,80
2026-09-22T00:28:29.820213+00:00,0,32570,79
2026-09-22T00:28:29.820213+00:00,1,32566,80
2026-09-22T00:28:29.820213+00:00,2,32568,76
2026-09-22T00:28:29.820213+00:00,3,32586,76
2026-09-22T00:28:34.883805+00:00,0,32570,76
2026-09-22T00:28:34.883805+00:00,1,32566,79
2026-09-22T00:28:34.883805+00:00,2,32568,78
2026-09-22T00:28:34.883805+00:00,3,32586,77
2026-09-22T00:28:39.948773+00:00,0,32570,83
2026-09-22T00:28:39.948773+00:00,1,32566,82
2026-09-22T00:28:39.948773+00:00,2,32568,77
2026-09-22T00:28:39.948773+00:00,3,32586,77
2026-09-22T00:28:45.015164+00:00,0,32570,78
2026-09-22T00:28:45.015164+00:00,1,32566,81
2026-09-22T00:28:45.015164+00:00,2,32568,79
2026-09-22T00:28:45.015164+00:00,3,32586,77
2026-09-22T00:28:50.079865+00:00,0,32570,81
2026-09-22T00:28:50.079865+00:00,1,32566,85
2026-09-22T00:28:50.079865+00:00,2,32568,81
2026-09-22T00:28:50.079865+00:00,3,32586,81
2026-09-22T00:28:55.147184+00:00,0,32570,82
2026-09-22T00:28:55.147184+00:00,1,32566,81
2026-09-22T00:28:55.147184+00:00,2,32568,82
2026-09-22T00:28:55.147184+00:00,3,32586,79
2026-09-22T00:29:00.212987+00:00,0,32570,83
2026-09-22T00:29:00.212987+00:00,1,32566,81
2026-09-22T00:29:00.212987+00:00,2,32568,78
2026-09-22T00:29:00.212987+00:00,3,32586,80
2026-09-22T00:29:05.281895+00:00,0,32570,80
2026-09-22T00:29:05.281895+00:00,1,32566,77
2026-09-22T00:29:05.281895+00:00,2,32568,80
2026-09-22T00:29:05.281895+00:00,3,32586,78
2026-09-22T00:29:10.344914+00:00,0,32570,80
2026-09-22T00:29:10.344914+00:00,1,32566,78
2026-09-22T00:29:10.344914+00:00,2,32568,83
2026-09-22T00:29:10.344914+00:00,3,32586,80
2026-09-22T00:29:15.413747+00:00,0,32570,78
2026-09-22T00:29:15.413747+00:00,1,32566,84
2026-09-22T00:29:15.413747+00:00,2,32568,83
2026-09-22T00:29:15.413747+00:00,3,32586,78
2026-09-22T00:29:20.482783+00:00,0,32570,85
2026-09-22T00:29:20.482783+00:00,1,32566,83
2026-09-22T00:29:20.482783+00:00,2,32568,83
2026-09-22T00:29:20.482783+00:00,3,32586,85
2026-09-22T00:29:25.549032+00:00,0,32570,83
2026-09-22T00:29:25.549032+00:00,1,32566,83
2026-09-22T00:29:25.549032+00:00,2,32568,80
2026-09-22T00:29:25.549032+00:00,3,32586,86
2026-09-22T00:29:30.620599+00:00,0,32570,82
2026-09-22T00:29:30.620599+00:00,1,32566,82
2026-09-22T00:29:30.620599+00:00,2,32568,88
2026-09-22T00:29:30.620599+00:00,3,32586,84
2026-09-22T00:29:35.675820+00:00,0,32570,81
2026-09-22T00:29:35.675820+00:00,1,32566,83
2026-09-22T00:29:35.675820+00:00,2,32568,80
2026-09-22T00:29:35.675820+00:00,3,32586,81
2026-09-22T00:29:40.745034+00:00,0,32570,80
2026-09-22T00:29:40.745034+00:00,1,32566,77
2026-09-22T00:29:40.745034+00:00,2,32568,80
2026-09-22T00:29:40.745034+00:00,3,32586,79
2026-09-22T00:29:45.813574+00:00,0,32570,83
2026-09-22T00:29:45.813574+00:00,1,32566,82
2026-09-22T00:29:45.813574+00:00,2,32568,86
2026-09-22T00:29:45.813574+00:00,3,32586,90
2026-09-22T00:29:50.878921+00:00,0,32570,82
2026-09-22T00:29:50.878921+00:00,1,32566,86
2026-09-22T00:29:50.878921+00:00,2,32568,83
2026-09-22T00:29:50.878921+00:00,3,32586,84
2026-09-22T00:29:55.947969+00:00,0,32570,83
2026-09-22T00:29:55.947969+00:00,1,32566,78
2026-09-22T00:29:55.947969+00:00,2,32568,84
2026-09-22T00:29:55.947969+00:00,3,32586,80
2026-09-22T00:30:01.016489+00:00,0,32570,78
2026-09-22T00:30:01.016489+00:00,1,32566,81
2026-09-22T00:30:01.016489+00:00,2,32568,83
2026-09-22T00:30:01.016489+00:00,3,32586,84
2026-09-22T00:30:06.081053+00:00,0,32570,88
2026-09-22T00:30:06.081053+00:00,1,32566,82
2026-09-22T00:30:06.081053+00:00,2,32568,80
2026-09-22T00:30:06.081053+00:00,3,32586,83
2026-09-22T00:30:11.150365+00:00,0,32570,81
2026-09-22T00:30:11.150365+00:00,1,32566,83
2026-09-22T00:30:11.150365+00:00,2,32568,84
2026-09-22T00:30:11.150365+00:00,3,32586,83
2026-09-22T00:30:16.219971+00:00,0,32570,84
2026-09-22T00:30:16.219971+00:00,1,32566,0
2026-09-22T00:30:16.219971+00:00,2,32568,0
2026-09-22T00:30:16.219971+00:00,3,32586,0
2026-09-22T00:30:21.279282+00:00,0,12472,99
2026-09-22T00:30:21.279282+00:00,1,13252,99
2026-09-22T00:30:21.279282+00:00,2,12472,99
2026-09-22T00:30:21.279282+00:00,3,12332,99
2026-09-22T00:30:26.350114+00:00,0,12716,99
2026-09-22T00:30:26.350114+00:00,1,13958,99
2026-09-22T00:30:26.350114+00:00,2,12736,99
2026-09-22T00:30:26.350114+00:00,3,12716,99
2026-09-22T00:30:31.420404+00:00,0,11864,100
2026-09-22T00:30:31.420404+00:00,1,13104,98
2026-09-22T00:30:31.420404+00:00,2,11704,100
2026-09-22T00:30:31.420404+00:00,3,11644,100
2026-09-22T00:30:36.492517+00:00,0,25300,99
2026-09-22T00:30:36.492517+00:00,1,25320,98
2026-09-22T00:30:36.492517+00:00,2,25280,98
2026-09-22T00:30:36.492517+00:00,3,25300,98
2026-09-22T00:30:41.561021+00:00,0,28444,100
2026-09-22T00:30:41.561021+00:00,1,27104,100
2026-09-22T00:30:41.561021+00:00,2,28384,100
2026-09-22T00:30:41.561021+00:00,3,27864,100
2026-09-22T00:30:46.627650+00:00,0,29084,99
2026-09-22T00:30:46.627650+00:00,1,28824,98
2026-09-22T00:30:46.627650+00:00,2,28744,99
2026-09-22T00:30:46.627650+00:00,3,28764,99
2026-09-22T00:30:51.696880+00:00,0,29548,100
2026-09-22T00:30:51.696880+00:00,1,30208,100
2026-09-22T00:30:51.696880+00:00,2,29608,100
2026-09-22T00:30:51.696880+00:00,3,29568,99
2026-09-22T00:30:56.766365+00:00,0,29548,99
2026-09-22T00:30:56.766365+00:00,1,30208,98
2026-09-22T00:30:56.766365+00:00,2,29608,98
2026-09-22T00:30:56.766365+00:00,3,29608,99
2026-09-22T00:31:01.830797+00:00,0,29550,100
2026-09-22T00:31:01.830797+00:00,1,30210,100
2026-09-22T00:31:01.830797+00:00,2,29610,100
2026-09-22T00:31:01.830797+00:00,3,29610,99
2026-09-22T00:31:06.896321+00:00,0,29552,99
2026-09-22T00:31:06.896321+00:00,1,30212,99
2026-09-22T00:31:06.896321+00:00,2,29612,98
2026-09-22T00:31:06.896321+00:00,3,29612,99
2026-09-22T00:31:11.963665+00:00,0,29552,100
2026-09-22T00:31:11.963665+00:00,1,30212,99
2026-09-22T00:31:11.963665+00:00,2,29614,99
2026-09-22T00:31:11.963665+00:00,3,29612,99
2026-09-22T00:31:17.036952+00:00,0,9720,6
2026-09-22T00:31:17.036952+00:00,1,9740,7
2026-09-22T00:31:17.036952+00:00,2,9720,5
2026-09-22T00:31:17.036952+00:00,3,9720,6
2026-09-22T00:31:22.095372+00:00,0,10724,7
2026-09-22T00:31:22.095372+00:00,1,10866,7
2026-09-22T00:31:22.095372+00:00,2,10456,8
2026-09-22T00:31:22.095372+00:00,3,10826,8
2026-09-22T00:31:27.156364+00:00,0,11050,37
2026-09-22T00:31:27.156364+00:00,1,11050,38
2026-09-22T00:31:27.156364+00:00,2,11050,15
2026-09-22T00:31:27.156364+00:00,3,11050,30
2026-09-22T00:31:32.217165+00:00,0,32476,0
2026-09-22T00:31:32.217165+00:00,1,32466,0
2026-09-22T00:31:32.217165+00:00,2,32488,0
2026-09-22T00:31:32.217165+00:00,3,32478,0
2026-09-22T00:31:37.275580+00:00,0,32562,74
2026-09-22T00:31:37.275580+00:00,1,32584,72
2026-09-22T00:31:37.275580+00:00,2,32576,72
2026-09-22T00:31:37.275580+00:00,3,32570,79
2026-09-22T00:31:42.339580+00:00,0,32562,72
2026-09-22T00:31:42.339580+00:00,1,32584,80
2026-09-22T00:31:42.339580+00:00,2,32576,77
2026-09-22T00:31:42.339580+00:00,3,32570,76
2026-09-22T00:31:47.403762+00:00,0,32562,77
2026-09-22T00:31:47.403762+00:00,1,32584,74
2026-09-22T00:31:47.403762+00:00,2,32576,74
2026-09-22T00:31:47.403762+00:00,3,32570,72
2026-09-22T00:31:52.470022+00:00,0,32562,76
2026-09-22T00:31:52.470022+00:00,1,32584,76
2026-09-22T00:31:52.470022+00:00,2,32576,75
2026-09-22T00:31:52.470022+00:00,3,32570,75
2026-09-22T00:31:57.536162+00:00,0,32562,77
2026-09-22T00:31:57.536162+00:00,1,32584,81
2026-09-22T00:31:57.536162+00:00,2,32576,75
2026-09-22T00:31:57.536162+00:00,3,32570,79
2026-09-22T00:32:02.600325+00:00,0,32562,78
2026-09-22T00:32:02.600325+00:00,1,32584,79
2026-09-22T00:32:02.600325+00:00,2,32576,74
2026-09-22T00:32:02.600325+00:00,3,32570,79
2026-09-22T00:32:07.667883+00:00,0,32562,76
2026-09-22T00:32:07.667883+00:00,1,32584,77
2026-09-22T00:32:07.667883+00:00,2,32576,80
2026-09-22T00:32:07.667883+00:00,3,32570,76
2026-09-22T00:32:12.736066+00:00,0,32562,71
2026-09-22T00:32:12.736066+00:00,1,32584,76
2026-09-22T00:32:12.736066+00:00,2,32576,73
2026-09-22T00:32:12.736066+00:00,3,32570,75
2026-09-22T00:32:17.813956+00:00,0,32562,79
2026-09-22T00:32:17.813956+00:00,1,32584,79
2026-09-22T00:32:17.813956+00:00,2,32576,78
2026-09-22T00:32:17.813956+00:00,3,32570,77
2026-09-22T00:32:22.883401+00:00,0,32562,80
2026-09-22T00:32:22.883401+00:00,1,32584,82
2026-09-22T00:32:22.883401+00:00,2,32576,84
2026-09-22T00:32:22.883401+00:00,3,32570,76
2026-09-22T00:32:27.978725+00:00,0,32562,75
2026-09-22T00:32:27.978725+00:00,1,32584,77
2026-09-22T00:32:27.978725+00:00,2,32576,83
2026-09-22T00:32:27.978725+00:00,3,32570,79
2026-09-22T00:32:33.048611+00:00,0,32562,83
2026-09-22T00:32:33.048611+00:00,1,32584,77
2026-09-22T00:32:33.048611+00:00,2,32576,83
2026-09-22T00:32:33.048611+00:00,3,32570,79
2026-09-22T00:32:38.120065+00:00,0,32562,76
2026-09-22T00:32:38.120065+00:00,1,32584,75
2026-09-22T00:32:38.120065+00:00,2,32576,80
2026-09-22T00:32:38.120065+00:00,3,32570,75
2026-09-22T00:32:43.190087+00:00,0,32562,78
2026-09-22T00:32:43.190087+00:00,1,32584,77
2026-09-22T00:32:43.190087+00:00,2,32576,80
2026-09-22T00:32:43.190087+00:00,3,32570,77
2026-09-22T00:32:48.257155+00:00,0,32562,80
2026-09-22T00:32:48.257155+00:00,1,32584,82
2026-09-22T00:32:48.257155+00:00,2,32576,81
2026-09-22T00:32:48.257155+00:00,3,32570,82
2026-09-22T00:32:53.324378+00:00,0,32562,79
2026-09-22T00:32:53.324378+00:00,1,32584,80
2026-09-22T00:32:53.324378+00:00,2,32576,79
2026-09-22T00:32:53.324378+00:00,3,32570,80
2026-09-22T00:32:58.392317+00:00,0,32562,79
2026-09-22T00:32:58.392317+00:00,1,32584,84
2026-09-22T00:32:58.392317+00:00,2,32576,78
2026-09-22T00:32:58.392317+00:00,3,32570,81
2026-09-22T00:33:03.460980+00:00,0,32562,80
2026-09-22T00:33:03.460980+00:00,1,32584,81
2026-09-22T00:33:03.460980+00:00,2,32576,82
2026-09-22T00:33:03.460980+00:00,3,32570,85
2026-09-22T00:33:08.527504+00:00,0,32562,80
2026-09-22T00:33:08.527504+00:00,1,32584,80
2026-09-22T00:33:08.527504+00:00,2,32576,81
2026-09-22T00:33:08.527504+00:00,3,32570,83
2026-09-22T00:33:13.593755+00:00,0,32562,74
2026-09-22T00:33:13.593755+00:00,1,32584,76
2026-09-22T00:33:13.593755+00:00,2,32576,77
2026-09-22T00:33:13.593755+00:00,3,32570,74
2026-09-22T00:33:18.671317+00:00,0,32562,73
2026-09-22T00:33:18.671317+00:00,1,32584,74
2026-09-22T00:33:18.671317+00:00,2,32576,75
2026-09-22T00:33:18.671317+00:00,3,32570,75
2026-09-22T00:33:23.755762+00:00,0,32562,79
2026-09-22T00:33:23.755762+00:00,1,32584,76
2026-09-22T00:33:23.755762+00:00,2,32576,77
2026-09-22T00:33:23.755762+00:00,3,32570,77
2026-09-22T00:33:28.835229+00:00,0,32562,79
2026-09-22T00:33:28.835229+00:00,1,32584,77
2026-09-22T00:33:28.835229+00:00,2,32576,74
2026-09-22T00:33:28.835229+00:00,3,32570,77
2026-09-22T00:33:33.917164+00:00,0,32562,87
2026-09-22T00:33:33.917164+00:00,1,32584,85
2026-09-22T00:33:33.917164+00:00,2,32576,85
2026-09-22T00:33:33.917164+00:00,3,32570,80
2026-09-22T00:33:38.975166+00:00,0,32562,82
2026-09-22T00:33:38.975166+00:00,1,32584,82
2026-09-22T00:33:38.975166+00:00,2,32576,0
2026-09-22T00:33:38.975166+00:00,3,32570,81
2026-09-22T00:33:44.041164+00:00,0,1198,30
2026-09-22T00:33:44.041164+00:00,1,1200,85
2026-09-22T00:33:44.041164+00:00,2,1200,100
2026-09-22T00:33:44.041164+00:00,3,1200,97
2026-09-22T00:33:49.098170+00:00,0,12094,99
2026-09-22T00:33:49.098170+00:00,1,12974,99
2026-09-22T00:33:49.098170+00:00,2,12074,99
2026-09-22T00:33:49.098170+00:00,3,11914,99
2026-09-22T00:33:54.168142+00:00,0,12140,99
2026-09-22T00:33:54.168142+00:00,1,13160,99
2026-09-22T00:33:54.168142+00:00,2,12080,99
2026-09-22T00:33:54.168142+00:00,3,12100,99
2026-09-22T00:33:59.239902+00:00,0,26016,100
2026-09-22T00:33:59.239902+00:00,1,25014,99
2026-09-22T00:33:59.239902+00:00,2,25476,99
2026-09-22T00:33:59.239902+00:00,3,25956,99
2026-09-22T00:34:04.320904+00:00,0,26022,98
2026-09-22T00:34:04.320904+00:00,1,26242,98
2026-09-22T00:34:04.320904+00:00,2,26724,99
2026-09-22T00:34:04.320904+00:00,3,26022,98
2026-09-22T00:34:09.393739+00:00,0,26224,99
2026-09-22T00:34:09.393739+00:00,1,26986,99
2026-09-22T00:34:09.393739+00:00,2,26724,99
2026-09-22T00:34:09.393739+00:00,3,26904,99
2026-09-22T00:34:14.463269+00:00,0,26986,99
2026-09-22T00:34:14.463269+00:00,1,26986,98
2026-09-22T00:34:14.463269+00:00,2,26726,99
2026-09-22T00:34:14.463269+00:00,3,26906,98
2026-09-22T00:34:19.541924+00:00,0,26988,99
2026-09-22T00:34:19.541924+00:00,1,26988,100
2026-09-22T00:34:19.541924+00:00,2,26728,99
2026-09-22T00:34:19.541924+00:00,3,26908,99
2026-09-22T00:34:24.613631+00:00,0,26988,99
2026-09-22T00:34:24.613631+00:00,1,26988,100
2026-09-22T00:34:24.613631+00:00,2,26728,99
2026-09-22T00:34:24.613631+00:00,3,26910,99
2026-09-22T00:34:29.683828+00:00,0,26990,99
2026-09-22T00:34:29.683828+00:00,1,26990,98
2026-09-22T00:34:29.683828+00:00,2,26750,99
2026-09-22T00:34:29.683828+00:00,3,26912,99
2026-09-22T00:34:34.754394+00:00,0,26994,99
2026-09-22T00:34:34.754394+00:00,1,26992,99
2026-09-22T00:34:34.754394+00:00,2,26754,99
2026-09-22T00:34:34.754394+00:00,3,26914,99
2026-09-22T00:34:39.824723+00:00,0,9720,5
2026-09-22T00:34:39.824723+00:00,1,9740,7
2026-09-22T00:34:39.824723+00:00,2,9720,4
2026-09-22T00:34:39.824723+00:00,3,9720,7
2026-09-22T00:34:44.885091+00:00,0,10558,7
2026-09-22T00:34:44.885091+00:00,1,10334,8
2026-09-22T00:34:44.885091+00:00,2,10456,6
2026-09-22T00:34:44.885091+00:00,3,11050,83
2026-09-22T00:34:49.944970+00:00,0,11050,16
2026-09-22T00:34:49.944970+00:00,1,11050,32
2026-09-22T00:34:49.944970+00:00,2,11050,37
2026-09-22T00:34:49.944970+00:00,3,11050,37
2026-09-22T00:34:55.005912+00:00,0,4830,0
2026-09-22T00:34:55.005912+00:00,1,4832,0
2026-09-22T00:34:55.005912+00:00,2,32440,0
2026-09-22T00:34:55.005912+00:00,3,32440,0
2026-09-22T00:35:00.054330+00:00,0,32552,82
2026-09-22T00:35:00.054330+00:00,1,32558,74
2026-09-22T00:35:00.054330+00:00,2,32554,76
2026-09-22T00:35:00.054330+00:00,3,32582,72
2026-09-22T00:35:05.124439+00:00,0,32552,75
2026-09-22T00:35:05.124439+00:00,1,32558,79
2026-09-22T00:35:05.124439+00:00,2,32554,75
2026-09-22T00:35:05.124439+00:00,3,32582,76
2026-09-22T00:35:10.192070+00:00,0,32552,77
2026-09-22T00:35:10.192070+00:00,1,32558,76
2026-09-22T00:35:10.192070+00:00,2,32554,75
2026-09-22T00:35:10.192070+00:00,3,32582,76
2026-09-22T00:35:15.255575+00:00,0,32552,78
2026-09-22T00:35:15.255575+00:00,1,32558,72
2026-09-22T00:35:15.255575+00:00,2,32554,73
2026-09-22T00:35:15.255575+00:00,3,32582,74
2026-09-22T00:35:20.322588+00:00,0,32552,80
2026-09-22T00:35:20.322588+00:00,1,32558,75
2026-09-22T00:35:20.322588+00:00,2,32554,78
2026-09-22T00:35:20.322588+00:00,3,32582,72
2026-09-22T00:35:25.396305+00:00,0,32552,73
2026-09-22T00:35:25.396305+00:00,1,32558,68
2026-09-22T00:35:25.396305+00:00,2,32554,71
2026-09-22T00:35:25.396305+00:00,3,32582,70
2026-09-22T00:35:30.475449+00:00,0,32552,69
2026-09-22T00:35:30.475449+00:00,1,32558,74
2026-09-22T00:35:30.475449+00:00,2,32554,75
2026-09-22T00:35:30.475449+00:00,3,32582,73
2026-09-22T00:35:35.552795+00:00,0,32552,72
2026-09-22T00:35:35.552795+00:00,1,32558,69
2026-09-22T00:35:35.552795+00:00,2,32554,74
2026-09-22T00:35:35.552795+00:00,3,32582,72
2026-09-22T00:35:40.631450+00:00,0,32552,77
2026-09-22T00:35:40.631450+00:00,1,32558,76
2026-09-22T00:35:40.631450+00:00,2,32554,78
2026-09-22T00:35:40.631450+00:00,3,32582,75
2026-09-22T00:35:45.699514+00:00,0,32552,77
2026-09-22T00:35:45.699514+00:00,1,32558,80
2026-09-22T00:35:45.699514+00:00,2,32554,79
2026-09-22T00:35:45.699514+00:00,3,32582,79
2026-09-22T00:35:50.764551+00:00,0,32552,75
2026-09-22T00:35:50.764551+00:00,1,32558,76
2026-09-22T00:35:50.764551+00:00,2,32554,74
2026-09-22T00:35:50.764551+00:00,3,32582,81
2026-09-22T00:35:55.832293+00:00,0,32552,80
2026-09-22T00:35:55.832293+00:00,1,32558,76
2026-09-22T00:35:55.832293+00:00,2,32554,78
2026-09-22T00:35:55.832293+00:00,3,32582,76
2026-09-22T00:36:00.891901+00:00,0,32552,78
2026-09-22T00:36:00.891901+00:00,1,32558,80
2026-09-22T00:36:00.891901+00:00,2,32554,76
2026-09-22T00:36:00.891901+00:00,3,32582,73
2026-09-22T00:36:05.964653+00:00,0,32552,75
2026-09-22T00:36:05.964653+00:00,1,32558,74
2026-09-22T00:36:05.964653+00:00,2,32554,71
2026-09-22T00:36:05.964653+00:00,3,32582,72
2026-09-22T00:36:11.040457+00:00,0,32552,75
2026-09-22T00:36:11.040457+00:00,1,32558,73
2026-09-22T00:36:11.040457+00:00,2,32554,69
2026-09-22T00:36:11.040457+00:00,3,32582,76
2026-09-22T00:36:16.115954+00:00,0,32552,83
2026-09-22T00:36:16.115954+00:00,1,32558,82
2026-09-22T00:36:16.115954+00:00,2,32554,78
2026-09-22T00:36:16.115954+00:00,3,32582,81
2026-09-22T00:36:21.182470+00:00,0,32552,84
2026-09-22T00:36:21.182470+00:00,1,32558,81
2026-09-22T00:36:21.182470+00:00,2,32554,84
2026-09-22T00:36:21.182470+00:00,3,32582,84
2026-09-22T00:36:26.251087+00:00,0,32552,80
2026-09-22T00:36:26.251087+00:00,1,32558,82
2026-09-22T00:36:26.251087+00:00,2,32554,83
2026-09-22T00:36:26.251087+00:00,3,32582,80
2026-09-22T00:36:31.314093+00:00,0,32552,80
2026-09-22T00:36:31.314093+00:00,1,32558,79
2026-09-22T00:36:31.314093+00:00,2,32554,76
2026-09-22T00:36:31.314093+00:00,3,32582,78
2026-09-22T00:36:36.382049+00:00,0,32552,78
2026-09-22T00:36:36.382049+00:00,1,32558,79
2026-09-22T00:36:36.382049+00:00,2,32554,74
2026-09-22T00:36:36.382049+00:00,3,32582,76
2026-09-22T00:36:41.460076+00:00,0,32552,85
2026-09-22T00:36:41.460076+00:00,1,32558,84
2026-09-22T00:36:41.460076+00:00,2,32554,82
2026-09-22T00:36:41.460076+00:00,3,32582,84
2026-09-22T00:36:46.531873+00:00,0,32552,84
2026-09-22T00:36:46.531873+00:00,1,32558,84
2026-09-22T00:36:46.531873+00:00,2,32554,78
2026-09-22T00:36:46.531873+00:00,3,32582,80
2026-09-22T00:36:51.599779+00:00,0,32552,76
2026-09-22T00:36:51.599779+00:00,1,32558,76
2026-09-22T00:36:51.599779+00:00,2,32554,72
2026-09-22T00:36:51.599779+00:00,3,32582,76
2026-09-22T00:36:56.678027+00:00,0,32552,79
2026-09-22T00:36:56.678027+00:00,1,32558,76
2026-09-22T00:36:56.678027+00:00,2,32554,0
2026-09-22T00:36:56.678027+00:00,3,32582,0
2026-09-22T00:37:01.739375+00:00,0,32552,0
2026-09-22T00:37:01.739375+00:00,1,32558,73
2026-09-22T00:37:01.739375+00:00,2,32554,0
2026-09-22T00:37:01.739375+00:00,3,32582,0
2026-09-22T00:37:06.813278+00:00,0,1198,0
2026-09-22T00:37:06.813278+00:00,1,1200,0
2026-09-22T00:37:06.813278+00:00,2,1200,0
2026-09-22T00:37:06.813278+00:00,3,1200,0
2026-09-22T00:37:11.885114+00:00,0,12414,99
2026-09-22T00:37:11.885114+00:00,1,13454,99
2026-09-22T00:37:11.885114+00:00,2,12394,99
2026-09-22T00:37:11.885114+00:00,3,12254,99
2026-09-22T00:37:16.946318+00:00,0,12660,99
2026-09-22T00:37:16.946318+00:00,1,13800,99
2026-09-22T00:37:16.946318+00:00,2,12640,99
2026-09-22T00:37:16.946318+00:00,3,12740,99
2026-09-22T00:37:22.015569+00:00,0,25998,99
2026-09-22T00:37:22.015569+00:00,1,26038,99
2026-09-22T00:37:22.015569+00:00,2,25758,100
2026-09-22T00:37:22.015569+00:00,3,25978,100
2026-09-22T00:37:27.086079+00:00,0,26302,99
2026-09-22T00:37:27.086079+00:00,1,26042,88
2026-09-22T00:37:27.086079+00:00,2,25762,99
2026-09-22T00:37:27.086079+00:00,3,25982,91
2026-09-22T00:37:32.164391+00:00,0,26444,99
2026-09-22T00:37:32.164391+00:00,1,26044,99
2026-09-22T00:37:32.164391+00:00,2,25764,99
2026-09-22T00:37:32.164391+00:00,3,25984,99
2026-09-22T00:37:37.228013+00:00,0,26848,99
2026-09-22T00:37:37.228013+00:00,1,27306,99
2026-09-22T00:37:37.228013+00:00,2,28508,99
2026-09-22T00:37:37.228013+00:00,3,28028,99
2026-09-22T00:37:42.294543+00:00,0,27888,97
2026-09-22T00:37:42.294543+00:00,1,28068,97
2026-09-22T00:37:42.294543+00:00,2,28508,99
2026-09-22T00:37:42.294543+00:00,3,28028,98
2026-09-22T00:37:47.368522+00:00,0,27892,99
2026-09-22T00:37:47.368522+00:00,1,28070,99
2026-09-22T00:37:47.368522+00:00,2,28510,99
2026-09-22T00:37:47.368522+00:00,3,28030,99
2026-09-22T00:37:52.443117+00:00,0,27892,99
2026-09-22T00:37:52.443117+00:00,1,28072,98
2026-09-22T00:37:52.443117+00:00,2,28512,98
2026-09-22T00:37:52.443117+00:00,3,28032,99
2026-09-22T00:37:57.516659+00:00,0,10332,74
2026-09-22T00:37:57.516659+00:00,1,10272,59
2026-09-22T00:37:57.516659+00:00,2,10332,74
2026-09-22T00:37:57.516659+00:00,3,10682,80
2026-09-22T00:38:02.581622+00:00,0,9904,6
2026-09-22T00:38:02.581622+00:00,1,9740,6
2026-09-22T00:38:02.581622+00:00,2,9842,7
2026-09-22T00:38:02.581622+00:00,3,10068,8
2026-09-22T00:38:07.640904+00:00,0,11050,43
2026-09-22T00:38:07.640904+00:00,1,11050,15
2026-09-22T00:38:07.640904+00:00,2,11050,34
2026-09-22T00:38:07.640904+00:00,3,11050,37
2026-09-22T00:38:12.700527+00:00,0,4830,12
2026-09-22T00:38:12.700527+00:00,1,4832,10
2026-09-22T00:38:12.700527+00:00,2,4832,12
2026-09-22T00:38:12.700527+00:00,3,4832,14
2026-09-22T00:38:17.756714+00:00,0,32540,81
2026-09-22T00:38:17.756714+00:00,1,32572,71
2026-09-22T00:38:17.756714+00:00,2,32572,74
2026-09-22T00:38:17.756714+00:00,3,32572,71
2026-09-22T00:38:22.810186+00:00,0,32540,72
2026-09-22T00:38:22.810186+00:00,1,32572,73
2026-09-22T00:38:22.810186+00:00,2,32572,76
2026-09-22T00:38:22.810186+00:00,3,32572,75
2026-09-22T00:38:27.875410+00:00,0,32540,73
2026-09-22T00:38:27.875410+00:00,1,32572,79
2026-09-22T00:38:27.875410+00:00,2,32572,74
2026-09-22T00:38:27.875410+00:00,3,32572,72
2026-09-22T00:38:32.939345+00:00,0,32540,79
2026-09-22T00:38:32.939345+00:00,1,32572,81
2026-09-22T00:38:32.939345+00:00,2,32572,80
2026-09-22T00:38:32.939345+00:00,3,32572,80
2026-09-22T00:38:38.003978+00:00,0,32540,78
2026-09-22T00:38:38.003978+00:00,1,32572,80
2026-09-22T00:38:38.003978+00:00,2,32572,86
2026-09-22T00:38:38.003978+00:00,3,32572,77
2026-09-22T00:38:43.070747+00:00,0,32540,76
2026-09-22T00:38:43.070747+00:00,1,32572,77
2026-09-22T00:38:43.070747+00:00,2,32572,77
2026-09-22T00:38:43.070747+00:00,3,32572,79
2026-09-22T00:38:48.135736+00:00,0,32540,77
2026-09-22T00:38:48.135736+00:00,1,32572,73
2026-09-22T00:38:48.135736+00:00,2,32572,80
2026-09-22T00:38:48.135736+00:00,3,32572,75
2026-09-22T00:38:53.205156+00:00,0,32540,79
2026-09-22T00:38:53.205156+00:00,1,32572,78
2026-09-22T00:38:53.205156+00:00,2,32572,81
2026-09-22T00:38:53.205156+00:00,3,32572,85
2026-09-22T00:38:58.262375+00:00,0,32540,78
2026-09-22T00:38:58.262375+00:00,1,32572,81
2026-09-22T00:38:58.262375+00:00,2,32572,80
2026-09-22T00:38:58.262375+00:00,3,32572,77
2026-09-22T00:39:03.330489+00:00,0,32540,78
2026-09-22T00:39:03.330489+00:00,1,32572,81
2026-09-22T00:39:03.330489+00:00,2,32572,76
2026-09-22T00:39:03.330489+00:00,3,32572,72
2026-09-22T00:39:08.402676+00:00,0,32540,79
2026-09-22T00:39:08.402676+00:00,1,32572,78
2026-09-22T00:39:08.402676+00:00,2,32572,80
2026-09-22T00:39:08.402676+00:00,3,32572,80
2026-09-22T00:39:13.469408+00:00,0,32540,78
2026-09-22T00:39:13.469408+00:00,1,32572,79
2026-09-22T00:39:13.469408+00:00,2,32572,80
2026-09-22T00:39:13.469408+00:00,3,32572,81
2026-09-22T00:39:18.538023+00:00,0,32540,73
2026-09-22T00:39:18.538023+00:00,1,32572,70
2026-09-22T00:39:18.538023+00:00,2,32572,82
2026-09-22T00:39:18.538023+00:00,3,32572,71
2026-09-22T00:39:23.605356+00:00,0,32540,81
2026-09-22T00:39:23.605356+00:00,1,32572,84
2026-09-22T00:39:23.605356+00:00,2,32572,79
2026-09-22T00:39:23.605356+00:00,3,32572,83
2026-09-22T00:39:28.670147+00:00,0,32540,85
2026-09-22T00:39:28.670147+00:00,1,32572,81
2026-09-22T00:39:28.670147+00:00,2,32572,80
2026-09-22T00:39:28.670147+00:00,3,32572,81
2026-09-22T00:39:33.734684+00:00,0,32540,80
2026-09-22T00:39:33.734684+00:00,1,32572,84
2026-09-22T00:39:33.734684+00:00,2,32572,83
2026-09-22T00:39:33.734684+00:00,3,32572,78
2026-09-22T00:39:38.801939+00:00,0,32540,83
2026-09-22T00:39:38.801939+00:00,1,32572,80
2026-09-22T00:39:38.801939+00:00,2,32572,78
2026-09-22T00:39:38.801939+00:00,3,32572,82
2026-09-22T00:39:43.873203+00:00,0,32540,77
2026-09-22T00:39:43.873203+00:00,1,32572,72
2026-09-22T00:39:43.873203+00:00,2,32572,74
2026-09-22T00:39:43.873203+00:00,3,32572,78
2026-09-22T00:39:48.969059+00:00,0,32540,80
2026-09-22T00:39:48.969059+00:00,1,32572,83
2026-09-22T00:39:48.969059+00:00,2,32572,80
2026-09-22T00:39:48.969059+00:00,3,32572,78
2026-09-22T00:39:54.037355+00:00,0,32540,79
2026-09-22T00:39:54.037355+00:00,1,32572,76
2026-09-22T00:39:54.037355+00:00,2,32572,76
2026-09-22T00:39:54.037355+00:00,3,32572,74
2026-09-22T00:39:59.123936+00:00,0,32540,78
2026-09-22T00:39:59.123936+00:00,1,32572,79
2026-09-22T00:39:59.123936+00:00,2,32572,76
2026-09-22T00:39:59.123936+00:00,3,32572,78
2026-09-22T00:40:04.216708+00:00,0,32540,78
2026-09-22T00:40:04.216708+00:00,1,32572,76
2026-09-22T00:40:04.216708+00:00,2,32572,76
2026-09-22T00:40:04.216708+00:00,3,32572,80
2026-09-22T00:40:09.294466+00:00,0,32540,84
2026-09-22T00:40:09.294466+00:00,1,32572,88
2026-09-22T00:40:09.294466+00:00,2,32572,84
2026-09-22T00:40:09.294466+00:00,3,32572,80
2026-09-22T00:40:14.358012+00:00,0,32540,79
2026-09-22T00:40:14.358012+00:00,1,32572,77
2026-09-22T00:40:14.358012+00:00,2,32572,77
2026-09-22T00:40:14.358012+00:00,3,32572,77
2026-09-22T00:40:19.430085+00:00,0,32540,79
2026-09-22T00:40:19.430085+00:00,1,32572,78
2026-09-22T00:40:19.430085+00:00,2,32572,77
2026-09-22T00:40:19.430085+00:00,3,32572,78
2026-09-22T00:40:24.514455+00:00,0,32540,78
2026-09-22T00:40:24.514455+00:00,1,32572,0
2026-09-22T00:40:24.514455+00:00,2,32572,81
2026-09-22T00:40:24.514455+00:00,3,32572,80
2026-09-22T00:40:29.579818+00:00,0,1198,0
2026-09-22T00:40:29.579818+00:00,1,1200,0
2026-09-22T00:40:29.579818+00:00,2,1200,0
2026-09-22T00:40:29.579818+00:00,3,1200,0
2026-09-22T00:40:34.649673+00:00,0,12214,99
2026-09-22T00:40:34.649673+00:00,1,13474,99
2026-09-22T00:40:34.649673+00:00,2,12154,99
2026-09-22T00:40:34.649673+00:00,3,12434,99
2026-09-22T00:40:39.717909+00:00,0,12558,99
2026-09-22T00:40:39.717909+00:00,1,13658,99
2026-09-22T00:40:39.717909+00:00,2,12758,99
2026-09-22T00:40:39.717909+00:00,3,12718,99
2026-09-22T00:40:44.788179+00:00,0,10828,83
2026-09-22T00:40:44.788179+00:00,1,10848,99
2026-09-22T00:40:44.788179+00:00,2,10828,99
2026-09-22T00:40:44.788179+00:00,3,10828,98
2026-09-22T00:40:49.856590+00:00,0,25422,99
2026-09-22T00:40:49.856590+00:00,1,25482,100
2026-09-22T00:40:49.856590+00:00,2,25422,99
2026-09-22T00:40:49.856590+00:00,3,25422,99
2026-09-22T00:40:54.930178+00:00,0,27804,100
2026-09-22T00:40:54.930178+00:00,1,28084,89
2026-09-22T00:40:54.930178+00:00,2,27184,100
2026-09-22T00:40:54.930178+00:00,3,28364,89
2026-09-22T00:40:59.997938+00:00,0,28566,99
2026-09-22T00:40:59.997938+00:00,1,28606,99
2026-09-22T00:40:59.997938+00:00,2,28146,100
2026-09-22T00:40:59.997938+00:00,3,28366,100
2026-09-22T00:41:05.063097+00:00,0,28868,99
2026-09-22T00:41:05.063097+00:00,1,28848,99
2026-09-22T00:41:05.063097+00:00,2,29588,100
2026-09-22T00:41:05.063097+00:00,3,29448,99
2026-09-22T00:41:10.142899+00:00,0,28870,99
2026-09-22T00:41:10.142899+00:00,1,28850,99
2026-09-22T00:41:10.142899+00:00,2,29590,99
2026-09-22T00:41:10.142899+00:00,3,29450,99
2026-09-22T00:41:15.208050+00:00,0,28870,99
2026-09-22T00:41:15.208050+00:00,1,28850,100
2026-09-22T00:41:15.208050+00:00,2,29590,98
2026-09-22T00:41:15.208050+00:00,3,29450,99
2026-09-22T00:41:20.280165+00:00,0,28872,99
2026-09-22T00:41:20.280165+00:00,1,28852,99
2026-09-22T00:41:20.280165+00:00,2,29592,99
2026-09-22T00:41:20.280165+00:00,3,29452,99
2026-09-22T00:41:25.353834+00:00,0,4864,61
2026-09-22T00:41:25.353834+00:00,1,4864,89
2026-09-22T00:41:25.353834+00:00,2,4864,82
2026-09-22T00:41:25.353834+00:00,3,4864,100
2026-09-22T00:41:30.417627+00:00,0,9720,6
2026-09-22T00:41:30.417627+00:00,1,9740,5
2026-09-22T00:41:30.417627+00:00,2,9720,7
2026-09-22T00:41:30.417627+00:00,3,9720,5
2026-09-22T00:41:35.469720+00:00,0,11050,18
2026-09-22T00:41:35.469720+00:00,1,11050,17
2026-09-22T00:41:35.469720+00:00,2,11050,37
2026-09-22T00:41:35.469720+00:00,3,11050,33
2026-09-22T00:41:40.528584+00:00,0,12176,27
2026-09-22T00:41:40.528584+00:00,1,10216,24
2026-09-22T00:41:40.528584+00:00,2,4316,84
2026-09-22T00:41:40.528584+00:00,3,2904,84
2026-09-22T00:41:45.591448+00:00,0,32578,76
2026-09-22T00:41:45.591448+00:00,1,32570,71
2026-09-22T00:41:45.591448+00:00,2,32566,73
2026-09-22T00:41:45.591448+00:00,3,32556,74
2026-09-22T00:41:50.644609+00:00,0,32578,73
2026-09-22T00:41:50.644609+00:00,1,32570,78
2026-09-22T00:41:50.644609+00:00,2,32566,71
2026-09-22T00:41:50.644609+00:00,3,32556,73
2026-09-22T00:41:55.712024+00:00,0,32578,74
2026-09-22T00:41:55.712024+00:00,1,32570,73
2026-09-22T00:41:55.712024+00:00,2,32566,77
2026-09-22T00:41:55.712024+00:00,3,32556,74
2026-09-22T00:42:00.778672+00:00,0,32578,74
2026-09-22T00:42:00.778672+00:00,1,32570,75
2026-09-22T00:42:00.778672+00:00,2,32566,75
2026-09-22T00:42:00.778672+00:00,3,32556,80
2026-09-22T00:42:05.843470+00:00,0,32578,75
2026-09-22T00:42:05.843470+00:00,1,32570,79
2026-09-22T00:42:05.843470+00:00,2,32566,75
2026-09-22T00:42:05.843470+00:00,3,32556,76
2026-09-22T00:42:10.909283+00:00,0,32578,79
2026-09-22T00:42:10.909283+00:00,1,32570,76
2026-09-22T00:42:10.909283+00:00,2,32566,72
2026-09-22T00:42:10.909283+00:00,3,32556,74
2026-09-22T00:42:15.976600+00:00,0,32578,77
2026-09-22T00:42:15.976600+00:00,1,32570,82
2026-09-22T00:42:15.976600+00:00,2,32566,84
2026-09-22T00:42:15.976600+00:00,3,32556,77
2026-09-22T00:42:21.042390+00:00,0,32578,69
2026-09-22T00:42:21.042390+00:00,1,32570,74
2026-09-22T00:42:21.042390+00:00,2,32566,74
2026-09-22T00:42:21.042390+00:00,3,32556,70
2026-09-22T00:42:26.118690+00:00,0,32578,63
2026-09-22T00:42:26.118690+00:00,1,32570,70
2026-09-22T00:42:26.118690+00:00,2,32566,75
2026-09-22T00:42:26.118690+00:00,3,32556,70
2026-09-22T00:42:31.202616+00:00,0,32578,70
2026-09-22T00:42:31.202616+00:00,1,32570,72
2026-09-22T00:42:31.202616+00:00,2,32566,72
2026-09-22T00:42:31.202616+00:00,3,32556,72
2026-09-22T00:42:36.278233+00:00,0,32578,75
2026-09-22T00:42:36.278233+00:00,1,32570,76
2026-09-22T00:42:36.278233+00:00,2,32566,75
2026-09-22T00:42:36.278233+00:00,3,32556,76
2026-09-22T00:42:41.370143+00:00,0,32578,75
2026-09-22T00:42:41.370143+00:00,1,32570,77
2026-09-22T00:42:41.370143+00:00,2,32566,77
2026-09-22T00:42:41.370143+00:00,3,32556,75
2026-09-22T00:42:46.434621+00:00,0,32578,80
2026-09-22T00:42:46.434621+00:00,1,32570,80
2026-09-22T00:42:46.434621+00:00,2,32566,74
2026-09-22T00:42:46.434621+00:00,3,32556,80
2026-09-22T00:42:51.496845+00:00,0,32578,76
2026-09-22T00:42:51.496845+00:00,1,32570,78
2026-09-22T00:42:51.496845+00:00,2,32566,79
2026-09-22T00:42:51.496845+00:00,3,32556,79
2026-09-22T00:42:56.569398+00:00,0,32578,79
2026-09-22T00:42:56.569398+00:00,1,32570,80
2026-09-22T00:42:56.569398+00:00,2,32566,74
2026-09-22T00:42:56.569398+00:00,3,32556,80
2026-09-22T00:43:01.638777+00:00,0,32578,81
2026-09-22T00:43:01.638777+00:00,1,32570,79
2026-09-22T00:43:01.638777+00:00,2,32566,78
2026-09-22T00:43:01.638777+00:00,3,32556,81
2026-09-22T00:43:06.705478+00:00,0,32578,88
2026-09-22T00:43:06.705478+00:00,1,32570,82
2026-09-22T00:43:06.705478+00:00,2,32566,80
2026-09-22T00:43:06.705478+00:00,3,32556,76
2026-09-22T00:43:11.776461+00:00,0,32578,85
2026-09-22T00:43:11.776461+00:00,1,32570,75
2026-09-22T00:43:11.776461+00:00,2,32566,78
2026-09-22T00:43:11.776461+00:00,3,32556,77
2026-09-22T00:43:16.843157+00:00,0,32578,81
2026-09-22T00:43:16.843157+00:00,1,32570,81
2026-09-22T00:43:16.843157+00:00,2,32566,78
2026-09-22T00:43:16.843157+00:00,3,32556,81
2026-09-22T00:43:21.909365+00:00,0,32578,82
2026-09-22T00:43:21.909365+00:00,1,32570,83
2026-09-22T00:43:21.909365+00:00,2,32566,82
2026-09-22T00:43:21.909365+00:00,3,32556,82
2026-09-22T00:43:26.976104+00:00,0,32578,76
2026-09-22T00:43:26.976104+00:00,1,32570,77
2026-09-22T00:43:26.976104+00:00,2,32566,77
2026-09-22T00:43:26.976104+00:00,3,32556,73
2026-09-22T00:43:32.055378+00:00,0,32578,78
2026-09-22T00:43:32.055378+00:00,1,32570,76
2026-09-22T00:43:32.055378+00:00,2,32566,73
2026-09-22T00:43:32.055378+00:00,3,32556,77
2026-09-22T00:43:37.141911+00:00,0,32578,88
2026-09-22T00:43:37.141911+00:00,1,32570,80
2026-09-22T00:43:37.141911+00:00,2,32566,84
2026-09-22T00:43:37.141911+00:00,3,32556,81
2026-09-22T00:43:42.211297+00:00,0,32578,80
2026-09-22T00:43:42.211297+00:00,1,32570,83
2026-09-22T00:43:42.211297+00:00,2,32566,80
2026-09-22T00:43:42.211297+00:00,3,32556,81
2026-09-22T00:43:47.281989+00:00,0,32578,85
2026-09-22T00:43:47.281989+00:00,1,32570,85
2026-09-22T00:43:47.281989+00:00,2,32566,83
2026-09-22T00:43:47.281989+00:00,3,32556,81
2026-09-22T00:43:52.342353+00:00,0,32578,84
2026-09-22T00:43:52.342353+00:00,1,32570,84
2026-09-22T00:43:52.342353+00:00,2,32566,87
2026-09-22T00:43:52.342353+00:00,3,32556,84
2026-09-22T00:43:57.412171+00:00,0,1198,100
2026-09-22T00:43:57.412171+00:00,1,1200,61
2026-09-22T00:43:57.412171+00:00,2,1200,2
2026-09-22T00:43:57.412171+00:00,3,1200,76
2026-09-22T00:44:02.461016+00:00,0,12394,99
2026-09-22T00:44:02.461016+00:00,1,13434,99
2026-09-22T00:44:02.461016+00:00,2,12414,99
2026-09-22T00:44:02.461016+00:00,3,12394,99
2026-09-22T00:44:07.529956+00:00,0,12600,100
2026-09-22T00:44:07.529956+00:00,1,13660,97
2026-09-22T00:44:07.529956+00:00,2,12600,100
2026-09-22T00:44:07.529956+00:00,3,12580,97
2026-09-22T00:44:12.591849+00:00,0,25292,43
2026-09-22T00:44:12.591849+00:00,1,25372,34
2026-09-22T00:44:12.591849+00:00,2,25292,99
2026-09-22T00:44:12.591849+00:00,3,25292,21
2026-09-22T00:44:17.662727+00:00,0,25562,98
2026-09-22T00:44:17.662727+00:00,1,25542,100
2026-09-22T00:44:17.662727+00:00,2,25902,98
2026-09-22T00:44:17.662727+00:00,3,25462,98
2026-09-22T00:44:22.736152+00:00,0,28064,99
2026-09-22T00:44:22.736152+00:00,1,28104,99
2026-09-22T00:44:22.736152+00:00,2,28184,99
2026-09-22T00:44:22.736152+00:00,3,28024,100
2026-09-22T00:44:27.801502+00:00,0,28446,99
2026-09-22T00:44:27.801502+00:00,1,28526,99
2026-09-22T00:44:27.801502+00:00,2,28646,98
2026-09-22T00:44:27.801502+00:00,3,28806,99
2026-09-22T00:44:32.870188+00:00,0,28948,99
2026-09-22T00:44:32.870188+00:00,1,29208,99
2026-09-22T00:44:32.870188+00:00,2,29128,99
2026-09-22T00:44:32.870188+00:00,3,29268,99
2026-09-22T00:44:37.935044+00:00,0,28950,100
2026-09-22T00:44:37.935044+00:00,1,29210,100
2026-09-22T00:44:37.935044+00:00,2,29130,99
2026-09-22T00:44:37.935044+00:00,3,29270,99
2026-09-22T00:44:42.999212+00:00,0,28952,100
2026-09-22T00:44:42.999212+00:00,1,29212,100
2026-09-22T00:44:42.999212+00:00,2,29132,100
2026-09-22T00:44:42.999212+00:00,3,29272,99
2026-09-22T00:44:48.072913+00:00,0,28952,98
2026-09-22T00:44:48.072913+00:00,1,29212,99
2026-09-22T00:44:48.072913+00:00,2,29132,98
2026-09-22T00:44:48.072913+00:00,3,29272,99
2026-09-22T00:44:53.141988+00:00,0,7020,70
2026-09-22T00:44:53.141988+00:00,1,7040,72
2026-09-22T00:44:53.141988+00:00,2,7020,73
2026-09-22T00:44:53.141988+00:00,3,7020,80
2026-09-22T00:44:58.195331+00:00,0,9720,6
2026-09-22T00:44:58.195331+00:00,1,9740,7
2026-09-22T00:44:58.195331+00:00,2,9720,5
2026-09-22T00:44:58.195331+00:00,3,9720,5
2026-09-22T00:45:03.255283+00:00,0,11050,8
2026-09-22T00:45:03.255283+00:00,1,11050,100
2026-09-22T00:45:03.255283+00:00,2,11050,73
2026-09-22T00:45:03.255283+00:00,3,11050,100
2026-09-22T00:45:08.315095+00:00,0,15030,27
2026-09-22T00:45:08.315095+00:00,1,16516,30
2026-09-22T00:45:08.315095+00:00,2,16516,29
2026-09-22T00:45:08.315095+00:00,3,15332,29
2026-09-22T00:45:13.383181+00:00,0,32566,70
2026-09-22T00:45:13.383181+00:00,1,32544,71
2026-09-22T00:45:13.383181+00:00,2,32554,73
2026-09-22T00:45:13.383181+00:00,3,32566,72
2026-09-22T00:45:18.442386+00:00,0,32566,76
2026-09-22T00:45:18.442386+00:00,1,32544,74
2026-09-22T00:45:18.442386+00:00,2,32554,74
2026-09-22T00:45:18.442386+00:00,3,32566,74
2026-09-22T00:45:23.507548+00:00,0,32566,75
2026-09-22T00:45:23.507548+00:00,1,32544,82
2026-09-22T00:45:23.507548+00:00,2,32554,79
2026-09-22T00:45:23.507548+00:00,3,32566,75
2026-09-22T00:45:28.564195+00:00,0,32566,81
2026-09-22T00:45:28.564195+00:00,1,32544,78
2026-09-22T00:45:28.564195+00:00,2,32554,76
2026-09-22T00:45:28.564195+00:00,3,32566,76
2026-09-22T00:45:33.626723+00:00,0,32566,73
2026-09-22T00:45:33.626723+00:00,1,32544,77
2026-09-22T00:45:33.626723+00:00,2,32554,73
2026-09-22T00:45:33.626723+00:00,3,32566,72
2026-09-22T00:45:38.688521+00:00,0,32566,75
2026-09-22T00:45:38.688521+00:00,1,32544,78
2026-09-22T00:45:38.688521+00:00,2,32554,75
2026-09-22T00:45:38.688521+00:00,3,32566,80
2026-09-22T00:45:43.753968+00:00,0,32566,71
2026-09-22T00:45:43.753968+00:00,1,32544,68
2026-09-22T00:45:43.753968+00:00,2,32554,71
2026-09-22T00:45:43.753968+00:00,3,32566,72
2026-09-22T00:45:48.832961+00:00,0,32566,72
2026-09-22T00:45:48.832961+00:00,1,32544,68
2026-09-22T00:45:48.832961+00:00,2,32554,74
2026-09-22T00:45:48.832961+00:00,3,32566,73
2026-09-22T00:45:53.912398+00:00,0,32566,77
2026-09-22T00:45:53.912398+00:00,1,32544,80
2026-09-22T00:45:53.912398+00:00,2,32554,79
2026-09-22T00:45:53.912398+00:00,3,32566,75
2026-09-22T00:45:58.978662+00:00,0,32566,78
2026-09-22T00:45:58.978662+00:00,1,32544,85
2026-09-22T00:45:58.978662+00:00,2,32554,84
2026-09-22T00:45:58.978662+00:00,3,32566,81
2026-09-22T00:46:04.045209+00:00,0,32566,79
2026-09-22T00:46:04.045209+00:00,1,32544,85
2026-09-22T00:46:04.045209+00:00,2,32554,80
2026-09-22T00:46:04.045209+00:00,3,32566,83
2026-09-22T00:46:09.110335+00:00,0,32566,81
2026-09-22T00:46:09.110335+00:00,1,32544,79
2026-09-22T00:46:09.110335+00:00,2,32554,79
2026-09-22T00:46:09.110335+00:00,3,32566,77
2026-09-22T00:46:14.168533+00:00,0,32566,87
2026-09-22T00:46:14.168533+00:00,1,32544,80
2026-09-22T00:46:14.168533+00:00,2,32554,79
2026-09-22T00:46:14.168533+00:00,3,32566,79
2026-09-22T00:46:19.232914+00:00,0,32566,74
2026-09-22T00:46:19.232914+00:00,1,32544,80
2026-09-22T00:46:19.232914+00:00,2,32554,81
2026-09-22T00:46:19.232914+00:00,3,32566,82
2026-09-22T00:46:24.297456+00:00,0,32566,72
2026-09-22T00:46:24.297456+00:00,1,32544,74
2026-09-22T00:46:24.297456+00:00,2,32554,78
2026-09-22T00:46:24.297456+00:00,3,32566,72
2026-09-22T00:46:29.380862+00:00,0,32566,83
2026-09-22T00:46:29.380862+00:00,1,32544,84
2026-09-22T00:46:29.380862+00:00,2,32554,81
2026-09-22T00:46:29.380862+00:00,3,32566,79
2026-09-22T00:46:34.446160+00:00,0,32566,83
2026-09-22T00:46:34.446160+00:00,1,32544,80
2026-09-22T00:46:34.446160+00:00,2,32554,84
2026-09-22T00:46:34.446160+00:00,3,32566,84
2026-09-22T00:46:39.509935+00:00,0,32566,83
2026-09-22T00:46:39.509935+00:00,1,32544,83
2026-09-22T00:46:39.509935+00:00,2,32554,81
2026-09-22T00:46:39.509935+00:00,3,32566,83
2026-09-22T00:46:44.575469+00:00,0,32566,80
2026-09-22T00:46:44.575469+00:00,1,32544,77
2026-09-22T00:46:44.575469+00:00,2,32554,79
2026-09-22T00:46:44.575469+00:00,3,32566,79
2026-09-22T00:46:49.671451+00:00,0,32566,73
2026-09-22T00:46:49.671451+00:00,1,32544,78
2026-09-22T00:46:49.671451+00:00,2,32554,75
2026-09-22T00:46:49.671451+00:00,3,32566,77
2026-09-22T00:46:54.763715+00:00,0,32566,84
2026-09-22T00:46:54.763715+00:00,1,32544,84
2026-09-22T00:46:54.763715+00:00,2,32554,79
2026-09-22T00:46:54.763715+00:00,3,32566,81
2026-09-22T00:46:59.828812+00:00,0,32566,76
2026-09-22T00:46:59.828812+00:00,1,32544,83
2026-09-22T00:46:59.828812+00:00,2,32554,79
2026-09-22T00:46:59.828812+00:00,3,32566,86
2026-09-22T00:47:04.896384+00:00,0,32566,80
2026-09-22T00:47:04.896384+00:00,1,32544,81
2026-09-22T00:47:04.896384+00:00,2,32554,80
2026-09-22T00:47:04.896384+00:00,3,32566,82
2026-09-22T00:47:09.965986+00:00,0,32566,80
2026-09-22T00:47:09.965986+00:00,1,32544,84
2026-09-22T00:47:09.965986+00:00,2,32554,85
2026-09-22T00:47:09.965986+00:00,3,32566,87
2026-09-22T00:47:15.023164+00:00,0,32566,78
2026-09-22T00:47:15.023164+00:00,1,32544,78
2026-09-22T00:47:15.023164+00:00,2,32554,81
2026-09-22T00:47:15.023164+00:00,3,32566,79
2026-09-22T00:47:20.094650+00:00,0,32566,0
2026-09-22T00:47:20.094650+00:00,1,32544,0
2026-09-22T00:47:20.094650+00:00,2,32554,0
2026-09-22T00:47:20.094650+00:00,3,32566,74
2026-09-22T00:47:25.153472+00:00,0,11792,99
2026-09-22T00:47:25.153472+00:00,1,12852,98
2026-09-22T00:47:25.153472+00:00,2,11572,99
2026-09-22T00:47:25.153472+00:00,3,11792,98
2026-09-22T00:47:30.222438+00:00,0,12220,99
2026-09-22T00:47:30.222438+00:00,1,13240,99
2026-09-22T00:47:30.222438+00:00,2,12238,99
2026-09-22T00:47:30.222438+00:00,3,12180,99
2026-09-22T00:47:35.293522+00:00,0,6388,96
2026-09-22T00:47:35.293522+00:00,1,6488,99
2026-09-22T00:47:35.293522+00:00,2,6288,99
2026-09-22T00:47:35.293522+00:00,3,6388,99
2026-09-22T00:47:40.357062+00:00,0,25502,100
2026-09-22T00:47:40.357062+00:00,1,26082,99
2026-09-22T00:47:40.357062+00:00,2,25382,100
2026-09-22T00:47:40.357062+00:00,3,25482,99
2026-09-22T00:47:45.418568+00:00,0,26004,99
2026-09-22T00:47:45.418568+00:00,1,26084,98
2026-09-22T00:47:45.418568+00:00,2,26244,99
2026-09-22T00:47:45.418568+00:00,3,26324,99
2026-09-22T00:47:50.480399+00:00,0,26004,99
2026-09-22T00:47:50.480399+00:00,1,27246,99
2026-09-22T00:47:50.480399+00:00,2,26386,99
2026-09-22T00:47:50.480399+00:00,3,27146,100
2026-09-22T00:47:55.552291+00:00,0,27428,99
2026-09-22T00:47:55.552291+00:00,1,27250,99
2026-09-22T00:47:55.552291+00:00,2,27748,100
2026-09-22T00:47:55.552291+00:00,3,27148,99
2026-09-22T00:48:00.628940+00:00,0,27430,98
2026-09-22T00:48:00.628940+00:00,1,27250,99
2026-09-22T00:48:00.628940+00:00,2,27748,98
2026-09-22T00:48:00.628940+00:00,3,27148,98
2026-09-22T00:48:05.704714+00:00,0,27432,99
2026-09-22T00:48:05.704714+00:00,1,27252,99
2026-09-22T00:48:05.704714+00:00,2,27750,99
2026-09-22T00:48:05.704714+00:00,3,27152,99
2026-09-22T00:48:10.780917+00:00,0,27432,98
2026-09-22T00:48:10.780917+00:00,1,27252,98
2026-09-22T00:48:10.780917+00:00,2,27752,98
2026-09-22T00:48:10.780917+00:00,3,27152,98
2026-09-22T00:48:15.852746+00:00,0,9530,44
2026-09-22T00:48:15.852746+00:00,1,9430,46
2026-09-22T00:48:15.852746+00:00,2,9410,31
2026-09-22T00:48:15.852746+00:00,3,9550,14
2026-09-22T00:48:20.925166+00:00,0,9862,7
2026-09-22T00:48:20.925166+00:00,1,9902,6
2026-09-22T00:48:20.925166+00:00,2,10048,8
2026-09-22T00:48:20.925166+00:00,3,10252,8
2026-09-22T00:48:25.986906+00:00,0,11050,16
2026-09-22T00:48:25.986906+00:00,1,11050,34
2026-09-22T00:48:25.986906+00:00,2,11050,66
2026-09-22T00:48:25.986906+00:00,3,11050,56
2026-09-22T00:48:31.045312+00:00,0,4830,13
2026-09-22T00:48:31.045312+00:00,1,4832,11
2026-09-22T00:48:31.045312+00:00,2,4832,12
2026-09-22T00:48:31.045312+00:00,3,4832,11
2026-09-22T00:48:36.103509+00:00,0,32560,71
2026-09-22T00:48:36.103509+00:00,1,32572,73
2026-09-22T00:48:36.103509+00:00,2,32570,73
2026-09-22T00:48:36.103509+00:00,3,32590,74
2026-09-22T00:48:41.158265+00:00,0,32560,75
2026-09-22T00:48:41.158265+00:00,1,32572,77
2026-09-22T00:48:41.158265+00:00,2,32570,73
2026-09-22T00:48:41.158265+00:00,3,32590,77
2026-09-22T00:48:46.223911+00:00,0,32560,77
2026-09-22T00:48:46.223911+00:00,1,32572,72
2026-09-22T00:48:46.223911+00:00,2,32570,81
2026-09-22T00:48:46.223911+00:00,3,32590,74
2026-09-22T00:48:51.288901+00:00,0,32560,81
2026-09-22T00:48:51.288901+00:00,1,32572,75
2026-09-22T00:48:51.288901+00:00,2,32570,78
2026-09-22T00:48:51.288901+00:00,3,32590,77
2026-09-22T00:48:56.354290+00:00,0,32560,72
2026-09-22T00:48:56.354290+00:00,1,32572,76
2026-09-22T00:48:56.354290+00:00,2,32570,81
2026-09-22T00:48:56.354290+00:00,3,32590,77
2026-09-22T00:49:01.418759+00:00,0,32560,76
2026-09-22T00:49:01.418759+00:00,1,32572,79
2026-09-22T00:49:01.418759+00:00,2,32570,80
2026-09-22T00:49:01.418759+00:00,3,32590,76
2026-09-22T00:49:06.486098+00:00,0,32560,80
2026-09-22T00:49:06.486098+00:00,1,32572,79
2026-09-22T00:49:06.486098+00:00,2,32570,79
2026-09-22T00:49:06.486098+00:00,3,32590,82
2026-09-22T00:49:11.545178+00:00,0,32560,73
2026-09-22T00:49:11.545178+00:00,1,32572,72
2026-09-22T00:49:11.545178+00:00,2,32570,74
2026-09-22T00:49:11.545178+00:00,3,32590,71
2026-09-22T00:49:16.623726+00:00,0,32560,76
2026-09-22T00:49:16.623726+00:00,1,32572,78
2026-09-22T00:49:16.623726+00:00,2,32570,80
2026-09-22T00:49:16.623726+00:00,3,32590,72
2026-09-22T00:49:21.694191+00:00,0,32560,76
2026-09-22T00:49:21.694191+00:00,1,32572,87
2026-09-22T00:49:21.694191+00:00,2,32570,77
2026-09-22T00:49:21.694191+00:00,3,32590,80
2026-09-22T00:49:26.761026+00:00,0,32560,79
2026-09-22T00:49:26.761026+00:00,1,32572,78
2026-09-22T00:49:26.761026+00:00,2,32570,79
2026-09-22T00:49:26.761026+00:00,3,32590,79
2026-09-22T00:49:31.831838+00:00,0,32560,79
2026-09-22T00:49:31.831838+00:00,1,32572,79
2026-09-22T00:49:31.831838+00:00,2,32570,80
2026-09-22T00:49:31.831838+00:00,3,32590,81
2026-09-22T00:49:36.901624+00:00,0,32560,80
2026-09-22T00:49:36.901624+00:00,1,32572,78
2026-09-22T00:49:36.901624+00:00,2,32570,78
2026-09-22T00:49:36.901624+00:00,3,32590,80
2026-09-22T00:49:41.980650+00:00,0,32560,85
2026-09-22T00:49:41.980650+00:00,1,32572,76
2026-09-22T00:49:41.980650+00:00,2,32570,85
2026-09-22T00:49:41.980650+00:00,3,32590,78
2026-09-22T00:49:47.045640+00:00,0,32560,73
2026-09-22T00:49:47.045640+00:00,1,32572,76
2026-09-22T00:49:47.045640+00:00,2,32570,73
2026-09-22T00:49:47.045640+00:00,3,32590,74
2026-09-22T00:49:52.125430+00:00,0,32560,70
2026-09-22T00:49:52.125430+00:00,1,32572,75
2026-09-22T00:49:52.125430+00:00,2,32570,72
2026-09-22T00:49:52.125430+00:00,3,32590,73
2026-09-22T00:49:57.204899+00:00,0,32560,73
2026-09-22T00:49:57.204899+00:00,1,32572,73
2026-09-22T00:49:57.204899+00:00,2,32570,78
2026-09-22T00:49:57.204899+00:00,3,32590,79
2026-09-22T00:50:02.299011+00:00,0,32560,77
2026-09-22T00:50:02.299011+00:00,1,32572,78
2026-09-22T00:50:02.299011+00:00,2,32570,73
2026-09-22T00:50:02.299011+00:00,3,32590,76
2026-09-22T00:50:07.385072+00:00,0,32560,76
2026-09-22T00:50:07.385072+00:00,1,32572,75
2026-09-22T00:50:07.385072+00:00,2,32570,75
2026-09-22T00:50:07.385072+00:00,3,32590,77
2026-09-22T00:50:12.471548+00:00,0,32560,85
2026-09-22T00:50:12.471548+00:00,1,32572,82
2026-09-22T00:50:12.471548+00:00,2,32570,80
2026-09-22T00:50:12.471548+00:00,3,32590,83
2026-09-22T00:50:17.537052+00:00,0,32560,82
2026-09-22T00:50:17.537052+00:00,1,32572,84
2026-09-22T00:50:17.537052+00:00,2,32570,85
2026-09-22T00:50:17.537052+00:00,3,32590,85
2026-09-22T00:50:22.606430+00:00,0,32560,82
2026-09-22T00:50:22.606430+00:00,1,32572,80
2026-09-22T00:50:22.606430+00:00,2,32570,81
2026-09-22T00:50:22.606430+00:00,3,32590,82
2026-09-22T00:50:27.675567+00:00,0,32560,78
2026-09-22T00:50:27.675567+00:00,1,32572,85
2026-09-22T00:50:27.675567+00:00,2,32570,83
2026-09-22T00:50:27.675567+00:00,3,32590,88
2026-09-22T00:50:32.741550+00:00,0,32560,77
2026-09-22T00:50:32.741550+00:00,1,32572,77
2026-09-22T00:50:32.741550+00:00,2,32570,78
2026-09-22T00:50:32.741550+00:00,3,32590,74
2026-09-22T00:50:37.825677+00:00,0,32560,76
2026-09-22T00:50:37.825677+00:00,1,32572,77
2026-09-22T00:50:37.825677+00:00,2,32570,75
2026-09-22T00:50:37.825677+00:00,3,32590,77
2026-09-22T00:50:42.907831+00:00,0,32560,75
2026-09-22T00:50:42.907831+00:00,1,32572,83
2026-09-22T00:50:42.907831+00:00,2,32570,80
2026-09-22T00:50:42.907831+00:00,3,32590,83
2026-09-22T00:50:47.975782+00:00,0,32562,0
2026-09-22T00:50:47.975782+00:00,1,32572,0
2026-09-22T00:50:47.975782+00:00,2,32570,0
2026-09-22T00:50:47.975782+00:00,3,32590,78
2026-09-22T00:50:53.036384+00:00,0,11812,99
2026-09-22T00:50:53.036384+00:00,1,12692,99
2026-09-22T00:50:53.036384+00:00,2,11772,98
2026-09-22T00:50:53.036384+00:00,3,11552,99
2026-09-22T00:50:58.105840+00:00,0,12038,99
2026-09-22T00:50:58.105840+00:00,1,13178,99
2026-09-22T00:50:58.105840+00:00,2,12138,99
2026-09-22T00:50:58.105840+00:00,3,12138,99
2026-09-22T00:51:03.177027+00:00,0,9964,100
2026-09-22T00:51:03.177027+00:00,1,11144,99
2026-09-22T00:51:03.177027+00:00,2,9944,100
2026-09-22T00:51:03.177027+00:00,3,9804,100
2026-09-22T00:51:08.244905+00:00,0,25320,98
2026-09-22T00:51:08.244905+00:00,1,25360,99
2026-09-22T00:51:08.244905+00:00,2,25320,99
2026-09-22T00:51:08.244905+00:00,3,25320,99
2026-09-22T00:51:13.315836+00:00,0,26984,99
2026-09-22T00:51:13.315836+00:00,1,25802,99
2026-09-22T00:51:13.315836+00:00,2,25562,99
2026-09-22T00:51:13.315836+00:00,3,25522,100
2026-09-22T00:51:18.388892+00:00,0,26984,99
2026-09-22T00:51:18.388892+00:00,1,27386,99
2026-09-22T00:51:18.388892+00:00,2,26904,99
2026-09-22T00:51:18.388892+00:00,3,27466,99
2026-09-22T00:51:23.461687+00:00,0,27466,99
2026-09-22T00:51:23.461687+00:00,1,27746,99
2026-09-22T00:51:23.461687+00:00,2,26906,98
2026-09-22T00:51:23.461687+00:00,3,27926,99
2026-09-22T00:51:28.526589+00:00,0,28028,99
2026-09-22T00:51:28.526589+00:00,1,27788,99
2026-09-22T00:51:28.526589+00:00,2,28188,99
2026-09-22T00:51:28.526589+00:00,3,28008,99
2026-09-22T00:51:33.599596+00:00,0,28030,99
2026-09-22T00:51:33.599596+00:00,1,27790,99
2026-09-22T00:51:33.599596+00:00,2,28190,99
2026-09-22T00:51:33.599596+00:00,3,28010,99
2026-09-22T00:51:38.669359+00:00,0,28032,99
2026-09-22T00:51:38.669359+00:00,1,27792,99
2026-09-22T00:51:38.669359+00:00,2,28192,99
2026-09-22T00:51:38.669359+00:00,3,28012,99
2026-09-22T00:51:43.733225+00:00,0,28032,98
2026-09-22T00:51:43.733225+00:00,1,27792,98
2026-09-22T00:51:43.733225+00:00,2,28192,99
2026-09-22T00:51:43.733225+00:00,3,28012,99
2026-09-22T00:51:48.800196+00:00,0,9902,67
2026-09-22T00:51:48.800196+00:00,1,10026,86
2026-09-22T00:51:48.800196+00:00,2,9904,71
2026-09-22T00:51:48.800196+00:00,3,9904,68
2026-09-22T00:51:53.855705+00:00,0,9720,5
2026-09-22T00:51:53.855705+00:00,1,9924,6
2026-09-22T00:51:53.855705+00:00,2,9720,7
2026-09-22T00:51:53.855705+00:00,3,9862,5
2026-09-22T00:51:58.915424+00:00,0,11050,14
2026-09-22T00:51:58.915424+00:00,1,11050,37
2026-09-22T00:51:58.915424+00:00,2,11050,40
2026-09-22T00:51:58.915424+00:00,3,11050,20
2026-09-22T00:52:03.973593+00:00,0,4830,9
2026-09-22T00:52:03.973593+00:00,1,4832,13
2026-09-22T00:52:03.973593+00:00,2,4832,12
2026-09-22T00:52:03.973593+00:00,3,4832,10
2026-09-22T00:52:09.031498+00:00,0,32570,73
2026-09-22T00:52:09.031498+00:00,1,32548,81
2026-09-22T00:52:09.031498+00:00,2,32572,71
2026-09-22T00:52:09.031498+00:00,3,32562,73
2026-09-22T00:52:14.095062+00:00,0,32570,72
2026-09-22T00:52:14.095062+00:00,1,32548,80
2026-09-22T00:52:14.095062+00:00,2,32572,75
2026-09-22T00:52:14.095062+00:00,3,32562,72
2026-09-22T00:52:19.157831+00:00,0,32570,76
2026-09-22T00:52:19.157831+00:00,1,32548,74
2026-09-22T00:52:19.157831+00:00,2,32572,78
2026-09-22T00:52:19.157831+00:00,3,32562,76
2026-09-22T00:52:24.219934+00:00,0,32570,76
2026-09-22T00:52:24.219934+00:00,1,32548,75
2026-09-22T00:52:24.219934+00:00,2,32572,78
2026-09-22T00:52:24.219934+00:00,3,32562,79
2026-09-22T00:52:29.286905+00:00,0,32570,72
2026-09-22T00:52:29.286905+00:00,1,32548,70
2026-09-22T00:52:29.286905+00:00,2,32572,72
2026-09-22T00:52:29.286905+00:00,3,32562,71
2026-09-22T00:52:34.360993+00:00,0,32570,77
2026-09-22T00:52:34.360993+00:00,1,32548,74
2026-09-22T00:52:34.360993+00:00,2,32572,76
2026-09-22T00:52:34.360993+00:00,3,32562,76
2026-09-22T00:52:39.424374+00:00,0,32570,79
2026-09-22T00:52:39.424374+00:00,1,32548,79
2026-09-22T00:52:39.424374+00:00,2,32572,74
2026-09-22T00:52:39.424374+00:00,3,32562,75
2026-09-22T00:52:44.490742+00:00,0,32570,78
2026-09-22T00:52:44.490742+00:00,1,32548,81
2026-09-22T00:52:44.490742+00:00,2,32572,80
2026-09-22T00:52:44.490742+00:00,3,32562,76
2026-09-22T00:52:49.553447+00:00,0,32570,71
2026-09-22T00:52:49.553447+00:00,1,32548,74
2026-09-22T00:52:49.553447+00:00,2,32572,74
2026-09-22T00:52:49.553447+00:00,3,32562,74
2026-09-22T00:52:54.620698+00:00,0,32570,74
2026-09-22T00:52:54.620698+00:00,1,32548,70
2026-09-22T00:52:54.620698+00:00,2,32572,74
2026-09-22T00:52:54.620698+00:00,3,32562,75
2026-09-22T00:52:59.700892+00:00,0,32570,73
2026-09-22T00:52:59.700892+00:00,1,32548,75
2026-09-22T00:52:59.700892+00:00,2,32572,75
2026-09-22T00:52:59.700892+00:00,3,32562,71
2026-09-22T00:53:04.780256+00:00,0,32570,80
2026-09-22T00:53:04.780256+00:00,1,32548,77
2026-09-22T00:53:04.780256+00:00,2,32572,79
2026-09-22T00:53:04.780256+00:00,3,32562,78
2026-09-22T00:53:09.849168+00:00,0,32570,82
2026-09-22T00:53:09.849168+00:00,1,32548,79
2026-09-22T00:53:09.849168+00:00,2,32572,79
2026-09-22T00:53:09.849168+00:00,3,32562,81
2026-09-22T00:53:14.915645+00:00,0,32570,76
2026-09-22T00:53:14.915645+00:00,1,32548,82
2026-09-22T00:53:14.915645+00:00,2,32572,81
2026-09-22T00:53:14.915645+00:00,3,32562,77
2026-09-22T00:53:19.985750+00:00,0,32570,79
2026-09-22T00:53:19.985750+00:00,1,32548,81
2026-09-22T00:53:19.985750+00:00,2,32572,81
2026-09-22T00:53:19.985750+00:00,3,32562,81
2026-09-22T00:53:25.055703+00:00,0,32570,72
2026-09-22T00:53:25.055703+00:00,1,32548,74
2026-09-22T00:53:25.055703+00:00,2,32572,78
2026-09-22T00:53:25.055703+00:00,3,32562,77
2026-09-22T00:53:30.139342+00:00,0,32570,76
2026-09-22T00:53:30.139342+00:00,1,32548,81
2026-09-22T00:53:30.139342+00:00,2,32572,81
2026-09-22T00:53:30.139342+00:00,3,32562,80
2026-09-22T00:53:35.208897+00:00,0,32570,79
2026-09-22T00:53:35.208897+00:00,1,32548,80
2026-09-22T00:53:35.208897+00:00,2,32572,82
2026-09-22T00:53:35.208897+00:00,3,32562,82
2026-09-22T00:53:40.276447+00:00,0,32570,79
2026-09-22T00:53:40.276447+00:00,1,32548,79
2026-09-22T00:53:40.276447+00:00,2,32572,80
2026-09-22T00:53:40.276447+00:00,3,32562,80
2026-09-22T00:53:45.344926+00:00,0,32570,78
2026-09-22T00:53:45.344926+00:00,1,32548,78
2026-09-22T00:53:45.344926+00:00,2,32572,79
2026-09-22T00:53:45.344926+00:00,3,32562,83
2026-09-22T00:53:50.411723+00:00,0,32570,82
2026-09-22T00:53:50.411723+00:00,1,32548,81
2026-09-22T00:53:50.411723+00:00,2,32572,84
2026-09-22T00:53:50.411723+00:00,3,32562,81
2026-09-22T00:53:55.479067+00:00,0,32570,78
2026-09-22T00:53:55.479067+00:00,1,32548,76
2026-09-22T00:53:55.479067+00:00,2,32572,74
2026-09-22T00:53:55.479067+00:00,3,32562,76
2026-09-22T00:54:00.584426+00:00,0,32570,75
2026-09-22T00:54:00.584426+00:00,1,32548,76
2026-09-22T00:54:00.584426+00:00,2,32572,75
2026-09-22T00:54:00.584426+00:00,3,32562,78
2026-09-22T00:54:05.679534+00:00,0,32570,74
2026-09-22T00:54:05.679534+00:00,1,32548,77
2026-09-22T00:54:05.679534+00:00,2,32572,76
2026-09-22T00:54:05.679534+00:00,3,32562,75
2026-09-22T00:54:10.759013+00:00,0,32570,0
2026-09-22T00:54:10.759013+00:00,1,32548,71
2026-09-22T00:54:10.759013+00:00,2,32572,73
2026-09-22T00:54:10.759013+00:00,3,32562,77
2026-09-22T00:54:15.840455+00:00,0,1330,0
2026-09-22T00:54:15.840455+00:00,1,1308,0
2026-09-22T00:54:15.840455+00:00,2,1200,0
2026-09-22T00:54:15.840455+00:00,3,1200,0
2026-09-22T00:54:20.912752+00:00,0,11774,94
2026-09-22T00:54:20.912752+00:00,1,12874,99
2026-09-22T00:54:20.912752+00:00,2,11814,100
2026-09-22T00:54:20.912752+00:00,3,11794,99
2026-09-22T00:54:25.988095+00:00,0,11918,99
2026-09-22T00:54:25.988095+00:00,1,13138,99
2026-09-22T00:54:25.988095+00:00,2,11898,99
2026-09-22T00:54:25.988095+00:00,3,11878,99
2026-09-22T00:54:31.065041+00:00,0,15728,99
2026-09-22T00:54:31.065041+00:00,1,15768,97
2026-09-22T00:54:31.065041+00:00,2,15728,89
2026-09-22T00:54:31.065041+00:00,3,15728,99
2026-09-22T00:54:36.163003+00:00,0,27022,99
2026-09-22T00:54:36.163003+00:00,1,27462,99
2026-09-22T00:54:36.163003+00:00,2,27102,99
2026-09-22T00:54:36.163003+00:00,3,27122,100
2026-09-22T00:54:41.238989+00:00,0,27884,87
2026-09-22T00:54:41.238989+00:00,1,27844,100
2026-09-22T00:54:41.238989+00:00,2,27904,100
2026-09-22T00:54:41.238989+00:00,3,27724,98
2026-09-22T00:54:46.317466+00:00,0,28346,99
2026-09-22T00:54:46.317466+00:00,1,27846,99
2026-09-22T00:54:46.317466+00:00,2,27906,100
2026-09-22T00:54:46.317466+00:00,3,28086,99
2026-09-22T00:54:51.380051+00:00,0,28488,99
2026-09-22T00:54:51.380051+00:00,1,29588,99
2026-09-22T00:54:51.380051+00:00,2,29748,99
2026-09-22T00:54:51.380051+00:00,3,29768,99
2026-09-22T00:54:56.453175+00:00,0,28490,99
2026-09-22T00:54:56.453175+00:00,1,29590,100
2026-09-22T00:54:56.453175+00:00,2,29750,99
2026-09-22T00:54:56.453175+00:00,3,29770,99
2026-09-22T00:55:01.524234+00:00,0,28492,99
2026-09-22T00:55:01.524234+00:00,1,29592,98
2026-09-22T00:55:01.524234+00:00,2,29752,99
2026-09-22T00:55:01.524234+00:00,3,29772,99
2026-09-22T00:55:06.602815+00:00,0,28494,100
2026-09-22T00:55:06.602815+00:00,1,29594,99
2026-09-22T00:55:06.602815+00:00,2,29754,99
2026-09-22T00:55:06.602815+00:00,3,29772,100
2026-09-22T00:55:11.671924+00:00,0,9720,5
2026-09-22T00:55:11.671924+00:00,1,9740,5
2026-09-22T00:55:11.671924+00:00,2,9720,7
2026-09-22T00:55:11.671924+00:00,3,9720,6
2026-09-22T00:55:16.730005+00:00,0,10558,7
2026-09-22T00:55:16.730005+00:00,1,10600,8
2026-09-22T00:55:16.730005+00:00,2,10784,8
2026-09-22T00:55:16.730005+00:00,3,11050,8
2026-09-22T00:55:21.791113+00:00,0,11050,14
2026-09-22T00:55:21.791113+00:00,1,11050,19
2026-09-22T00:55:21.791113+00:00,2,11050,37
2026-09-22T00:55:21.791113+00:00,3,11050,35
2026-09-22T00:55:26.849349+00:00,0,32540,37
2026-09-22T00:55:26.849349+00:00,1,32554,24
2026-09-22T00:55:26.849349+00:00,2,32554,3
2026-09-22T00:55:26.849349+00:00,3,32558,27
2026-09-22T00:55:31.910828+00:00,0,32540,74
2026-09-22T00:55:31.910828+00:00,1,32574,73
2026-09-22T00:55:31.910828+00:00,2,32554,73
2026-09-22T00:55:31.910828+00:00,3,32598,76
2026-09-22T00:55:36.977508+00:00,0,32540,70
2026-09-22T00:55:36.977508+00:00,1,32574,71
2026-09-22T00:55:36.977508+00:00,2,32554,72
2026-09-22T00:55:36.977508+00:00,3,32598,74
2026-09-22T00:55:42.039087+00:00,0,32540,74
2026-09-22T00:55:42.039087+00:00,1,32574,73
2026-09-22T00:55:42.039087+00:00,2,32554,74
2026-09-22T00:55:42.039087+00:00,3,32598,72
2026-09-22T00:55:47.101731+00:00,0,32540,73
2026-09-22T00:55:47.101731+00:00,1,32574,76
2026-09-22T00:55:47.101731+00:00,2,32554,73
2026-09-22T00:55:47.101731+00:00,3,32598,74
2026-09-22T00:55:52.167646+00:00,0,32540,80
2026-09-22T00:55:52.167646+00:00,1,32574,76
2026-09-22T00:55:52.167646+00:00,2,32554,79
2026-09-22T00:55:52.167646+00:00,3,32598,75
2026-09-22T00:55:57.234799+00:00,0,32540,79
2026-09-22T00:55:57.234799+00:00,1,32574,77
2026-09-22T00:55:57.234799+00:00,2,32554,78
2026-09-22T00:55:57.234799+00:00,3,32598,78
2026-09-22T00:56:02.299348+00:00,0,32540,77
2026-09-22T00:56:02.299348+00:00,1,32574,77
2026-09-22T00:56:02.299348+00:00,2,32554,75
2026-09-22T00:56:02.299348+00:00,3,32598,76
2026-09-22T00:56:07.372414+00:00,0,32540,74
2026-09-22T00:56:07.372414+00:00,1,32574,79
2026-09-22T00:56:07.372414+00:00,2,32554,79
2026-09-22T00:56:07.372414+00:00,3,32598,78
2026-09-22T00:56:12.443424+00:00,0,32540,81
2026-09-22T00:56:12.443424+00:00,1,32574,79
2026-09-22T00:56:12.443424+00:00,2,32554,77
2026-09-22T00:56:12.443424+00:00,3,32598,76
2026-09-22T00:56:17.510530+00:00,0,32540,70
2026-09-22T00:56:17.510530+00:00,1,32574,73
2026-09-22T00:56:17.510530+00:00,2,32554,73
2026-09-22T00:56:17.510530+00:00,3,32598,75
2026-09-22T00:56:22.596495+00:00,0,32540,80
2026-09-22T00:56:22.596495+00:00,1,32574,79
2026-09-22T00:56:22.596495+00:00,2,32554,80
2026-09-22T00:56:22.596495+00:00,3,32598,82
2026-09-22T00:56:27.669720+00:00,0,32540,85
2026-09-22T00:56:27.669720+00:00,1,32574,83
2026-09-22T00:56:27.669720+00:00,2,32554,82
2026-09-22T00:56:27.669720+00:00,3,32598,81
2026-09-22T00:56:32.738933+00:00,0,32540,80
2026-09-22T00:56:32.738933+00:00,1,32574,79
2026-09-22T00:56:32.738933+00:00,2,32554,80
2026-09-22T00:56:32.738933+00:00,3,32598,76
2026-09-22T00:56:37.806205+00:00,0,32540,82
2026-09-22T00:56:37.806205+00:00,1,32574,78
2026-09-22T00:56:37.806205+00:00,2,32554,80
2026-09-22T00:56:37.806205+00:00,3,32598,83
2026-09-22T00:56:42.872595+00:00,0,32540,73
2026-09-22T00:56:42.872595+00:00,1,32574,81
2026-09-22T00:56:42.872595+00:00,2,32554,79
2026-09-22T00:56:42.872595+00:00,3,32598,74
2026-09-22T00:56:47.931899+00:00,0,32540,82
2026-09-22T00:56:47.931899+00:00,1,32574,84
2026-09-22T00:56:47.931899+00:00,2,32554,81
2026-09-22T00:56:47.931899+00:00,3,32598,83
2026-09-22T00:56:52.999392+00:00,0,32540,80
2026-09-22T00:56:52.999392+00:00,1,32574,84
2026-09-22T00:56:52.999392+00:00,2,32554,82
2026-09-22T00:56:52.999392+00:00,3,32598,77
2026-09-22T00:56:58.070863+00:00,0,32540,80
2026-09-22T00:56:58.070863+00:00,1,32574,87
2026-09-22T00:56:58.070863+00:00,2,32554,84
2026-09-22T00:56:58.070863+00:00,3,32598,84
2026-09-22T00:57:03.136448+00:00,0,32540,83
2026-09-22T00:57:03.136448+00:00,1,32574,83
2026-09-22T00:57:03.136448+00:00,2,32554,84
2026-09-22T00:57:03.136448+00:00,3,32598,85
2026-09-22T00:57:08.202424+00:00,0,32540,85
2026-09-22T00:57:08.202424+00:00,1,32574,81
2026-09-22T00:57:08.202424+00:00,2,32554,80
2026-09-22T00:57:08.202424+00:00,3,32598,82
2026-09-22T00:57:13.265797+00:00,0,32540,81
2026-09-22T00:57:13.265797+00:00,1,32574,83
2026-09-22T00:57:13.265797+00:00,2,32554,86
2026-09-22T00:57:13.265797+00:00,3,32598,83
2026-09-22T00:57:18.333117+00:00,0,32540,83
2026-09-22T00:57:18.333117+00:00,1,32574,81
2026-09-22T00:57:18.333117+00:00,2,32554,89
2026-09-22T00:57:18.333117+00:00,3,32598,86
2026-09-22T00:57:23.402632+00:00,0,32540,84
2026-09-22T00:57:23.402632+00:00,1,32574,81
2026-09-22T00:57:23.402632+00:00,2,32554,86
2026-09-22T00:57:23.402632+00:00,3,32598,82
2026-09-22T00:57:28.473047+00:00,0,32540,81
2026-09-22T00:57:28.473047+00:00,1,32574,83
2026-09-22T00:57:28.473047+00:00,2,32554,87
2026-09-22T00:57:28.473047+00:00,3,32598,80
2026-09-22T00:57:33.544495+00:00,0,32540,84
2026-09-22T00:57:33.544495+00:00,1,32574,83
2026-09-22T00:57:33.544495+00:00,2,32554,0
2026-09-22T00:57:33.544495+00:00,3,32598,86
2026-09-22T00:57:38.609953+00:00,0,32540,0
2026-09-22T00:57:38.609953+00:00,1,32574,80
2026-09-22T00:57:38.609953+00:00,2,32554,0
2026-09-22T00:57:38.609953+00:00,3,32598,81
2026-09-22T00:57:43.673611+00:00,0,6612,99
2026-09-22T00:57:43.673611+00:00,1,6972,99
2026-09-22T00:57:43.673611+00:00,2,6672,99
2026-09-22T00:57:43.673611+00:00,3,6592,99
2026-09-22T00:57:48.742150+00:00,0,12716,99
2026-09-22T00:57:48.742150+00:00,1,13696,99
2026-09-22T00:57:48.742150+00:00,2,12656,99
2026-09-22T00:57:48.742150+00:00,3,12716,99
2026-09-22T00:57:53.814056+00:00,0,12760,99
2026-09-22T00:57:53.814056+00:00,1,13760,99
2026-09-22T00:57:53.814056+00:00,2,12740,99
2026-09-22T00:57:53.814056+00:00,3,12720,99
2026-09-22T00:57:58.878611+00:00,0,25338,99
2026-09-22T00:57:58.878611+00:00,1,25378,100
2026-09-22T00:57:58.878611+00:00,2,25338,99
2026-09-22T00:57:58.878611+00:00,3,25338,99
2026-09-22T00:58:03.939975+00:00,0,26722,88
2026-09-22T00:58:03.939975+00:00,1,27202,99
2026-09-22T00:58:03.939975+00:00,2,27542,91
2026-09-22T00:58:03.939975+00:00,3,26622,99
2026-09-22T00:58:09.005007+00:00,0,29084,99
2026-09-22T00:58:09.005007+00:00,1,29204,99
2026-09-22T00:58:09.005007+00:00,2,28304,99
2026-09-22T00:58:09.005007+00:00,3,28704,99
2026-09-22T00:58:14.085026+00:00,0,29446,99
2026-09-22T00:58:14.085026+00:00,1,29206,98
2026-09-22T00:58:14.085026+00:00,2,29286,98
2026-09-22T00:58:14.085026+00:00,3,29546,99
2026-09-22T00:58:19.162971+00:00,0,29668,99
2026-09-22T00:58:19.162971+00:00,1,29468,99
2026-09-22T00:58:19.162971+00:00,2,29628,99
2026-09-22T00:58:19.162971+00:00,3,29548,100
2026-09-22T00:58:24.237153+00:00,0,29670,99
2026-09-22T00:58:24.237153+00:00,1,29470,98
2026-09-22T00:58:24.237153+00:00,2,29630,98
2026-09-22T00:58:24.237153+00:00,3,29550,98
2026-09-22T00:58:29.304474+00:00,0,29672,99
2026-09-22T00:58:29.304474+00:00,1,29472,99
2026-09-22T00:58:29.304474+00:00,2,29632,99
2026-09-22T00:58:29.304474+00:00,3,29552,99
2026-09-22T00:58:34.381204+00:00,0,29672,98
2026-09-22T00:58:34.381204+00:00,1,29472,98
2026-09-22T00:58:34.381204+00:00,2,29632,99
2026-09-22T00:58:34.381204+00:00,3,29552,98
2026-09-22T00:58:39.446462+00:00,0,11050,7
2026-09-22T00:58:39.446462+00:00,1,11050,26
2026-09-22T00:58:39.446462+00:00,2,11050,25
2026-09-22T00:58:39.446462+00:00,3,11050,30
2026-09-22T00:58:44.498470+00:00,0,9820,5
2026-09-22T00:58:44.498470+00:00,1,9904,6
2026-09-22T00:58:44.498470+00:00,2,9720,5
2026-09-22T00:58:44.498470+00:00,3,10026,8
2026-09-22T00:58:49.558074+00:00,0,11050,21
2026-09-22T00:58:49.558074+00:00,1,11050,32
2026-09-22T00:58:49.558074+00:00,2,11050,19
2026-09-22T00:58:49.558074+00:00,3,11050,32
2026-09-22T00:58:54.616280+00:00,0,4830,11
2026-09-22T00:58:54.616280+00:00,1,4832,12
2026-09-22T00:58:54.616280+00:00,2,4832,11
2026-09-22T00:58:54.616280+00:00,3,4832,13
2026-09-22T00:58:59.673299+00:00,0,32540,73
2026-09-22T00:58:59.673299+00:00,1,32556,74
2026-09-22T00:58:59.673299+00:00,2,32558,74
2026-09-22T00:58:59.673299+00:00,3,32568,77
2026-09-22T00:59:04.736823+00:00,0,32540,80
2026-09-22T00:59:04.736823+00:00,1,32556,73
2026-09-22T00:59:04.736823+00:00,2,32558,78
2026-09-22T00:59:04.736823+00:00,3,32568,76
2026-09-22T00:59:09.799579+00:00,0,32540,75
2026-09-22T00:59:09.799579+00:00,1,32556,76
2026-09-22T00:59:09.799579+00:00,2,32558,78
2026-09-22T00:59:09.799579+00:00,3,32568,76
2026-09-22T00:59:14.870061+00:00,0,32540,77
2026-09-22T00:59:14.870061+00:00,1,32556,72
2026-09-22T00:59:14.870061+00:00,2,32558,72
2026-09-22T00:59:14.870061+00:00,3,32568,74
2026-09-22T00:59:19.935180+00:00,0,32540,77
2026-09-22T00:59:19.935180+00:00,1,32556,74
2026-09-22T00:59:19.935180+00:00,2,32558,79
2026-09-22T00:59:19.935180+00:00,3,32568,79
2026-09-22T00:59:25.001334+00:00,0,32540,77
2026-09-22T00:59:25.001334+00:00,1,32556,78
2026-09-22T00:59:25.001334+00:00,2,32558,73
2026-09-22T00:59:25.001334+00:00,3,32568,78
2026-09-22T00:59:30.068569+00:00,0,32540,72
2026-09-22T00:59:30.068569+00:00,1,32556,70
2026-09-22T00:59:30.068569+00:00,2,32558,74
2026-09-22T00:59:30.068569+00:00,3,32568,71
2026-09-22T00:59:35.143568+00:00,0,32540,77
2026-09-22T00:59:35.143568+00:00,1,32556,73
2026-09-22T00:59:35.143568+00:00,2,32558,74
2026-09-22T00:59:35.143568+00:00,3,32568,71
2026-09-22T00:59:40.220924+00:00,0,32540,75
2026-09-22T00:59:40.220924+00:00,1,32556,74
2026-09-22T00:59:40.220924+00:00,2,32558,74
2026-09-22T00:59:40.220924+00:00,3,32568,72
2026-09-22T00:59:45.304676+00:00,0,32540,74
2026-09-22T00:59:45.304676+00:00,1,32556,77
2026-09-22T00:59:45.304676+00:00,2,32558,75
2026-09-22T00:59:45.304676+00:00,3,32568,73
2026-09-22T00:59:50.407452+00:00,0,32540,72
2026-09-22T00:59:50.407452+00:00,1,32556,73
2026-09-22T00:59:50.407452+00:00,2,32558,76
2026-09-22T00:59:50.407452+00:00,3,32568,70
2026-09-22T00:59:55.490287+00:00,0,32540,76
2026-09-22T00:59:55.490287+00:00,1,32556,72
2026-09-22T00:59:55.490287+00:00,2,32558,69
2026-09-22T00:59:55.490287+00:00,3,32568,76
2026-09-22T01:00:00.573930+00:00,0,32540,77
2026-09-22T01:00:00.573930+00:00,1,32556,83
2026-09-22T01:00:00.573930+00:00,2,32558,80
2026-09-22T01:00:00.573930+00:00,3,32568,79
2026-09-22T01:00:05.645621+00:00,0,32540,76
2026-09-22T01:00:05.645621+00:00,1,32556,77
2026-09-22T01:00:05.645621+00:00,2,32558,77
2026-09-22T01:00:05.645621+00:00,3,32568,75
2026-09-22T01:00:10.726114+00:00,0,32540,82
2026-09-22T01:00:10.726114+00:00,1,32556,81
2026-09-22T01:00:10.726114+00:00,2,32558,82
2026-09-22T01:00:10.726114+00:00,3,32568,83
2026-09-22T01:00:15.790638+00:00,0,32540,72
2026-09-22T01:00:15.790638+00:00,1,32556,77
2026-09-22T01:00:15.790638+00:00,2,32558,75
2026-09-22T01:00:15.790638+00:00,3,32568,74
2026-09-22T01:00:20.871173+00:00,0,32540,80
2026-09-22T01:00:20.871173+00:00,1,32556,77
2026-09-22T01:00:20.871173+00:00,2,32558,82
2026-09-22T01:00:20.871173+00:00,3,32568,81
2026-09-22T01:00:25.937318+00:00,0,32540,81
2026-09-22T01:00:25.937318+00:00,1,32556,82
2026-09-22T01:00:25.937318+00:00,2,32558,79
2026-09-22T01:00:25.937318+00:00,3,32568,82
2026-09-22T01:00:31.006386+00:00,0,32540,81
2026-09-22T01:00:31.006386+00:00,1,32556,83
2026-09-22T01:00:31.006386+00:00,2,32558,79
2026-09-22T01:00:31.006386+00:00,3,32568,80
2026-09-22T01:00:36.075572+00:00,0,32540,80
2026-09-22T01:00:36.075572+00:00,1,32556,78
2026-09-22T01:00:36.075572+00:00,2,32558,75
2026-09-22T01:00:36.075572+00:00,3,32568,72
2026-09-22T01:00:41.153142+00:00,0,32540,79
2026-09-22T01:00:41.153142+00:00,1,32556,75
2026-09-22T01:00:41.153142+00:00,2,32558,73
2026-09-22T01:00:41.153142+00:00,3,32568,76
2026-09-22T01:00:46.228596+00:00,0,32540,77
2026-09-22T01:00:46.228596+00:00,1,32556,77
2026-09-22T01:00:46.228596+00:00,2,32558,75
2026-09-22T01:00:46.228596+00:00,3,32568,76
2026-09-22T01:00:51.316326+00:00,0,32540,80
2026-09-22T01:00:51.316326+00:00,1,32556,76
2026-09-22T01:00:51.316326+00:00,2,32558,73
2026-09-22T01:00:51.316326+00:00,3,32568,78
2026-09-22T01:00:56.420388+00:00,0,32540,78
2026-09-22T01:00:56.420388+00:00,1,32556,78
2026-09-22T01:00:56.420388+00:00,2,32558,73
2026-09-22T01:00:56.420388+00:00,3,32568,77
2026-09-22T01:01:01.502831+00:00,0,32540,79
2026-09-22T01:01:01.502831+00:00,1,32556,79
2026-09-22T01:01:01.502831+00:00,2,32558,76
2026-09-22T01:01:01.502831+00:00,3,32568,79
2026-09-22T01:01:06.576475+00:00,0,32540,78
2026-09-22T01:01:06.576475+00:00,1,32556,77
2026-09-22T01:01:06.576475+00:00,2,32558,77
2026-09-22T01:01:06.576475+00:00,3,32568,0
2026-09-22T01:01:11.655890+00:00,0,32540,77
2026-09-22T01:01:11.655890+00:00,1,32556,0
2026-09-22T01:01:11.655890+00:00,2,32558,0
2026-09-22T01:01:11.655890+00:00,3,32568,0
2026-09-22T01:01:16.725217+00:00,0,6592,99
2026-09-22T01:01:16.725217+00:00,1,6692,99
2026-09-22T01:01:16.725217+00:00,2,6612,93
2026-09-22T01:01:16.725217+00:00,3,6632,99
2026-09-22T01:01:21.794291+00:00,0,12376,99
2026-09-22T01:01:21.794291+00:00,1,13456,99
2026-09-22T01:01:21.794291+00:00,2,12236,99
2026-09-22T01:01:21.794291+00:00,3,12356,99
2026-09-22T01:01:26.865865+00:00,0,12402,99
2026-09-22T01:01:26.865865+00:00,1,13462,99
2026-09-22T01:01:26.865865+00:00,2,12422,99
2026-09-22T01:01:26.865865+00:00,3,12402,99
2026-09-22T01:01:31.938409+00:00,0,25298,100
2026-09-22T01:01:31.938409+00:00,1,25338,99
2026-09-22T01:01:31.938409+00:00,2,25318,99
2026-09-22T01:01:31.938409+00:00,3,25318,99
2026-09-22T01:01:37.012598+00:00,0,26544,90
2026-09-22T01:01:37.012598+00:00,1,26964,100
2026-09-22T01:01:37.012598+00:00,2,26944,99
2026-09-22T01:01:37.012598+00:00,3,26884,100
2026-09-22T01:01:42.087713+00:00,0,26824,100
2026-09-22T01:01:42.087713+00:00,1,27064,99
2026-09-22T01:01:42.087713+00:00,2,26944,99
2026-09-22T01:01:42.087713+00:00,3,26884,99
2026-09-22T01:01:47.162058+00:00,0,28348,99
2026-09-22T01:01:47.162058+00:00,1,28006,100
2026-09-22T01:01:47.162058+00:00,2,28148,99
2026-09-22T01:01:47.162058+00:00,3,27906,100
2026-09-22T01:01:52.235483+00:00,0,28348,99
2026-09-22T01:01:52.235483+00:00,1,28008,99
2026-09-22T01:01:52.235483+00:00,2,28208,99
2026-09-22T01:01:52.235483+00:00,3,28088,100
2026-09-22T01:01:57.310285+00:00,0,28350,99
2026-09-22T01:01:57.310285+00:00,1,28010,99
2026-09-22T01:01:57.310285+00:00,2,28210,99
2026-09-22T01:01:57.310285+00:00,3,28090,100
2026-09-22T01:02:02.383802+00:00,0,28350,99
2026-09-22T01:02:02.383802+00:00,1,28012,98
2026-09-22T01:02:02.383802+00:00,2,28212,99
2026-09-22T01:02:02.383802+00:00,3,28092,99
2026-09-22T01:02:07.453625+00:00,0,28354,99
2026-09-22T01:02:07.453625+00:00,1,28014,99
2026-09-22T01:02:07.453625+00:00,2,28214,99
2026-09-22T01:02:07.453625+00:00,3,28094,99
2026-09-22T01:02:12.526806+00:00,0,8470,62
2026-09-22T01:02:12.526806+00:00,1,8470,77
2026-09-22T01:02:12.526806+00:00,2,8470,76
2026-09-22T01:02:12.526806+00:00,3,8470,70
2026-09-22T01:02:17.589968+00:00,0,10374,8
2026-09-22T01:02:17.589968+00:00,1,10558,8
2026-09-22T01:02:17.589968+00:00,2,9720,5
2026-09-22T01:02:17.589968+00:00,3,10170,6
2026-09-22T01:02:22.650115+00:00,0,11050,33
2026-09-22T01:02:22.650115+00:00,1,11050,33
2026-09-22T01:02:22.650115+00:00,2,11050,15
2026-09-22T01:02:22.650115+00:00,3,11050,15
2026-09-22T01:02:27.709703+00:00,0,4830,13
2026-09-22T01:02:27.709703+00:00,1,4832,12
2026-09-22T01:02:27.709703+00:00,2,4832,10
2026-09-22T01:02:27.709703+00:00,3,4832,11
2026-09-22T01:02:32.770200+00:00,0,32568,75
2026-09-22T01:02:32.770200+00:00,1,32568,72
2026-09-22T01:02:32.770200+00:00,2,32574,75
2026-09-22T01:02:32.770200+00:00,3,32578,72
2026-09-22T01:02:37.825627+00:00,0,32568,81
2026-09-22T01:02:37.825627+00:00,1,32568,75
2026-09-22T01:02:37.825627+00:00,2,32574,74
2026-09-22T01:02:37.825627+00:00,3,32578,78
2026-09-22T01:02:42.881653+00:00,0,32568,81
2026-09-22T01:02:42.881653+00:00,1,32568,84
2026-09-22T01:02:42.881653+00:00,2,32574,78
2026-09-22T01:02:42.881653+00:00,3,32578,75
2026-09-22T01:02:47.946719+00:00,0,32568,78
2026-09-22T01:02:47.946719+00:00,1,32568,76
2026-09-22T01:02:47.946719+00:00,2,32574,77
2026-09-22T01:02:47.946719+00:00,3,32578,87
2026-09-22T01:02:53.012207+00:00,0,32568,78
2026-09-22T01:02:53.012207+00:00,1,32568,77
2026-09-22T01:02:53.012207+00:00,2,32574,78
2026-09-22T01:02:53.012207+00:00,3,32578,79
2026-09-22T01:02:58.078883+00:00,0,32568,78
2026-09-22T01:02:58.078883+00:00,1,32568,76
2026-09-22T01:02:58.078883+00:00,2,32574,80
2026-09-22T01:02:58.078883+00:00,3,32578,84
2026-09-22T01:03:03.145441+00:00,0,32568,79
2026-09-22T01:03:03.145441+00:00,1,32568,81
2026-09-22T01:03:03.145441+00:00,2,32574,89
2026-09-22T01:03:03.145441+00:00,3,32578,83
2026-09-22T01:03:08.213631+00:00,0,32568,78
2026-09-22T01:03:08.213631+00:00,1,32568,75
2026-09-22T01:03:08.213631+00:00,2,32574,78
2026-09-22T01:03:08.213631+00:00,3,32578,83
2026-09-22T01:03:13.271444+00:00,0,32568,79
2026-09-22T01:03:13.271444+00:00,1,32568,81
2026-09-22T01:03:13.271444+00:00,2,32574,83
2026-09-22T01:03:13.271444+00:00,3,32578,83
2026-09-22T01:03:18.338370+00:00,0,32568,82
2026-09-22T01:03:18.338370+00:00,1,32568,80
2026-09-22T01:03:18.338370+00:00,2,32574,77
2026-09-22T01:03:18.338370+00:00,3,32578,81
2026-09-22T01:03:23.405231+00:00,0,32568,81
2026-09-22T01:03:23.405231+00:00,1,32568,85
2026-09-22T01:03:23.405231+00:00,2,32574,83
2026-09-22T01:03:23.405231+00:00,3,32578,86
2026-09-22T01:03:28.472429+00:00,0,32568,85
2026-09-22T01:03:28.472429+00:00,1,32568,80
2026-09-22T01:03:28.472429+00:00,2,32574,80
2026-09-22T01:03:28.472429+00:00,3,32578,75
2026-09-22T01:03:33.538705+00:00,0,32568,85
2026-09-22T01:03:33.538705+00:00,1,32568,87
2026-09-22T01:03:33.538705+00:00,2,32574,81
2026-09-22T01:03:33.538705+00:00,3,32578,78
2026-09-22T01:03:38.608532+00:00,0,32568,80
2026-09-22T01:03:38.608532+00:00,1,32568,86
2026-09-22T01:03:38.608532+00:00,2,32574,81
2026-09-22T01:03:38.608532+00:00,3,32578,83
2026-09-22T01:03:43.676240+00:00,0,32568,79
2026-09-22T01:03:43.676240+00:00,1,32568,80
2026-09-22T01:03:43.676240+00:00,2,32574,82
2026-09-22T01:03:43.676240+00:00,3,32578,84
2026-09-22T01:03:48.744664+00:00,0,32568,81
2026-09-22T01:03:48.744664+00:00,1,32568,82
2026-09-22T01:03:48.744664+00:00,2,32574,84
2026-09-22T01:03:48.744664+00:00,3,32578,81
2026-09-22T01:03:53.810500+00:00,0,32568,82
2026-09-22T01:03:53.810500+00:00,1,32568,81
2026-09-22T01:03:53.810500+00:00,2,32574,80
2026-09-22T01:03:53.810500+00:00,3,32578,83
2026-09-22T01:03:58.867271+00:00,0,32568,78
2026-09-22T01:03:58.867271+00:00,1,32568,82
2026-09-22T01:03:58.867271+00:00,2,32574,84
2026-09-22T01:03:58.867271+00:00,3,32578,87
2026-09-22T01:04:03.937896+00:00,0,32568,85
2026-09-22T01:04:03.937896+00:00,1,32568,83
2026-09-22T01:04:03.937896+00:00,2,32574,82
2026-09-22T01:04:03.937896+00:00,3,32578,80
2026-09-22T01:04:09.003729+00:00,0,32568,82
2026-09-22T01:04:09.003729+00:00,1,32568,78
2026-09-22T01:04:09.003729+00:00,2,32574,80
2026-09-22T01:04:09.003729+00:00,3,32578,79
2026-09-22T01:04:14.073847+00:00,0,32568,82
2026-09-22T01:04:14.073847+00:00,1,32568,85
2026-09-22T01:04:14.073847+00:00,2,32574,86
2026-09-22T01:04:14.073847+00:00,3,32578,88
2026-09-22T01:04:19.139734+00:00,0,32568,83
2026-09-22T01:04:19.139734+00:00,1,32568,81
2026-09-22T01:04:19.139734+00:00,2,32574,82
2026-09-22T01:04:19.139734+00:00,3,32578,84
2026-09-22T01:04:24.208779+00:00,0,32568,81
2026-09-22T01:04:24.208779+00:00,1,32568,76
2026-09-22T01:04:24.208779+00:00,2,32574,77
2026-09-22T01:04:24.208779+00:00,3,32578,78
2026-09-22T01:04:29.292299+00:00,0,32568,82
2026-09-22T01:04:29.292299+00:00,1,32568,83
2026-09-22T01:04:29.292299+00:00,2,32574,84
2026-09-22T01:04:29.292299+00:00,3,32578,80
2026-09-22T01:04:34.360336+00:00,0,32568,84
2026-09-22T01:04:34.360336+00:00,1,32568,87
2026-09-22T01:04:34.360336+00:00,2,32574,84
2026-09-22T01:04:34.360336+00:00,3,32578,88
2026-09-22T01:04:39.424313+00:00,0,1328,92
2026-09-22T01:04:39.424313+00:00,1,1328,83
2026-09-22T01:04:39.424313+00:00,2,1334,0
2026-09-22T01:04:39.424313+00:00,3,1338,79
2026-09-22T01:04:44.505285+00:00,0,12214,99
2026-09-22T01:04:44.505285+00:00,1,13454,99
2026-09-22T01:04:44.505285+00:00,2,12214,99
2026-09-22T01:04:44.505285+00:00,3,12114,99
2026-09-22T01:04:49.576513+00:00,0,12518,99
2026-09-22T01:04:49.576513+00:00,1,13538,99
2026-09-22T01:04:49.576513+00:00,2,12538,99
2026-09-22T01:04:49.576513+00:00,3,12538,99
2026-09-22T01:04:54.652456+00:00,0,10808,98
2026-09-22T01:04:54.652456+00:00,1,10848,99
2026-09-22T01:04:54.652456+00:00,2,10828,99
2026-09-22T01:04:54.652456+00:00,3,10828,99
2026-09-22T01:04:59.726655+00:00,0,25482,100
2026-09-22T01:04:59.726655+00:00,1,25562,99
2026-09-22T01:04:59.726655+00:00,2,25482,99
2026-09-22T01:04:59.726655+00:00,3,25482,99
2026-09-22T01:05:04.800791+00:00,0,27344,99
2026-09-22T01:05:04.800791+00:00,1,28204,100
2026-09-22T01:05:04.800791+00:00,2,27424,99
2026-09-22T01:05:04.800791+00:00,3,26924,99
2026-09-22T01:05:09.873179+00:00,0,27726,99
2026-09-22T01:05:09.873179+00:00,1,28206,99
2026-09-22T01:05:09.873179+00:00,2,27966,100
2026-09-22T01:05:09.873179+00:00,3,28206,100
2026-09-22T01:05:14.944479+00:00,0,28688,100
2026-09-22T01:05:14.944479+00:00,1,28448,99
2026-09-22T01:05:14.944479+00:00,2,28648,99
2026-09-22T01:05:14.944479+00:00,3,28688,100
2026-09-22T01:05:20.017424+00:00,0,28690,100
2026-09-22T01:05:20.017424+00:00,1,28450,99
2026-09-22T01:05:20.017424+00:00,2,28650,99
2026-09-22T01:05:20.017424+00:00,3,28690,100
2026-09-22T01:05:25.090015+00:00,0,28692,99
2026-09-22T01:05:25.090015+00:00,1,28452,99
2026-09-22T01:05:25.090015+00:00,2,28652,99
2026-09-22T01:05:25.090015+00:00,3,28692,99
2026-09-22T01:05:30.167302+00:00,0,28692,98
2026-09-22T01:05:30.167302+00:00,1,28452,98
2026-09-22T01:05:30.167302+00:00,2,28652,98
2026-09-22T01:05:30.167302+00:00,3,28692,99
2026-09-22T01:05:35.240367+00:00,0,8812,69
2026-09-22T01:05:35.240367+00:00,1,8832,67
2026-09-22T01:05:35.240367+00:00,2,8812,77
2026-09-22T01:05:35.240367+00:00,3,8812,84
2026-09-22T01:05:40.299568+00:00,0,9720,5
2026-09-22T01:05:40.299568+00:00,1,9904,8
2026-09-22T01:05:40.299568+00:00,2,9820,7
2026-09-22T01:05:40.299568+00:00,3,10026,8
2026-09-22T01:05:45.359112+00:00,0,11050,17
2026-09-22T01:05:45.359112+00:00,1,11050,30
2026-09-22T01:05:45.359112+00:00,2,11050,31
2026-09-22T01:05:45.359112+00:00,3,11050,35
2026-09-22T01:05:50.418904+00:00,0,4830,10
2026-09-22T01:05:50.418904+00:00,1,4832,10
2026-09-22T01:05:50.418904+00:00,2,4832,12
2026-09-22T01:05:50.418904+00:00,3,4832,13
2026-09-22T01:05:55.476135+00:00,0,32536,77
2026-09-22T01:05:55.476135+00:00,1,32554,72
2026-09-22T01:05:55.476135+00:00,2,32550,74
2026-09-22T01:05:55.476135+00:00,3,32540,72
2026-09-22T01:06:00.542758+00:00,0,32536,77
2026-09-22T01:06:00.542758+00:00,1,32554,79
2026-09-22T01:06:00.542758+00:00,2,32550,75
2026-09-22T01:06:00.542758+00:00,3,32540,74
2026-09-22T01:06:05.608301+00:00,0,32536,79
2026-09-22T01:06:05.608301+00:00,1,32554,76
2026-09-22T01:06:05.608301+00:00,2,32550,75
2026-09-22T01:06:05.608301+00:00,3,32540,74
2026-09-22T01:06:10.673353+00:00,0,32536,72
2026-09-22T01:06:10.673353+00:00,1,32554,74
2026-09-22T01:06:10.673353+00:00,2,32550,73
2026-09-22T01:06:10.673353+00:00,3,32540,75
2026-09-22T01:06:15.738369+00:00,0,32536,76
2026-09-22T01:06:15.738369+00:00,1,32554,77
2026-09-22T01:06:15.738369+00:00,2,32550,75
2026-09-22T01:06:15.738369+00:00,3,32540,74
2026-09-22T01:06:20.807703+00:00,0,32536,73
2026-09-22T01:06:20.807703+00:00,1,32554,76
2026-09-22T01:06:20.807703+00:00,2,32550,75
2026-09-22T01:06:20.807703+00:00,3,32540,74
2026-09-22T01:06:25.873185+00:00,0,32536,76
2026-09-22T01:06:25.873185+00:00,1,32554,83
2026-09-22T01:06:25.873185+00:00,2,32550,79
2026-09-22T01:06:25.873185+00:00,3,32540,80
2026-09-22T01:06:30.939177+00:00,0,32536,81
2026-09-22T01:06:30.939177+00:00,1,32554,76
2026-09-22T01:06:30.939177+00:00,2,32550,77
2026-09-22T01:06:30.939177+00:00,3,32540,74
2026-09-22T01:06:36.000942+00:00,0,32536,77
2026-09-22T01:06:36.000942+00:00,1,32554,67
2026-09-22T01:06:36.000942+00:00,2,32550,79
2026-09-22T01:06:36.000942+00:00,3,32540,70
2026-09-22T01:06:41.067911+00:00,0,32536,75
2026-09-22T01:06:41.067911+00:00,1,32554,80
2026-09-22T01:06:41.067911+00:00,2,32550,79
2026-09-22T01:06:41.067911+00:00,3,32540,81
2026-09-22T01:06:46.136760+00:00,0,32536,80
2026-09-22T01:06:46.136760+00:00,1,32554,79
2026-09-22T01:06:46.136760+00:00,2,32550,80
2026-09-22T01:06:46.136760+00:00,3,32540,78
2026-09-22T01:06:51.202730+00:00,0,32536,79
2026-09-22T01:06:51.202730+00:00,1,32554,78
2026-09-22T01:06:51.202730+00:00,2,32550,86
2026-09-22T01:06:51.202730+00:00,3,32540,79
2026-09-22T01:06:56.270162+00:00,0,32536,78
2026-09-22T01:06:56.270162+00:00,1,32554,80
2026-09-22T01:06:56.270162+00:00,2,32550,77
2026-09-22T01:06:56.270162+00:00,3,32540,77
2026-09-22T01:07:01.340326+00:00,0,32536,79
2026-09-22T01:07:01.340326+00:00,1,32554,83
2026-09-22T01:07:01.340326+00:00,2,32550,78
2026-09-22T01:07:01.340326+00:00,3,32540,80
2026-09-22T01:07:06.407807+00:00,0,32536,74
2026-09-22T01:07:06.407807+00:00,1,32554,77
2026-09-22T01:07:06.407807+00:00,2,32550,77
2026-09-22T01:07:06.407807+00:00,3,32540,73
2026-09-22T01:07:11.487946+00:00,0,32536,75
2026-09-22T01:07:11.487946+00:00,1,32554,75
2026-09-22T01:07:11.487946+00:00,2,32550,74
2026-09-22T01:07:11.487946+00:00,3,32540,75
2026-09-22T01:07:16.570960+00:00,0,32536,75
2026-09-22T01:07:16.570960+00:00,1,32554,73
2026-09-22T01:07:16.570960+00:00,2,32550,77
2026-09-22T01:07:16.570960+00:00,3,32540,76
2026-09-22T01:07:21.657901+00:00,0,32536,77
2026-09-22T01:07:21.657901+00:00,1,32554,74
2026-09-22T01:07:21.657901+00:00,2,32550,76
2026-09-22T01:07:21.657901+00:00,3,32540,73
2026-09-22T01:07:26.736305+00:00,0,32536,81
2026-09-22T01:07:26.736305+00:00,1,32554,84
2026-09-22T01:07:26.736305+00:00,2,32550,83
2026-09-22T01:07:26.736305+00:00,3,32540,84
2026-09-22T01:07:31.804577+00:00,0,32536,79
2026-09-22T01:07:31.804577+00:00,1,32554,78
2026-09-22T01:07:31.804577+00:00,2,32550,76
2026-09-22T01:07:31.804577+00:00,3,32540,76
2026-09-22T01:07:36.884995+00:00,0,32536,77
2026-09-22T01:07:36.884995+00:00,1,32554,81
2026-09-22T01:07:36.884995+00:00,2,32550,84
2026-09-22T01:07:36.884995+00:00,3,32540,76
2026-09-22T01:07:41.961054+00:00,0,32536,81
2026-09-22T01:07:41.961054+00:00,1,32554,79
2026-09-22T01:07:41.961054+00:00,2,32550,79
2026-09-22T01:07:41.961054+00:00,3,32540,78
2026-09-22T01:07:47.029687+00:00,0,32536,82
2026-09-22T01:07:47.029687+00:00,1,32554,79
2026-09-22T01:07:47.029687+00:00,2,32550,78
2026-09-22T01:07:47.029687+00:00,3,32540,78
2026-09-22T01:07:52.151893+00:00,0,32536,78
2026-09-22T01:07:52.151893+00:00,1,32554,76
2026-09-22T01:07:52.151893+00:00,2,32550,77
2026-09-22T01:07:52.151893+00:00,3,32540,77
2026-09-22T01:07:57.232300+00:00,0,32536,80
2026-09-22T01:07:57.232300+00:00,1,32554,80
2026-09-22T01:07:57.232300+00:00,2,32550,76
2026-09-22T01:07:57.232300+00:00,3,32540,73
2026-09-22T01:08:02.314097+00:00,0,32536,79
2026-09-22T01:08:02.314097+00:00,1,32554,79
2026-09-22T01:08:02.314097+00:00,2,32550,77
2026-09-22T01:08:02.314097+00:00,3,32540,75
2026-09-22T01:08:07.396226+00:00,0,32536,79
2026-09-22T01:08:07.396226+00:00,1,32554,74
2026-09-22T01:08:07.396226+00:00,2,32550,72
2026-09-22T01:08:07.396226+00:00,3,32540,0
2026-09-22T01:08:12.475267+00:00,0,32536,73
2026-09-22T01:08:12.475267+00:00,1,32554,0
2026-09-22T01:08:12.475267+00:00,2,32550,0
2026-09-22T01:08:12.475267+00:00,3,32540,0
2026-09-22T01:08:17.538056+00:00,0,11512,99
2026-09-22T01:08:17.538056+00:00,1,12412,99
2026-09-22T01:08:17.538056+00:00,2,11392,98
2026-09-22T01:08:17.538056+00:00,3,11412,99
2026-09-22T01:08:22.609004+00:00,0,12098,99
2026-09-22T01:08:22.609004+00:00,1,12958,99
2026-09-22T01:08:22.609004+00:00,2,12078,99
2026-09-22T01:08:22.609004+00:00,3,11918,99
2026-09-22T01:08:27.680939+00:00,0,12102,99
2026-09-22T01:08:27.680939+00:00,1,12962,99
2026-09-22T01:08:27.680939+00:00,2,12082,99
2026-09-22T01:08:27.680939+00:00,3,12002,99
2026-09-22T01:08:32.745887+00:00,0,25280,99
2026-09-22T01:08:32.745887+00:00,1,25320,99
2026-09-22T01:08:32.745887+00:00,2,25502,99
2026-09-22T01:08:32.745887+00:00,3,25160,99
2026-09-22T01:08:37.822521+00:00,0,25402,99
2026-09-22T01:08:37.822521+00:00,1,25462,99
2026-09-22T01:08:37.822521+00:00,2,25504,99
2026-09-22T01:08:37.822521+00:00,3,25402,99
2026-09-22T01:08:42.894460+00:00,0,27164,100
2026-09-22T01:08:42.894460+00:00,1,26744,99
2026-09-22T01:08:42.894460+00:00,2,27246,99
2026-09-22T01:08:42.894460+00:00,3,26184,100
2026-09-22T01:08:47.968651+00:00,0,27306,99
2026-09-22T01:08:47.968651+00:00,1,27546,99
2026-09-22T01:08:47.968651+00:00,2,27606,99
2026-09-22T01:08:47.968651+00:00,3,27226,99
2026-09-22T01:08:53.040450+00:00,0,28308,100
2026-09-22T01:08:53.040450+00:00,1,27988,99
2026-09-22T01:08:53.040450+00:00,2,27988,99
2026-09-22T01:08:53.040450+00:00,3,28208,100
2026-09-22T01:08:58.113578+00:00,0,28310,99
2026-09-22T01:08:58.113578+00:00,1,27990,99
2026-09-22T01:08:58.113578+00:00,2,27990,99
2026-09-22T01:08:58.113578+00:00,3,28210,99
2026-09-22T01:09:03.188551+00:00,0,28312,99
2026-09-22T01:09:03.188551+00:00,1,27992,100
2026-09-22T01:09:03.188551+00:00,2,27992,99
2026-09-22T01:09:03.188551+00:00,3,28212,99
2026-09-22T01:09:08.274939+00:00,0,28312,98
2026-09-22T01:09:08.274939+00:00,1,27992,98
2026-09-22T01:09:08.274939+00:00,2,27992,99
2026-09-22T01:09:08.274939+00:00,3,28212,99
2026-09-22T01:09:13.338162+00:00,0,11050,29
2026-09-22T01:09:13.338162+00:00,1,11050,10
2026-09-22T01:09:13.338162+00:00,2,11050,51
2026-09-22T01:09:13.338162+00:00,3,11050,94
2026-09-22T01:09:18.402628+00:00,0,9720,5
2026-09-22T01:09:18.402628+00:00,1,9882,8
2026-09-22T01:09:18.402628+00:00,2,9984,9
2026-09-22T01:09:18.402628+00:00,3,10252,9
2026-09-22T01:09:23.462873+00:00,0,11050,15
2026-09-22T01:09:23.462873+00:00,1,11050,33
2026-09-22T01:09:23.462873+00:00,2,11050,50
2026-09-22T01:09:23.462873+00:00,3,11050,47
2026-09-22T01:09:28.520913+00:00,0,4830,10
2026-09-22T01:09:28.520913+00:00,1,4832,11
2026-09-22T01:09:28.520913+00:00,2,4832,13
2026-09-22T01:09:28.520913+00:00,3,4832,12
2026-09-22T01:09:33.576186+00:00,0,32590,72
2026-09-22T01:09:33.576186+00:00,1,32588,73
2026-09-22T01:09:33.576186+00:00,2,32558,74
2026-09-22T01:09:33.576186+00:00,3,32560,70
2026-09-22T01:09:38.638370+00:00,0,32590,78
2026-09-22T01:09:38.638370+00:00,1,32588,81
2026-09-22T01:09:38.638370+00:00,2,32558,78
2026-09-22T01:09:38.638370+00:00,3,32560,73
2026-09-22T01:09:43.705132+00:00,0,32590,75
2026-09-22T01:09:43.705132+00:00,1,32588,77
2026-09-22T01:09:43.705132+00:00,2,32558,74
2026-09-22T01:09:43.705132+00:00,3,32560,75
2026-09-22T01:09:48.758194+00:00,0,32590,77
2026-09-22T01:09:48.758194+00:00,1,32588,72
2026-09-22T01:09:48.758194+00:00,2,32558,84
2026-09-22T01:09:48.758194+00:00,3,32560,77
2026-09-22T01:09:53.823350+00:00,0,32590,82
2026-09-22T01:09:53.823350+00:00,1,32588,76
2026-09-22T01:09:53.823350+00:00,2,32558,80
2026-09-22T01:09:53.823350+00:00,3,32560,81
2026-09-22T01:09:58.887439+00:00,0,32590,77
2026-09-22T01:09:58.887439+00:00,1,32588,75
2026-09-22T01:09:58.887439+00:00,2,32558,78
2026-09-22T01:09:58.887439+00:00,3,32560,76
2026-09-22T01:10:03.956406+00:00,0,32590,79
2026-09-22T01:10:03.956406+00:00,1,32588,78
2026-09-22T01:10:03.956406+00:00,2,32558,77
2026-09-22T01:10:03.956406+00:00,3,32560,81
2026-09-22T01:10:09.023475+00:00,0,32590,78
2026-09-22T01:10:09.023475+00:00,1,32588,79
2026-09-22T01:10:09.023475+00:00,2,32558,80
2026-09-22T01:10:09.023475+00:00,3,32560,75
2026-09-22T01:10:14.091363+00:00,0,32590,78
2026-09-22T01:10:14.091363+00:00,1,32588,78
2026-09-22T01:10:14.091363+00:00,2,32558,71
2026-09-22T01:10:14.091363+00:00,3,32560,87
2026-09-22T01:10:19.158832+00:00,0,32590,79
2026-09-22T01:10:19.158832+00:00,1,32588,77
2026-09-22T01:10:19.158832+00:00,2,32558,81
2026-09-22T01:10:19.158832+00:00,3,32560,78
2026-09-22T01:10:24.225597+00:00,0,32590,78
2026-09-22T01:10:24.225597+00:00,1,32588,78
2026-09-22T01:10:24.225597+00:00,2,32558,78
2026-09-22T01:10:24.225597+00:00,3,32560,76
2026-09-22T01:10:29.289034+00:00,0,32590,80
2026-09-22T01:10:29.289034+00:00,1,32588,82
2026-09-22T01:10:29.289034+00:00,2,32558,83
2026-09-22T01:10:29.289034+00:00,3,32560,78
2026-09-22T01:10:34.357092+00:00,0,32590,82
2026-09-22T01:10:34.357092+00:00,1,32588,73
2026-09-22T01:10:34.357092+00:00,2,32558,79
2026-09-22T01:10:34.357092+00:00,3,32560,77
2026-09-22T01:10:39.422190+00:00,0,32590,76
2026-09-22T01:10:39.422190+00:00,1,32588,78
2026-09-22T01:10:39.422190+00:00,2,32558,77
2026-09-22T01:10:39.422190+00:00,3,32560,71
2026-09-22T01:10:44.501246+00:00,0,32590,82
2026-09-22T01:10:44.501246+00:00,1,32588,86
2026-09-22T01:10:44.501246+00:00,2,32558,80
2026-09-22T01:10:44.501246+00:00,3,32560,79
2026-09-22T01:10:49.557727+00:00,0,32590,81
2026-09-22T01:10:49.557727+00:00,1,32588,80
2026-09-22T01:10:49.557727+00:00,2,32558,82
2026-09-22T01:10:49.557727+00:00,3,32560,80
2026-09-22T01:10:54.628719+00:00,0,32590,80
2026-09-22T01:10:54.628719+00:00,1,32588,82
2026-09-22T01:10:54.628719+00:00,2,32558,84
2026-09-22T01:10:54.628719+00:00,3,32560,84
2026-09-22T01:10:59.694624+00:00,0,32590,83
2026-09-22T01:10:59.694624+00:00,1,32588,89
2026-09-22T01:10:59.694624+00:00,2,32558,81
2026-09-22T01:10:59.694624+00:00,3,32560,80
2026-09-22T01:11:04.760377+00:00,0,32590,84
2026-09-22T01:11:04.760377+00:00,1,32588,81
2026-09-22T01:11:04.760377+00:00,2,32558,78
2026-09-22T01:11:04.760377+00:00,3,32560,79
2026-09-22T01:11:09.822959+00:00,0,32590,79
2026-09-22T01:11:09.822959+00:00,1,32588,81
2026-09-22T01:11:09.822959+00:00,2,32558,82
2026-09-22T01:11:09.822959+00:00,3,32560,79
2026-09-22T01:11:14.889262+00:00,0,32590,84
2026-09-22T01:11:14.889262+00:00,1,32588,83
2026-09-22T01:11:14.889262+00:00,2,32558,81
2026-09-22T01:11:14.889262+00:00,3,32560,83
2026-09-22T01:11:19.956370+00:00,0,32590,83
2026-09-22T01:11:19.956370+00:00,1,32588,82
2026-09-22T01:11:19.956370+00:00,2,32558,84
2026-09-22T01:11:19.956370+00:00,3,32560,79
2026-09-22T01:11:25.017376+00:00,0,32590,81
2026-09-22T01:11:25.017376+00:00,1,32588,83
2026-09-22T01:11:25.017376+00:00,2,32558,82
2026-09-22T01:11:25.017376+00:00,3,32560,83
2026-09-22T01:11:30.076720+00:00,0,32590,85
2026-09-22T01:11:30.076720+00:00,1,32588,86
2026-09-22T01:11:30.076720+00:00,2,32558,86
2026-09-22T01:11:30.076720+00:00,3,32560,80
2026-09-22T01:11:35.142099+00:00,0,32590,82
2026-09-22T01:11:35.142099+00:00,1,32588,77
2026-09-22T01:11:35.142099+00:00,2,32558,82
2026-09-22T01:11:35.142099+00:00,3,32560,0
2026-09-22T01:11:40.201494+00:00,0,6572,100
2026-09-22T01:11:40.201494+00:00,1,6672,99
2026-09-22T01:11:40.201494+00:00,2,6552,99
2026-09-22T01:11:40.201494+00:00,3,6592,99
2026-09-22T01:11:45.269386+00:00,0,12016,99
2026-09-22T01:11:45.269386+00:00,1,13156,99
2026-09-22T01:11:45.269386+00:00,2,12056,99
2026-09-22T01:11:45.269386+00:00,3,12096,99
2026-09-22T01:11:50.338226+00:00,0,12102,99
2026-09-22T01:11:50.338226+00:00,1,13182,99
2026-09-22T01:11:50.338226+00:00,2,12082,99
2026-09-22T01:11:50.338226+00:00,3,12102,99
2026-09-22T01:11:55.408187+00:00,0,26022,99
2026-09-22T01:11:55.408187+00:00,1,24820,99
2026-09-22T01:11:55.408187+00:00,2,24860,99
2026-09-22T01:11:55.408187+00:00,3,24780,99
2026-09-22T01:12:00.485719+00:00,0,26464,99
2026-09-22T01:12:00.485719+00:00,1,26604,99
2026-09-22T01:12:00.485719+00:00,2,26744,99
2026-09-22T01:12:00.485719+00:00,3,26082,100
2026-09-22T01:12:05.562295+00:00,0,26524,98
2026-09-22T01:12:05.562295+00:00,1,26604,98
2026-09-22T01:12:05.562295+00:00,2,26744,99
2026-09-22T01:12:05.562295+00:00,3,26084,99
2026-09-22T01:12:10.634276+00:00,0,27108,99
2026-09-22T01:12:10.634276+00:00,1,27146,99
2026-09-22T01:12:10.634276+00:00,2,26746,99
2026-09-22T01:12:10.634276+00:00,3,26866,99
2026-09-22T01:12:15.708860+00:00,0,27108,98
2026-09-22T01:12:15.708860+00:00,1,27148,98
2026-09-22T01:12:15.708860+00:00,2,26748,98
2026-09-22T01:12:15.708860+00:00,3,26868,98
2026-09-22T01:12:20.774542+00:00,0,27110,99
2026-09-22T01:12:20.774542+00:00,1,27150,99
2026-09-22T01:12:20.774542+00:00,2,26750,99
2026-09-22T01:12:20.774542+00:00,3,26870,99
2026-09-22T01:12:25.852382+00:00,0,27112,99
2026-09-22T01:12:25.852382+00:00,1,27152,99
2026-09-22T01:12:25.852382+00:00,2,26752,100
2026-09-22T01:12:25.852382+00:00,3,26872,99
2026-09-22T01:12:30.919604+00:00,0,21718,81
2026-09-22T01:12:30.919604+00:00,1,21918,99
2026-09-22T01:12:30.919604+00:00,2,21418,82
2026-09-22T01:12:30.919604+00:00,3,20858,99
2026-09-22T01:12:35.997593+00:00,0,9720,7
2026-09-22T01:12:35.997593+00:00,1,9740,34
2026-09-22T01:12:35.997593+00:00,2,9720,80
2026-09-22T01:12:35.997593+00:00,3,9720,19
2026-09-22T01:12:41.058918+00:00,0,10456,8
2026-09-22T01:12:41.058918+00:00,1,11050,100
2026-09-22T01:12:41.058918+00:00,2,10374,7
2026-09-22T01:12:41.058918+00:00,3,11050,100
2026-09-22T01:12:46.118266+00:00,0,11050,13
2026-09-22T01:12:46.118266+00:00,1,11050,42
2026-09-22T01:12:46.118266+00:00,2,11050,19
2026-09-22T01:12:46.118266+00:00,3,11050,51
2026-09-22T01:12:51.178268+00:00,0,32438,0
2026-09-22T01:12:51.178268+00:00,1,32440,0
2026-09-22T01:12:51.178268+00:00,2,32440,0
2026-09-22T01:12:51.178268+00:00,3,32440,0
2026-09-22T01:12:56.229279+00:00,0,32542,74
2026-09-22T01:12:56.229279+00:00,1,32568,78
2026-09-22T01:12:56.229279+00:00,2,32568,72
2026-09-22T01:12:56.229279+00:00,3,32554,76
2026-09-22T01:13:01.294590+00:00,0,32542,74
2026-09-22T01:13:01.294590+00:00,1,32568,74
2026-09-22T01:13:01.294590+00:00,2,32568,81
2026-09-22T01:13:01.294590+00:00,3,32554,74
2026-09-22T01:13:06.360399+00:00,0,32542,74
2026-09-22T01:13:06.360399+00:00,1,32568,72
2026-09-22T01:13:06.360399+00:00,2,32568,76
2026-09-22T01:13:06.360399+00:00,3,32554,82
2026-09-22T01:13:11.425202+00:00,0,32542,73
2026-09-22T01:13:11.425202+00:00,1,32568,83
2026-09-22T01:13:11.425202+00:00,2,32568,76
2026-09-22T01:13:11.425202+00:00,3,32554,76
2026-09-22T01:13:16.494649+00:00,0,32542,78
2026-09-22T01:13:16.494649+00:00,1,32568,72
2026-09-22T01:13:16.494649+00:00,2,32568,74
2026-09-22T01:13:16.494649+00:00,3,32554,78
2026-09-22T01:13:21.562064+00:00,0,32542,75
2026-09-22T01:13:21.562064+00:00,1,32568,73
2026-09-22T01:13:21.562064+00:00,2,32568,71
2026-09-22T01:13:21.562064+00:00,3,32554,73
2026-09-22T01:13:26.639604+00:00,0,32542,77
2026-09-22T01:13:26.639604+00:00,1,32568,77
2026-09-22T01:13:26.639604+00:00,2,32568,75
2026-09-22T01:13:26.639604+00:00,3,32554,79
2026-09-22T01:13:31.710060+00:00,0,32542,80
2026-09-22T01:13:31.710060+00:00,1,32568,79
2026-09-22T01:13:31.710060+00:00,2,32568,81
2026-09-22T01:13:31.710060+00:00,3,32554,82
2026-09-22T01:13:36.780333+00:00,0,32542,76
2026-09-22T01:13:36.780333+00:00,1,32568,77
2026-09-22T01:13:36.780333+00:00,2,32568,80
2026-09-22T01:13:36.780333+00:00,3,32554,77
2026-09-22T01:13:41.843144+00:00,0,32542,81
2026-09-22T01:13:41.843144+00:00,1,32568,83
2026-09-22T01:13:41.843144+00:00,2,32568,79
2026-09-22T01:13:41.843144+00:00,3,32554,78
2026-09-22T01:13:46.905537+00:00,0,32542,80
2026-09-22T01:13:46.905537+00:00,1,32568,81
2026-09-22T01:13:46.905537+00:00,2,32568,81
2026-09-22T01:13:46.905537+00:00,3,32554,76
2026-09-22T01:13:51.972307+00:00,0,32542,77
2026-09-22T01:13:51.972307+00:00,1,32568,79
2026-09-22T01:13:51.972307+00:00,2,32568,80
2026-09-22T01:13:51.972307+00:00,3,32554,83
2026-09-22T01:13:57.039109+00:00,0,32542,75
2026-09-22T01:13:57.039109+00:00,1,32568,75
2026-09-22T01:13:57.039109+00:00,2,32568,77
2026-09-22T01:13:57.039109+00:00,3,32554,77
2026-09-22T01:14:02.121340+00:00,0,32542,79
2026-09-22T01:14:02.121340+00:00,1,32568,81
2026-09-22T01:14:02.121340+00:00,2,32568,84
2026-09-22T01:14:02.121340+00:00,3,32554,79
2026-09-22T01:14:07.188438+00:00,0,32542,77
2026-09-22T01:14:07.188438+00:00,1,32568,74
2026-09-22T01:14:07.188438+00:00,2,32568,77
2026-09-22T01:14:07.188438+00:00,3,32554,75
2026-09-22T01:14:12.271136+00:00,0,32542,81
2026-09-22T01:14:12.271136+00:00,1,32568,80
2026-09-22T01:14:12.271136+00:00,2,32568,89
2026-09-22T01:14:12.271136+00:00,3,32554,83
2026-09-22T01:14:17.353535+00:00,0,32542,81
2026-09-22T01:14:17.353535+00:00,1,32568,82
2026-09-22T01:14:17.353535+00:00,2,32568,81
2026-09-22T01:14:17.353535+00:00,3,32554,82
2026-09-22T01:14:22.419590+00:00,0,32542,75
2026-09-22T01:14:22.419590+00:00,1,32568,76
2026-09-22T01:14:22.419590+00:00,2,32568,74
2026-09-22T01:14:22.419590+00:00,3,32554,74
2026-09-22T01:14:27.506452+00:00,0,32542,80
2026-09-22T01:14:27.506452+00:00,1,32568,79
2026-09-22T01:14:27.506452+00:00,2,32568,86
2026-09-22T01:14:27.506452+00:00,3,32554,86
2026-09-22T01:14:32.572147+00:00,0,32542,81
2026-09-22T01:14:32.572147+00:00,1,32568,83
2026-09-22T01:14:32.572147+00:00,2,32568,83
2026-09-22T01:14:32.572147+00:00,3,32554,81
2026-09-22T01:14:37.638252+00:00,0,32542,83
2026-09-22T01:14:37.638252+00:00,1,32568,80
2026-09-22T01:14:37.638252+00:00,2,32568,79
2026-09-22T01:14:37.638252+00:00,3,32554,79
2026-09-22T01:14:42.706737+00:00,0,32542,78
2026-09-22T01:14:42.706737+00:00,1,32568,79
2026-09-22T01:14:42.706737+00:00,2,32568,75
2026-09-22T01:14:42.706737+00:00,3,32554,74
2026-09-22T01:14:47.824871+00:00,0,32542,76
2026-09-22T01:14:47.824871+00:00,1,32568,80
2026-09-22T01:14:47.824871+00:00,2,32568,78
2026-09-22T01:14:47.824871+00:00,3,32554,80
2026-09-22T01:14:52.897313+00:00,0,32542,75
2026-09-22T01:14:52.897313+00:00,1,32568,73
2026-09-22T01:14:52.897313+00:00,2,32568,73
2026-09-22T01:14:52.897313+00:00,3,32554,73
2026-09-22T01:14:57.985477+00:00,0,32542,81
2026-09-22T01:14:57.985477+00:00,1,32568,78
2026-09-22T01:14:57.985477+00:00,2,32568,0
2026-09-22T01:14:57.985477+00:00,3,32554,76
2026-09-22T01:15:03.044478+00:00,0,32542,0
2026-09-22T01:15:03.044478+00:00,1,32568,80
2026-09-22T01:15:03.044478+00:00,2,32568,0
2026-09-22T01:15:03.044478+00:00,3,32554,0
2026-09-22T01:15:08.118596+00:00,0,6552,99
2026-09-22T01:15:08.118596+00:00,1,6932,99
2026-09-22T01:15:08.118596+00:00,2,6572,99
2026-09-22T01:15:08.118596+00:00,3,6672,99
2026-09-22T01:15:13.188231+00:00,0,12376,99
2026-09-22T01:15:13.188231+00:00,1,13396,99
2026-09-22T01:15:13.188231+00:00,2,12336,99
2026-09-22T01:15:13.188231+00:00,3,12296,99
2026-09-22T01:15:18.257476+00:00,0,12382,98
2026-09-22T01:15:18.257476+00:00,1,13502,99
2026-09-22T01:15:18.257476+00:00,2,12402,99
2026-09-22T01:15:18.257476+00:00,3,12382,99
2026-09-22T01:15:23.330191+00:00,0,25380,99
2026-09-22T01:15:23.330191+00:00,1,25460,99
2026-09-22T01:15:23.330191+00:00,2,25380,99
2026-09-22T01:15:23.330191+00:00,3,25380,99
2026-09-22T01:15:28.392505+00:00,0,25942,100
2026-09-22T01:15:28.392505+00:00,1,26844,99
2026-09-22T01:15:28.392505+00:00,2,26304,100
2026-09-22T01:15:28.392505+00:00,3,27584,99
2026-09-22T01:15:33.457152+00:00,0,27824,100
2026-09-22T01:15:33.457152+00:00,1,26844,98
2026-09-22T01:15:33.457152+00:00,2,27744,99
2026-09-22T01:15:33.457152+00:00,3,27584,98
2026-09-22T01:15:38.524147+00:00,0,27948,99
2026-09-22T01:15:38.524147+00:00,1,28366,100
2026-09-22T01:15:38.524147+00:00,2,28106,99
2026-09-22T01:15:38.524147+00:00,3,28066,99
2026-09-22T01:15:43.592369+00:00,0,27948,99
2026-09-22T01:15:43.592369+00:00,1,28368,100
2026-09-22T01:15:43.592369+00:00,2,28108,99
2026-09-22T01:15:43.592369+00:00,3,28068,99
2026-09-22T01:15:48.656790+00:00,0,27970,100
2026-09-22T01:15:48.656790+00:00,1,28370,99
2026-09-22T01:15:48.656790+00:00,2,28110,100
2026-09-22T01:15:48.656790+00:00,3,28070,99
2026-09-22T01:15:53.729624+00:00,0,27972,99
2026-09-22T01:15:53.729624+00:00,1,28372,98
2026-09-22T01:15:53.729624+00:00,2,28112,98
2026-09-22T01:15:53.729624+00:00,3,28072,98
2026-09-22T01:15:58.793637+00:00,0,27974,99
2026-09-22T01:15:58.793637+00:00,1,28374,100
2026-09-22T01:15:58.793637+00:00,2,28114,99
2026-09-22T01:15:58.793637+00:00,3,28072,99
2026-09-22T01:16:03.856394+00:00,0,5836,0
2026-09-22T01:16:03.856394+00:00,1,5818,0
2026-09-22T01:16:03.856394+00:00,2,5838,0
2026-09-22T01:16:03.856394+00:00,3,5838,0
